Product_ID,Category,Material,Season,Price,Discount_Percentage,Customer_Rating,Stock_Level,Units_Sold,Return_Rate,Customer_Age,Region,Size,Production_Cost,Revenue
P10000,Sweater,Denim,Winter,2785.8,26.2,4.6,187,107,7.73,26,East,S,1050.73,219983.48
P10001,Trousers,Wool,Summer,1218.14,1.1,3.2,153,119,7.73,36,North,S,465.58,143364.11
P10002,Dress,Linen,Spring,1595.25,35.8,4.0,337,120,6.88,37,North,XL,504.3,122898.06
P10003,Sweater,Denim,Winter,2193.6,5.5,4.8,377,112,15.52,45,South,XL,680.94,232170.62
P10004,Jeans,Cotton,Winter,1134.9,39.5,2.7,316,114,14.1,49,Central,S,673.42,78274.05
P10005,Hoodie,Wool,Spring,895.28,8.4,3.8,408,120,7.49,51,South,M,1038.82,98409.18
P10006,Dress,Linen,Spring,1652.24,17.3,3.6,98,117,3.78,33,East,M,799.46,159869.09
P10007,Dress,Cotton,Summer,424.15,38.1,,248,125,10.85,55,West,L,950.23,32818.61
P10008,Sweater,Cotton,Autumn,1327.26,47.7,,47,119,18.46,34,North,L,1183.27,82604.68
P10009,Shirt,Cotton,Winter,1647.02,18.6,3.5,370,132,3.35,28,West,L,510.1,176969.0
P10010,Jeans,Cotton,Autumn,1338.03,41.5,2.7,88,125,15.31,21,South,M,1186.33,97843.44
P10011,Sweater,Denim,Winter,573.93,9.5,2.7,354,119,12.39,57,South,L,760.17,61809.39
P10012,Jeans,Rayon,Summer,2456.51,40.4,2.6,336,125,12.18,57,North,S,61.0,183010.0
P10013,Jeans,Denim,Spring,1562.12,32.9,3.5,355,119,18.76,59,South,M,822.4,124733.72
P10014,Hoodie,Denim,Summer,2358.69,9.6,4.3,261,104,19.16,35,West,M,336.23,221754.6
P10015,Dress,Linen,Spring,1343.98,15.1,3.0,337,124,5.63,23,South,L,355.33,141488.84
P10016,Trousers,Linen,Autumn,971.99,6.6,4.1,475,125,16.36,49,West,S,452.9,113479.83
P10017,Hoodie,Rayon,Autumn,1661.51,19.1,4.2,158,148,12.8,22,East,S,729.35,198935.92
P10018,Hoodie,Linen,Summer,1370.53,10.2,3.1,25,110,8.77,32,Central,M,376.13,135380.95
P10019,Jeans,Polyester,Spring,793.34,32.2,4.0,376,114,13.65,33,North,M,1131.13,61318.84
P10020,Jacket,Rayon,Summer,2381.87,49.7,4.2,332,123,19.16,34,South,L,1086.59,147363.92
P10021,Dress,Linen,Spring,1126.64,0.6,3.7,330,141,10.82,54,North,S,1531.16,157903.1
P10022,Shirt,Rayon,Spring,395.84,27.0,3.3,278,113,18.86,32,South,M,726.88,32652.84
P10023,Hoodie,Denim,Autumn,2296.9,28.7,4.0,127,115,13.21,52,East,XL,606.66,188334.32
P10024,Trousers,Denim,Autumn,1197.42,45.7,4.9,201,116,10.18,25,West,S,815.86,75423.09
P10025,Jacket,Rayon,Spring,1135.31,25.3,3.6,326,118,13.24,52,North,XL,1010.55,100073.04
P10026,Jacket,Polyester,Spring,440.77,27.2,3.5,297,128,12.45,53,East,M,1138.78,41072.71
P10027,Shirt,Polyester,Spring,2544.56,23.6,3.7,405,123,9.01,44,East,L,569.3,239117.39
P10028,Hoodie,Rayon,Autumn,726.31,13.4,2.7,360,124,11.69,31,Central,M,1052.94,77994.07
P10029,Trousers,Linen,Autumn,1535.07,2.8,3.9,306,113,14.36,40,East,M,1051.21,168605.95
P10030,Dress,Wool,Winter,,20.4,3.3,203,131,16.94,37,Central,XL,1638.44,213512.41
P10031,T-Shirt,Polyester,Spring,1753.03,2.6,2.8,498,125,6.78,23,East,M,1175.06,213431.4
P10032,Trousers,Cotton,Winter,1464.21,27.5,3.7,401,114,1.28,41,West,L,1313.5,121016.96
P10033,Shirt,Denim,Spring,479.0,15.4,2.5,452,136,11.47,40,East,XL,1347.73,55111.82
P10034,Jacket,Rayon,Autumn,1014.17,26.7,3.5,290,128,10.3,53,West,XL,552.68,95153.49
P10035,Dress,Cotton,Winter,1612.68,6.7,2.8,398,136,2.03,29,South,L,522.04,204629.74
P10036,Trousers,Rayon,Winter,1027.7,46.6,2.6,310,115,13.02,19,East,XL,1050.33,63111.06
P10037,T-Shirt,Denim,Summer,1622.02,44.7,4.6,395,117,18.89,44,East,L,643.57,104946.32
P10038,T-Shirt,Denim,Spring,1909.05,9.5,4.8,435,105,8.64,49,South,XL,985.72,181407.48
P10039,Jeans,Polyester,Autumn,2077.5,17.2,3.0,259,126,17.99,46,Central,M,729.21,216741.42
P10040,Jeans,Polyester,Summer,764.29,30.7,3.8,431,125,16.45,57,West,M,874.43,66206.62
P10041,Sweater,Cotton,Summer,2817.99,4.8,3.2,240,100,4.07,57,South,S,850.98,268272.65
P10042,Shirt,Rayon,Spring,1960.49,17.7,3.7,12,103,15.96,50,South,XL,968.29,166188.78
P10043,Hoodie,Denim,Summer,1498.97,12.6,3.6,183,109,10.82,46,North,L,396.47,142800.88
P10044,Trousers,Cotton,Spring,2153.72,45.8,3.2,249,135,18.45,50,South,L,365.69,157587.69
P10045,Trousers,Wool,Summer,2919.24,42.6,4.3,495,125,4.6,53,Central,XL,722.4,209455.47
P10046,Hoodie,Cotton,Spring,636.77,29.0,2.8,415,128,3.38,34,Central,M,785.8,57869.66
P10047,Sweater,,Autumn,1364.84,26.0,2.6,113,117,5.58,27,Central,L,1253.46,118167.85
P10048,Jacket,Cotton,Spring,72.94,46.5,4.4,298,125,2.13,18,West,S,879.69,4877.86
P10049,Jacket,Linen,Spring,1615.59,46.6,4.2,253,91,7.08,34,West,L,823.16,78507.98
P10050,Sweater,Linen,Winter,1719.24,48.5,3.7,297,116,6.38,59,East,L,675.06,102707.4
P10051,Jacket,Linen,Autumn,1476.5,6.3,3.7,376,122,8.91,45,South,L,906.29,168784.62
P10052,Jeans,Wool,Autumn,1107.28,8.0,3.7,282,112,9.8,55,Central,S,681.23,114094.13
P10053,Trousers,Cotton,Autumn,270.29,33.8,3.6,129,127,3.75,53,South,S,395.14,22724.36
P10054,Sweater,Cotton,Summer,1724.12,27.1,,347,121,12.77,44,East,L,1071.15,152082.9
P10055,Trousers,Wool,Winter,2373.26,0.9,3.7,449,110,5.25,54,East,S,601.49,258709.07
P10056,Hoodie,,Autumn,1145.39,3.1,3.8,268,132,3.32,42,Central,M,622.59,146504.54
P10057,T-Shirt,Polyester,Summer,1764.04,44.4,4.2,79,105,14.47,51,South,L,323.95,102984.66
P10058,Jeans,Cotton,Summer,559.11,43.4,4.3,442,119,1.43,20,East,S,864.52,37658.29
P10059,Dress,Polyester,Summer,1774.33,17.9,3.4,192,114,8.0,46,North,S,1263.11,166066.64
P10060,Jeans,Rayon,Winter,1263.97,44.6,3.5,470,116,3.74,52,West,S,237.33,81227.77
P10061,Sweater,Rayon,Summer,1042.55,29.7,3.4,256,130,17.77,58,South,M,267.95,95278.64
P10062,Dress,Wool,Winter,1043.78,40.3,3.8,127,131,16.66,27,Central,S,871.45,81630.9
P10063,T-Shirt,Rayon,Spring,1263.83,21.4,3.6,40,104,2.15,55,East,XL,829.83,103310.52
P10064,Sweater,Rayon,Summer,1729.46,5.7,4.7,474,129,11.46,55,,XL,607.94,210383.62
P10065,Shirt,Denim,Autumn,,21.7,4.2,158,108,6.61,18,East,M,584.13,60268.76
P10066,Trousers,Denim,Summer,1261.73,22.9,4.7,25,113,4.66,18,West,M,837.57,109925.7
P10067,T-Shirt,Denim,Spring,1475.12,27.5,4.3,282,143,6.92,49,South,S,180.44,152933.07
P10068,Trousers,Rayon,Spring,840.58,5.3,4.9,361,126,16.5,39,East,M,358.46,100299.69
P10069,Jacket,Wool,Summer,2578.0,49.6,4.1,394,129,2.1,36,West,S,447.2,167611.25
P10070,Shirt,Linen,Spring,987.9,12.2,,377,110,13.32,52,North,S,632.84,95411.38
P10071,Shirt,Linen,Winter,1098.34,9.9,2.9,111,119,18.35,23,South,S,640.92,117762.92
P10072,T-Shirt,Polyester,Winter,913.02,26.3,2.6,81,129,9.51,51,Central,XL,-29.87,86803.55
P10073,Shirt,Linen,Summer,2579.09,26.9,3.9,202,131,18.13,32,South,XL,359.92,246976.24
P10074,Dress,Linen,Winter,1831.74,22.0,5.0,331,125,18.23,59,East,L,922.9,178594.65
P10075,Shirt,Denim,Winter,938.04,38.6,3.5,120,107,12.58,20,Central,M,902.24,61627.35
P10076,Trousers,Denim,Autumn,2163.74,25.8,3.0,302,125,9.66,54,South,XL,1009.46,200686.88
P10077,Trousers,Rayon,Summer,1620.42,30.5,3.8,417,113,15.02,39,Central,M,907.16,127259.68
P10078,Sweater,Polyester,Spring,1654.35,36.2,4.1,356,110,18.41,46,South,S,718.46,116102.28
P10079,Trousers,Cotton,Summer,1293.31,1.3,3.3,349,117,13.92,31,North,M,457.93,149350.15
P10080,Sweater,Polyester,Winter,1050.35,28.5,4.3,376,113,4.98,47,North,S,454.06,84863.03
P10081,tshirt,Polyester,Autumn,1702.66,44.2,4.9,327,113,16.58,32,North,M,495.39,107359.52
P10082,Dress,Wool,Summer,1172.95,0.9,4.7,286,107,19.08,46,South,XL,996.91,124376.1
P10083,Hoodie,Rayon,Summer,2590.05,20.3,3.2,115,121,8.8,31,Central,M,908.55,249776.65
P10084,Sweater,Wool,Winter,738.43,46.3,3.3,46,118,14.25,20,North,S,460.22,46791.36
P10085,Jeans,Polyester,Winter,2421.69,17.7,3.4,300,125,10.85,39,West,XL,863.57,249131.36
P10086,Jacket,Polyester,Summer,1433.21,22.9,3.5,431,116,3.13,50,West,S,938.24,128180.57
P10087,T-Shirt,Polyester,Winter,1679.45,49.1,2.8,190,109,7.65,40,North,S,903.7,93177.57
P10088,Trousers,Linen,Winter,1999.89,10.0,,152,115,4.11,24,North,XL,1018.44,206988.62
P10089,Shirt,Wool,Winter,1121.85,3.3,3.4,123,118,13.8,37,East,M,765.02,128009.82
P10090,Hoodie,Polyester,Winter,2018.55,43.0,4.7,247,142,12.06,24,West,L,670.9,163381.44
P10091,Trousers,Denim,Winter,-124.53,43.4,4.8,435,124,1.64,34,West,L,772.07,-8740.01
P10092,T shirt,Rayon,Autumn,1068.01,23.6,2.6,103,106,2.17,49,North,M,1054.56,86491.72
P10093,Jacket,Rayon,Winter,945.56,25.7,5.0,269,123,5.96,32,East,M,977.62,86413.78
P10094,Jacket,Denim,Spring,747.9,41.8,4.3,116,132,15.15,30,Central,XL,778.35,57456.67
P10095,Jacket,Rayon,Summer,1371.03,36.9,3.8,253,111,3.41,20,East,S,1094.36,96028.31
P10096,Shirt,Linen,Autumn,1731.45,13.3,3.5,432,122,4.89,42,East,XL,1307.17,183142.39
P10097,Trousers,Linen,Autumn,1921.6,0.8,,344,123,18.24,49,West,XL,1517.74,234465.95
P10098,Jacket,Cotton,Winter,1644.53,24.0,3.3,32,124,11.38,33,North,S,1513.53,154980.51
P10099,Dress,Cotton,Summer,1100.58,42.9,4.1,370,123,12.8,18,North,S,1714.55,77297.04
P10100,Sweater,Cotton,Spring,1721.41,44.8,2.7,280,120,9.66,20,North,M,1154.74,114026.2
P10101,Shirt,Rayon,Winter,1574.57,47.8,4.1,483,118,6.7,37,East,S,-51.65,96987.21
P10102,Shirt,Linen,Summer,2061.63,44.0,3.2,149,108,5.73,45,East,S,813.65,124687.38
P10103,Trousers,Linen,Winter,1966.16,29.0,2.5,475,126,12.2,39,South,M,309.66,175892.67
P10104,Shirt,Linen,Winter,1518.29,22.2,3.9,463,99,9.95,53,Central,XL,1252.89,116941.73
P10105,Shirt,Denim,Winter,,38.7,3.9,393,125,8.66,58,South,L,656.14,73686.43
P10106,Jacket,Linen,Winter,1108.23,37.0,3.6,91,123,14.19,18,Central,S,884.16,85876.74
P10107,Trousers,Denim,Winter,1170.13,26.9,2.7,386,110,8.68,31,South,XL,706.24,94090.15
P10108,Jacket,Cotton,Winter,1310.84,4.4,4.7,447,119,1.7,32,South,XL,1289.53,149126.4
P10109,Sweater,Cotton,Winter,1660.83,46.3,4.0,353,122,16.95,49,South,L,394.4,108807.62
P10110,Hoodie,Rayon,Spring,1929.1,22.8,2.8,431,114,7.05,35,South,S,962.06,169776.23
P10111,Sweater,Cotton,Autumn,1469.33,18.2,3.8,165,124,18.98,55,East,XL,437.15,149037.08
P10112,Hoodie,Rayon,Spring,1509.67,31.5,3.7,344,122,17.71,39,Central,XL,109.13,126163.12
P10113,Jacket,Polyester,Winter,1585.98,33.7,2.7,28,129,5.44,33,South,S,806.27,135644.11
P10114,Sweater,Polyester,Winter,1190.46,10.5,4.0,78,124,19.34,28,South,S,382.71,132117.25
P10115,Trousers,Wool,Spring,944.76,41.8,4.5,457,126,17.22,24,North,XL,301.48,69281.14
P10116,T-Shirt,Rayon,Spring,446.74,14.5,4.4,141,116,19.72,26,East,M,279.04,44307.67
P10117,Jacket,Wool,Autumn,1082.91,9.3,3.0,265,133,13.88,18,West,M,633.27,130632.52
P10118,Hoodie,Wool,Spring,1783.89,20.3,4.7,218,117,18.68,59,North,XL,1029.96,166345.96
P10119,Dress,Polyester,Autumn,1078.25,36.5,3.4,19,111,14.11,25,,S,311.59,76000.45
P10120,Hoodie,Rayon,Winter,1357.32,48.3,4.9,149,140,17.25,28,South,S,1074.42,98242.82
P10121,Dress,Polyester,Summer,1779.86,40.5,2.7,462,120,12.6,22,Central,M,588.58,127082.0
P10122,Shirt,Wool,Summer,1812.41,47.0,3.7,144,122,18.65,46,West,M,430.7,117190.43
P10123,Sweater,Rayon,Summer,852.28,7.0,4.0,264,112,10.84,23,West,L,1114.23,88773.48
P10124,Dress,Wool,Summer,2098.24,3.6,3.1,309,126,14.99,29,West,M,1039.21,254860.62
P10125,Hoodie,Linen,Winter,2176.41,27.9,4.4,416,121,18.42,56,Central,S,994.01,189872.18
P10126,Shirt,Rayon,Summer,822.09,14.5,4.1,267,125,9.03,24,North,M,819.51,87860.87
P10127,T-Shirt,Rayon,Spring,1005.7,41.4,2.5,103,121,1.5,29,East,XL,428.26,71310.16
P10128,Trousers,Wool,Spring,2214.65,33.6,4.0,381,131,3.15,50,Central,L,1122.62,192639.12
P10129,Trousers,Linen,Summer,1411.89,48.5,3.7,250,108,19.47,36,North,L,758.63,78529.32
P10130,Trousers,Denim,Spring,168.13,12.7,3.0,246,148,17.59,53,South,S,790.6,21723.07
P10131,Dress,Polyester,Autumn,660.19,24.3,,174,121,10.18,36,North,XL,867.85,60471.42
P10132,T-Shirt,Wool,Winter,1350.38,25.1,4.7,334,119,19.26,38,West,M,1047.38,120360.72
P10133,Dress,Rayon,Summer,802.17,12.0,3.2,157,119,4.53,36,North,L,261.58,84003.24
P10134,Sweater,Polyester,Summer,1251.95,29.5,3.9,227,103,3.11,26,North,L,737.29,90910.35
P10135,Dress,Polyester,Winter,1519.44,22.2,3.3,437,134,12.43,39,,XL,613.85,158404.66
P10136,T-Shirt,Polyester,Spring,2377.35,22.3,4.4,117,126,8.26,36,South,L,1195.24,232747.32
P10137,T-Shirt,Denim,Winter,1325.73,18.1,4.8,240,136,7.46,54,North,XL,1270.41,147665.11
P10138,Sweater,Cotton,Winter,2143.53,0.8,3.4,79,131,14.95,28,Central,S,837.89,278556.01
P10139,T-Shirt,Wool,Spring,2357.26,26.1,4.5,230,118,3.85,42,South,L,355.99,205557.79
P10140,Hoodie,Cotton,Winter,2360.59,16.8,3.7,83,116,15.79,52,West,M,572.84,227825.26
P10141,T-Shirt,Cotton,Spring,1670.85,0.1,3.5,188,125,7.83,22,Central,XL,-7.74,208647.39
P10142,Trousers,Cotton,Spring,322.03,15.4,4.8,89,130,19.75,48,North,S,1054.66,35416.86
P10143,Hoodie,Polyester,Winter,1776.49,13.9,3.8,363,127,16.37,31,West,M,578.6,194253.85
P10144,Hoodie,Linen,Autumn,2129.04,19.7,3.7,168,142,13.28,30,West,XL,1113.44,242765.92
P10145,Sweater,Polyester,Spring,1451.36,6.6,4.2,365,130,5.36,51,Central,M,582.1,176224.13
P10146,Jeans,Polyester,Winter,2546.75,25.4,3.2,178,102,19.17,51,North,L,690.78,193787.3
P10147,Jeans,Rayon,Spring,2015.9,34.6,3.3,323,138,1.63,35,West,S,636.76,181939.01
P10148,T-Shirt,Rayon,Autumn,1840.96,31.5,4.8,398,114,5.24,23,South,XL,271.13,143760.57
P10149,Hoodie,Cotton,Autumn,2151.83,40.2,4.2,170,116,1.7,59,South,XL,261.55,149268.14
P10150,Jeans,Polyester,Summer,1700.02,22.6,4.6,436,110,19.36,38,Central,S,1342.26,144739.7
P10151,Jeans,Cotton,Spring,4.31,26.0,3.2,412,108,17.56,57,South,M,521.84,344.46
P10152,T-Shirt,Rayon,Spring,1200.52,40.5,3.9,41,121,19.09,22,East,S,974.37,86431.44
P10153,Jeans,Linen,Winter,2218.3,21.4,4.9,130,132,14.59,19,North,S,1539.43,230153.06
P10154,Dress,Wool,Spring,1015.45,35.1,3.3,224,107,1.52,23,West,S,625.67,70515.89
P10155,Shirt,Cotton,Summer,1365.92,21.7,2.9,12,98,18.7,25,West,S,888.18,104812.51
P10156,Sweater,Linen,Autumn,873.1,20.9,3.8,394,120,9.0,19,Central,L,836.67,82874.65
P10157,Shirt,Wool,Autumn,2570.35,38.0,3.5,237,137,8.0,40,Central,XL,850.25,218325.53
P10158,T-Shirt,Denim,Summer,2508.9,8.7,2.9,434,114,6.4,37,West,M,896.74,261131.33
P10159,Trousers,Cotton,Spring,969.68,16.9,4.7,485,114,6.45,21,South,M,390.06,91861.67
P10160,Sweater,Cotton,Spring,1588.38,11.2,5.0,57,118,16.21,32,Central,S,316.2,166436.81
P10161,T-Shirt,Denim,Summer,1091.7,18.0,3.9,176,136,5.87,47,East,S,739.68,121746.38
P10162,Hoodie,Denim,Winter,1868.97,11.5,4.4,398,102,5.22,37,Central,M,1170.03,168711.92
P10163,Trousers,Cotton,Autumn,1805.81,29.0,4.6,342,111,14.26,41,South,M,1025.91,142315.89
P10164,Shirt,Denim,Summer,1987.02,39.9,4.3,20,127,6.46,26,North,L,325.21,151663.28
P10165,T-Shirt,Polyester,Summer,1699.15,39.3,2.6,247,126,1.25,38,East,S,922.62,129954.39
P10166,Hoodie,Wool,Spring,3261.24,18.2,2.9,287,124,18.7,55,Central,M,825.76,330794.1
P10167,Sweater,Wool,Autumn,883.25,49.4,2.7,250,113,6.96,58,North,XL,791.48,50502.47
P10168,Sweater,Wool,Spring,473.64,29.7,2.5,480,116,15.52,30,North,L,786.69,38624.39
P10169,Jacket,Polyester,Summer,1264.15,20.0,3.3,201,113,9.91,22,West,L,842.42,114279.16
P10170,Hoodie,Denim,Winter,559.21,41.8,3.5,21,130,3.55,31,South,S,740.97,42309.83
P10171,Dress,Linen,Autumn,604.52,36.5,3.1,62,126,13.58,24,West,L,570.74,48367.65
P10172,Jeans,Denim,Summer,899.21,37.5,2.7,64,115,5.4,23,South,L,682.96,64630.72
P10173,Trousers,Cotton,Summer,946.69,9.8,3.8,318,104,6.47,29,North,XL,195.37,88807.1
P10174,Hoodie,Rayon,Winter,927.23,23.4,3.2,30,113,1.62,33,Central,L,906.78,80259.17
P10175,Jacket,Wool,Summer,1810.93,43.1,4.5,28,93,1.31,49,South,XL,899.48,95828.98
P10176,Jeans,Denim,Summer,1196.29,25.2,2.5,462,111,10.76,59,South,L,1247.24,99325.57
P10177,Jeans,Linen,Autumn,1392.29,34.2,4.6,353,109,2.1,28,North,L,933.68,99857.82
P10178,T-Shirt,Cotton,Autumn,2036.54,29.4,4.9,359,125,4.98,21,East,S,692.6,179724.66
P10179,Jeans,Polyester,Autumn,1040.21,42.1,4.3,465,128,18.55,46,North,S,896.01,77092.04
P10180,Dress,Polyester,Spring,,14.2,4.3,331,113,2.57,51,North,S,654.46,130041.49
P10181,Sweater,,Winter,1719.46,28.8,4.8,324,137,6.53,26,South,S,548.66,167723.01
P10182,Jacket,Cotton,Autumn,335.06,6.2,3.0,442,126,14.8,27,North,M,32.87,39600.07
P10183,Jeans,Wool,Spring,69.06,34.5,5.0,491,126,17.8,25,West,S,866.44,5699.52
P10184,T-Shirt,Denim,Spring,1707.67,36.6,4.4,68,116,1.88,53,North,S,899.62,125588.88
P10185,Dress,Cotton,Winter,1795.21,2.1,4.3,160,123,4.52,49,Central,S,1138.5,216173.8
P10186,Shirt,Polyester,Winter,2738.53,33.8,3.4,268,117,8.37,23,North,L,1183.46,212110.1
P10187,Sweater,Linen,Summer,1594.86,20.7,,449,116,7.86,23,North,L,854.14,146707.98
P10188,Sweater,Linen,Spring,1991.84,6.2,4.1,381,130,6.48,44,Central,L,376.23,242884.97
P10189,Jacket,Denim,Autumn,1382.72,21.0,4.1,67,115,5.6,19,East,S,389.49,125620.11
P10190,Sweater,Linen,Winter,,9.7,4.3,225,115,6.1,26,East,XL,816.49,174287.22
P10191,Jeans,Linen,Spring,2500.35,20.8,2.7,71,113,3.54,55,East,M,1019.21,223771.32
P10192,T-Shirt,Cotton,Autumn,225.6,19.2,3.4,155,127,4.1,22,West,XL,1037.56,23150.17
P10193,Sweater,Wool,Spring,1748.17,36.9,3.6,454,130,12.53,51,Central,XL,619.75,143402.39
P10194,Sweater,Denim,Winter,2781.35,38.7,3.2,391,129,6.55,31,West,XL,119.89,219940.81
P10195,tshirt,Cotton,Summer,,30.4,2.9,248,118,8.59,27,West,XL,388.11,137089.7
P10196,Shirt,Wool,Spring,2490.34,1.1,2.8,302,128,8.83,24,West,M,170.04,315257.12
P10197,Trousers,Cotton,Autumn,1122.47,46.6,3.4,191,127,3.09,37,Central,XL,850.61,76123.67
P10198,Dress,Rayon,Winter,1480.77,34.3,3.7,378,109,16.57,28,South,S,671.1,106042.38
P10199,Jeans,Cotton,Summer,1520.11,1.7,2.7,104,110,19.17,30,South,XL,660.39,164369.49
P10200,Sweater,Linen,Autumn,169.45,40.9,4.9,87,111,6.01,34,East,M,893.27,11116.09
P10201,Hoodie,Wool,Autumn,,10.0,4.4,458,101,6.59,54,West,M,642.06,72637.28
P10202,Sweater,Denim,Autumn,841.87,29.0,4.3,151,117,14.17,53,East,XL,1327.09,69934.14
P10203,T-Shirt,Denim,Spring,1993.24,23.3,2.9,114,131,2.53,50,West,S,692.84,200274.78
P10204,Trousers,Wool,Winter,2023.29,21.0,4.0,270,115,18.24,27,East,XL,231.1,183815.9
P10205,Dress,Linen,Autumn,1694.42,44.5,3.8,104,111,3.29,51,North,L,-14.07,104384.74
P10206,Hoodie,Polyester,Spring,1994.46,21.9,5.0,232,123,14.91,30,Central,M,910.15,191593.81
P10207,Trousers,Cotton,Winter,1401.51,3.8,4.4,487,136,6.54,42,West,XL,940.26,183362.36
P10208,Jacket,Linen,Winter,2221.16,47.3,3.9,493,126,7.14,50,West,L,934.64,147489.47
P10209,Dress,Rayon,Spring,1505.27,46.0,4.6,199,119,3.68,27,West,S,356.6,96728.65
P10210,Sweater,Wool,Spring,1534.72,34.2,2.9,138,109,13.28,41,Central,L,484.47,110073.19
P10211,Sweater,Cotton,Autumn,1340.64,23.4,2.5,328,129,16.1,22,North,M,1252.59,132474.0
P10212,Dress,Denim,Winter,1910.67,4.6,4.2,204,119,19.05,27,South,L,694.64,216910.72
P10213,Sweater,Polyester,Summer,1247.28,39.5,2.7,29,119,7.3,56,Central,L,564.17,89797.92
P10214,Jeans,Rayon,Spring,2085.86,3.8,2.8,308,124,12.8,44,North,L,1165.45,248818.07
P10215,Dress,Denim,Winter,820.71,3.4,4.4,249,130,8.88,53,East,S,441.19,103064.76
P10216,Trousers,Wool,Winter,840.65,26.9,3.2,244,140,11.6,50,West,S,625.27,86032.12
P10217,Dress,Cotton,Autumn,1912.46,8.0,4.1,94,106,4.1,45,West,S,1121.28,186503.1
P10218,Hoodie,,Summer,1446.87,0.4,4.8,103,120,12.05,57,South,S,1147.62,172929.9
P10219,Sweater,Cotton,Autumn,1227.67,21.2,3.3,51,121,17.13,20,East,XL,1155.65,117055.88
P10220,Jeans,Linen,Summer,2034.03,6.9,3.0,373,112,17.41,48,North,L,971.77,212092.38
P10221,Jeans,Polyester,Summer,1135.64,8.0,2.8,359,131,10.18,46,East,M,1354.99,136867.33
P10222,Jacket,Linen,Spring,1379.88,3.8,2.8,462,134,5.48,59,East,L,1032.55,177877.57
P10223,Trousers,Linen,Winter,2339.54,10.3,2.7,83,133,16.9,38,South,XL,849.3,279109.46
P10224,Shirt,Wool,Winter,2423.49,35.8,2.7,481,123,19.99,49,North,L,753.53,191373.31
P10225,Shirt,Polyester,Winter,2443.44,40.4,3.6,374,114,8.17,45,South,L,659.0,166017.09
P10226,Dress,Cotton,Summer,1330.72,22.6,3.3,124,107,18.56,38,,M,377.97,110207.57
P10227,Jacket,Cotton,Winter,2238.42,25.3,4.3,432,118,19.69,52,Central,M,85.74,197307.77
P10228,T-Shirt,Rayon,Spring,930.63,1.6,4.7,199,140,8.52,47,Central,M,1036.03,128203.59
P10229,Dress,Denim,Summer,955.86,3.5,4.5,441,137,14.61,34,West,L,719.97,126369.47
P10230,Jacket,Rayon,Summer,89.73,12.9,3.8,134,121,12.04,46,South,XL,492.81,9456.73
P10231,Trousers,Rayon,Summer,2503.72,27.2,2.8,15,124,14.72,19,Central,S,1359.42,226015.81
P10232,Trousers,Cotton,Summer,981.61,37.0,4.3,467,109,3.93,50,East,S,1108.9,67407.16
P10233,Trousers,Wool,Spring,1424.08,30.3,3.4,388,105,7.97,21,East,L,702.89,104221.29
P10234,Trousers,Linen,Winter,953.81,19.6,2.7,51,120,2.19,56,Central,S,920.82,92023.59
P10235,Trousers,Linen,Spring,1917.1,5.9,4.6,67,107,12.65,42,South,S,741.9,193027.05
P10236,Jacket,Linen,Winter,1274.62,39.0,3.3,436,113,18.61,22,West,L,640.79,87859.56
P10237,Jacket,Polyester,Spring,717.11,18.2,3.0,19,152,11.65,21,East,L,1124.77,89162.59
P10238,Jeans,Cotton,Autumn,1765.0,36.8,4.7,98,126,2.34,46,West,XL,830.9,140550.48
P10239,Hoodie,Wool,Autumn,639.76,25.6,4.8,343,138,18.68,54,East,S,375.24,65685.44
P10240,Shirt,Polyester,Autumn,997.56,36.9,3.3,120,125,3.53,25,North,L,858.92,78682.54
P10241,Sweater,Denim,Autumn,235.87,45.4,3.4,48,123,17.78,37,Central,S,940.34,15840.56
P10242,Trousers,Wool,Summer,645.63,46.1,3.9,406,118,14.57,58,South,M,1259.12,41063.36
P10243,T-Shirt,Rayon,Summer,1607.12,26.8,,468,120,13.09,23,East,M,837.14,141169.42
P10244,Sweater,Wool,Spring,321.28,25.6,2.7,176,132,12.15,53,Central,XL,767.49,31552.27
P10245,Jacket,Wool,Spring,611.31,13.3,4.0,20,122,3.49,49,West,L,904.23,64660.7
P10246,T-Shirt,Linen,Autumn,1498.58,46.8,4.9,119,135,10.52,22,South,S,434.15,107628.02
P10247,T-Shirt,Wool,Winter,1173.84,22.9,3.2,25,107,4.74,57,South,M,1567.02,96838.28
P10248,T-Shirt,Rayon,Autumn,2695.22,6.4,4.8,42,125,11.86,37,Central,L,1339.41,315340.74
P10249,Jeans,Rayon,Spring,2600.34,21.6,4.9,242,130,9.5,21,Central,M,1040.48,265026.65
P10250,Jacket,Cotton,Autumn,979.25,6.4,3.2,498,104,13.91,56,Central,M,845.06,95324.11
P10251,T-Shirt,Wool,Spring,1834.28,25.1,4.4,197,152,19.67,39,North,L,336.78,208829.11
P10252,Trousers,Linen,Autumn,1949.57,28.1,3.1,233,144,7.86,50,,M,758.55,201850.68
P10253,Dress,Wool,Winter,1141.51,16.9,4.3,68,117,12.72,48,South,L,899.63,110985.59
P10254,T-Shirt,Denim,Autumn,602.68,3.6,4.5,467,137,17.42,58,Central,XL,442.35,79594.74
P10255,Jeans,Denim,Winter,1492.62,47.2,3.1,60,109,2.77,46,North,L,586.35,85903.27
P10256,Sweater,Linen,Winter,1396.29,38.7,4.3,280,108,16.2,22,South,M,604.5,92439.98
P10257,Jacket,Cotton,Spring,1238.54,41.9,4.5,473,125,5.55,27,East,M,562.44,89948.97
P10258,Hoodie,Cotton,Winter,1765.39,18.3,3.4,52,113,11.27,28,Central,S,1255.7,162982.57
P10259,Jeans,Rayon,Summer,1049.56,38.0,2.9,36,130,19.84,54,North,XL,700.46,84594.54
P10260,T-Shirt,Rayon,Summer,808.8,24.3,2.7,65,116,19.7,39,South,M,1155.14,71022.35
P10261,Jacket,Polyester,Summer,1565.45,10.1,3.9,130,99,7.0,41,Central,XL,604.0,139326.62
P10262,Dress,Linen,Spring,1731.58,6.2,4.9,122,132,3.5,38,South,S,646.37,214397.31
P10263,T-Shirt,Wool,Summer,794.01,17.3,4.6,325,101,18.83,53,East,XL,763.92,66321.27
P10264,Jeans,Linen,Spring,2056.85,6.9,3.6,124,122,17.98,33,South,L,811.9,233621.14
P10265,Shirt,Polyester,Spring,437.71,49.9,3.8,118,117,12.7,19,South,XL,434.54,25657.25
P10266,Trousers,Rayon,Summer,1153.13,2.5,3.2,489,124,1.62,32,East,M,856.6,139413.42
P10267,Hoodie,Linen,Winter,1345.19,22.1,2.9,463,123,15.27,58,West,M,416.53,128892.07
P10268,Sweater,Linen,Autumn,1118.27,22.6,3.7,184,129,4.06,43,Central,L,1305.24,111654.79
P10269,Jeans,Rayon,Spring,1160.96,15.0,3.7,121,129,18.92,47,East,M,590.16,127299.26
P10270,Jacket,Polyester,Summer,2622.64,28.6,3.8,109,136,9.27,19,East,S,1009.5,254668.83
P10271,Hoodie,Rayon,Spring,989.47,7.5,4.9,17,121,12.69,46,Central,M,581.72,110746.43
P10272,Hoodie,Cotton,Winter,2964.73,39.2,4.0,456,123,6.34,23,South,S,1129.6,221714.37
P10273,Hoodie,Wool,Winter,1762.28,16.6,4.0,482,110,10.03,18,North,XL,607.81,161671.57
P10274,T-Shirt,Rayon,Summer,1555.23,29.6,2.8,144,130,15.34,57,Central,XL,733.85,142334.65
P10275,Trousers,Polyester,Spring,1785.74,35.8,5.0,260,98,10.35,28,East,M,677.41,112351.62
P10276,T-Shirt,Denim,Autumn,3017.96,44.5,4.4,346,125,17.1,40,South,M,661.35,209370.97
P10277,Jacket,Cotton,Autumn,903.84,41.8,4.7,249,121,14.55,43,West,L,309.58,63650.22
P10278,T-Shirt,Denim,Spring,827.75,30.4,3.5,231,139,2.47,48,South,XL,531.97,80079.85
P10279,Shirt,Rayon,Spring,1047.08,19.4,3.8,395,133,12.53,32,North,S,855.28,112244.88
P10280,Trousers,Cotton,Spring,1519.29,25.2,3.8,154,105,12.64,26,South,L,914.13,119325.04
P10281,Trousers,Wool,Summer,464.54,38.4,3.0,386,120,8.24,51,North,L,408.77,34338.8
P10282,Jacket,Rayon,Winter,1513.4,43.9,4.2,13,127,7.13,56,West,XL,553.77,107825.21
P10283,Sweater,Wool,Autumn,2516.13,5.2,4.8,291,124,2.19,34,West,L,726.28,295776.11
P10284,Shirt,Linen,Summer,1590.84,19.2,2.9,343,140,9.48,52,South,S,774.42,179955.82
P10285,Jeans,Denim,Spring,1324.39,38.8,2.7,337,127,7.4,53,Central,L,865.01,102936.89
P10286,T-Shirt,Cotton,Spring,1129.1,21.6,4.3,206,131,19.07,20,Central,S,1062.63,115963.09
P10287,Dress,Wool,Winter,2039.11,16.6,3.2,398,120,13.81,57,Central,S,850.9,204074.13
P10288,T-Shirt,Polyester,Spring,1004.5,20.6,4.1,137,119,9.74,28,West,M,448.57,94911.19
P10289,Hoodie,Wool,Summer,2607.84,30.1,4.2,270,127,15.34,45,North,XL,958.45,231505.78
P10290,T-Shirt,Polyester,Summer,2660.02,50.0,3.3,100,124,15.8,45,East,XL,1044.5,164921.24
P10291,Jeans,Rayon,Winter,1654.05,24.6,4.5,334,136,10.13,36,South,XL,275.87,169612.9
P10292,T-Shirt,Cotton,Summer,1493.09,10.4,3.9,268,125,2.44,19,North,XL,890.94,167226.08
P10293,Shirt,Wool,Autumn,2118.4,8.1,4.7,431,117,15.83,49,East,S,1144.85,227776.72
P10294,Shirt,Wool,Summer,2156.88,2.1,4.4,103,126,2.72,28,West,XL,555.54,266059.78
P10295,Trousers,Cotton,Summer,1016.4,27.9,4.7,266,117,17.1,33,East,XL,959.21,85740.45
P10296,Jacket,Wool,Summer,1184.07,27.2,2.6,145,111,7.35,28,West,S,539.96,95682.33
P10297,Sweater,Polyester,Autumn,706.59,10.3,3.1,22,110,13.13,20,West,M,660.96,69719.24
P10298,Dress,Wool,Spring,1745.44,34.8,2.7,477,126,15.07,59,North,XL,485.74,143391.39
P10299,Hoodie,Denim,Summer,1899.98,37.1,3.6,207,128,1.67,46,Central,L,936.85,152971.19
P10300,T-Shirt,Rayon,Winter,,13.0,4.7,187,138,8.31,22,Central,M,979.59,82846.2
P10301,T-Shirt,Linen,Autumn,1226.88,17.2,3.7,121,133,12.48,45,North,M,875.87,135108.93
P10302,Jeans,Polyester,Winter,691.65,49.5,4.6,273,131,17.11,48,South,M,928.31,45756.11
P10303,Jacket,Denim,Summer,960.72,18.7,3.3,423,141,14.64,30,West,XL,967.28,110130.22
P10304,Shirt,Rayon,Winter,1830.61,38.0,3.3,378,108,18.03,42,South,S,1158.11,122577.65
P10305,Dress,Cotton,Summer,1059.91,22.6,4.7,433,109,2.57,23,West,XL,577.5,89420.37
P10306,Trousers,Polyester,Autumn,1319.5,39.7,3.6,88,121,2.36,20,West,XL,-9.2,96274.68
P10307,Shirt,Linen,Winter,523.61,38.5,4.5,387,116,14.56,39,Central,M,627.32,37354.34
P10308,Hoodie,Rayon,Winter,1612.19,33.4,3.1,265,128,8.57,58,Central,S,629.82,137435.97
P10309,Jacket,Linen,Summer,1473.44,42.7,4.9,83,136,10.15,56,West,XL,996.4,114822.23
P10310,Hoodie,,Summer,1062.62,47.0,3.9,392,124,12.48,49,Central,XL,74.14,69835.39
P10311,Sweater,Cotton,Spring,1386.59,29.0,4.4,170,107,19.73,47,Central,XL,830.93,105339.24
P10312,Trousers,Polyester,Summer,1608.18,11.9,2.7,210,118,2.28,24,East,XL,1153.03,167183.18
P10313,Sweater,Wool,Summer,1011.08,19.9,3.7,378,121,3.07,42,East,S,754.05,97994.88
P10314,Jeans,Cotton,Spring,614.24,37.9,4.8,317,131,16.76,19,West,S,920.84,49969.04
P10315,Hoodie,Rayon,Summer,2583.34,32.5,4.7,386,126,1.39,25,Central,S,537.46,219713.07
P10316,Jeans,Wool,Summer,1120.04,8.9,2.6,42,119,9.56,50,East,L,966.07,121422.42
P10317,T-Shirt,Denim,Spring,1441.94,2.6,3.3,82,124,15.71,45,South,S,723.12,174151.75
P10318,Sweater,Linen,Autumn,2106.5,34.1,3.6,471,140,4.71,27,West,S,579.96,194345.69
P10319,Jacket,Wool,Autumn,3617.43,12.6,2.9,361,112,4.55,55,West,M,767.42,354102.99
P10320,Hoodie,Linen,Summer,753.31,25.0,4.3,302,136,6.89,35,South,XL,1001.88,76837.62
P10321,Dress,Wool,Summer,1769.9,37.3,3.0,207,109,3.85,30,West,XL,717.06,120960.28
P10322,Trousers,Denim,Spring,1075.47,28.1,3.4,334,135,13.89,38,Central,M,700.21,104390.5
P10323,Shirt,Cotton,Spring,1176.73,4.2,4.2,397,121,4.8,50,East,S,735.82,136404.19
P10324,Jacket,Denim,Autumn,1067.87,9.3,3.7,325,137,5.31,40,North,XL,831.24,132692.46
P10325,Jacket,Cotton,Winter,824.61,11.0,4.3,249,131,11.92,18,East,L,812.12,96141.28
P10326,Jeans,Cotton,Summer,1475.23,12.9,,473,130,19.38,57,South,L,808.57,167040.29
P10327,Sweater,Linen,Winter,615.3,28.3,2.8,83,109,18.36,38,North,M,384.16,48087.54
P10328,Hoodie,Rayon,Winter,2068.08,25.2,4.3,40,119,17.43,22,Central,L,706.06,184083.94
P10329,Hoodie,Denim,Spring,1533.0,10.2,3.1,488,112,11.09,52,Central,M,1128.88,154183.01
P10330,T-Shirt,Wool,Summer,1753.46,3.4,3.5,23,126,6.66,35,East,L,923.29,213424.14
P10331,T-Shirt,Denim,Summer,1220.29,8.6,2.6,214,123,14.41,55,West,L,1111.86,137187.44
P10332,Trousers,Linen,Spring,1279.68,49.2,2.8,325,109,8.4,53,West,L,874.05,70858.44
P10333,Jeans,Cotton,Winter,,23.4,3.3,77,137,15.78,46,South,M,815.38,175519.69
P10334,Jacket,Linen,Spring,801.57,43.4,3.4,137,114,1.31,43,West,XL,1182.12,51720.5
P10335,Hoodie,Polyester,Autumn,1285.21,42.4,4.7,35,135,11.06,53,Central,M,617.36,99937.93
P10336,Dress,Polyester,Summer,984.23,25.6,4.4,417,134,7.41,55,North,S,600.62,98123.79
P10337,Jeans,Wool,Autumn,965.66,35.3,4.9,193,127,5.73,35,East,S,1270.75,79347.32
P10338,Trousers,Linen,Spring,234.1,9.6,4.0,146,122,13.57,46,East,L,1021.45,25818.42
P10339,Trousers,Wool,Summer,2303.6,34.4,3.1,300,122,13.51,48,East,L,665.42,184361.72
P10340,Jeans,Wool,Autumn,1088.08,13.6,3.3,115,138,1.7,59,West,XL,559.79,129733.95
P10341,Trousers,Polyester,Autumn,2198.03,41.6,,472,122,19.01,30,North,XL,440.55,156605.24
P10342,Jeans,Wool,Winter,2141.28,4.2,3.3,33,106,7.88,47,West,XL,654.46,217442.7
P10343,Shirt,Polyester,Summer,728.4,38.7,4.2,424,102,18.43,24,West,L,1026.78,45543.94
P10344,Jeans,Cotton,Autumn,846.95,5.0,3.8,348,137,12.09,57,Central,M,98.11,110230.54
P10345,Sweater,Linen,Autumn,3036.3,44.1,3.5,459,126,13.4,23,Central,L,1078.35,213858.75
P10346,Jeans,Wool,Winter,2550.56,15.2,2.9,203,122,19.25,19,West,S,962.39,263870.74
P10347,Trousers,Polyester,Autumn,1481.09,32.7,2.6,178,119,16.62,25,South,L,440.27,118616.05
P10348,Hoodie,Denim,Autumn,1654.42,24.4,3.0,45,124,3.66,27,South,XL,767.61,155091.95
P10349,Sweater,Wool,Autumn,1121.49,18.3,2.8,110,128,1.1,39,South,S,598.34,117280.94
P10350,Trousers,Rayon,Winter,1759.41,32.3,4.5,43,127,6.86,27,West,L,478.93,151272.31
P10351,T-Shirt,Cotton,Autumn,1069.69,47.4,2.8,386,138,10.28,52,North,XL,837.43,77646.66
P10352,T-Shirt,Cotton,Autumn,280.59,2.1,4.3,48,122,14.91,36,South,L,911.71,33513.11
P10353,Hoodie,Denim,Summer,707.07,45.9,3.5,220,132,13.56,21,Central,L,980.83,50493.28
P10354,Hoodie,Polyester,Summer,1512.66,30.5,2.7,239,108,6.94,36,East,XL,213.96,113540.26
P10355,Sweater,Wool,Winter,821.36,40.4,4.5,288,119,11.3,58,East,S,617.1,58254.14
P10356,Shirt,Polyester,Spring,1459.63,19.2,3.9,89,120,13.37,37,West,S,936.45,141525.72
P10357,Hoodie,Cotton,Summer,855.2,23.6,3.1,247,126,10.76,21,East,M,1041.25,82324.97
P10358,T-Shirt,Polyester,Winter,1030.59,43.4,4.7,181,115,14.09,43,West,S,825.75,67081.1
P10359,Jeans,Cotton,Autumn,2011.9,20.7,2.6,335,101,10.22,20,East,L,1074.62,161139.11
P10360,Trousers,Polyester,Autumn,1648.49,26.7,3.0,451,122,11.06,47,North,XL,808.76,147417.87
P10361,T-Shirt,Denim,Winter,1494.2,1.0,4.4,68,114,18.87,53,North,S,908.43,168635.41
P10362,T-Shirt,Linen,Autumn,2027.38,7.9,4.3,419,124,8.39,58,North,L,499.42,231534.91
P10363,Shirt,Denim,Autumn,1788.37,32.1,3.2,31,125,15.36,23,North,L,967.91,151787.9
P10364,Sweater,Denim,Spring,2367.94,35.8,2.7,374,110,7.36,56,South,S,358.27,167223.92
P10365,Sweater,Linen,Autumn,1224.08,29.1,4.6,376,105,7.31,44,Central,XL,442.86,91126.64
P10366,Jacket,Linen,Summer,1242.22,7.2,3.3,353,129,18.61,33,North,XL,519.72,148708.64
P10367,Shirt,Wool,Autumn,719.33,22.3,3.0,247,121,14.27,33,South,M,1253.31,67629.25
P10368,Jeans,Wool,Winter,1242.61,17.8,3.8,305,116,18.65,53,West,XL,642.81,118485.35
P10369,Sweater,Denim,Spring,2078.86,24.8,,350,108,19.9,51,East,XL,884.25,168836.69
P10370,Trousers,Denim,Autumn,2279.99,43.5,2.6,103,108,1.0,56,East,S,918.48,139124.99
P10371,Hoodie,Cotton,Winter,2076.18,38.8,4.4,253,113,19.68,41,South,S,909.03,143580.3
P10372,Shirt,Cotton,Summer,423.48,4.2,3.9,20,114,2.92,56,East,L,446.46,46249.1
P10373,Hoodie,Wool,Autumn,2149.89,44.5,3.6,126,114,2.34,23,North,S,860.37,136023.54
P10374,T-Shirt,Rayon,Spring,396.89,23.6,4.4,274,140,15.59,37,East,M,459.06,42451.35
P10375,Trousers,Rayon,Autumn,2038.87,37.2,4.9,21,125,7.65,26,North,L,256.99,160051.29
P10376,Trousers,Wool,Winter,1279.33,7.0,3.1,163,104,18.44,38,North,XL,1259.69,123736.8
P10377,T-Shirt,Cotton,Spring,1921.52,33.5,2.9,47,115,11.35,28,East,S,675.62,146948.24
P10378,Shirt,Cotton,Autumn,700.53,11.8,4.8,140,115,8.34,47,South,M,690.77,71054.76
P10379,T-Shirt,Rayon,Summer,2202.7,21.9,4.2,391,116,2.4,18,West,L,1070.43,199555.81
P10380,Hoodie,Polyester,Spring,621.02,0.8,3.6,234,120,9.83,44,South,M,1002.33,73926.22
P10381,Jacket,Polyester,Summer,1098.93,7.6,3.9,152,121,6.28,23,Central,M,578.36,122864.77
P10382,Trousers,Cotton,Winter,901.14,4.6,4.4,440,112,2.46,24,Central,XL,857.94,96285.01
P10383,Dress,Polyester,Autumn,447.43,12.0,4.4,398,128,13.74,39,North,L,926.99,50398.52
P10384,Dress,Linen,Summer,1556.72,5.0,4.8,63,125,19.57,51,North,S,380.13,184860.5
P10385,Hoodie,Wool,Winter,2583.65,34.6,3.6,33,136,8.2,37,South,XL,549.63,229800.17
P10386,Jeans,Wool,Autumn,3100.14,1.5,3.2,404,97,6.65,32,South,M,677.31,296202.88
P10387,Sweater,Cotton,Winter,1558.29,30.9,4.1,130,124,2.71,26,North,L,784.95,133520.52
P10388,T-Shirt,Denim,Summer,2170.01,7.0,3.5,128,112,5.24,35,West,XL,1170.05,226028.24
P10389,T-Shirt,Rayon,Winter,1639.26,47.3,4.0,170,114,6.41,53,West,S,573.18,98483.46
P10390,Jeans,Cotton,Spring,1799.33,46.7,3.5,480,119,7.54,59,,M,1221.0,114126.1
P10391,Jeans,Polyester,Autumn,1294.71,11.3,2.9,83,108,13.05,47,West,L,921.34,124028.04
P10392,Hoodie,Rayon,Winter,1617.05,30.7,3.7,194,109,3.18,28,East,XL,296.92,122147.11
P10393,Hoodie,Denim,Summer,1822.49,1.4,4.2,445,112,2.11,50,North,XL,876.91,201261.22
P10394,Jeans,Polyester,Autumn,1152.92,46.6,4.5,201,131,18.68,57,South,M,1215.05,80651.37
P10395,Trousers,Linen,Spring,1453.5,26.1,3.7,436,123,16.18,23,North,XL,721.41,132118.79
P10396,Hoodie,Polyester,Autumn,1464.94,2.2,2.9,229,94,6.29,56,East,S,559.3,134674.86
P10397,Jacket,Linen,Spring,1995.84,17.1,3.5,496,121,13.14,39,West,S,609.94,200200.71
P10398,Hoodie,Rayon,Autumn,860.38,3.8,4.5,130,122,12.26,56,North,S,927.73,100977.64
P10399,T-Shirt,Linen,Winter,1469.07,19.6,3.5,218,103,15.12,36,East,L,366.27,121656.62
P10400,Hoodie,Rayon,Winter,2647.2,33.5,4.2,393,132,17.33,39,West,XL,1309.7,232371.22
P10401,Trousers,Rayon,Summer,2198.44,23.5,3.8,309,147,7.8,48,Central,S,1114.48,247225.57
P10402,Jeans,Rayon,Spring,2309.51,19.2,3.1,355,106,13.56,59,Central,S,990.91,197804.91
P10403,T-Shirt,Rayon,Summer,1514.66,6.0,4.5,482,113,16.24,42,Central,L,436.14,160887.19
P10404,Hoodie,Rayon,Winter,1692.6,12.2,2.7,173,105,14.29,58,East,XL,1225.0,156040.79
P10405,Trousers,Polyester,Spring,2101.34,5.0,3.8,277,121,18.52,47,East,S,1166.9,241549.03
P10406,Jacket,Rayon,Summer,2436.15,40.4,3.0,449,119,10.4,21,South,S,1223.61,172781.5
P10407,Hoodie,Polyester,Summer,329.04,6.8,2.7,12,120,16.25,43,South,S,886.97,36799.83
P10408,Trousers,,Summer,710.74,29.8,3.8,59,103,18.29,24,Central,L,800.13,51390.77
P10409,Jacket,Linen,Summer,2285.67,17.1,3.7,422,130,11.58,57,North,XL,877.58,246326.66
P10410,Jeans,Rayon,Summer,1333.87,11.3,4.3,373,109,1.33,29,West,S,941.54,128962.55
P10411,Hoodie,Denim,Spring,1096.97,32.0,4.4,481,124,16.54,18,South,M,1183.7,92496.51
P10412,Jacket,Rayon,Summer,747.5,22.9,4.3,220,125,17.07,23,West,L,390.53,72040.31
P10413,T-Shirt,Rayon,Spring,1166.99,20.0,3.5,470,115,8.6,18,North,M,868.44,107363.08
P10414,Jeans,Linen,Summer,658.58,29.6,4.1,25,120,5.35,25,Central,XL,952.5,55636.84
P10415,T-Shirt,Wool,Winter,2754.66,24.6,3.9,177,116,19.58,50,West,L,1112.85,240933.58
P10416,Dress,,Winter,1486.54,15.2,3.6,292,118,11.48,21,Central,L,709.99,148749.14
P10417,Shirt,Denim,Summer,1465.23,28.0,4.0,388,136,10.81,57,West,L,826.13,143475.32
P10418,T shirt,Wool,Autumn,1852.85,33.5,4.9,335,124,18.98,23,North,XL,765.53,152786.01
P10419,Jacket,Cotton,Winter,2077.41,1.3,3.0,307,121,8.75,20,South,M,890.82,248098.84
P10420,Shirt,Cotton,Spring,2067.53,23.3,4.8,194,124,17.11,32,East,S,631.35,196638.64
P10421,Shirt,Denim,Summer,2144.17,2.9,2.6,147,124,14.31,23,Central,XL,996.5,258166.64
P10422,Jacket,Linen,Spring,1121.49,9.3,3.3,134,127,19.39,23,South,S,919.61,129183.31
P10423,Jeans,Polyester,Autumn,1321.28,28.0,3.2,431,117,9.14,54,West,S,366.49,111304.63
P10424,Hoodie,Denim,Summer,1961.42,43.3,4.1,401,103,18.24,44,South,S,450.25,114548.89
P10425,Dress,Wool,Winter,1183.57,44.1,2.8,411,113,11.81,59,,L,746.53,74762.57
P10426,T-Shirt,Wool,Spring,,3.5,4.7,489,131,10.04,58,Central,L,1727.32,189235.67
P10427,Trousers,Rayon,Winter,1739.26,21.0,4.6,410,114,6.81,22,Central,M,716.65,156637.76
P10428,T-Shirt,Cotton,Winter,1971.11,29.2,4.1,67,147,11.5,56,South,XL,494.15,205145.24
P10429,Trousers,Wool,Summer,433.39,7.4,3.6,371,124,11.88,34,North,S,587.26,49763.57
P10430,T-Shirt,Denim,Spring,1928.85,38.3,4.8,75,128,18.07,40,West,XL,951.53,152332.86
P10431,Jacket,Wool,Autumn,1359.77,37.2,4.6,437,139,14.38,34,South,XL,1279.26,118697.04
P10432,Dress,Denim,Winter,1924.47,45.2,3.7,349,111,16.7,58,North,XL,605.5,117061.66
P10433,Hoodie,Polyester,Summer,1966.16,0.4,4.3,211,125,15.61,40,Central,L,856.71,244786.92
P10434,Trousers,Rayon,Summer,2464.75,10.8,3.9,18,107,6.26,56,West,S,635.88,235245.6
P10435,Hoodie,Cotton,Autumn,2312.07,41.4,4.0,441,135,4.91,50,Central,S,987.73,182907.86
P10436,Hoodie,Wool,Summer,2307.94,33.5,3.3,432,125,5.91,19,East,XL,636.06,191847.51
P10437,Hoodie,Denim,Winter,2366.2,44.7,3.7,114,116,3.79,27,North,M,1029.86,151787.0
P10438,Sweater,Linen,Summer,1674.83,2.9,2.7,98,110,8.33,36,East,L,5.08,178888.59
P10439,Jeans,Cotton,Spring,1519.31,29.8,3.4,98,130,13.42,57,East,XL,984.3,138652.23
P10440,T-Shirt,Polyester,Spring,2023.69,28.5,4.2,353,115,11.2,26,East,XL,714.81,166397.91
P10441,Hoodie,Denim,Winter,1939.25,1.8,4.9,15,130,13.91,32,North,S,944.36,247564.66
P10442,T-Shirt,Rayon,Spring,1314.56,25.7,4.9,167,96,7.77,41,West,M,755.0,93764.94
P10443,Hoodie,Rayon,Autumn,1742.89,30.5,3.9,388,128,4.9,29,Central,XL,399.77,155047.49
P10444,Trousers,Polyester,Summer,1478.94,9.6,4.0,339,113,4.85,39,West,M,814.08,151076.68
P10445,Jeans,Polyester,Winter,500.0,13.7,3.0,112,131,12.42,35,West,S,995.09,111655.66
P10446,Jeans,Rayon,Autumn,2274.28,32.0,4.2,232,117,4.12,19,West,S,829.91,180941.72
P10447,Jacket,Wool,Summer,1533.12,23.4,2.7,411,129,8.55,32,Central,XL,318.03,151493.72
P10448,Sweater,Wool,Autumn,2729.22,42.9,3.2,180,113,5.04,59,Central,M,816.96,176097.46
P10449,Jacket,Denim,Winter,524.7,17.1,4.2,42,129,13.59,56,North,XL,905.34,56111.94
P10450,Jacket,Linen,Winter,1165.93,13.3,3.3,190,123,12.69,26,South,XL,628.11,124335.94
P10451,Jacket,Denim,Autumn,1519.58,49.2,2.6,193,116,8.24,39,,XL,-149.4,89545.81
P10452,Jacket,Linen,Summer,2182.43,45.6,4.6,412,115,3.45,34,Central,XL,604.25,136532.82
P10453,Jacket,Polyester,Spring,1739.68,1.4,3.3,96,120,5.02,31,South,M,371.36,205838.94
P10454,Dress,Cotton,Spring,1686.28,38.5,2.7,78,118,9.97,48,Central,XL,720.36,122373.34
P10455,Jeans,Denim,Autumn,823.64,5.5,2.7,389,130,19.47,58,West,S,374.58,101184.17
P10456,Jacket,Denim,Winter,805.84,1.4,3.1,35,112,6.14,24,Central,S,362.72,88990.52
P10457,Hoodie,Linen,Summer,1693.5,13.7,2.9,422,143,4.63,52,North,M,982.17,208993.14
P10458,Jeans,Polyester,Summer,681.54,13.5,4.4,417,139,5.19,51,Central,XL,798.92,81944.96
P10459,Jeans,Polyester,Winter,1180.87,41.0,3.3,15,126,14.45,20,South,XL,897.83,87785.88
P10460,Shirt,,Spring,1800.55,35.5,4.5,265,87,18.38,19,West,L,578.82,101037.86
P10461,Dress,Polyester,Summer,910.61,49.1,2.9,191,115,2.43,44,South,XL,606.03,53302.56
P10462,Jacket,Rayon,Autumn,2463.21,35.6,3.7,304,120,15.24,19,Central,M,558.52,190356.87
P10463,T-Shirt,Wool,Spring,2234.36,20.9,4.2,269,130,10.4,58,Central,M,597.93,229759.24
P10464,Trousers,Rayon,Autumn,557.15,34.9,4.1,393,99,16.68,22,North,L,611.78,35907.76
P10465,Sweater,Cotton,Spring,940.58,50.0,4.0,323,141,9.01,38,West,S,451.72,66310.89
P10466,Hoodie,Denim,Winter,128.53,35.5,4.8,313,125,1.1,24,Central,M,536.61,10362.73
P10467,T-Shirt,Cotton,Autumn,1030.45,38.1,3.1,325,120,13.97,42,North,XL,808.46,76541.83
P10468,tshirt,Denim,Autumn,1959.83,46.9,3.7,243,138,16.35,18,North,XL,449.93,143612.42
P10469,Trousers,Wool,Winter,1251.66,5.7,4.7,291,128,18.14,26,South,S,848.1,151080.37
P10470,Dress,,Autumn,1776.48,35.2,2.7,216,134,11.81,19,West,L,279.03,154255.31
P10471,Hoodie,Rayon,Spring,586.6,42.5,2.6,86,125,3.32,20,East,M,841.08,42161.88
P10472,Jeans,Linen,Summer,1978.79,47.7,3.1,177,117,8.03,54,North,XL,727.31,121084.14
P10473,Trousers,Rayon,Summer,1166.93,10.5,4.1,351,113,15.9,21,East,S,846.66,118017.47
P10474,Jeans,Wool,Winter,1507.3,25.2,3.1,388,132,10.39,38,South,S,846.91,148824.77
P10475,Hoodie,Cotton,Spring,1444.28,34.0,3.0,470,115,14.29,43,North,S,443.19,109620.85
P10476,T-Shirt,Linen,Autumn,737.07,12.4,3.6,65,109,1.09,54,West,XL,766.88,70378.39
P10477,Hoodie,Polyester,Autumn,808.15,30.0,4.0,304,94,2.39,31,East,S,411.11,53176.27
P10478,T-Shirt,Wool,Summer,2080.68,12.9,3.1,90,120,13.94,27,West,S,626.66,217472.67
P10479,Trousers,Linen,Autumn,1739.4,16.7,3.3,493,126,6.51,43,East,S,1031.62,182563.95
P10480,Trousers,Wool,Summer,2130.03,22.1,4.0,176,121,8.38,27,South,M,455.0,200774.5
P10481,Jacket,Wool,Winter,1694.79,26.5,4.9,185,133,13.2,54,North,XL,733.04,165674.2
P10482,Dress,Polyester,Autumn,1585.79,22.5,4.2,290,112,3.13,35,North,M,507.0,137646.57
P10483,Jacket,Denim,Spring,464.39,24.7,4.5,427,107,16.82,44,South,L,841.68,37416.37
P10484,Dress,Linen,Autumn,1337.78,14.9,3.4,392,126,3.74,34,Central,S,1026.89,143444.8
P10485,Jacket,Polyester,Summer,1483.57,7.9,3.2,158,142,14.93,27,East,XL,609.57,194024.25
P10486,Jeans,Wool,Winter,,2.4,3.6,265,115,6.56,28,East,L,814.81,299889.57
P10487,Trousers,Polyester,Summer,1912.17,9.8,4.5,290,123,5.94,41,Central,M,683.3,212147.61
P10488,T-Shirt,Denim,Autumn,2421.64,29.1,3.6,354,122,16.6,36,South,L,457.41,209467.02
P10489,Dress,Rayon,Summer,1858.52,39.3,4.6,287,118,11.49,33,West,M,856.43,133118.35
P10490,Hoodie,Linen,Summer,1073.22,8.5,5.0,288,126,4.9,40,West,XL,895.75,123731.53
P10491,T shirt,Denim,Winter,1570.27,5.4,2.7,418,129,1.05,29,South,M,453.97,191626.33
P10492,T-Shirt,Cotton,Spring,1641.73,37.5,2.6,215,119,19.49,36,West,L,1009.1,122103.67
P10493,Jacket,Linen,Autumn,936.51,15.3,2.9,471,115,9.2,42,South,M,1131.28,91220.76
P10494,Dress,Denim,Winter,1269.37,47.6,3.5,419,118,8.55,20,East,M,482.58,78487.69
P10495,Sweater,Wool,Spring,1376.54,35.7,2.8,497,111,1.96,30,East,L,1163.55,98247.79
P10496,Jeans,Linen,Summer,2463.37,16.3,4.7,39,115,17.99,38,Central,L,751.2,237111.68
P10497,Trousers,Linen,Spring,251.56,14.5,2.6,227,99,3.67,39,South,S,729.27,21293.3
P10498,T-Shirt,Polyester,Summer,2223.49,26.2,3.3,431,133,7.37,46,West,L,1248.95,218244.44
P10499,Trousers,Wool,Summer,937.92,4.0,3.0,479,118,9.0,42,South,M,1001.31,106247.58
P10500,Sweater,Cotton,Winter,676.75,5.9,4.8,240,111,16.39,40,North,XL,562.98,70687.21
P10501,Dress,Rayon,Summer,2207.97,8.8,4.2,368,106,7.83,29,Central,XL,597.62,213448.88
P10502,Dress,Denim,Winter,1939.14,38.7,4.8,171,106,11.1,40,North,S,847.73,126001.44
P10503,Hoodie,Polyester,Spring,2252.71,25.7,4.9,226,112,9.15,22,Central,M,844.58,187461.52
P10504,Sweater,Denim,Spring,1980.42,0.5,3.7,237,106,6.93,46,Central,L,738.46,208874.9
P10505,T-Shirt,Cotton,Summer,25000.0,33.7,3.1,342,114,18.98,22,Central,M,538.94,206785.55
P10506,Hoodie,Cotton,Winter,1835.23,21.2,3.0,230,117,16.14,56,North,L,585.94,169200.87
P10507,Jeans,Linen,Summer,1406.11,25.5,3.1,243,117,4.31,52,Central,L,742.83,122563.58
P10508,Hoodie,Cotton,Winter,1705.76,10.7,4.3,82,98,11.54,52,South,L,274.32,149277.88
P10509,Shirt,Denim,Winter,2246.08,27.6,2.6,408,133,16.13,34,South,S,899.28,216279.54
P10510,T-Shirt,Wool,Winter,1032.37,49.0,2.6,104,118,12.02,47,North,L,827.32,62128.03
P10511,Shirt,Wool,Spring,1108.87,3.7,4.0,437,129,10.38,19,East,M,469.23,137751.59
P10512,Sweater,Linen,Winter,1314.62,14.2,4.1,484,98,2.37,32,East,S,895.46,110538.51
P10513,Jacket,Rayon,Spring,237.25,12.1,4.2,104,107,3.02,40,North,S,235.81,22314.07
P10514,Shirt,Denim,Winter,1582.85,12.4,3.4,403,123,5.66,59,Central,XL,860.66,170548.92
P10515,Jeans,Denim,Spring,368.32,18.9,4.5,252,112,10.75,43,Central,S,1019.38,33455.24
P10516,Hoodie,Cotton,Autumn,1531.84,40.9,3.8,382,121,19.76,28,Central,M,868.3,109543.41
P10517,Jacket,Denim,Spring,2019.17,45.6,2.8,302,140,16.24,41,North,XL,930.79,153779.99
P10518,Hoodie,Polyester,Spring,1213.87,10.1,4.5,272,110,3.09,26,Central,L,949.83,120039.6
P10519,Shirt,Rayon,Summer,2506.27,27.1,4.9,133,118,14.63,31,South,XL,868.66,215594.36
P10520,Hoodie,,Winter,623.7,31.8,2.7,297,139,16.4,41,Central,S,734.05,59125.51
P10521,Sweater,Polyester,Autumn,2214.76,26.1,3.5,276,126,8.87,24,North,L,654.21,206225.16
P10522,Jacket,Linen,Summer,1905.08,21.7,3.7,441,107,7.27,27,Central,L,1093.77,159609.51
P10523,Sweater,Wool,Winter,470.38,9.6,2.9,118,117,12.11,50,South,M,932.11,49751.15
P10524,Shirt,Linen,Autumn,3126.48,24.4,4.7,357,120,10.86,50,North,S,1105.6,283634.27
P10525,Sweater,Wool,Autumn,1461.75,20.1,3.2,461,104,6.04,44,East,M,1047.37,121465.58
P10526,Jeans,Linen,Autumn,,39.8,4.5,57,117,8.55,25,North,S,398.59,68568.2
P10527,Shirt,Denim,Winter,655.75,38.2,4.2,310,104,11.34,31,,S,550.2,42146.36
P10528,Shirt,Polyester,Autumn,1367.99,6.7,4.0,104,120,12.02,24,East,L,197.45,153160.16
P10529,Shirt,Wool,Autumn,1423.56,4.4,3.0,486,126,11.1,35,East,L,282.82,171476.34
P10530,T-Shirt,Cotton,Summer,1561.59,45.4,3.1,42,102,17.08,43,North,XL,208.4,86968.07
P10531,Hoodie,Polyester,Spring,1321.32,26.8,2.6,127,115,1.6,58,West,S,72.3,111228.72
P10532,T-Shirt,Cotton,Winter,1879.94,42.9,3.1,141,144,7.33,32,East,S,678.61,154576.19
P10533,T-Shirt,Polyester,Spring,1267.42,2.9,3.4,260,119,15.25,50,Central,L,1102.45,146449.11
P10534,Jeans,Polyester,Summer,339.02,26.3,4.6,312,141,13.38,28,West,S,856.52,35229.94
P10535,Jacket,Linen,Spring,1410.38,27.0,3.4,131,131,18.45,36,West,S,958.67,134874.64
P10536,Hoodie,Wool,Autumn,,43.0,4.4,227,98,12.17,59,North,S,766.2,4441.43
P10537,Sweater,Wool,Autumn,1712.26,4.9,3.6,62,125,13.12,35,North,M,793.2,203544.91
P10538,Dress,Polyester,Winter,912.42,12.0,4.5,135,135,14.39,39,North,XL,983.08,108395.5
P10539,Shirt,Denim,Winter,1598.02,20.3,4.9,168,140,4.54,53,West,XL,701.03,178307.07
P10540,Sweater,Denim,Winter,,43.3,3.1,168,110,15.31,35,South,S,787.69,142730.0
P10541,Shirt,Cotton,Summer,930.75,46.9,4.7,292,131,6.7,35,North,S,627.91,64743.9
P10542,Jeans,Cotton,Winter,2136.75,49.6,4.1,98,114,9.07,39,South,L,384.57,122769.11
P10543,Shirt,Linen,Summer,1239.97,48.0,4.5,185,112,1.27,42,East,XL,711.48,72215.85
P10544,T-Shirt,Polyester,Autumn,2551.92,0.3,4.1,301,132,17.03,48,Central,XL,397.3,335842.88
P10545,Hoodie,Cotton,Spring,1280.91,2.4,3.6,442,124,19.12,26,Central,L,1014.1,155020.85
P10546,Dress,Cotton,Autumn,995.7,7.4,3.1,168,123,2.14,55,South,XL,896.65,113408.24
P10547,Trousers,Rayon,Autumn,1912.34,17.4,2.7,258,104,13.07,36,West,M,1196.93,164277.66
P10548,Shirt,Polyester,Autumn,1238.53,41.5,3.8,366,134,19.25,42,Central,L,514.91,97088.37
P10549,Sweater,Linen,Winter,995.13,44.6,,131,121,12.53,32,South,S,338.15,66707.54
P10550,T-Shirt,Cotton,Winter,1213.3,9.3,4.3,246,106,16.16,22,North,M,292.09,116649.09
P10551,Trousers,Linen,Winter,1473.24,31.0,3.3,437,111,3.24,28,South,XL,1222.47,112835.45
P10552,Dress,Wool,Spring,2305.31,45.9,4.6,134,130,5.65,30,East,S,630.97,162132.45
P10553,Trousers,Linen,Winter,339.55,23.2,4.4,324,124,7.57,51,South,XL,300.12,32336.03
P10554,T-Shirt,Denim,Summer,1513.85,5.2,3.2,288,110,19.64,25,North,XL,891.1,157864.28
P10555,Hoodie,Denim,Autumn,1874.94,22.9,2.5,364,115,15.85,42,South,S,649.79,166241.56
P10556,Hoodie,Linen,Spring,1616.07,18.8,2.8,333,122,17.83,44,North,S,466.22,160094.36
P10557,Jacket,Denim,Spring,2285.92,28.9,4.7,101,119,10.25,28,North,M,1196.09,193409.41
P10558,Hoodie,Wool,Spring,1455.39,21.9,4.6,435,124,14.62,35,East,XL,707.59,140945.79
P10559,Jacket,Polyester,Spring,1389.27,0.9,3.2,114,128,14.9,27,East,L,920.13,176226.12
P10560,Trousers,Denim,Spring,1855.4,49.7,3.2,51,115,11.81,50,Central,L,879.92,107325.61
P10561,Jeans,Denim,Summer,1559.59,27.2,4.5,406,119,17.68,53,North,L,1564.94,135110.4
P10562,Sweater,Linen,Autumn,1265.75,23.7,4.8,138,135,4.01,34,North,XL,689.6,130378.58
P10563,Sweater,Wool,Spring,1809.69,47.7,4.4,469,143,2.09,22,North,XL,450.33,135344.91
P10564,Trousers,Polyester,Autumn,1108.48,7.8,4.0,62,129,6.78,40,Central,S,546.2,131840.39
P10565,Shirt,Linen,Winter,1133.29,9.5,3.1,177,121,2.68,20,West,M,1046.94,124100.92
P10566,Shirt,Linen,Spring,1183.2,40.4,3.8,99,125,2.15,56,East,XL,825.17,88148.4
P10567,Hoodie,Rayon,Spring,2311.84,13.0,3.1,256,111,8.96,54,East,L,608.88,223254.39
P10568,Sweater,Wool,Autumn,-432.61,40.0,4.5,183,124,4.81,27,North,XL,852.9,-32186.18
P10569,Sweater,Polyester,Spring,1737.36,13.6,3.5,381,125,16.01,44,Central,M,1148.53,187634.88
P10570,Jacket,Wool,Spring,1520.56,1.7,4.6,96,109,12.02,24,North,XL,1247.79,162923.44
P10571,Jeans,Polyester,Spring,491.48,25.9,3.5,378,123,7.85,46,East,M,860.71,44794.96
P10572,T-Shirt,Wool,Summer,1685.84,9.8,4.6,159,124,6.44,56,Central,S,1090.56,188557.83
P10573,Shirt,Linen,Summer,1785.45,37.9,3.3,258,116,11.7,23,South,M,323.3,128616.68
P10574,Sweater,Linen,Spring,,32.1,3.6,124,116,9.25,26,East,L,936.64,146011.13
P10575,Jacket,Cotton,Summer,-91.1,46.2,4.0,189,127,2.06,25,South,XL,695.84,-6224.5
P10576,Dress,Denim,Winter,2319.83,39.1,2.7,129,109,13.64,31,West,XL,405.38,153992.64
P10577,T shirt,Rayon,Spring,1057.36,9.0,4.9,37,121,10.5,55,South,L,470.38,116425.91
P10578,Shirt,Wool,Winter,1911.94,40.0,3.9,318,118,6.26,26,Central,M,505.12,135365.35
P10579,Shirt,Rayon,Autumn,1944.64,32.1,3.8,126,107,6.52,28,South,XL,837.98,141283.93
P10580,Jacket,Cotton,Winter,973.98,33.4,4.6,200,131,9.6,28,West,XL,417.85,84975.86
P10581,T-Shirt,Denim,Autumn,1896.28,41.6,4.7,154,128,16.72,57,East,M,962.56,141750.72
P10582,Trousers,Wool,Spring,1268.7,28.7,3.8,329,97,9.04,52,West,M,1039.17,87744.56
P10583,Shirt,Polyester,Autumn,257.17,23.3,4.8,271,115,16.95,28,Central,M,714.24,22683.68
P10584,Jacket,Denim,Autumn,2200.65,31.8,2.7,151,114,9.07,53,South,XL,688.05,171096.14
P10585,Sweater,Linen,Winter,1034.97,14.9,2.8,123,125,16.77,20,South,L,796.9,110094.93
P10586,Jacket,Cotton,Winter,987.3,9.1,4.0,393,103,18.7,36,Central,L,601.94,92437.94
P10587,Jeans,Denim,Winter,1258.16,30.8,3.4,282,98,1.39,25,North,S,1188.33,85323.38
P10588,Trousers,Denim,Spring,1663.34,11.7,3.7,47,114,2.18,45,Central,M,122.85,167435.13
P10589,Dress,Linen,Spring,1465.64,4.0,3.3,206,121,3.55,18,Central,L,633.9,170248.74
P10590,T-Shirt,Wool,Winter,1828.84,0.0,3.5,22,126,3.32,57,West,M,280.53,230433.84
P10591,Hoodie,Polyester,Spring,696.31,30.4,4.6,121,119,9.64,47,West,XL,922.83,57671.18
P10592,Dress,Linen,Spring,1054.57,18.1,4.0,446,126,15.52,58,Central,L,814.09,108825.3
P10593,Trousers,Polyester,Autumn,1430.4,37.6,5.0,146,122,19.27,55,East,XL,976.06,108893.49
P10594,Trousers,Wool,Autumn,2638.73,18.8,4.5,181,106,8.94,28,South,S,797.95,227120.77
P10595,Trousers,Denim,Winter,1431.71,24.3,3.2,136,135,14.08,46,Central,L,867.58,146313.6
P10596,Dress,Polyester,Spring,2151.13,20.4,3.2,371,122,13.07,48,North,L,488.0,208900.54
P10597,Sweater,Cotton,Autumn,1523.13,32.5,3.3,419,137,8.47,27,South,S,794.42,140851.45
P10598,Trousers,Cotton,Summer,1209.8,17.8,4.6,342,106,14.7,52,East,M,515.35,105412.29
P10599,Jacket,Linen,Spring,1351.97,48.2,2.6,28,116,12.25,57,,L,933.66,81237.17
P10600,Dress,Wool,Summer,1398.95,46.8,3.1,441,126,15.44,46,East,S,465.66,93774.42
P10601,Hoodie,Linen,Winter,1862.19,42.4,4.8,474,122,4.68,54,South,XL,595.31,130859.82
P10602,Trousers,Linen,Spring,2324.77,46.0,4.1,217,126,7.85,19,North,S,724.75,158177.35
P10603,Jacket,Rayon,Winter,1715.81,22.5,3.1,167,129,13.75,18,South,XL,1209.61,171538.1
P10604,Sweater,Linen,Winter,2212.25,26.8,,169,131,3.37,49,South,S,759.47,212137.08
P10605,Jeans,Rayon,Winter,921.13,37.1,4.7,343,133,15.64,41,Central,L,1356.43,77058.97
P10606,Sweater,Cotton,Winter,1251.22,34.8,4.7,249,112,3.54,19,South,M,1164.72,91369.09
P10607,Hoodie,Cotton,Winter,1065.42,44.5,3.1,385,134,7.16,20,Central,L,658.9,79235.29
P10608,Trousers,Linen,Spring,1688.67,35.8,3.6,88,101,5.51,26,Central,L,871.08,109496.74
P10609,Hoodie,Cotton,Summer,1284.62,49.9,4.6,341,115,2.16,41,East,XL,916.39,74013.38
P10610,Dress,Wool,Spring,1937.86,17.4,4.4,366,121,6.14,29,North,L,-133.59,193681.36
P10611,Shirt,Rayon,Spring,941.4,41.6,4.5,340,108,18.32,51,Central,S,235.45,59375.98
P10612,Trousers,Rayon,Spring,1525.82,34.9,3.8,206,128,1.51,51,West,M,884.68,127143.53
P10613,Shirt,Linen,Autumn,1912.11,34.6,4.8,129,116,1.32,40,East,L,903.6,145060.31
P10614,Jacket,Cotton,Autumn,260.82,16.3,3.3,257,128,14.38,36,,M,795.52,27943.21
P10615,Jeans,Polyester,Spring,2772.98,39.3,2.9,148,120,7.97,49,Central,XL,415.81,201983.86
P10616,T-Shirt,Rayon,Summer,1330.11,45.0,4.3,235,114,5.37,45,East,L,1473.57,83397.9
P10617,Hoodie,Linen,Spring,284.98,10.9,3.8,92,115,10.67,43,South,M,920.1,29200.48
P10618,Sweater,Linen,Winter,1594.86,31.3,4.6,419,118,6.07,29,Central,S,1055.84,129288.92
P10619,Jeans,Wool,Autumn,1520.07,19.6,2.7,35,137,8.45,48,North,M,1029.89,167432.67
P10620,Trousers,Denim,Autumn,1450.86,49.5,4.6,137,135,14.59,28,Central,S,794.24,98912.38
P10621,Shirt,Denim,Spring,2094.71,23.9,3.2,410,135,3.22,57,East,S,775.45,215200.03
P10622,Sweater,Rayon,Spring,1948.47,11.4,4.1,232,122,19.23,21,,XL,1021.01,210614.02
P10623,Shirt,Wool,Summer,1678.73,19.1,2.6,348,118,1.81,35,East,M,593.03,160254.92
P10624,Dress,Wool,Summer,1770.09,32.7,4.0,53,124,16.32,46,East,L,1041.9,147717.55
P10625,Shirt,Wool,Winter,1437.38,3.8,4.3,93,127,14.77,56,North,L,802.79,175610.46
P10626,Dress,Rayon,Spring,2565.29,30.2,3.4,416,111,6.36,48,South,L,927.52,198753.54
P10627,Jacket,Denim,Spring,612.48,46.6,3.0,34,116,3.25,45,,L,803.48,37939.46
P10628,Sweater,Wool,Spring,1583.79,42.5,3.8,229,117,17.2,44,North,M,483.93,106549.47
P10629,T shirt,Cotton,Autumn,1539.01,3.4,4.6,302,124,13.91,47,Central,XL,699.56,184348.77
P10630,T-Shirt,Linen,Winter,1987.97,49.7,3.3,213,111,6.53,59,West,L,1116.34,110994.33
P10631,Trousers,Linen,Summer,993.69,34.9,3.1,377,109,1.32,28,East,L,943.27,70511.25
P10632,Dress,Polyester,Autumn,453.8,8.1,3.2,202,118,18.83,31,North,S,1081.5,49210.98
P10633,T-Shirt,Polyester,Autumn,1594.09,0.6,4.9,11,143,8.68,21,North,M,1032.07,226587.14
P10634,Shirt,Rayon,Autumn,1668.74,8.6,3.4,211,115,4.35,53,South,S,579.14,175401.26
P10635,Shirt,Rayon,Autumn,2393.76,41.9,2.5,363,106,18.32,18,South,S,282.22,147422.1
P10636,T-Shirt,Linen,Winter,737.78,1.1,4.5,41,113,7.82,56,West,XL,1004.18,82452.08
P10637,Sweater,Cotton,Spring,2192.82,11.7,4.2,98,116,9.8,54,East,L,699.02,224606.17
P10638,Shirt,Denim,Summer,2920.45,37.9,2.8,211,107,14.27,50,North,L,957.14,194055.14
P10639,Hoodie,Denim,Summer,1273.34,29.3,5.0,448,122,16.57,38,Central,M,1170.12,109830.67
P10640,Jacket,Rayon,Autumn,725.43,39.1,4.0,187,117,2.9,41,South,S,643.75,51689.06
P10641,Jacket,Cotton,Autumn,1255.82,37.3,3.8,202,157,18.07,57,North,L,521.31,123621.66
P10642,Hoodie,Rayon,Winter,1508.4,2.5,3.5,169,119,18.72,30,Central,XL,443.61,175012.11
P10643,T-Shirt,Denim,Autumn,1838.27,44.6,4.7,302,137,5.93,51,North,S,743.45,139521.02
P10644,Hoodie,Rayon,Summer,1145.16,11.4,3.1,213,113,10.45,55,West,XL,326.36,114651.13
P10645,Dress,Wool,Summer,2433.12,27.7,3.2,250,115,17.3,46,West,XL,855.75,202301.76
P10646,Dress,Rayon,Spring,831.28,32.2,2.8,124,110,10.26,53,Central,XL,870.0,61996.86
P10647,T-Shirt,Linen,Spring,456.48,8.4,4.4,219,140,10.16,57,South,L,868.38,58539.0
P10648,Hoodie,Rayon,Summer,2164.03,48.8,4.0,231,126,12.75,22,West,XL,243.03,139605.9
P10649,Dress,Linen,Summer,135.23,24.4,4.0,406,105,15.58,37,South,XL,1107.03,10734.56
P10650,Sweater,Cotton,Winter,1377.52,2.9,3.0,191,106,13.65,46,Central,L,788.26,141782.62
P10651,Hoodie,Denim,Winter,3370.61,46.9,4.1,268,122,12.9,28,Central,L,614.91,218354.86
P10652,Sweater,Polyester,Summer,1492.77,29.3,4.4,478,133,8.06,25,North,L,944.87,140366.66
P10653,Dress,Polyester,Autumn,827.54,35.0,,435,118,12.97,45,Central,M,940.97,63472.32
P10654,Jacket,Denim,Spring,1465.56,26.3,4.5,471,128,2.96,58,North,S,406.3,138255.07
P10655,Dress,Polyester,Summer,1469.52,41.7,3.4,49,115,8.78,35,South,S,735.16,98523.97
P10656,Sweater,Rayon,Autumn,1596.39,1.7,4.4,339,98,4.58,47,North,M,570.08,153786.63
P10657,Jeans,Cotton,Summer,1897.36,13.4,2.6,331,99,11.21,31,South,M,624.28,162668.26
P10658,Trousers,Cotton,Spring,876.53,23.5,3.9,69,123,5.98,26,West,M,906.96,82477.09
P10659,Shirt,Denim,Spring,,3.8,4.9,494,121,10.61,27,,L,488.81,292463.52
P10660,Hoodie,Polyester,Winter,1647.07,35.3,5.0,20,124,15.77,42,East,XL,916.54,132141.13
P10661,Jeans,Rayon,Winter,1936.08,19.7,3.2,129,111,9.25,44,North,L,472.5,172568.62
P10662,Dress,Cotton,Winter,1123.11,13.6,3.6,394,97,5.16,19,West,XL,1112.2,94125.6
P10663,Jacket,Cotton,Winter,2271.83,0.2,2.7,419,121,5.24,20,,S,554.4,274341.65
P10664,T-Shirt,Wool,Spring,1345.77,36.0,4.7,51,133,18.22,46,Central,XL,1438.5,114551.94
P10665,Dress,Wool,Autumn,1666.53,41.7,3.9,199,115,15.84,54,North,M,994.12,111732.5
P10666,Jacket,Cotton,Autumn,940.14,19.8,3.5,132,118,1.69,44,South,S,692.38,88971.09
P10667,Trousers,Denim,Autumn,901.84,28.2,2.8,198,112,18.91,21,West,XL,464.72,72522.37
P10668,Dress,Linen,Summer,1912.92,11.4,4.9,261,136,3.14,52,Central,M,906.21,230499.21
P10669,Sweater,Linen,Winter,1233.84,31.1,3.8,470,108,13.41,44,North,XL,1054.29,91812.5
P10670,T-Shirt,Rayon,Winter,987.71,0.6,3.2,101,123,11.48,36,West,XL,936.66,120759.4
P10671,Jacket,Cotton,Spring,1114.09,24.4,3.4,493,113,1.89,27,Central,XL,576.44,95174.48
P10672,Jacket,Cotton,Spring,1919.37,32.2,3.2,222,131,6.61,43,East,S,1178.05,170474.6
P10673,Jacket,Cotton,Summer,1122.58,45.9,4.0,327,108,15.74,24,Central,XL,837.35,65590.1
P10674,Trousers,Denim,Summer,1429.41,19.1,4.8,211,99,6.83,44,North,M,554.85,114482.88
P10675,Dress,Wool,Autumn,1509.02,38.3,4.6,277,107,10.13,47,East,XL,1414.76,99623.99
P10676,Trousers,Cotton,Spring,349.59,29.9,3.7,164,135,14.26,29,South,M,945.8,33083.45
P10677,Hoodie,Cotton,Winter,617.32,46.4,4.6,204,114,2.36,57,East,L,872.37,37720.72
P10678,Shirt,Polyester,Autumn,1701.77,19.9,3.6,37,110,16.82,22,East,S,604.96,149942.95
P10679,Shirt,Denim,Winter,1057.78,16.0,3.1,203,123,1.79,30,East,L,739.38,109289.83
P10680,Hoodie,Rayon,Autumn,2134.03,44.4,5.0,421,135,5.99,58,Central,L,505.94,160180.29
P10681,Dress,Cotton,Winter,2080.08,2.5,3.3,232,128,15.5,21,East,S,805.54,259593.98
P10682,Sweater,Polyester,Summer,1931.5,6.8,3.3,116,126,18.33,19,East,L,914.44,226819.91
P10683,Trousers,Linen,Autumn,2591.86,4.1,5.0,158,109,15.45,54,South,M,170.36,270929.72
P10684,T-Shirt,Rayon,Winter,1450.15,42.2,2.8,144,143,5.31,51,East,M,363.21,119860.7
P10685,Jacket,Cotton,Winter,,0.5,4.4,104,130,19.73,23,Central,M,476.81,244384.84
P10686,Jacket,Cotton,Spring,1149.36,43.1,4.8,279,119,8.85,43,West,M,298.56,77824.31
P10687,Dress,Polyester,Autumn,2971.42,22.6,3.8,432,136,8.15,28,West,L,502.05,312783.55
P10688,Sweater,Denim,Winter,2690.18,0.2,2.5,383,130,17.44,59,Central,S,1192.16,349023.95
P10689,Shirt,Cotton,Spring,1507.13,20.1,3.4,135,108,2.26,18,Central,L,1092.45,130053.26
P10690,Shirt,Linen,Winter,1731.95,9.3,2.8,368,112,11.57,51,East,S,563.87,175938.41
P10691,Jacket,Cotton,Autumn,2315.58,31.2,3.5,338,109,19.35,38,Central,S,915.87,173649.98
P10692,Dress,Linen,Summer,1411.72,34.0,4.5,480,122,2.9,27,East,L,404.87,113671.69
P10693,Trousers,Rayon,Autumn,1106.03,24.4,3.6,327,117,11.28,22,North,L,1336.87,97830.57
P10694,Shirt,Rayon,Autumn,2024.39,2.0,3.6,21,109,3.52,43,South,M,690.97,216245.34
P10695,Trousers,Wool,Winter,1547.06,32.8,3.9,486,110,17.91,36,South,S,143.02,114358.68
P10696,Sweater,Wool,Winter,1609.8,42.1,4.0,303,120,12.17,38,South,S,1419.77,111848.9
P10697,Shirt,Linen,Autumn,999.44,36.0,4.6,451,105,5.46,51,North,XL,660.11,67162.37
P10698,Shirt,Denim,Spring,469.4,41.5,3.3,449,125,6.83,46,South,S,1360.19,34324.88
P10699,Jeans,Cotton,Spring,1641.69,10.0,4.6,304,109,10.82,55,East,M,1025.26,161049.79
P10700,Shirt,Cotton,Spring,2042.98,44.4,3.9,351,123,14.78,32,West,S,838.7,139715.32
P10701,Hoodie,Wool,Winter,1364.52,16.1,3.3,13,135,10.26,57,South,XL,199.21,154552.36
P10702,T-Shirt,Linen,Winter,2361.86,0.7,3.2,313,131,4.6,33,South,XL,782.66,307237.83
P10703,Hoodie,Cotton,Autumn,1077.65,42.2,3.4,400,126,14.45,35,East,S,281.99,78483.09
P10704,Dress,,Summer,867.18,47.1,4.1,325,112,3.25,18,East,M,650.49,51378.68
P10705,Dress,Denim,Winter,1459.66,32.8,3.1,177,130,16.38,28,South,XL,798.6,127515.9
P10706,Trousers,Polyester,Autumn,1450.44,11.6,4.8,17,130,8.52,53,Central,XL,1148.7,166684.56
P10707,Hoodie,Wool,Autumn,1961.98,12.6,3.9,133,133,13.4,49,North,XL,569.04,228064.48
P10708,Hoodie,Wool,Summer,,23.3,4.8,381,101,7.55,45,West,L,1396.09,80179.89
P10709,Hoodie,Polyester,Spring,2320.86,44.9,2.6,323,124,13.71,23,West,M,289.19,158570.44
P10710,Sweater,Cotton,Autumn,2680.15,7.5,3.4,194,124,17.89,24,North,M,505.57,307413.21
P10711,Shirt,Denim,Autumn,1476.51,41.3,2.6,44,125,14.33,57,South,L,803.52,108338.92
P10712,T-Shirt,Denim,Autumn,2249.83,14.6,3.2,82,112,13.76,41,South,S,52.16,215191.74
P10713,Trousers,Wool,Spring,866.1,40.4,4.7,380,123,15.39,27,South,XL,395.98,63492.06
P10714,Hoodie,Denim,Spring,2145.13,46.0,2.6,22,121,10.5,47,South,XL,889.91,140162.79
P10715,Hoodie,Rayon,Summer,2128.37,21.4,3.6,48,109,5.19,34,South,L,1029.74,182345.97
P10716,Jeans,Polyester,Winter,2018.06,18.3,2.8,93,105,16.49,25,West,S,457.48,173119.28
P10717,Trousers,Cotton,Spring,1490.66,40.1,3.5,30,114,13.32,29,South,M,591.43,101791.21
P10718,Hoodie,Rayon,Winter,-272.55,26.5,4.6,262,111,6.96,43,East,S,901.34,-22235.99
P10719,Trousers,Polyester,Winter,1114.96,34.2,4.1,312,134,6.24,34,Central,M,230.6,98308.25
P10720,Shirt,Linen,Spring,1124.45,31.1,4.3,476,115,10.5,52,South,XL,695.51,89095.8
P10721,Jeans,Wool,Autumn,913.05,7.6,3.4,267,103,4.94,22,East,S,679.41,86896.79
P10722,Trousers,Denim,Summer,1573.35,42.2,4.9,309,133,17.69,28,West,M,1279.44,120949.71
P10723,T-Shirt,Linen,Winter,1248.62,9.8,4.3,497,123,15.98,33,East,S,910.51,138529.39
P10724,T-Shirt,Denim,Autumn,1005.23,46.6,3.6,39,134,6.86,59,North,S,755.64,71930.24
P10725,Dress,Rayon,Spring,864.72,12.5,3.6,480,158,1.94,47,North,S,980.42,119547.54
P10726,Jeans,Cotton,Winter,1070.69,36.7,4.8,137,143,1.99,57,East,L,816.19,96917.79
P10727,Jeans,Cotton,Winter,2172.9,14.2,3.9,320,136,6.65,23,South,M,470.28,253551.36
P10728,Dress,Cotton,Winter,1103.38,15.9,4.3,49,115,3.8,37,South,M,965.71,106713.4
P10729,Trousers,Denim,Autumn,1191.04,15.5,3.5,470,126,17.59,37,South,XL,1007.6,126810.03
P10730,Jeans,Linen,Autumn,1225.98,37.4,3.1,106,129,8.99,41,East,M,654.0,99002.79
P10731,T-Shirt,Cotton,Autumn,1703.4,27.8,4.3,233,111,7.61,44,,XL,809.94,136513.88
P10732,T-Shirt,Linen,Winter,1773.75,44.1,4.0,101,118,5.14,20,North,L,1335.84,117000.1
P10733,Hoodie,Denim,Winter,-326.79,15.4,3.8,289,107,16.98,41,West,XL,812.36,-29581.68
P10734,Shirt,Rayon,Summer,2112.98,34.6,4.1,179,120,16.06,27,North,XL,688.52,165826.67
P10735,Jeans,Linen,Summer,2361.82,37.6,3.0,293,117,8.3,42,North,L,448.4,172431.75
P10736,Trousers,Rayon,Autumn,869.89,7.6,4.5,231,128,4.22,45,Central,L,480.24,102883.63
P10737,Dress,Denim,Autumn,916.62,20.0,4.9,126,149,19.09,35,North,L,778.74,109261.1
P10738,Dress,Denim,Spring,1229.85,24.1,4.7,257,121,7.0,59,East,S,561.8,112948.19
P10739,Trousers,Wool,Autumn,1046.4,17.8,3.3,370,116,15.65,31,South,M,929.5,99776.33
P10740,Sweater,Denim,Summer,1634.36,16.1,3.5,358,126,9.8,18,East,S,623.65,172774.73
P10741,Jacket,Denim,Summer,332.08,34.3,4.5,363,117,15.85,37,South,XL,1610.65,25526.66
P10742,Shirt,Polyester,Summer,829.24,10.8,4.0,444,158,10.15,42,South,L,819.6,116869.77
P10743,Dress,Cotton,Winter,2423.52,35.5,3.9,415,118,18.59,29,West,L,276.15,184454.11
P10744,Jeans,Wool,Winter,943.07,46.8,4.8,98,131,16.21,56,North,S,806.8,65724.43
P10745,Shirt,Wool,Autumn,2246.06,28.3,3.8,87,116,5.95,26,West,XL,638.94,186809.3
P10746,Jeans,Wool,Spring,1713.2,30.6,3.8,467,112,9.18,26,South,M,965.19,133163.61
P10747,Sweater,Polyester,Spring,414.44,3.4,2.6,83,113,2.91,59,Central,XL,751.56,45239.44
P10748,T-Shirt,Rayon,Spring,1881.2,43.2,2.7,401,118,18.17,58,Central,L,874.42,126085.55
P10749,Shirt,Denim,Winter,1429.4,14.3,2.5,23,122,2.32,42,West,XL,1563.86,149449.49
P10750,Hoodie,Cotton,Summer,1226.72,30.8,4.8,54,119,1.35,47,West,S,686.32,101017.94
P10751,Dress,Linen,Summer,1646.97,49.0,3.5,47,106,10.43,57,North,XL,970.86,89035.2
P10752,Shirt,Rayon,Winter,1784.78,29.8,3.7,425,125,12.46,45,West,S,1082.14,156614.44
P10753,Shirt,Denim,Spring,1924.56,36.2,4.6,254,119,5.24,19,West,XL,843.62,146116.44
P10754,Shirt,Polyester,Spring,2206.95,22.3,4.0,71,110,11.84,42,East,XL,266.49,188628.02
P10755,Jacket,Denim,Autumn,1744.88,3.0,4.0,105,134,18.02,35,West,S,983.35,226799.5
P10756,Shirt,Denim,Autumn,674.62,39.9,3.2,332,121,12.9,41,West,S,152.86,49059.04
P10757,Jeans,Polyester,Spring,,1.7,4.6,261,119,9.66,35,East,M,1262.35,142221.81
P10758,T-Shirt,Wool,Winter,,35.0,2.9,477,128,3.74,44,South,M,358.71,271717.06
P10759,Sweater,Wool,Spring,1934.69,1.1,2.6,70,121,4.21,52,South,XL,1338.74,231522.42
P10760,Trousers,Cotton,Autumn,2921.57,43.1,3.0,278,104,10.2,51,East,L,775.14,172886.83
P10761,Shirt,Cotton,Spring,2337.26,7.9,3.2,128,117,9.8,55,North,L,1012.25,251856.13
P10762,Dress,Wool,Winter,1645.08,25.7,3.2,96,131,10.93,23,West,M,903.36,160120.57
P10763,Shirt,Rayon,Summer,1680.84,29.9,4.2,92,110,10.65,33,North,M,1041.61,129609.57
P10764,Dress,Linen,Winter,1478.05,22.9,3.0,89,135,7.48,40,Central,XL,158.67,153842.83
P10765,Jeans,Denim,Winter,457.32,17.0,4.2,237,114,14.22,45,North,S,557.1,43271.62
P10766,Dress,Linen,Autumn,1510.83,23.4,2.7,492,113,5.03,30,West,S,872.13,130774.42
P10767,Hoodie,Denim,Winter,2226.4,15.6,2.9,312,131,17.19,29,South,S,765.65,246159.69
P10768,Trousers,Wool,Winter,1140.22,21.9,3.8,120,126,4.69,28,West,L,629.55,112204.49
P10769,T-Shirt,Cotton,Autumn,1747.17,17.9,4.8,379,115,8.9,39,West,L,807.58,164959.06
P10770,T-SHIRT,Rayon,Autumn,2010.95,28.3,4.6,319,134,5.0,48,West,L,683.82,193208.05
P10771,Dress,Cotton,Summer,954.19,11.9,4.9,80,117,12.75,44,North,L,1412.54,98355.04
P10772,T shirt,Linen,Spring,1229.22,49.4,4.1,445,1103,10.08,44,South,S,1152.84,82102.06
P10773,Trousers,Cotton,Winter,889.25,25.0,4.2,494,126,8.11,57,South,XL,1195.32,84034.12
P10774,Shirt,Wool,Autumn,1006.7,9.7,4.1,337,131,10.03,43,North,XL,1292.2,119085.56
P10775,Dress,Rayon,Summer,727.44,23.9,4.1,34,114,9.0,24,North,L,897.3,63108.33
P10776,T-Shirt,Linen,Spring,959.73,43.3,2.9,288,114,17.25,28,North,L,469.74,62035.03
P10777,Hoodie,Rayon,Autumn,2351.67,1.1,3.9,211,127,3.36,39,Central,S,666.21,295376.81
P10778,Hoodie,Denim,Spring,950.71,34.0,3.5,423,120,16.07,57,Central,S,855.71,75296.23
P10779,Jeans,Cotton,Spring,1575.88,27.4,3.6,234,132,13.45,36,West,XL,795.61,151019.73
P10780,T-Shirt,Rayon,Winter,1198.28,8.5,3.8,276,136,7.62,55,Central,M,352.24,149113.96
P10781,Jeans,Polyester,Winter,2207.32,40.9,2.8,428,122,18.46,37,North,XL,857.09,159152.19
P10782,Hoodie,Cotton,Autumn,2286.7,18.4,3.4,292,100,4.36,36,North,XL,414.0,186594.72
P10783,Trousers,Denim,Spring,2018.44,14.7,2.7,126,119,6.9,36,North,XL,1332.73,204885.79
P10784,Shirt,Rayon,Autumn,1683.68,41.4,4.9,76,132,8.12,53,South,S,983.87,130236.02
P10785,T-Shirt,Linen,Autumn,1361.36,31.9,2.8,56,112,13.31,44,South,L,692.9,103833.65
P10786,Sweater,Denim,Spring,784.88,44.9,3.1,250,138,18.98,34,Central,S,769.16,59680.71
P10787,Hoodie,Polyester,Autumn,2666.12,31.5,4.7,187,129,12.28,35,East,L,1267.71,235591.69
P10788,Hoodie,Rayon,Spring,1044.2,37.0,3.7,17,148,17.27,37,East,M,301.52,97361.21
P10789,Sweater,Wool,Spring,1898.19,41.8,2.8,192,117,18.19,59,North,M,606.08,129255.35
P10790,Jacket,Cotton,Spring,2135.74,2.7,3.5,86,112,9.86,58,South,M,910.1,232744.4
P10791,Hoodie,Linen,Spring,1166.83,38.8,2.8,435,123,9.98,25,West,L,132.98,87834.3
P10792,Dress,Wool,Summer,2122.81,30.7,3.0,76,106,5.75,57,Central,XL,707.96,155937.38
P10793,Trousers,Rayon,Spring,1958.53,3.5,2.6,157,116,12.43,28,South,L,616.73,219237.85
P10794,T-Shirt,Rayon,Winter,2536.78,25.4,3.6,182,115,3.28,47,North,M,1490.63,217630.36
P10795,Sweater,Denim,Winter,1218.39,4.1,4.5,44,119,13.05,29,North,XL,709.56,139043.89
P10796,Dress,Rayon,Winter,728.48,36.8,4.0,86,108,17.97,40,East,M,440.58,49723.13
P10797,Sweater,Linen,Spring,1196.71,27.3,4.0,413,119,15.45,23,North,L,484.39,103530.97
P10798,T-Shirt,Wool,Winter,1625.31,47.7,3.0,289,122,13.33,52,North,XL,-57.81,103704.53
P10799,Jeans,Linen,Summer,1534.93,9.2,3.4,194,129,16.93,32,West,L,1255.78,179789.42
P10800,T-Shirt,Polyester,Autumn,1263.94,30.3,,64,117,14.87,55,Central,L,782.53,103073.04
P10801,Jacket,Polyester,Spring,354.48,10.6,2.7,402,121,11.06,45,West,L,697.71,38345.52
P10802,T-Shirt,Cotton,Winter,1782.29,30.7,4.6,103,135,10.9,24,East,XL,1032.17,166742.14
P10803,T-Shirt,Cotton,Summer,2683.41,36.1,3.7,482,111,3.03,23,South,M,914.54,190331.59
P10804,Jacket,Polyester,Autumn,1778.55,36.1,4.6,153,112,9.25,44,East,M,754.82,127287.27
P10805,Trousers,Rayon,Summer,1865.48,40.8,3.3,256,131,10.93,19,North,XL,449.45,144671.7
P10806,Hoodie,Linen,Winter,1843.47,42.7,3.3,448,119,9.93,23,Central,S,587.49,125700.69
P10807,T-Shirt,Polyester,Summer,1738.23,3.9,4.4,209,118,15.74,49,North,XL,787.37,197111.81
P10808,Jacket,Cotton,Autumn,2059.0,17.2,4.5,245,120,4.06,46,Central,S,950.73,204582.24
P10809,Dress,Polyester,Winter,1737.22,34.4,3.1,323,126,16.1,51,Central,L,350.35,143591.66
P10810,Jeans,Rayon,Autumn,1312.39,24.9,4.9,329,132,15.09,18,Central,M,724.24,130099.85
P10811,Jeans,Polyester,Summer,1022.41,9.5,2.7,229,132,18.12,32,South,L,1137.91,122137.1
P10812,T-Shirt,Linen,Spring,1350.62,27.6,2.7,341,115,8.1,27,East,S,378.11,112452.62
P10813,Trousers,Wool,Spring,1688.48,20.4,4.0,380,109,4.35,27,South,XL,973.26,146499.28
P10814,Trousers,Rayon,Spring,1310.35,19.5,4.3,225,121,15.41,27,South,L,360.0,127634.64
P10815,Dress,Cotton,Spring,1688.6,40.5,4.9,58,134,12.18,54,South,XL,590.37,134632.08
P10816,T-Shirt,Linen,Autumn,1763.49,20.4,3.5,294,114,14.54,49,West,XL,155.99,160026.14
P10817,Jeans,Polyester,Spring,1999.91,1.3,2.6,472,110,19.94,53,West,S,840.48,217130.23
P10818,Trousers,Polyester,Autumn,2269.68,2.9,4.0,127,113,4.7,42,West,XL,519.04,249036.1
P10819,T-Shirt,Wool,Winter,1546.8,42.8,3.2,91,129,8.81,32,South,S,150.94,114135.28
P10820,Sweater,Cotton,Spring,715.33,48.0,,272,109,4.66,26,North,XL,791.5,40544.9
P10821,Trousers,Cotton,Autumn,1292.94,34.4,3.7,86,128,17.35,33,West,XL,1068.0,108565.59
P10822,Jacket,Denim,Spring,1526.44,18.2,2.7,220,111,1.32,58,West,XL,872.78,138597.7
P10823,Sweater,Cotton,Spring,398.54,46.9,3.7,131,119,3.57,36,South,M,858.0,25183.34
P10824,Hoodie,Wool,Spring,2333.2,33.1,3.6,334,126,5.71,29,East,XL,985.32,196674.76
P10825,Trousers,Denim,Autumn,1585.43,42.2,4.3,99,125,15.66,52,North,L,534.27,114547.32
P10826,Jeans,Denim,Summer,1728.81,38.3,4.1,267,117,12.94,22,,M,782.86,124801.07
P10827,Shirt,Polyester,Spring,2319.32,19.0,3.0,170,94,8.38,55,Central,S,1409.64,176593.02
P10828,Sweater,Polyester,Spring,1121.91,23.9,3.0,185,116,4.02,23,North,XL,794.09,99037.73
P10829,Hoodie,Cotton,Winter,1844.43,9.3,3.1,302,119,7.11,31,South,S,499.31,199074.86
P10830,Dress,Denim,Summer,1434.08,14.6,2.9,98,127,15.12,29,East,L,854.77,155537.45
P10831,Dress,Polyester,Autumn,1389.55,38.9,4.1,136,112,8.26,39,East,L,635.83,95089.69
P10832,Jeans,Wool,Winter,1036.68,44.7,5.0,482,109,9.79,58,Central,L,738.75,62487.96
P10833,Trousers,Polyester,Spring,2499.36,36.2,4.1,368,128,12.56,21,East,L,973.3,204107.74
P10834,T-Shirt,Rayon,Winter,1274.7,23.3,4.0,295,115,18.34,35,Central,XL,588.4,112434.91
P10835,Trousers,Rayon,Winter,1919.68,4.3,3.5,306,105,5.75,48,West,S,-106.78,192899.04
P10836,Jeans,Polyester,Spring,375.0,2.8,3.3,269,108,9.51,52,South,S,698.04,39366.0
P10837,Dress,Denim,Summer,2207.99,18.7,4.8,348,117,6.9,21,East,S,897.78,210026.22
P10838,Trousers,Denim,Summer,2131.33,23.2,4.9,484,119,9.86,26,South,M,1274.38,194786.51
P10839,Dress,Linen,Winter,1558.46,30.5,3.7,253,119,14.23,32,West,M,1071.21,128892.43
P10840,Sweater,Rayon,Spring,1363.83,0.3,3.2,120,133,10.16,59,North,XL,650.08,180845.22
P10841,Hoodie,Wool,Autumn,1740.0,49.5,4.4,432,110,16.86,38,North,M,893.94,96657.0
P10842,T-Shirt,Denim,Winter,2873.27,18.2,2.8,33,112,11.51,49,North,L,676.25,263237.5
P10843,Sweater,Cotton,Autumn,442.06,42.4,4.4,59,128,8.33,26,Central,XL,1015.55,32592.2
P10844,Dress,Rayon,Winter,1969.22,26.7,4.5,46,133,15.86,49,Central,XL,702.43,191977.29
P10845,Dress,Wool,Winter,953.03,6.5,2.8,190,136,9.2,33,North,XL,976.27,121187.29
P10846,Shirt,Wool,Spring,1488.05,39.9,4.9,262,119,10.8,22,West,S,1250.5,106423.85
P10847,Shirt,Denim,Spring,1351.27,35.5,5.0,34,121,19.9,59,Central,M,1514.16,105459.87
P10848,Sweater,Wool,Autumn,1243.01,26.4,4.8,358,127,15.94,48,North,L,302.71,116186.63
P10849,Jacket,Denim,Autumn,1493.72,25.7,3.7,134,126,17.25,42,South,XL,211.72,139839.08
P10850,Sweater,Polyester,Summer,819.5,4.4,3.1,40,141,12.26,18,North,L,469.0,110465.32
P10851,Shirt,Rayon,Spring,2117.51,32.8,4.0,246,121,7.62,20,North,XL,732.96,172178.97
P10852,Dress,Linen,Winter,423.51,45.6,3.5,236,118,19.83,38,South,L,591.69,27185.95
P10853,Jeans,Polyester,Winter,1823.86,4.7,3.0,357,141,5.64,45,Central,S,1124.62,245077.54
P10854,Sweater,Rayon,Summer,1304.08,13.2,3.6,47,116,17.58,20,South,L,512.37,131305.21
P10855,Dress,Denim,Spring,797.45,45.1,4.2,392,109,18.31,59,Central,M,415.97,47720.21
P10856,T-SHIRT,Rayon,Winter,1621.43,14.2,2.7,67,134,16.53,49,West,L,1151.16,186419.05
P10857,Jeans,Denim,Summer,565.83,32.7,3.3,245,110,3.17,49,Central,XL,913.13,41888.39
P10858,Shirt,Polyester,Summer,1523.83,26.7,2.5,190,108,17.23,47,East,XL,839.22,120632.48
P10859,Sweater,Cotton,Winter,646.27,29.8,4.4,123,121,13.61,30,Central,S,415.97,54895.47
P10860,Trousers,Cotton,Winter,1776.76,20.8,4.1,315,113,13.94,51,East,S,1071.65,159012.91
P10861,T-SHIRT,Rayon,Autumn,945.39,15.0,2.7,141,114,15.94,21,Central,XL,681.06,91608.29
P10862,Shirt,Cotton,Spring,1229.4,2.4,4.9,357,110,10.32,35,South,XL,790.62,131988.38
P10863,Shirt,,Autumn,1676.37,37.2,2.6,189,120,6.08,49,Central,L,852.22,126331.24
P10864,Trousers,Wool,Summer,1036.47,37.3,4.0,424,128,11.92,31,North,XL,1165.87,83182.94
P10865,T-Shirt,Denim,Winter,1465.22,33.5,4.4,480,1439,3.06,49,Central,S,883.21,112052.7
P10866,Dress,Wool,Autumn,591.7,32.2,4.5,87,112,13.82,23,South,S,544.49,44931.33
P10867,Jacket,Polyester,Summer,,12.2,2.6,229,124,10.18,34,South,M,748.06,204519.32
P10868,Sweater,Linen,Spring,2558.95,1.1,4.8,151,125,10.54,25,Central,M,953.71,316350.19
P10869,Jacket,Wool,Winter,25000.0,40.4,4.8,394,118,4.53,52,Central,XL,1259.62,223314.61
P10870,Dress,Cotton,Autumn,1554.7,24.6,3.9,52,110,1.78,41,Central,L,628.21,128946.82
P10871,Hoodie,Denim,Spring,1972.92,15.3,3.7,489,118,12.61,20,West,XL,602.11,197185.46
P10872,Shirt,Polyester,Autumn,431.62,5.1,2.6,127,118,13.52,34,East,S,978.71,48333.67
P10873,T-Shirt,Cotton,Summer,2401.64,3.1,3.9,68,112,10.47,53,Central,S,484.97,260645.19
P10874,Shirt,Polyester,Spring,1965.74,17.4,3.5,70,117,15.55,57,Central,S,560.55,189973.05
P10875,Jeans,Linen,Autumn,1209.64,40.2,4.4,50,109,11.71,34,East,XL,757.7,78846.75
P10876,Shirt,Denim,Spring,2242.31,45.9,3.5,283,101,17.12,47,North,XL,881.1,122522.06
P10877,Shirt,Rayon,Summer,1347.31,44.8,4.2,197,132,6.47,42,West,M,1055.63,98170.4
P10878,Dress,Denim,Spring,1225.18,46.0,2.8,462,120,5.62,39,West,S,799.26,79391.66
P10879,Dress,Linen,Autumn,1785.2,45.4,2.8,499,109,5.96,54,North,M,776.25,106244.39
P10880,Dress,Denim,Summer,861.99,26.4,2.8,344,120,1.58,28,East,S,921.81,76130.96
P10881,Jacket,Rayon,Winter,2112.97,11.0,2.6,196,119,18.11,29,East,M,290.17,223784.65
P10882,Jeans,Wool,Autumn,866.41,39.9,3.9,435,118,19.98,38,South,XL,773.8,61444.06
P10883,Hoodie,Polyester,Autumn,869.97,10.7,4.5,473,108,16.51,32,East,L,1233.95,83903.39
P10884,Hoodie,Rayon,Summer,954.19,13.4,4.0,237,116,8.84,29,West,L,984.77,95854.11
P10885,Dress,Cotton,Summer,1955.7,11.7,3.9,173,123,7.72,39,South,S,742.37,212406.62
P10886,T-Shirt,Linen,Winter,1129.93,25.7,4.2,433,120,15.72,56,Central,XL,970.69,100744.56
P10887,Jacket,Wool,Autumn,691.2,16.1,3.3,295,105,10.69,52,Central,S,379.9,60891.26
P10888,Trousers,Cotton,Summer,1136.59,7.7,3.4,111,121,18.85,59,Central,M,880.03,126937.78
P10889,T-Shirt,Cotton,Winter,1480.77,22.7,3.3,480,119,6.31,33,South,XL,739.72,136211.59
P10890,Sweater,Linen,Winter,791.42,43.7,4.3,276,126,7.15,50,West,M,780.98,56141.75
P10891,Sweater,Wool,Summer,808.99,28.5,2.9,133,126,19.98,31,East,M,639.26,72881.91
P10892,T-Shirt,Cotton,Autumn,2766.78,43.9,2.5,162,114,19.59,35,South,S,1171.12,176946.65
P10893,Dress,Cotton,Spring,983.66,9.8,4.0,438,131,17.82,33,West,M,601.71,116231.23
P10894,Trousers,Wool,Spring,1306.17,8.3,4.9,188,138,8.69,57,East,S,430.58,165290.59
P10895,Trousers,Denim,Winter,1279.66,28.8,4.0,436,108,16.91,20,North,M,305.84,98400.74
P10896,Jacket,Cotton,Spring,1247.19,23.2,4.5,75,117,6.38,43,,S,103.83,112067.5
P10897,Trousers,Polyester,Spring,1872.81,33.0,4.2,108,113,5.84,32,North,M,815.56,141790.45
P10898,Sweater,Wool,Summer,2068.89,39.7,3.7,440,122,11.38,53,Central,M,514.88,152199.96
P10899,Jeans,Cotton,Winter,1316.43,37.6,4.3,33,132,17.34,44,Central,M,359.24,108431.71
P10900,Dress,Linen,Autumn,758.11,47.1,4.6,342,112,2.85,34,West,S,670.93,44916.5
P10901,Trousers,Rayon,Winter,2264.66,19.9,3.1,258,132,11.74,31,North,XL,955.03,239447.03
P10902,Jacket,Polyester,Summer,1442.8,10.3,3.3,499,108,12.59,19,South,L,720.33,139772.69
P10903,Sweater,Rayon,Spring,2538.19,27.5,3.1,174,130,12.02,44,East,L,790.17,239224.41
P10904,Jeans,Rayon,Autumn,152.65,5.5,3.6,393,126,5.15,41,Central,S,1101.5,18176.04
P10905,Shirt,Cotton,Winter,1617.24,14.4,4.7,449,107,2.22,57,Central,S,997.06,148126.25
P10906,Shirt,Polyester,Spring,2651.16,10.4,3.4,103,106,18.0,52,Central,L,783.44,251796.57
P10907,Jeans,Polyester,Winter,1288.04,19.8,3.4,468,114,11.92,21,Central,XL,454.53,117762.92
P10908,Sweater,Denim,Autumn,1364.7,5.6,4.7,352,130,15.59,43,West,XL,585.9,167475.98
P10909,Jacket,Rayon,Winter,1677.31,1.6,3.8,133,131,7.92,53,West,L,758.59,216211.97
P10910,Jeans,Polyester,Winter,1164.72,32.8,3.8,311,121,1.81,21,North,M,965.28,94705.71
P10911,Dress,Denim,Winter,1312.76,30.5,4.7,165,124,5.93,51,South,M,852.27,113133.66
P10912,Dress,Wool,Spring,1297.31,35.4,3.7,358,100,2.39,30,North,S,564.53,83806.23
P10913,Shirt,Denim,Autumn,1123.55,33.0,4.2,258,108,2.49,57,South,L,870.28,81300.08
P10914,Trousers,Linen,Autumn,2237.31,5.7,2.7,445,118,5.07,58,West,L,1261.73,248954.43
P10915,Jacket,Cotton,Spring,1776.65,14.6,,280,130,13.04,18,Central,S,837.57,197243.68
P10916,Shirt,Wool,Spring,1650.38,6.5,3.5,438,101,16.54,18,North,XL,934.87,155853.64
P10917,Trousers,Wool,Spring,1985.14,42.1,3.7,67,131,16.61,26,South,XL,646.06,150570.88
P10918,Trousers,Linen,Summer,1341.39,37.3,4.9,204,118,18.82,28,East,L,692.44,99244.08
P10919,T shirt,Denim,Winter,1035.48,10.1,4.9,210,131,13.47,33,South,M,243.78,121947.44
P10920,Dress,Cotton,Winter,1138.43,17.1,4.6,81,111,1.38,46,North,L,791.02,104757.19
P10921,Sweater,Denim,Autumn,1501.07,48.3,3.3,256,126,8.17,53,West,L,-77.64,97782.7
P10922,T-Shirt,Polyester,Winter,864.47,29.7,4.9,490,108,3.12,32,Central,M,293.14,65634.02
P10923,Sweater,Denim,Summer,1199.84,40.1,4.2,107,127,15.77,56,East,L,850.76,91275.43
P10924,T-Shirt,Wool,Spring,1190.33,13.2,3.5,338,105,3.27,19,North,XL,453.38,108486.68
P10925,Jeans,Cotton,Autumn,2774.73,10.5,4.3,90,112,3.01,27,West,XL,155.61,278138.94
P10926,Dress,Denim,Autumn,-164.29,39.2,2.5,434,126,1.54,28,South,M,770.49,-12585.93
P10927,Trousers,Cotton,Winter,1392.23,34.3,2.9,74,125,19.15,47,West,XL,287.89,114336.89
P10928,Jacket,Cotton,Autumn,2535.42,34.0,4.6,433,122,15.93,40,West,M,1065.44,204152.02
P10929,T-Shirt,Polyester,Spring,1573.11,27.6,4.1,14,132,7.33,39,Central,M,891.98,150338.98
P10930,Sweater,Polyester,Autumn,1952.05,28.2,3.4,487,112,8.15,59,North,L,1298.26,156976.05
P10931,Trousers,Wool,Spring,1559.9,36.8,3.8,468,143,2.13,53,West,M,867.37,140977.52
P10932,T-Shirt,Linen,Summer,1099.6,13.5,4.8,293,120,4.0,46,South,XL,1315.98,114138.48
P10933,T-Shirt,Cotton,Summer,154.85,17.6,4.1,303,144,6.92,49,South,XL,460.05,18373.88
P10934,Hoodie,Linen,Spring,1623.27,43.6,3.5,90,120,8.37,50,Central,S,568.52,109862.91
P10935,T-Shirt,Wool,Winter,1034.64,15.4,2.8,96,114,12.78,56,West,XL,837.74,99784.82
P10936,Jacket,Cotton,Autumn,1019.8,27.3,3.2,411,119,7.66,26,South,L,712.29,88225.96
P10937,Dress,Cotton,Winter,1200.61,35.1,4.9,302,114,19.14,18,South,M,793.56,88828.33
P10938,Jacket,Rayon,Autumn,2546.92,50.0,3.6,420,119,7.51,35,Central,XL,741.08,151541.74
P10939,Shirt,Linen,Summer,2942.9,21.8,3.7,290,128,18.89,39,West,S,687.88,294572.52
P10940,Trousers,Denim,Summer,1630.32,21.4,3.7,206,116,14.87,54,Central,S,468.77,148646.06
P10941,Dress,Polyester,Summer,1221.14,42.1,4.7,261,119,18.1,31,West,M,530.04,84137.77
P10942,Hoodie,Denim,Autumn,793.66,40.3,4.0,92,117,14.36,39,South,XL,481.93,55436.36
P10943,Dress,Linen,Summer,1781.12,36.6,4.2,36,104,11.8,50,North,XL,455.49,117439.93
P10944,Dress,Polyester,Summer,2569.74,23.2,3.5,342,113,10.67,23,South,S,769.67,223012.32
P10945,Sweater,,Summer,1351.6,16.2,2.6,191,127,6.54,44,North,XL,534.95,143845.38
P10946,Dress,Rayon,Summer,72.6,30.4,4.8,144,134,6.67,23,West,XL,592.63,6770.97
P10947,Hoodie,Polyester,Winter,1902.03,43.8,4.9,99,118,5.24,58,West,M,1170.07,126135.02
P10948,Jacket,Cotton,Summer,2091.24,44.2,4.9,215,120,8.33,33,East,XL,893.49,140029.43
P10949,Dress,Denim,Summer,548.49,5.4,4.9,36,107,3.41,19,West,XL,992.76,55519.25
P10950,Jeans,Polyester,Winter,1605.89,21.4,4.5,387,101,8.36,54,West,S,1086.58,127485.18
P10951,Trousers,Rayon,Winter,1770.74,23.2,4.2,68,126,16.84,46,East,L,1243.06,171350.97
P10952,Dress,Polyester,Autumn,1456.14,48.9,4.6,81,135,17.54,40,North,XL,746.4,100451.82
P10953,Trousers,Polyester,Spring,1025.54,33.9,4.0,424,125,13.21,38,West,M,832.15,84735.24
P10954,Jeans,Rayon,Summer,2109.56,20.4,2.8,236,107,5.88,30,Central,S,595.2,179675.44
P10955,Jeans,,Summer,1257.97,1.3,3.5,100,117,5.57,18,West,S,498.32,145269.12
P10956,Trousers,Wool,Summer,608.89,28.3,4.9,77,132,6.28,46,West,M,302.84,57627.79
P10957,T-Shirt,Denim,Autumn,270.32,4.8,3.4,371,125,10.5,24,South,L,446.03,32168.08
P10958,Shirt,Linen,Summer,2256.51,41.7,4.7,269,112,19.55,48,West,XL,592.67,147341.08
P10959,Sweater,Rayon,Spring,1870.0,37.6,2.7,155,116,3.07,39,West,XL,809.93,135358.08
P10960,T-Shirt,Denim,Winter,1552.78,23.0,3.3,72,120,10.51,33,Central,M,407.57,143476.87
P10961,T-Shirt,Polyester,Autumn,1235.84,21.5,3.4,352,136,13.96,45,East,S,458.34,131938.28
P10962,Jacket,Rayon,Winter,1182.6,44.9,2.6,489,120,5.67,56,East,M,122.29,78193.51
P10963,Sweater,Cotton,Summer,854.56,14.4,2.8,469,112,19.41,42,East,L,543.9,81928.38
P10964,Sweater,Denim,Summer,1241.13,12.5,3.0,189,117,7.63,31,South,S,768.73,127060.68
P10965,T-Shirt,,Summer,227.95,47.0,4.6,477,113,18.71,38,West,L,765.69,13651.93
P10966,tshirt,Denim,Spring,1058.36,40.5,2.7,120,106,12.35,36,North,L,653.33,66750.77
P10967,Jacket,Rayon,Spring,1313.44,41.0,3.2,200,111,1.08,30,North,S,675.02,86017.19
P10968,Jacket,Polyester,Autumn,1865.93,9.8,2.5,438,113,6.91,19,Central,L,751.65,190186.78
P10969,Jeans,Cotton,Winter,1476.04,7.2,4.2,405,120,1.41,53,South,S,1123.59,164371.81
P10970,Hoodie,Cotton,Summer,1976.95,1.3,4.1,401,113,8.25,31,South,L,642.3,220491.21
P10971,Sweater,Linen,Summer,2309.48,11.9,4.1,255,118,18.72,51,West,L,707.84,240088.92
P10972,T-Shirt,Rayon,Summer,2134.9,38.7,3.4,287,142,15.8,35,North,S,361.31,185834.51
P10973,Jeans,Denim,Summer,1782.31,12.0,3.0,356,113,12.78,41,South,L,891.13,177232.91
P10974,Trousers,Cotton,Spring,1507.12,36.5,,434,116,11.23,47,Central,L,731.01,111014.46
P10975,Shirt,Cotton,Winter,911.53,12.6,4.5,381,115,8.08,36,North,XL,590.93,91617.88
P10976,Hoodie,Wool,Winter,1943.97,19.8,2.8,306,130,5.02,53,South,L,396.33,202678.31
P10977,Hoodie,Wool,Autumn,2507.85,49.2,3.7,346,124,2.19,38,West,M,854.54,157974.49
P10978,Hoodie,Cotton,Spring,1705.26,12.2,3.1,132,122,4.61,36,West,L,422.69,182660.63
P10979,Jacket,Rayon,Summer,2650.36,18.8,2.9,66,125,7.68,43,West,M,909.34,269011.54
P10980,Trousers,Linen,Winter,584.66,15.1,4.3,169,107,10.88,52,West,S,1287.45,53112.27
P10981,Hoodie,Cotton,Winter,807.5,5.5,3.8,136,122,4.88,57,North,S,1095.55,93096.67
P10982,Trousers,Polyester,Spring,2013.12,24.5,3.0,234,121,19.51,21,North,XL,759.06,183908.58
P10983,Dress,Denim,Autumn,1658.57,18.9,3.3,104,111,2.46,38,South,S,937.26,149306.13
P10984,Hoodie,Linen,Autumn,2288.27,34.7,4.9,320,129,2.8,20,Central,M,541.5,192757.0
P10985,Shirt,Polyester,Summer,1490.72,40.9,4.6,15,119,13.97,22,East,S,355.86,104840.85
P10986,Trousers,Linen,Autumn,979.21,27.2,4.7,432,118,15.35,46,East,S,789.85,84118.06
P10987,Trousers,Polyester,Winter,1371.84,1.6,3.7,274,114,19.48,36,West,L,569.88,153887.52
P10988,Shirt,Denim,Autumn,580.39,30.9,4.1,243,121,11.08,34,South,M,338.42,48526.99
P10989,Hoodie,Denim,Summer,822.85,2.8,3.4,297,125,4.15,51,East,M,236.94,99976.28
P10990,Shirt,Wool,Winter,2083.47,30.8,2.7,429,127,18.82,37,East,M,660.01,183103.68
P10991,Trousers,Rayon,Autumn,2023.67,34.3,3.5,393,117,19.62,45,East,S,1047.94,155557.49
P10992,Shirt,Polyester,Autumn,1717.8,9.9,4.0,25,116,18.55,26,East,M,702.96,179537.58
P10993,Trousers,Wool,Spring,467.35,41.0,3.2,149,124,17.56,20,East,S,688.82,34191.33
P10994,Trousers,Polyester,Summer,1284.96,45.6,4.6,306,137,2.47,27,South,S,734.19,95765.5
P10995,Dress,Wool,Autumn,765.0,40.7,2.9,204,127,17.24,38,East,XL,463.36,57612.92
P10996,T-Shirt,Denim,Spring,2205.92,15.3,3.4,195,130,19.11,58,East,XL,618.04,242893.85
P10997,Trousers,Linen,Winter,1149.77,29.3,2.8,484,117,11.49,21,South,S,1126.02,95107.82
P10998,Hoodie,Wool,Spring,848.55,45.7,3.5,484,133,15.68,39,North,S,1208.23,61281.43
P10999,Jeans,Polyester,Spring,1517.88,16.0,2.6,402,104,13.56,24,North,L,1063.15,132602.0
P11000,Jacket,Polyester,Autumn,1115.91,41.0,3.2,134,112,6.47,29,North,XL,981.03,73739.33
P11001,Sweater,Rayon,Autumn,2390.25,0.5,3.5,26,114,12.16,28,East,M,1214.29,271126.06
P11002,T-Shirt,Denim,Autumn,1059.11,0.2,3.7,375,110,17.9,39,South,XL,423.53,116269.1
P11003,T-Shirt,Polyester,Spring,660.46,38.0,3.9,398,128,10.43,46,North,XL,1566.94,52414.11
P11004,T-Shirt,Cotton,Winter,208.25,38.1,3.2,35,130,12.21,44,West,XL,133.0,16757.88
P11005,Dress,Linen,Summer,1481.53,39.4,3.8,222,122,11.1,37,West,M,652.52,109532.48
P11006,Trousers,Wool,Spring,1162.84,46.5,3.8,394,110,6.37,31,South,S,-290.67,68433.13
P11007,Dress,Rayon,Autumn,642.66,5.9,3.3,10,104,13.23,24,East,XL,975.69,62893.28
P11008,Trousers,Linen,Summer,2213.54,11.6,4.6,300,108,10.68,32,North,XL,399.86,211331.09
P11009,Hoodie,Denim,Winter,1900.35,45.2,3.9,274,119,5.42,45,East,S,432.05,123925.62
P11010,Dress,Rayon,Summer,1483.07,8.9,3.3,352,122,18.01,27,North,S,1161.44,164831.37
P11011,Dress,Wool,Autumn,,34.1,4.9,47,97,19.05,20,Central,L,676.78,148211.87
P11012,Jacket,Wool,Spring,1897.52,26.5,4.6,242,124,2.05,29,Central,XL,941.44,172939.97
P11013,Jeans,Cotton,Spring,1006.29,4.2,5.0,269,121,12.82,30,East,S,610.16,116647.12
P11014,Dress,Denim,Autumn,876.47,14.3,4.2,317,117,8.89,56,West,M,465.08,87882.77
P11015,Jacket,Rayon,Spring,1990.79,26.0,3.4,412,117,10.99,51,East,M,1017.99,172362.6
P11016,Shirt,Rayon,Autumn,1737.82,42.6,3.2,494,110,8.1,18,North,L,801.4,109725.95
P11017,Jeans,Polyester,Spring,1601.85,35.4,4.2,270,125,10.01,55,East,XL,814.12,129349.39
P11018,Hoodie,Cotton,Spring,992.1,31.1,5.0,485,125,7.15,42,East,S,571.37,85444.61
P11019,Dress,Cotton,Spring,1864.77,24.8,4.1,247,114,3.23,36,North,M,700.92,159863.0
P11020,Sweater,Rayon,Winter,1046.7,14.9,4.7,115,112,6.74,42,West,L,570.73,99763.07
P11021,T-Shirt,Rayon,Winter,1438.81,6.0,3.3,256,126,13.74,23,Central,XL,977.89,170412.66
P11022,Shirt,Linen,Autumn,2368.17,20.5,3.5,313,125,1.96,21,North,M,759.44,235336.89
P11023,Shirt,Linen,Winter,1103.5,1.4,4.8,352,108,8.27,43,East,L,936.8,117509.51
P11024,Hoodie,Linen,Autumn,556.21,10.6,4.4,456,118,1.8,43,South,S,654.63,58675.71
P11025,Jacket,Cotton,Summer,868.47,21.6,5.0,47,102,7.77,43,East,M,1287.45,69449.81
P11026,Shirt,Polyester,Summer,2096.58,20.9,4.4,317,104,2.66,31,East,XL,730.38,172473.06
P11027,Jeans,Wool,Winter,1652.84,2.2,3.6,352,120,7.45,49,South,M,856.4,193977.3
P11028,Dress,Linen,Summer,1422.67,29.5,3.8,55,114,16.92,45,East,S,924.34,114339.99
P11029,Dress,,Summer,1194.54,27.5,4.8,219,114,12.65,19,South,S,499.26,98728.73
P11030,Sweater,Denim,Spring,1791.22,3.9,3.9,102,120,13.96,58,East,L,646.1,206563.49
P11031,Hoodie,Linen,Spring,990.54,47.2,3.1,229,127,10.57,38,West,S,920.41,66421.65
P11032,T-Shirt,Wool,Autumn,1683.4,5.0,3.6,265,127,18.53,31,Central,XL,288.68,203102.21
P11033,Jacket,Denim,Summer,1061.25,42.7,3.8,146,129,11.28,54,West,XL,878.87,78444.42
P11034,T-Shirt,Denim,Autumn,961.4,0.0,2.7,240,108,2.98,19,North,M,328.59,103831.2
P11035,Shirt,Wool,Autumn,1117.51,44.1,4.4,315,133,18.73,22,North,M,302.73,83083.52
P11036,Hoodie,Linen,Summer,1274.76,1.0,2.8,211,122,3.53,55,East,S,419.89,153965.51
P11037,Sweater,Cotton,Winter,1470.7,37.9,3.5,75,111,19.98,19,North,S,890.46,101376.82
P11038,T-Shirt,Wool,Summer,1641.27,18.1,4.5,470,111,9.27,18,North,S,1544.68,149206.21
P11039,Jeans,,Spring,-713.02,36.9,3.7,47,109,2.4,39,East,S,368.38,-49040.8
P11040,Dress,Wool,Summer,1015.41,20.1,4.6,164,124,17.42,58,East,M,770.16,100602.76
P11041,Shirt,Denim,Winter,1265.06,3.5,3.4,114,118,2.76,42,Central,XL,1045.62,144052.38
P11042,Sweater,,Autumn,2403.04,38.4,4.9,264,120,4.31,47,,L,903.82,177632.72
P11043,T-Shirt,Cotton,Autumn,852.0,3.6,3.0,413,121,8.93,26,East,M,546.23,99380.69
P11044,Jacket,Linen,Spring,1597.68,46.1,2.6,497,125,13.85,54,Central,M,956.1,107643.69
P11045,Jeans,Linen,Spring,2397.02,2.5,4.7,455,131,3.3,27,West,XL,595.67,306159.38
P11046,Jeans,Polyester,Spring,712.22,24.0,4.4,467,112,12.83,32,North,L,708.4,60624.17
P11047,T-Shirt,Wool,Autumn,1736.39,36.2,3.1,25,140,15.83,20,,XL,483.09,155094.35
P11048,Dress,Cotton,Spring,1018.64,19.7,5.0,88,95,3.35,25,West,S,1074.24,77706.95
P11049,T-Shirt,Linen,Summer,1197.22,10.9,3.8,22,111,13.3,42,East,L,838.37,118406.26
P11050,Shirt,Rayon,Autumn,1018.13,38.0,4.9,379,114,19.22,53,West,M,662.5,71961.43
P11051,T-Shirt,Linen,Winter,1060.89,39.2,3.8,111,125,19.38,38,Central,S,848.87,80627.64
P11052,Jeans,Wool,Autumn,3133.15,46.1,3.7,413,121,4.07,51,East,S,777.44,204340.91
P11053,Sweater,Rayon,Summer,2006.67,18.8,3.6,161,131,15.43,44,East,S,842.51,213453.5
P11054,T-Shirt,Polyester,Summer,2161.04,25.3,3.3,498,89,17.09,26,South,S,981.72,143672.42
P11055,Dress,Cotton,Spring,1795.2,18.2,3.8,187,132,17.89,27,Central,S,844.58,193838.52
P11056,Hoodie,Polyester,Autumn,536.25,12.9,3.6,400,147,7.15,44,North,S,504.07,68659.84
P11057,Sweater,Polyester,Autumn,,37.6,2.6,96,108,6.13,42,West,L,228.72,117057.88
P11058,Jacket,Cotton,Autumn,2143.76,17.0,3.2,97,118,1.91,30,South,S,978.09,209959.85
P11059,Trousers,Cotton,Winter,987.96,21.4,3.0,38,131,8.59,21,South,L,581.54,101726.29
P11060,T-Shirt,Linen,Spring,2079.2,20.2,4.7,398,109,3.36,33,East,L,1085.12,180852.97
P11061,Dress,Linen,Summer,1922.6,35.6,4.0,372,123,15.94,29,West,XL,308.92,152292.99
P11062,Sweater,Cotton,Summer,2611.22,45.9,4.4,428,126,3.72,42,South,XL,472.52,177996.42
P11063,Dress,Rayon,Spring,1249.33,33.3,,330,119,16.56,33,East,L,713.03,99163.07
P11064,Jacket,Denim,Summer,841.43,23.6,4.1,109,127,3.04,56,East,S,782.61,81642.27
P11065,Jeans,Linen,Summer,1283.02,39.0,5.0,124,120,10.13,19,Central,XL,1034.83,93917.06
P11066,Dress,Denim,Spring,2361.34,32.0,3.3,219,116,8.31,26,East,S,1064.06,186262.5
P11067,Sweater,Rayon,Summer,402.96,3.0,3.0,463,119,12.43,30,North,S,734.95,46513.67
P11068,Dress,Cotton,Autumn,258.97,4.8,3.5,352,127,10.86,31,Central,XL,975.99,31310.51
P11069,Dress,Rayon,Winter,1553.64,1.9,3.7,83,113,12.37,29,Central,XL,197.47,172225.65
P11070,Dress,Linen,Spring,1234.45,22.8,4.7,144,131,1.02,52,North,XL,650.47,124842.4
P11071,Shirt,,Winter,1504.64,41.3,3.9,437,139,3.42,39,North,S,992.17,122768.09
P11072,Shirt,Cotton,Summer,2067.19,15.7,3.2,465,121,10.83,38,South,M,771.39,210859.58
P11073,Jeans,Wool,Summer,1168.46,19.2,4.4,278,135,5.36,20,South,M,1186.86,127455.62
P11074,T-Shirt,Denim,Autumn,376.2,45.5,3.8,359,106,2.45,39,North,XL,468.67,21733.07
P11075,Dress,Rayon,Spring,2726.69,41.8,2.9,475,113,5.14,26,South,S,1017.86,179323.49
P11076,Jacket,Cotton,Summer,901.66,33.3,,87,114,15.82,57,North,M,603.81,68560.42
P11077,T-Shirt,Rayon,Spring,864.58,13.3,4.8,468,127,11.29,59,North,XL,898.38,95198.04
P11078,Jacket,Cotton,Spring,2162.23,5.9,4.6,389,114,4.61,20,East,S,489.87,231951.06
P11079,T-Shirt,Linen,Spring,1269.31,0.8,4.0,499,111,1.3,48,South,S,793.42,139766.26
P11080,Jeans,Linen,Spring,1461.97,5.4,3.4,134,102,7.79,54,Central,S,1012.4,141068.41
P11081,Dress,Linen,Spring,1789.67,14.6,2.7,47,132,7.79,23,Central,S,982.84,201745.92
P11082,Dress,Rayon,Winter,2150.15,27.6,3.7,278,117,14.97,31,South,S,786.25,182134.91
P11083,Trousers,Wool,Autumn,1299.92,3.2,4.4,319,117,18.47,36,South,S,996.09,147223.74
P11084,Jacket,Linen,Spring,2411.97,6.8,3.4,115,125,8.07,35,South,S,943.07,280994.5
P11085,T-Shirt,Cotton,Winter,218.52,9.1,3.1,53,138,14.07,24,South,XL,660.08,27411.59
P11086,T-Shirt,Linen,Summer,1955.87,31.6,4.8,234,109,13.06,53,East,XL,806.56,145821.84
P11087,Hoodie,Polyester,Spring,996.28,30.8,4.6,251,122,9.02,46,North,L,1014.79,84109.94
P11088,Hoodie,Linen,Summer,2323.36,27.5,4.1,406,104,2.25,20,South,XL,1308.77,175181.34
P11089,Shirt,Rayon,Spring,,12.5,2.8,162,115,10.0,30,South,XL,915.93,159513.77
P11090,Trousers,Wool,Winter,1096.26,18.6,2.9,33,128,7.73,53,North,L,404.45,114221.52
P11091,Sweater,Polyester,Winter,1897.7,4.8,2.8,133,127,11.45,58,North,XL,870.6,229439.52
P11092,Hoodie,Rayon,Winter,2035.91,11.3,4.0,294,138,3.38,42,North,M,1303.37,249207.6
P11093,Sweater,Rayon,Autumn,,44.9,2.8,493,118,14.76,45,West,M,555.47,122568.03
P11094,Shirt,Rayon,Summer,882.18,49.0,4.6,463,114,15.97,55,Central,XL,357.25,51289.95
P11095,Shirt,Cotton,Autumn,1209.59,32.4,5.0,411,115,8.38,28,South,XL,902.01,94033.53
P11096,Shirt,Rayon,Spring,1497.56,45.8,3.4,357,104,4.33,58,East,XL,768.13,84414.46
P11097,Jacket,Cotton,Summer,1475.24,32.1,3.6,270,127,12.85,26,East,XL,776.15,127214.37
P11098,Jacket,Rayon,Winter,1949.85,1.7,4.3,155,101,19.16,39,North,L,690.25,193586.96
P11099,Jeans,Denim,Summer,291.06,49.8,4.8,200,111,14.31,38,East,L,584.62,16218.45
P11100,Jeans,Polyester,Winter,1700.6,4.9,4.7,390,115,3.35,36,Central,XL,536.8,185986.12
P11101,Shirt,Denim,Autumn,1326.01,34.1,2.6,174,135,8.55,50,South,XL,837.25,117968.48
P11102,Trousers,Rayon,Autumn,996.9,12.6,2.9,80,117,18.39,21,East,L,964.77,101941.0
P11103,T-Shirt,Polyester,Winter,1054.51,19.6,4.4,448,126,13.05,50,Central,M,643.71,106826.08
P11104,Jacket,Polyester,Winter,1371.28,32.3,4.2,210,120,3.8,33,Central,S,1143.2,111402.79
P11105,Trousers,Wool,Spring,-660.65,21.8,2.8,364,135,14.77,18,West,XL,762.75,-69744.82
P11106,Dress,Denim,Autumn,1079.23,12.5,3.8,21,153,7.72,32,West,M,980.09,144481.92
P11107,Jacket,Wool,Autumn,974.51,16.7,4.5,61,116,10.3,39,East,S,622.4,94164.95
P11108,Jacket,Polyester,Spring,1819.67,17.1,3.0,450,126,8.89,49,Central,S,794.64,190071.81
P11109,Jeans,Cotton,Autumn,1016.68,48.0,4.7,265,119,14.79,54,North,M,855.66,62912.16
P11110,T-Shirt,Polyester,Winter,1370.93,39.9,2.6,311,120,5.14,40,West,XL,718.53,98871.47
P11111,T-Shirt,Wool,Summer,2425.37,22.9,4.5,369,125,8.38,50,Central,S,400.79,233745.03
P11112,Hoodie,Denim,Summer,2096.61,10.0,4.0,309,117,15.15,57,West,XL,1131.46,220773.03
P11113,Sweater,Rayon,Autumn,2041.36,40.6,3.3,496,102,14.39,39,South,XL,709.0,123681.92
P11114,Sweater,Rayon,Spring,1200.08,7.9,4.3,417,102,4.83,57,Central,M,146.57,112737.92
P11115,Sweater,Denim,Winter,1825.82,10.5,4.5,18,123,7.66,29,Central,L,608.0,200995.39
P11116,Sweater,Rayon,Summer,1359.66,18.3,4.8,149,121,1.27,35,South,XL,1227.67,134411.91
P11117,Dress,Rayon,Winter,1382.34,44.0,3.4,109,124,11.07,49,West,L,1111.63,95989.69
P11118,Dress,Wool,Autumn,1745.81,6.6,4.2,494,119,6.34,20,South,M,832.59,194039.8
P11119,Jacket,Denim,Autumn,1141.8,6.1,4.0,146,121,1.23,53,East,M,1004.15,129730.17
P11120,Shirt,Linen,Summer,2395.8,24.7,3.8,368,106,9.07,18,North,M,1174.38,191227.96
P11121,Jeans,Cotton,Autumn,1403.92,13.8,4.7,375,99,18.61,42,West,M,784.21,119807.72
P11122,Jeans,Cotton,Spring,1871.02,28.4,2.5,381,125,18.54,37,Central,S,1068.25,167456.29
P11123,Sweater,Rayon,Autumn,2373.36,22.6,3.2,31,123,8.07,34,East,L,511.6,225948.62
P11124,Jacket,Cotton,Autumn,2118.99,21.7,3.8,154,108,9.53,39,West,M,430.31,179190.27
P11125,Hoodie,Denim,Autumn,654.65,5.6,2.9,170,125,5.61,50,North,M,755.18,77248.7
P11126,Trousers,Denim,Winter,1766.94,7.1,4.8,258,116,2.3,43,Central,XL,971.92,190412.52
P11127,Shirt,Polyester,Winter,2010.43,41.1,4.1,184,130,14.18,44,South,L,1127.97,153938.63
P11128,Jacket,Polyester,Summer,2035.12,44.3,3.7,97,130,16.2,51,North,M,720.53,147363.04
P11129,Shirt,Cotton,Summer,832.02,11.7,4.5,408,111,17.72,40,West,L,502.09,81548.78
P11130,Shirt,,Summer,1105.78,5.7,3.6,486,95,18.77,33,Central,L,1398.43,99061.3
P11131,Shirt,Polyester,Autumn,2096.73,2.7,3.9,489,108,18.4,31,West,M,692.95,220332.78
P11132,Jacket,Polyester,Winter,1042.94,30.4,2.5,42,115,1.52,58,North,S,448.65,83476.92
P11133,Sweater,Denim,Spring,1320.18,35.8,3.4,486,139,19.58,31,Central,M,923.8,117810.22
P11134,Jeans,,Autumn,2445.53,18.6,2.8,280,113,8.21,43,North,S,1762.4,224944.74
P11135,Jeans,Rayon,Autumn,1471.32,34.0,4.2,292,119,17.84,44,West,M,777.98,115557.47
P11136,Sweater,Cotton,Autumn,1063.94,35.6,3.7,235,115,9.37,57,Central,S,773.24,78795.4
P11137,T shirt,Polyester,Spring,973.43,46.8,3.3,454,109,9.02,21,Central,XL,976.7,56447.26
P11138,Trousers,Linen,Summer,1699.63,3.2,3.7,461,120,1.21,26,Central,L,1031.14,197429.02
P11139,T-Shirt,Linen,Spring,700.11,9.6,3.0,121,140,2.0,44,West,L,398.03,88605.92
P11140,Jacket,,Summer,1351.6,3.4,4.8,91,114,13.75,56,East,M,1197.14,148843.6
P11141,T-Shirt,Linen,Spring,,43.4,2.6,222,132,18.82,32,West,M,714.23,127005.92
P11142,Hoodie,Linen,Winter,2279.49,39.6,4.7,313,130,5.26,42,South,S,769.98,178985.55
P11143,Sweater,Linen,Autumn,1900.53,28.7,3.8,17,100,2.78,35,East,S,410.79,135507.79
P11144,Trousers,Polyester,Autumn,1071.56,4.2,4.0,143,117,5.06,47,West,S,652.58,120106.87
P11145,Jacket,Cotton,Autumn,2207.05,13.7,3.3,456,114,5.03,54,South,S,1177.4,217133.99
P11146,Sweater,Linen,Summer,1320.29,14.9,4.9,127,126,6.57,33,North,S,1093.98,141569.42
P11147,Shirt,Linen,Spring,758.58,28.0,3.2,93,113,2.8,29,South,M,887.67,61718.07
P11148,Jeans,Polyester,Winter,1396.78,12.9,4.0,267,132,5.48,34,Central,L,8.65,160590.59
P11149,T-Shirt,Cotton,Spring,2362.9,3.6,5.0,252,115,18.5,42,East,S,534.72,261951.09
P11150,Dress,Denim,Autumn,1599.14,36.5,4.7,246,124,17.91,32,West,L,880.73,125916.28
P11151,Dress,Polyester,Winter,1507.51,15.0,3.8,159,118,7.01,42,West,L,621.33,151203.25
P11152,Trousers,Cotton,Winter,2482.33,22.6,5.0,383,122,19.94,38,Central,M,946.83,234401.46
P11153,Shirt,Linen,Autumn,641.19,6.4,4.3,30,102,6.67,36,East,XL,989.43,61215.69
P11154,Hoodie,Cotton,Spring,728.64,40.1,3.0,143,122,14.71,41,East,S,1171.84,53247.55
P11155,T-Shirt,Cotton,Autumn,530.49,28.3,3.5,388,103,13.24,24,Central,S,209.03,39177.22
P11156,Shirt,Rayon,Spring,1723.59,45.1,3.3,105,125,2.23,29,,S,639.44,118281.36
P11157,T-Shirt,Cotton,Winter,1599.9,24.8,3.4,463,121,7.5,56,Central,S,519.67,145578.1
P11158,Trousers,Denim,Winter,2425.64,47.1,4.4,22,101,19.08,28,South,M,580.68,129599.52
P11159,Trousers,Cotton,Autumn,1646.09,44.6,4.0,10,129,1.97,50,Central,XL,726.08,117639.47
P11160,Hoodie,Denim,Winter,1257.51,28.8,2.6,159,127,4.32,42,West,M,823.52,113709.08
P11161,Dress,Linen,Summer,1501.08,46.7,4.7,126,106,19.45,56,North,S,946.95,84808.02
P11162,Shirt,Denim,Winter,1570.62,16.2,3.2,161,112,1.76,51,South,S,518.27,147412.11
P11163,Jacket,Linen,Summer,496.94,18.3,5.0,73,142,9.49,28,West,L,653.46,57652.0
P11164,Dress,Linen,Winter,3126.2,2.3,4.9,434,112,18.45,33,South,L,787.81,342081.31
P11165,Shirt,Denim,Autumn,1811.92,29.5,4.9,487,126,18.93,49,West,XL,771.19,160952.85
P11166,Dress,Polyester,Autumn,1626.0,36.1,4.5,159,126,19.61,32,East,S,579.14,130915.76
P11167,Jacket,Wool,Summer,1869.1,38.7,3.1,326,120,10.15,57,Central,S,565.06,137491.0
P11168,Jeans,Cotton,Autumn,1925.65,7.5,3.8,373,131,2.64,32,West,XL,691.83,233340.64
P11169,Jeans,Rayon,Winter,1415.67,22.2,3.1,21,112,15.68,24,West,L,306.54,123355.82
P11170,Hoodie,Wool,Winter,1121.26,8.8,3.1,99,110,14.47,54,East,L,360.53,112484.8
P11171,Jeans,Cotton,Autumn,1859.67,33.1,4.0,397,106,12.01,57,North,S,694.97,131876.64
P11172,Jeans,Cotton,Winter,1731.43,7.9,2.6,92,134,17.88,19,North,L,772.39,213682.7
P11173,Sweater,Linen,Spring,1014.07,45.2,4.9,473,107,18.32,23,Central,XL,1101.78,59461.01
P11174,T-Shirt,Cotton,Spring,2351.42,11.5,4.8,259,135,13.98,53,East,M,268.93,280935.9
P11175,Sweater,Rayon,Winter,1676.01,14.6,3.5,393,129,3.13,56,South,L,881.91,184639.32
P11176,Sweater,Cotton,Autumn,1937.89,42.5,3.8,405,131,2.81,55,West,XL,1172.43,145971.56
P11177,Hoodie,Denim,Summer,2335.15,22.9,3.7,42,132,8.76,45,Central,S,835.43,237652.89
P11178,Sweater,Wool,Autumn,1513.13,1.2,4.7,158,126,6.56,39,North,M,547.0,188366.53
P11179,Jeans,Denim,Summer,1690.17,24.7,,137,124,3.53,54,South,XL,647.6,157814.55
P11180,Jacket,Rayon,Autumn,1986.02,4.2,3.2,109,120,12.61,22,East,M,1295.06,228312.86
P11181,Hoodie,Cotton,Winter,1065.08,49.3,3.6,466,124,13.99,35,West,L,1087.23,66959.45
P11182,Hoodie,Rayon,Spring,1532.43,29.4,,496,135,14.26,28,West,S,557.02,146055.9
P11183,Trousers,Linen,Autumn,1575.33,12.8,4.9,371,107,4.33,25,North,L,521.56,146984.59
P11184,Hoodie,Denim,Summer,926.36,28.2,2.9,337,130,6.81,37,North,L,871.63,86466.44
P11185,Trousers,Denim,Spring,2890.58,3.8,2.7,221,114,4.78,28,Central,XL,886.44,317004.13
P11186,Hoodie,Polyester,Summer,655.62,40.0,4.7,83,117,12.43,44,West,XL,1173.87,46024.52
P11187,T-Shirt,Cotton,Winter,721.14,46.3,4.7,105,123,11.77,46,West,L,688.0,47632.02
P11188,Jeans,Linen,Spring,2288.54,43.7,4.7,101,122,10.56,42,West,XL,300.66,157190.66
P11189,Hoodie,Denim,Summer,1927.96,17.1,3.8,339,140,6.63,36,West,XL,667.82,223759.04
P11190,Jeans,Denim,Autumn,884.42,16.3,4.1,337,113,5.5,19,South,M,605.62,83649.33
P11191,Jeans,Linen,Winter,1864.37,1.8,3.9,445,114,17.92,59,East,L,-63.41,208712.49
P11192,Dress,Rayon,Winter,2380.71,32.6,2.7,184,132,1.93,56,South,L,667.44,211807.01
P11193,Hoodie,Rayon,Winter,1481.84,26.7,4.0,234,125,13.47,19,East,XL,1037.62,135773.59
P11194,Shirt,Cotton,Autumn,3059.29,23.0,2.5,324,121,1.37,24,South,L,974.53,285034.05
P11195,Dress,Polyester,Autumn,465.56,45.4,3.3,184,122,4.68,48,Central,L,652.56,31011.88
P11196,Shirt,Denim,Spring,1916.29,8.4,4.8,65,107,6.5,50,East,XL,622.16,187819.42
P11197,Jeans,Polyester,Autumn,2199.92,0.5,3.3,278,119,17.84,28,West,S,593.96,260481.53
P11198,Jeans,Rayon,Spring,2034.81,3.7,4.8,437,124,3.62,57,East,XL,587.63,242980.73
P11199,Dress,Rayon,Winter,1377.39,11.2,3.1,44,135,18.82,57,West,S,991.67,165121.51
P11200,Dress,Wool,Spring,1325.74,1.7,3.3,128,123,16.49,30,Central,S,1156.52,160293.9
P11201,Shirt,Cotton,Summer,1766.49,25.1,4.1,380,129,13.9,27,East,M,976.08,170680.03
P11202,Trousers,Wool,Winter,1989.45,15.7,4.4,422,109,8.82,55,North,S,532.26,182804.59
P11203,Shirt,Wool,Winter,1861.48,9.0,3.8,65,112,18.2,37,West,L,505.16,189722.04
P11204,Dress,Wool,Spring,2124.03,37.5,4.7,398,121,11.03,38,East,XL,1188.41,160629.77
P11205,Jacket,Cotton,Winter,888.68,10.2,2.6,460,119,8.05,31,South,L,774.45,94966.12
P11206,Dress,Cotton,Autumn,1363.34,34.4,4.8,318,130,12.13,41,East,S,529.8,116265.64
P11207,Jacket,Linen,Summer,935.99,17.5,3.0,366,121,5.41,57,West,XL,777.67,93435.2
P11208,T-Shirt,Polyester,Spring,1268.33,25.6,4.7,385,125,6.18,24,North,XL,348.41,117954.69
P11209,Dress,Polyester,Spring,2109.13,46.7,3.5,325,100,18.47,22,North,XL,396.31,112416.63
P11210,T-Shirt,Linen,Winter,1564.79,1.9,4.6,114,108,16.08,23,South,XL,566.37,165786.37
P11211,Trousers,Linen,Autumn,3064.12,25.0,4.2,399,109,10.76,57,Central,M,1018.55,250491.81
P11212,Shirt,Rayon,Winter,1616.04,42.7,2.9,185,117,8.91,52,North,M,664.01,108340.94
P11213,Jacket,Wool,Winter,1535.82,29.4,4.8,115,130,16.34,26,Central,M,959.07,140957.56
P11214,Shirt,Linen,Spring,1563.71,13.8,3.1,89,122,11.84,59,West,XL,803.98,164446.0
P11215,T-Shirt,Denim,Winter,1117.31,19.9,3.1,172,134,8.89,18,East,L,336.55,119925.35
P11216,Jacket,Polyester,Summer,1465.3,34.0,4.5,411,112,10.79,56,Central,S,1222.46,108314.98
P11217,Shirt,Linen,Winter,2176.67,44.5,2.8,276,111,5.42,37,West,M,386.3,134093.76
P11218,Dress,Denim,Winter,1568.38,2.1,3.1,60,147,4.84,23,West,L,574.4,225710.27
P11219,Jeans,Denim,Spring,1023.92,3.6,3.8,386,111,19.79,49,West,M,608.25,109563.54
P11220,T-Shirt,Denim,Winter,944.95,16.3,4.6,288,126,19.42,30,South,M,989.24,99656.32
P11221,Shirt,Rayon,Autumn,1229.88,11.6,2.9,312,119,9.0,56,South,S,563.03,129378.46
P11222,T-Shirt,Rayon,Spring,1544.32,13.2,3.9,84,117,10.79,57,Central,XL,488.45,156834.96
P11223,Sweater,Denim,Winter,2216.15,11.1,4.3,452,123,16.72,38,West,L,1005.84,242329.35
P11224,T-Shirt,Rayon,Summer,695.71,9.8,4.7,450,124,14.79,54,Central,M,666.22,77813.77
P11225,Jacket,Wool,Summer,1308.1,6.5,4.8,358,115,2.89,29,North,XL,940.79,140653.45
P11226,Sweater,Denim,Spring,1586.59,46.7,4.5,136,126,8.12,23,Central,L,1474.17,106552.21
P11227,Hoodie,Wool,Spring,399.78,7.2,4.1,255,133,5.75,32,East,M,618.63,49342.45
P11228,Jacket,Wool,Winter,999.84,10.2,3.6,321,92,19.86,38,West,XL,882.02,82602.78
P11229,Jeans,Denim,Autumn,1092.07,12.3,2.8,243,115,15.23,38,Central,S,383.74,110140.72
P11230,Sweater,Polyester,Winter,1022.42,46.7,4.3,164,101,1.91,45,South,M,574.65,55039.94
P11231,Hoodie,Denim,Summer,1615.13,37.8,5.0,82,126,18.1,53,East,XL,840.78,126580.97
P11232,Dress,Denim,Autumn,1403.66,39.5,4.3,428,117,18.63,34,Central,S,1180.33,99358.07
P11233,T-Shirt,Rayon,Autumn,1166.83,5.2,2.5,448,129,7.33,24,Central,XL,286.68,142693.97
P11234,Shirt,Denim,Autumn,1756.78,41.8,3.7,146,135,13.2,40,Central,M,864.44,138030.2
P11235,Trousers,Polyester,Winter,2533.84,20.4,4.0,283,122,13.96,39,South,S,407.9,246066.27
P11236,T-Shirt,Rayon,Summer,2483.55,13.1,4.2,53,115,14.86,27,Central,M,662.79,248193.57
P11237,Hoodie,Cotton,Spring,346.34,28.8,4.3,256,118,14.18,35,North,XL,579.92,29098.1
P11238,T-Shirt,Cotton,Winter,1846.24,41.1,3.9,158,112,11.63,19,North,XL,522.66,121792.76
P11239,Jeans,Wool,Spring,1393.19,38.9,3.1,65,124,19.12,29,North,M,802.82,105553.65
P11240,Dress,Wool,Autumn,1593.09,44.5,4.9,185,98,10.74,56,Central,M,448.22,86648.17
P11241,Trousers,Polyester,Autumn,1261.03,46.4,4.2,365,108,3.11,39,East,L,-223.87,72998.5
P11242,Sweater,Linen,Winter,1570.55,11.9,3.1,266,118,2.53,39,South,L,618.97,163271.24
P11243,Sweater,Cotton,Summer,1590.84,21.2,3.3,420,117,1.35,59,North,M,506.96,146669.08
P11244,Sweater,Wool,Autumn,1152.63,0.7,4.8,310,125,9.13,39,North,XL,614.75,143070.2
P11245,Hoodie,Cotton,Spring,962.18,44.0,4.7,72,132,6.19,23,,XL,507.84,71124.35
P11246,Jacket,,Spring,1230.78,7.7,3.5,323,117,18.01,54,North,XL,897.82,132913.16
P11247,Jacket,Polyester,Winter,,43.1,2.6,433,114,17.48,37,South,L,920.48,106416.56
P11248,Shirt,Linen,Spring,1859.4,16.5,2.6,72,121,16.92,23,East,XL,358.69,187864.48
P11249,Trousers,Linen,Summer,2012.01,18.4,3.2,303,111,17.48,26,West,L,1103.35,182239.82
P11250,Sweater,Rayon,Autumn,1203.49,2.0,4.1,38,97,6.65,46,South,XL,946.28,114403.76
P11251,Jacket,Polyester,Spring,1670.31,16.3,4.0,49,120,9.1,54,South,M,608.43,167765.94
P11252,Hoodie,Wool,Spring,2077.5,44.4,4.1,156,101,6.92,22,Central,XL,707.92,116664.09
P11253,Shirt,Cotton,Autumn,2199.36,1.3,4.3,97,98,2.64,30,West,M,1031.24,212735.3
P11254,Dress,Denim,Winter,1464.7,20.3,2.5,65,120,18.56,44,West,M,611.63,140083.91
P11255,Shirt,Linen,Spring,1367.44,1.6,2.8,309,119,12.7,40,East,XL,969.69,160121.75
P11256,Jacket,Denim,Winter,1614.67,18.5,3.4,202,123,3.52,54,North,L,836.41,161862.59
P11257,Jeans,Wool,Winter,810.18,8.6,2.9,109,133,4.92,51,West,L,997.8,98487.1
P11258,Hoodie,Linen,Spring,1383.83,12.6,2.7,224,121,9.56,42,East,L,922.58,146345.56
P11259,Jeans,Denim,Summer,1946.75,43.9,4.1,150,122,1.99,54,West,XL,565.92,133239.46
P11260,Sweater,Wool,Winter,1885.17,21.8,4.5,423,98,6.17,40,South,M,792.15,144471.89
P11261,Jeans,Cotton,Spring,1337.84,13.7,4.4,58,111,14.37,45,West,L,997.58,128155.71
P11262,Sweater,Wool,Winter,1630.63,29.5,4.5,124,132,18.49,43,North,L,970.31,151746.43
P11263,Sweater,Rayon,Autumn,1005.21,7.1,4.2,238,113,18.65,29,East,S,944.58,105523.93
P11264,Jacket,Linen,Summer,1922.1,13.0,4.3,261,125,10.88,56,North,XL,680.86,209028.38
P11265,Jeans,Polyester,Summer,1453.31,27.3,3.2,84,141,6.93,20,Central,XL,1185.99,148974.45
P11266,Sweater,Cotton,Autumn,1334.43,11.9,5.0,200,112,18.49,26,North,XL,850.52,131670.88
P11267,Trousers,Denim,Autumn,1282.97,34.0,3.0,208,119,15.95,32,North,S,1246.98,100764.46
P11268,Dress,Linen,Winter,1462.26,24.6,3.0,172,123,12.16,25,East,M,395.75,135612.92
P11269,Shirt,Polyester,Autumn,1231.27,38.6,3.2,148,121,16.86,45,South,M,659.54,91475.97
P11270,Shirt,Wool,Summer,1894.89,47.4,4.9,58,111,9.72,43,West,L,698.21,110635.05
P11271,Jacket,Polyester,Autumn,1262.83,5.8,5.0,372,127,3.13,33,West,S,998.96,151077.4
P11272,Jeans,,Spring,2455.78,16.7,4.5,376,114,18.83,51,East,S,514.68,233205.78
P11273,Jeans,Linen,Spring,2379.13,16.0,4.1,124,107,11.15,37,East,M,512.18,213836.2
P11274,Sweater,Rayon,Winter,965.07,7.6,3.8,177,108,14.21,18,South,L,1036.89,96306.27
P11275,Hoodie,Rayon,Summer,1541.82,40.5,4.9,286,129,8.45,41,South,XL,704.63,118342.39
P11276,T-Shirt,Polyester,Spring,1109.61,38.0,4.2,56,116,3.58,46,Central,XL,919.9,79803.15
P11277,Sweater,Wool,Autumn,1304.01,24.2,4.9,268,108,6.17,21,West,XL,500.92,106751.47
P11278,Dress,Polyester,Spring,2701.46,26.9,3.3,423,139,1.83,21,West,M,959.64,274492.65
P11279,Trousers,Linen,Spring,,3.0,3.3,225,95,2.66,55,Central,XL,1004.41,121219.64
P11280,Shirt,Linen,Winter,1716.14,27.8,4.6,239,102,4.89,20,East,L,1131.32,126383.41
P11281,Sweater,Denim,Autumn,1824.79,39.6,2.9,136,133,11.66,57,West,S,449.11,146589.03
P11282,T-Shirt,Rayon,Autumn,899.62,28.7,4.9,332,101,19.86,19,North,L,391.1,64784.34
P11283,T-Shirt,Denim,Autumn,986.94,13.3,3.8,327,107,17.03,46,East,S,722.11,91557.44
P11284,Sweater,Cotton,Winter,776.39,33.4,4.8,430,121,2.63,45,East,XL,1114.14,62566.16
P11285,Jacket,,Autumn,968.42,18.1,3.3,234,144,17.0,29,South,S,481.63,114211.58
P11286,Shirt,Denim,Autumn,-210.02,27.2,4.3,159,113,11.19,32,Central,XL,425.41,-17277.09
P11287,Jacket,Polyester,Spring,1826.75,24.4,3.7,296,126,13.55,58,East,S,600.48,174008.9
P11288,Trousers,Rayon,Spring,2732.52,19.1,4.1,55,112,3.47,48,South,M,805.62,247588.17
P11289,T-Shirt,Rayon,Autumn,1588.69,35.9,3.8,469,130,8.51,54,North,M,784.58,132385.54
P11290,T-Shirt,Wool,Summer,650.24,44.2,4.9,310,130,17.8,49,North,M,483.67,47168.41
P11291,Dress,Polyester,Summer,1114.33,0.3,4.2,23,138,9.08,39,West,L,530.25,153316.21
P11292,Trousers,Wool,Autumn,1224.67,46.7,3.1,130,114,3.42,20,Central,M,722.15,74413.4
P11293,T-Shirt,Denim,Summer,889.45,25.6,4.8,405,149,6.91,34,Central,S,526.15,98600.87
P11294,Trousers,,Winter,2016.11,35.0,3.2,384,125,5.21,46,South,XL,433.97,163808.94
P11295,Shirt,Polyester,Spring,1986.16,42.8,3.4,200,131,14.05,29,West,M,908.87,148826.94
P11296,Jeans,Polyester,Winter,806.73,23.4,2.8,484,111,18.31,31,Central,XL,576.51,68593.02
P11297,T-Shirt,Polyester,Spring,1935.05,41.7,4.7,342,121,14.94,25,West,S,600.24,136504.23
P11298,Dress,Wool,Summer,2416.09,8.9,3.2,353,114,17.03,58,South,M,646.18,250920.61
P11299,Shirt,Denim,Summer,2641.53,8.0,3.1,175,119,16.31,19,West,L,837.72,289194.7
P11300,Sweater,Polyester,Autumn,3219.13,32.9,4.8,126,110,1.28,51,,L,766.98,237603.99
P11301,Trousers,Polyester,Summer,958.8,43.5,4.5,440,126,3.36,41,East,S,582.66,68256.97
P11302,Sweater,Rayon,Summer,3194.53,44.6,2.9,133,121,9.04,37,East,M,706.53,214142.12
P11303,Jacket,Cotton,Autumn,1287.48,32.2,4.4,63,109,3.13,27,East,M,686.42,95147.35
P11304,Shirt,Rayon,Autumn,1144.52,26.3,4.8,448,119,14.96,57,North,S,1186.2,100377.84
P11305,Sweater,Rayon,Spring,1696.24,16.6,2.7,313,115,2.33,24,North,L,744.59,162686.38
P11306,Hoodie,Cotton,Summer,1150.76,49.0,4.6,466,97,8.91,18,Central,M,504.44,56928.1
P11307,Hoodie,Denim,Spring,1739.43,16.0,3.9,465,115,8.45,27,North,M,272.73,168028.94
P11308,T-Shirt,Rayon,Spring,707.95,37.2,4.2,366,122,11.33,22,West,M,1033.92,54240.3
P11309,Trousers,Denim,Winter,1356.75,26.6,3.7,280,126,12.96,57,West,XL,724.7,125477.67
P11310,Jeans,Rayon,Summer,2271.35,30.4,4.2,208,128,18.99,38,North,XL,845.27,202350.03
P11311,T-SHIRT,Linen,Summer,1465.76,19.7,2.6,225,116,6.15,26,West,L,983.93,136532.61
P11312,T-Shirt,Cotton,Winter,1584.96,48.2,4.4,122,132,13.65,46,Central,M,523.79,108373.22
P11313,Dress,Rayon,Spring,1785.16,28.6,2.6,25,116,1.67,48,South,L,516.76,147854.09
P11314,Jacket,Linen,Summer,2202.4,46.9,3.6,225,120,1.02,44,North,XL,767.81,140336.93
P11315,Trousers,Wool,Spring,506.87,0.4,2.9,436,146,1.48,23,East,XL,1442.61,73707.01
P11316,Shirt,Linen,Winter,1850.71,28.6,4.6,144,113,9.53,48,West,M,534.33,149318.98
P11317,Hoodie,Polyester,Autumn,1339.12,35.9,3.3,52,136,11.55,58,West,L,593.03,116739.13
P11318,Shirt,Rayon,Spring,1599.98,37.3,3.6,261,948,1.12,53,South,S,1000.91,125398.43
P11319,Jeans,Linen,Summer,2135.97,45.2,3.6,293,134,8.53,19,Central,L,928.33,156848.55
P11320,Hoodie,Denim,Autumn,783.49,0.2,4.4,331,124,1.78,38,West,S,600.22,96958.45
P11321,Jeans,Wool,Spring,892.41,0.0,3.7,107,131,13.41,51,East,M,273.79,116905.71
P11322,Dress,Rayon,Spring,338.74,23.6,4.5,69,123,12.99,39,South,XL,671.5,31832.08
P11323,Jacket,Polyester,Autumn,1170.5,1.5,2.7,239,116,15.9,30,West,M,1294.51,133741.33
P11324,Dress,Linen,Autumn,,48.7,3.0,393,115,11.38,36,East,XL,616.95,135585.85
P11325,T-Shirt,Wool,Autumn,1427.65,11.1,3.9,140,99,12.84,50,West,M,993.1,125648.9
P11326,T-Shirt,Rayon,Summer,695.93,23.6,4.9,394,118,6.31,55,East,S,418.82,62739.48
P11327,Dress,Wool,Summer,1208.59,3.1,2.7,168,116,2.62,57,South,M,1001.5,135850.35
P11328,Jacket,Polyester,Spring,607.28,26.1,2.6,321,122,15.01,20,Central,L,1015.93,54751.15
P11329,Dress,Linen,Spring,824.89,19.0,2.9,480,121,12.63,55,North,L,758.79,80847.47
P11330,Jacket,Wool,Winter,1733.29,2.2,4.1,93,131,18.83,36,North,S,1118.78,222065.65
P11331,Jacket,Wool,Summer,795.68,16.8,3.5,217,100,19.8,24,Central,L,717.32,66200.58
P11332,Sweater,Cotton,Spring,2167.58,19.6,4.6,183,144,17.1,32,West,S,1344.35,250953.74
P11333,Hoodie,Wool,Autumn,1457.33,49.5,2.7,297,132,19.73,55,South,S,714.32,97145.62
P11334,Trousers,Cotton,Autumn,1551.36,10.4,3.0,90,114,13.3,42,East,XL,649.5,158462.12
P11335,Jacket,Linen,Summer,1332.98,27.2,3.3,27,120,2.75,39,South,XL,849.11,116449.13
P11336,Jeans,Rayon,Autumn,1963.71,49.4,4.1,205,136,2.71,40,Central,M,389.56,135134.67
P11337,Jacket,Rayon,Winter,1969.9,39.6,4.2,300,105,16.34,27,West,XL,821.41,124931.06
P11338,Jacket,Linen,Spring,1701.03,49.7,2.8,369,119,5.5,53,West,S,504.39,101818.55
P11339,Jacket,Linen,Spring,1838.87,48.4,4.9,365,120,2.16,54,Central,XL,1041.27,113862.83
P11340,Sweater,Denim,Spring,1372.75,24.5,3.4,288,101,9.97,59,South,L,1016.31,104679.05
P11341,Hoodie,Linen,Summer,1825.32,34.8,4.3,472,129,6.98,59,North,L,521.81,153524.01
P11342,Sweater,Wool,Autumn,1297.27,5.5,3.8,406,115,12.17,59,South,M,616.71,140980.82
P11343,T-Shirt,Rayon,Winter,1501.34,22.1,3.1,471,119,12.4,24,West,S,1040.98,139175.72
P11344,Sweater,Polyester,Summer,1335.21,40.5,,263,122,13.95,42,West,M,1334.65,96922.89
P11345,Jeans,Rayon,Spring,1225.67,25.3,4.5,151,99,11.95,57,Central,M,753.33,90641.97
P11346,Jeans,Cotton,Winter,1086.53,35.1,3.5,174,141,8.24,58,South,XL,999.47,99427.27
P11347,Sweater,Rayon,Spring,1780.61,37.3,4.0,14,131,1.45,41,North,M,976.43,146253.96
P11348,Hoodie,Denim,Spring,2286.36,12.7,3.1,260,147,18.2,22,South,XL,978.58,293410.87
P11349,Dress,Linen,Summer,2202.66,43.8,4.2,159,127,7.21,38,West,XL,60.56,157212.65
P11350,Trousers,Linen,Spring,746.06,23.0,3.3,37,114,10.64,57,South,M,477.32,65489.15
P11351,Hoodie,Rayon,Winter,2273.52,10.5,4.6,246,119,11.58,37,West,M,1191.33,242141.25
P11352,Sweater,Polyester,Spring,1309.1,43.3,,141,122,6.98,46,West,S,514.99,90555.68
P11353,Jacket,Polyester,Autumn,1860.44,20.9,,315,121,6.86,54,East,XL,686.65,178064.57
P11354,Shirt,Denim,Spring,956.27,37.5,3.2,367,126,5.96,37,North,L,1341.21,75306.26
P11355,Trousers,Cotton,Summer,1585.19,27.4,3.0,294,123,5.62,35,Central,S,602.81,141554.3
P11356,Trousers,Rayon,Winter,1688.23,19.1,3.8,302,119,1.58,21,,XL,791.25,162527.59
P11357,Jeans,Linen,Summer,609.24,40.5,3.0,172,125,19.2,28,South,XL,876.48,45312.22
P11358,Trousers,Rayon,Autumn,1864.96,29.2,4.4,413,118,12.31,39,East,XL,1100.19,155806.22
P11359,Sweater,Denim,Spring,2307.56,19.5,3.1,428,117,3.05,31,West,XL,934.27,217337.54
P11360,Jacket,Wool,Summer,1395.21,5.5,4.3,236,142,12.25,45,North,XL,595.64,187223.23
P11361,Jacket,Wool,Summer,2316.1,44.8,3.9,477,111,5.41,21,West,S,753.23,141912.08
P11362,T-Shirt,Denim,Summer,1386.18,1.8,5.0,139,132,6.9,33,West,XL,681.94,179682.2
P11363,Jacket,Linen,Summer,2009.75,43.2,5.0,381,130,16.22,55,East,M,1022.06,148399.94
P11364,Hoodie,Denim,Autumn,168.86,18.0,4.7,67,113,17.83,40,North,L,737.11,15646.57
P11365,Jacket,,Autumn,2951.27,32.0,4.4,155,113,14.3,30,East,S,816.74,226775.59
P11366,Jeans,Polyester,Spring,2397.27,46.1,3.5,487,128,18.72,37,West,S,606.69,165392.45
P11367,Jacket,Denim,Spring,1329.22,7.6,4.4,371,128,18.2,22,North,L,1351.19,157209.51
P11368,T-Shirt,Linen,Winter,316.75,28.3,4.9,321,99,11.47,36,West,S,502.13,22483.87
P11369,Shirt,Denim,Autumn,1672.82,38.2,2.6,131,113,18.25,38,West,XL,1387.19,116819.71
P11370,Sweater,Denim,Summer,633.64,37.9,3.8,201,123,11.35,59,North,XL,696.44,48399.32
P11371,Jeans,Linen,Summer,1766.91,26.3,3.0,254,124,2.98,22,Central,L,1024.07,161474.37
P11372,Hoodie,Linen,Winter,1746.94,31.2,3.9,486,120,16.76,31,East,S,785.28,144227.37
P11373,Shirt,Cotton,Summer,935.16,37.9,3.7,112,105,3.49,53,South,M,393.21,60977.11
P11374,Jeans,Denim,Winter,2172.58,42.1,3.9,388,136,7.0,23,West,L,604.45,171077.64
P11375,Dress,Wool,Spring,1983.34,38.1,3.9,445,131,8.22,22,East,S,1086.78,160827.06
P11376,Trousers,Denim,Autumn,2085.49,17.7,4.9,259,136,16.34,41,East,S,435.68,233424.72
P11377,Dress,Denim,Winter,1505.31,49.8,3.9,31,112,2.59,46,North,L,-26.38,84634.55
P11378,Jacket,Linen,Summer,650.69,21.7,4.6,486,119,9.45,46,North,XL,207.27,60629.34
P11379,Shirt,Denim,Winter,2086.72,1.2,3.3,69,121,9.3,19,North,L,752.24,249463.2
P11380,Jacket,Rayon,Spring,1337.78,18.1,3.6,247,139,12.06,23,East,L,455.46,152294.21
P11381,Trousers,Denim,Summer,666.13,6.4,3.7,403,131,7.72,51,North,L,767.53,81678.2
P11382,Jeans,Rayon,Spring,2311.22,6.1,3.2,349,125,11.97,29,South,L,927.11,271279.45
P11383,Trousers,Wool,Spring,2759.64,14.1,3.4,393,125,19.73,39,East,L,939.02,296316.34
P11384,T-Shirt,Linen,Winter,1475.25,2.7,4.0,345,109,2.36,21,North,XL,862.58,156460.59
P11385,Trousers,Denim,Spring,2795.47,34.4,4.0,143,119,17.62,23,West,M,1358.22,218225.57
P11386,T-Shirt,Rayon,Summer,1554.79,3.7,4.1,346,128,6.86,20,East,XL,1224.3,191649.63
P11387,Trousers,Rayon,Spring,1271.73,10.2,3.4,271,119,9.85,30,Central,M,464.06,135899.61
P11388,Sweater,Rayon,Spring,1121.72,4.6,3.3,351,125,15.08,40,Central,XL,937.62,133765.11
P11389,T-Shirt,Polyester,Winter,2482.25,3.2,4.0,347,102,18.29,52,East,L,921.34,245087.44
P11390,Shirt,Cotton,Spring,1031.91,13.4,2.8,489,118,1.17,43,East,S,418.89,105448.82
P11391,Jacket,Wool,Autumn,1941.16,28.6,3.1,421,123,13.58,26,Central,M,585.1,170476.55
P11392,Hoodie,Denim,Winter,1164.5,48.2,2.6,51,117,2.32,40,West,M,262.03,70575.69
P11393,Jacket,Polyester,Winter,1223.82,43.8,2.7,83,128,10.99,21,West,S,584.61,88036.72
P11394,Dress,Denim,Summer,2118.15,43.8,3.1,306,122,15.25,51,West,M,943.33,145228.84
P11395,Jacket,Denim,Summer,1271.98,8.8,2.5,328,119,4.22,54,South,XL,1070.77,138045.45
P11396,Jeans,Linen,Summer,1257.12,13.2,3.1,31,108,15.51,25,South,M,1414.48,117847.46
P11397,Sweater,Linen,Summer,2179.68,3.8,4.1,229,115,6.88,51,West,XL,987.39,241138.0
P11398,Trousers,Linen,Autumn,2458.44,38.9,2.7,88,128,12.6,54,Central,L,872.35,192269.68
P11399,tshirt,Polyester,Winter,1886.81,3.5,3.6,244,122,13.5,23,South,M,1300.25,222134.14
P11400,Jeans,Denim,Spring,1107.14,27.8,4.8,166,117,13.33,24,North,M,1215.92,93524.54
P11401,Jeans,Cotton,Summer,1193.63,12.4,4.5,336,120,1.35,58,South,M,582.61,125474.39
P11402,T-Shirt,Wool,Summer,1547.95,12.2,3.3,123,135,3.89,56,Central,XL,713.06,183478.51
P11403,Jacket,Linen,Summer,1692.56,49.5,4.8,299,120,17.27,53,Central,L,958.33,102569.14
P11404,Shirt,Linen,Spring,907.28,37.8,3.3,105,109,18.86,22,East,S,344.66,61511.77
P11405,Hoodie,Denim,Summer,1933.82,41.8,2.7,139,134,11.71,20,Central,S,867.1,150814.75
P11406,Shirt,Denim,Spring,1551.31,28.6,5.0,419,120,12.34,34,West,S,881.62,132916.24
P11407,Dress,Polyester,Winter,470.58,43.6,4.7,118,93,15.35,36,Central,XL,970.35,24682.86
P11408,Sweater,Polyester,Winter,942.64,32.3,3.7,84,125,8.72,18,South,S,1012.31,79770.91
P11409,Shirt,Linen,Winter,1197.52,47.3,4.2,482,128,7.23,54,South,M,648.11,80779.91
P11410,Trousers,Denim,Autumn,1456.29,14.1,4.2,284,129,15.6,26,South,L,881.69,161372.95
P11411,Shirt,Cotton,Spring,2633.57,29.8,3.0,390,119,1.54,21,Central,L,625.66,220003.17
P11412,Dress,Wool,Summer,1642.9,34.5,3.0,29,133,17.82,59,West,XL,1037.72,143121.23
P11413,Hoodie,Denim,Summer,995.54,19.6,3.7,170,112,9.38,27,West,M,811.7,89646.39
P11414,Shirt,Denim,Summer,1632.38,44.0,4.8,218,116,10.58,49,East,S,1040.86,106039.4
P11415,Trousers,Rayon,Summer,1288.75,49.0,2.5,381,140,13.05,18,North,L,204.17,92016.75
P11416,T-Shirt,Polyester,Autumn,1694.85,24.7,4.5,103,119,6.21,40,West,M,362.54,151870.42
P11417,Sweater,Wool,Summer,1848.34,19.5,2.6,91,114,12.35,34,South,M,845.96,169622.16
P11418,Dress,Linen,Autumn,2225.54,23.6,3.7,361,130,14.17,47,East,XL,373.91,221040.63
P11419,T-Shirt,Denim,Spring,1485.43,42.6,4.1,113,113,3.24,44,West,XL,1053.91,96347.96
P11420,T-Shirt,Linen,Winter,2483.38,32.3,4.2,246,111,10.89,32,West,M,1056.28,186618.56
P11421,T-Shirt,Denim,Summer,2044.81,2.2,2.6,269,130,7.26,55,North,XL,888.33,259977.14
P11422,Jeans,Linen,Winter,1075.54,27.1,3.5,169,125,11.59,24,North,M,655.84,98008.58
P11423,Sweater,Wool,Spring,2825.91,0.9,4.0,412,92,1.4,50,North,XL,645.7,257643.87
P11424,Hoodie,Polyester,Spring,1696.2,38.9,2.7,396,123,15.11,22,West,L,1018.63,127474.52
P11425,Jacket,Wool,Summer,998.93,16.4,2.8,495,129,4.2,56,West,XL,933.46,107728.61
P11426,Sweater,Rayon,Spring,2491.75,23.6,4.2,357,100,14.1,51,South,M,491.61,190369.7
P11427,Jeans,Cotton,Winter,2746.67,39.9,3.8,70,103,15.61,20,Central,L,876.11,170027.11
P11428,Jacket,Polyester,Summer,1480.18,2.3,2.9,47,116,15.3,49,North,M,1195.35,167751.76
P11429,Sweater,Wool,Autumn,1197.81,7.9,3.8,127,123,16.53,19,South,M,920.24,135691.51
P11430,T-Shirt,Rayon,Summer,1396.58,19.9,4.8,399,108,6.85,33,South,XL,638.52,120815.34
P11431,Dress,Cotton,Winter,1928.84,11.5,2.5,321,132,19.38,34,East,L,683.2,225327.09
P11432,Jacket,Rayon,Summer,2266.71,16.9,4.1,177,109,1.45,29,South,M,638.11,205316.33
P11433,Trousers,Denim,Summer,1842.29,49.9,2.7,386,121,10.14,22,North,S,617.43,111681.46
P11434,Trousers,Denim,Winter,1561.03,41.3,2.5,346,111,6.14,21,Central,XL,386.68,101712.03
P11435,Shirt,Linen,Summer,2398.81,44.2,2.9,371,107,15.06,33,South,L,782.4,143223.35
P11436,Jacket,Polyester,Summer,1312.3,46.9,3.6,385,126,16.3,35,West,L,282.46,87800.74
P11437,Dress,Denim,Winter,2118.55,17.0,4.5,78,135,16.63,37,West,M,983.8,237383.53
P11438,Hoodie,Rayon,Spring,1327.16,14.9,3.2,92,114,6.64,26,South,L,651.42,128753.1
P11439,Jeans,Polyester,Winter,1758.61,11.7,4.1,244,129,6.21,33,North,L,1146.55,200317.99
P11440,T-Shirt,Denim,Summer,1431.86,41.5,3.5,51,133,13.86,52,Central,S,451.8,111405.87
P11441,Shirt,Linen,Autumn,1466.49,34.0,3.1,108,126,18.64,46,Central,L,709.32,121953.31
P11442,Trousers,Wool,Autumn,1273.57,11.8,3.8,479,127,5.83,47,North,S,783.19,142657.67
P11443,Jeans,Linen,Winter,2306.91,18.8,4.5,481,133,18.3,37,West,XL,403.56,249137.05
P11444,Jeans,Cotton,Autumn,,25.3,4.6,467,136,12.24,59,West,XL,896.81,107711.9
P11445,T-Shirt,Denim,Summer,1055.86,26.4,4.6,139,105,15.02,39,East,XL,405.5,81596.86
P11446,Hoodie,Cotton,Summer,2772.6,44.4,3.3,37,131,9.36,40,South,L,878.64,201945.09
P11447,Hoodie,Cotton,Winter,2086.71,19.0,4.5,242,121,16.33,53,South,XL,1194.96,204518.45
P11448,tshirt,Rayon,Summer,68.93,45.4,,238,129,19.44,39,West,S,928.02,4855.02
P11449,Trousers,Polyester,Spring,1160.84,22.1,4.3,126,129,4.24,18,South,L,616.87,116653.97
P11450,Hoodie,Rayon,Summer,412.81,37.3,4.9,410,134,8.33,38,North,L,1099.78,34683.47
P11451,Dress,Denim,Winter,929.59,46.5,2.5,335,126,17.39,36,Central,S,1446.92,62663.66
P11452,Hoodie,Cotton,Spring,-383.11,45.4,3.6,116,109,4.36,25,East,S,824.73,-22800.41
P11453,Jeans,,Spring,1417.81,2.8,4.1,388,147,8.85,22,North,S,553.21,202582.36
P11454,T-Shirt,Cotton,Autumn,814.83,10.3,4.3,334,130,4.16,57,North,XL,773.06,95017.33
P11455,Dress,Wool,Summer,1535.94,23.8,2.9,304,123,13.32,46,North,L,384.95,143957.51
P11456,T shirt,Rayon,Winter,524.93,21.6,4.9,400,121,5.53,35,South,M,1090.02,49796.96
P11457,Trousers,Rayon,Autumn,1549.75,32.0,4.0,169,125,8.24,46,Central,M,842.13,131728.75
P11458,Jacket,Polyester,Autumn,1251.05,47.2,2.9,13,111,10.33,32,East,L,591.88,73321.54
P11459,Jeans,Cotton,Summer,2401.17,5.6,2.6,158,108,6.65,48,West,L,906.36,244804.08
P11460,Dress,Linen,Summer,2346.81,22.6,4.5,243,111,13.92,32,North,S,601.12,201623.83
P11461,Dress,Rayon,Winter,1971.21,9.6,2.7,263,112,3.11,20,North,XL,691.68,199581.07
P11462,Dress,Rayon,Autumn,1304.03,44.7,2.9,425,107,17.72,59,North,S,750.55,77160.76
P11463,Jeans,Polyester,Winter,2691.23,48.2,3.9,257,113,10.15,50,West,S,1292.2,157528.46
P11464,Jeans,Wool,Autumn,568.18,23.9,4.0,347,129,11.88,41,South,M,411.95,55777.66
P11465,Jacket,Polyester,Autumn,657.86,5.2,4.2,362,126,12.82,55,,XL,983.0,78580.06
P11466,Shirt,,Autumn,1449.73,39.3,,407,102,2.13,41,Central,L,538.9,89758.58
P11467,Jacket,Denim,Summer,2852.42,34.9,4.4,79,124,15.38,30,South,L,1279.3,230258.75
P11468,Trousers,Denim,Autumn,1378.6,17.7,4.9,212,121,18.97,44,South,M,474.99,137285.12
P11469,T-Shirt,Wool,Autumn,1390.05,44.4,3.2,311,124,10.88,50,East,S,481.94,95835.61
P11470,Dress,Rayon,Autumn,634.85,48.8,4.3,157,117,8.43,36,East,XL,980.32,38030.05
P11471,Shirt,Wool,Spring,2067.56,27.9,4.8,230,140,15.91,42,South,S,750.43,208699.51
P11472,T-Shirt,Rayon,Summer,2071.91,28.3,4.2,195,126,14.69,23,East,XL,995.03,187180.49
P11473,Shirt,Rayon,Spring,1973.45,14.9,4.2,364,109,13.37,50,Central,S,1116.25,183055.25
P11474,Hoodie,Denim,Summer,1122.47,29.2,3.1,345,127,19.34,42,,XL,807.3,100928.01
P11475,Hoodie,,Winter,1075.98,22.0,3.8,57,128,12.05,40,East,S,1055.9,107425.84
P11476,Sweater,Polyester,Spring,724.13,15.1,3.9,272,126,5.72,34,West,M,166.73,77463.08
P11477,Hoodie,Rayon,Winter,1550.32,3.4,4.3,305,121,1.47,38,East,XL,859.72,181210.7
P11478,Jacket,Linen,Autumn,851.76,12.6,5.0,324,115,9.62,37,East,S,691.44,85610.4
P11479,Hoodie,Linen,Winter,793.55,9.9,2.6,301,126,13.39,29,West,XL,1202.41,90088.56
P11480,Jeans,Polyester,Winter,1245.79,27.1,2.7,181,105,4.27,30,Central,S,98.06,95359.0
P11481,Dress,Linen,Winter,1206.51,30.1,2.7,373,128,1.49,35,West,M,530.92,107948.86
P11482,Jacket,Cotton,Winter,1177.21,30.4,4.4,40,122,18.27,39,Central,XL,355.58,99959.26
P11483,T-Shirt,Rayon,Summer,1779.87,19.4,2.8,179,129,6.74,41,West,S,814.46,185060.2
P11484,Sweater,Polyester,Spring,1547.43,21.1,4.1,53,99,9.85,50,Central,M,825.91,120871.3
P11485,Sweater,Wool,Summer,1327.11,41.7,3.3,436,145,2.73,20,Central,S,761.3,112187.24
P11486,Sweater,Rayon,Summer,1609.81,23.8,3.6,52,107,8.25,34,North,L,990.82,131254.25
P11487,T-Shirt,Polyester,Summer,905.08,49.4,,440,117,9.05,56,North,S,1081.2,53582.55
P11488,T-Shirt,,Winter,1563.17,22.0,4.7,143,124,18.15,49,East,L,859.17,151189.8
P11489,T-Shirt,Wool,Summer,1590.36,32.5,4.0,358,116,17.44,34,West,M,350.3,124525.19
P11490,T-Shirt,Denim,Spring,598.17,2.5,4.9,228,128,4.59,42,Central,S,583.32,74651.62
P11491,Sweater,Rayon,Summer,2097.42,32.7,3.9,459,120,11.57,25,North,XL,955.45,169387.64
P11492,Sweater,Wool,Autumn,971.14,42.6,2.8,95,147,14.89,52,East,XL,825.56,81942.85
P11493,Shirt,Linen,Winter,1554.19,47.1,2.9,260,141,6.55,46,East,XL,556.98,115925.48
P11494,Jacket,Polyester,Autumn,2198.65,49.9,5.0,274,122,8.49,29,East,XL,1060.77,134385.89
P11495,Dress,Rayon,Spring,2055.41,14.1,4.3,20,133,19.71,53,North,S,927.22,234824.43
P11496,Hoodie,Cotton,Spring,1520.6,28.8,2.6,89,108,15.43,26,South,S,1056.61,116928.06
P11497,Hoodie,Wool,Spring,1282.5,22.5,4.3,118,123,9.31,43,East,L,864.13,122254.31
P11498,Jeans,Wool,Spring,2068.51,28.2,3.5,470,131,11.15,39,South,S,536.04,194559.91
P11499,Sweater,Rayon,Summer,1904.82,7.9,3.3,127,115,12.89,48,South,M,1186.69,201749.01
P11500,Jeans,Rayon,Winter,1128.98,42.8,2.9,261,160,10.48,47,South,XL,954.79,103324.25
P11501,Jacket,Denim,Spring,1023.06,45.5,4.6,27,127,8.82,32,East,S,910.27,70811.1
P11502,Jacket,Linen,Autumn,256.59,22.5,2.7,265,131,7.83,50,Central,M,1021.18,26050.3
P11503,Jeans,Denim,Spring,1592.42,14.0,3.2,254,109,4.21,20,South,L,671.85,149273.45
P11504,Sweater,Denim,Winter,1450.38,7.0,3.3,162,112,19.5,51,North,M,921.68,151071.58
P11505,Jeans,Linen,Autumn,2181.71,34.2,2.9,106,106,2.74,34,North,L,717.89,152169.91
P11506,Hoodie,Cotton,Autumn,1715.43,15.6,3.8,467,117,12.42,22,South,XL,528.98,169395.28
P11507,Shirt,Denim,Autumn,2300.54,45.5,2.5,195,128,19.23,47,,L,346.95,160485.67
P11508,Hoodie,Denim,Summer,1081.58,33.6,3.3,39,122,8.12,32,South,L,145.13,87616.63
P11509,Trousers,Wool,Spring,2182.89,32.3,4.8,124,140,5.8,56,North,M,865.29,206894.31
P11510,Sweater,Linen,Summer,1182.65,28.0,3.3,250,125,19.15,25,West,XL,528.03,106438.5
P11511,Sweater,Polyester,Autumn,1966.56,2.3,3.4,266,117,16.23,59,Central,M,599.53,224795.51
P11512,Dress,Cotton,Summer,624.74,46.6,3.7,456,111,13.45,55,West,XL,519.05,37030.84
P11513,T-Shirt,Cotton,Summer,1641.08,31.4,3.9,362,126,12.63,45,North,M,293.16,141848.39
P11514,Trousers,Linen,Summer,309.19,49.7,4.5,122,93,7.84,38,North,S,1070.14,14463.6
P11515,Jacket,Rayon,Spring,1339.72,26.9,3.0,344,978,13.19,27,East,M,1358.42,112623.56
P11516,Sweater,Rayon,Autumn,1764.21,35.5,4.7,38,101,14.78,45,West,L,210.97,114929.46
P11517,Jeans,,Autumn,1187.42,2.8,4.4,331,126,1.6,38,South,M,866.19,145425.7
P11518,Trousers,Wool,Spring,869.74,31.6,4.3,468,121,3.24,45,South,L,394.77,71983.16
P11519,Dress,Linen,Summer,2007.67,38.2,2.7,446,129,6.99,39,North,M,992.69,160055.47
P11520,Jacket,Wool,Summer,1437.92,38.9,2.6,235,113,7.14,55,East,M,1173.73,99278.31
P11521,T-Shirt,Cotton,Winter,1206.26,38.5,4.0,253,112,18.11,36,West,L,983.52,83087.19
P11522,T-Shirt,Cotton,Winter,1525.14,11.3,4.7,370,115,14.01,55,East,XL,473.88,155571.91
P11523,Dress,Polyester,Winter,3082.0,48.8,4.0,28,123,8.1,41,Central,M,538.96,194092.03
P11524,Dress,Rayon,Spring,2192.1,49.8,3.0,331,132,16.37,45,East,S,619.34,145257.31
P11525,Jeans,Linen,Autumn,2197.54,3.8,2.7,121,110,7.14,30,Central,S,958.11,232543.68
P11526,Sweater,,Winter,1761.33,46.8,4.2,221,128,19.82,26,West,L,683.76,119939.53
P11527,T-Shirt,Rayon,Autumn,1599.89,14.5,4.3,242,104,15.85,26,South,L,957.41,142262.22
P11528,Jacket,,Autumn,62.35,34.5,2.9,445,115,16.36,38,Central,L,753.74,4696.51
P11529,Trousers,Polyester,Autumn,1092.61,16.9,2.6,168,117,5.96,41,South,S,730.08,106231.19
P11530,Jacket,Polyester,Spring,1211.66,48.4,3.5,69,130,3.76,48,East,L,786.56,81278.15
P11531,Shirt,Wool,Spring,375.06,5.1,4.0,382,117,8.4,46,East,L,738.76,41644.04
P11532,Shirt,Polyester,Spring,805.55,24.9,4.3,333,121,7.35,57,West,XL,282.64,73201.13
P11533,Dress,,Spring,311.5,21.4,4.5,102,112,15.63,27,South,S,464.63,27421.97
P11534,Jeans,Denim,Winter,1477.01,16.3,4.0,257,104,4.31,21,West,XL,1244.85,128570.77
P11535,Shirt,Wool,Summer,1991.26,32.3,2.8,167,105,11.02,20,Central,XL,892.92,141548.72
P11536,T-Shirt,Polyester,Summer,2164.06,6.6,4.2,150,122,12.94,30,East,L,1290.68,246590.31
P11537,Jacket,Rayon,Summer,1748.87,35.8,5.0,408,130,8.32,38,East,XL,484.11,145960.69
P11538,Jacket,Polyester,Winter,921.96,49.0,4.8,413,109,4.81,25,East,M,748.69,51251.76
P11539,Dress,Wool,Summer,340.76,40.2,4.7,427,121,18.02,26,East,M,690.79,24656.71
P11540,Sweater,Linen,Winter,445.88,43.0,3.3,229,108,3.64,18,East,M,436.57,27448.37
P11541,Sweater,Wool,Winter,738.61,18.0,4.4,413,109,6.77,31,Central,XL,245.6,66016.96
P11542,Trousers,Denim,Winter,966.68,16.2,4.6,315,113,15.37,29,Central,M,453.15,91538.8
P11543,Dress,Linen,Summer,,25.9,,98,133,12.5,53,,S,1064.3,138383.19
P11544,Hoodie,Rayon,Autumn,891.5,2.3,3.1,164,132,14.88,39,North,M,606.66,114971.41
P11545,Trousers,Cotton,Summer,1703.39,47.3,4.9,423,121,16.37,53,East,M,655.41,108620.07
P11546,Hoodie,Wool,Summer,1360.64,7.2,3.6,449,116,18.01,33,East,XL,747.21,146470.17
P11547,Sweater,Denim,Spring,1506.33,45.2,2.8,242,121,6.79,28,North,S,798.83,99881.73
P11548,Dress,Rayon,Winter,2184.15,4.2,2.8,477,135,10.01,20,West,XL,659.61,282476.12
P11549,Hoodie,Linen,Autumn,791.86,41.1,4.1,202,95,14.08,51,Central,S,633.34,44308.53
P11550,Dress,Rayon,Spring,1751.22,7.6,3.6,108,107,16.1,42,East,S,869.32,173139.62
P11551,Dress,Wool,Autumn,1491.62,1.9,2.7,448,118,11.98,43,West,XL,1238.81,172666.95
P11552,Sweater,Polyester,Autumn,1299.91,36.0,4.4,122,111,10.76,20,North,M,565.3,92345.61
P11553,Trousers,Wool,Winter,2031.15,14.0,4.5,116,117,14.14,37,Central,L,290.78,204374.31
P11554,Trousers,Cotton,Summer,2027.41,35.7,4.3,33,125,8.26,48,Central,L,561.85,162953.08
P11555,Dress,Wool,Winter,932.11,27.8,3.0,290,124,17.98,18,West,M,720.08,83449.94
P11556,Shirt,Linen,Winter,1390.7,5.4,4.2,497,125,5.03,43,South,L,197.6,164450.28
P11557,Jeans,Linen,Spring,1668.73,46.6,2.5,446,136,17.8,42,South,L,779.82,121189.85
P11558,Sweater,Wool,Winter,1336.2,22.6,3.3,213,109,13.23,28,South,S,921.86,112729.85
P11559,Jeans,Linen,Summer,1851.01,36.7,3.5,20,116,12.41,33,North,XL,440.21,135915.96
P11560,Jeans,Polyester,Autumn,1668.72,25.1,4.6,359,100,9.93,37,South,XL,661.37,124987.13
P11561,Trousers,Rayon,Winter,2599.54,30.2,3.5,325,126,3.94,59,West,M,953.13,228624.34
P11562,Trousers,Wool,Autumn,581.83,15.1,2.5,214,123,17.43,55,Central,M,740.46,60758.76
P11563,Shirt,Polyester,Winter,1426.54,10.0,3.4,440,150,2.0,19,West,XL,797.05,192582.9
P11564,Jeans,Rayon,Autumn,954.9,27.1,3.7,418,129,6.13,46,West,L,718.73,89799.75
P11565,Jeans,Rayon,Winter,1862.46,22.0,4.9,34,129,3.08,24,East,M,777.25,187400.73
P11566,Dress,Polyester,Spring,529.7,19.5,4.9,410,124,3.03,57,North,S,1223.74,52874.65
P11567,Trousers,Denim,Autumn,1707.79,33.6,3.0,149,99,8.42,42,Central,XL,922.44,112263.28
P11568,Jeans,Wool,Winter,1121.97,34.5,3.0,132,121,4.05,21,East,L,139.38,88921.73
P11569,Jacket,Rayon,Winter,1059.5,2.3,2.9,445,118,12.05,51,North,S,799.68,122145.52
P11570,Shirt,Rayon,Spring,632.1,16.9,4.5,20,117,12.92,42,Central,XL,1279.35,61457.19
P11571,Hoodie,Linen,Spring,1220.95,20.6,2.5,275,108,17.76,25,East,XL,764.64,104698.9
P11572,Jacket,Rayon,Spring,2150.7,4.8,2.8,90,123,6.69,49,South,L,207.9,251838.37
P11573,Jacket,Polyester,Autumn,1484.89,11.8,3.8,453,136,6.87,35,West,M,443.56,178115.53
P11574,Hoodie,Rayon,Autumn,1876.61,2.6,3.1,319,129,5.68,57,South,S,720.32,235788.54
P11575,Sweater,Denim,Spring,,49.8,2.7,118,124,15.85,28,Central,S,512.11,155544.68
P11576,Sweater,Wool,Summer,1658.25,36.8,3.4,217,112,9.13,54,East,S,1236.45,117377.57
P11577,Shirt,Wool,Summer,1164.72,4.4,3.2,328,114,11.5,56,East,XL,430.92,126935.84
P11578,Jacket,Rayon,Winter,1780.35,1.0,3.8,253,121,8.12,53,East,L,736.15,213268.13
P11579,Jeans,Cotton,Summer,1173.42,36.0,4.9,285,114,3.98,27,West,L,748.29,85612.72
P11580,Trousers,Cotton,Winter,1197.35,22.0,2.8,270,123,2.95,23,East,XL,1214.34,114873.76
P11581,Shirt,Polyester,Autumn,588.06,39.3,3.4,306,108,17.5,33,North,S,723.46,38550.86
P11582,Dress,Cotton,Autumn,2055.75,46.2,4.8,383,123,6.04,42,North,S,1091.32,136037.2
P11583,Hoodie,,Summer,1268.4,30.0,4.7,72,121,18.89,51,North,L,673.9,107433.48
P11584,Jacket,Linen,Autumn,1609.26,9.4,3.5,193,104,19.0,48,South,M,713.32,151630.91
P11585,Shirt,Polyester,Spring,878.42,39.1,4.2,41,112,10.1,25,Central,XL,638.3,59915.27
P11586,T-Shirt,Cotton,Spring,,47.8,2.7,292,114,19.21,34,South,M,227.76,104827.51
P11587,T-Shirt,Rayon,Summer,1042.84,29.0,4.3,333,126,1.54,31,South,S,1052.04,93292.47
P11588,Sweater,Linen,Summer,1414.97,34.1,4.9,370,124,2.74,47,West,XL,965.91,115625.69
P11589,Hoodie,Cotton,Winter,2026.7,16.9,3.8,441,119,5.62,35,South,XL,744.78,200418.34
P11590,Trousers,Polyester,Autumn,,19.1,3.7,16,127,4.97,53,,M,609.75,202861.94
P11591,Jeans,Denim,Winter,1486.78,36.7,3.0,183,112,5.8,38,North,XL,380.75,105406.75
P11592,Trousers,Wool,Winter,439.12,46.4,4.1,471,115,9.59,48,North,L,586.9,27067.36
P11593,Trousers,Cotton,Spring,3295.69,31.4,4.0,368,137,2.2,50,South,M,739.72,309735.54
P11594,Trousers,Polyester,Spring,,39.5,4.1,481,112,11.55,40,South,L,844.77,172619.96
P11595,Hoodie,Linen,Spring,1933.6,8.6,,377,111,6.88,55,North,S,890.21,196171.45
P11596,Trousers,Cotton,Spring,1048.08,10.6,3.9,155,104,2.36,22,East,M,476.39,97446.29
P11597,Dress,Cotton,Winter,1431.84,26.6,4.0,261,101,15.31,32,North,XL,489.04,106148.03
P11598,Hoodie,Wool,Spring,1173.95,8.8,3.0,175,112,13.42,47,East,M,728.24,119911.95
P11599,Dress,Polyester,Autumn,2258.31,31.7,3.0,112,118,16.08,33,North,L,647.64,182006.24
P11600,Hoodie,Denim,Spring,1657.5,14.6,3.2,497,123,18.85,57,Central,L,953.02,174107.12
P11601,Sweater,Linen,Spring,1029.5,39.6,4.3,202,107,12.13,46,West,S,329.08,66534.53
P11602,Shirt,Polyester,Spring,1217.55,40.4,4.0,26,127,15.95,45,West,XL,923.13,92158.79
P11603,T-Shirt,Linen,Summer,2172.71,23.2,4.6,99,125,4.78,23,Central,XL,768.14,208580.16
P11604,Trousers,Cotton,Autumn,2460.06,9.0,3.2,380,126,8.8,22,East,S,564.49,282070.48
P11605,Sweater,Wool,Autumn,2417.0,32.3,4.8,95,122,11.07,55,South,L,846.46,199629.7
P11606,Shirt,Wool,Winter,1954.22,49.6,4.4,112,105,11.28,42,South,XL,927.53,103417.32
P11607,T-Shirt,Rayon,Winter,1348.43,31.1,3.5,91,117,14.65,45,West,XL,179.13,108700.99
P11608,Jacket,Denim,Spring,-444.91,1.8,2.7,135,123,16.12,18,South,L,1334.65,-53738.9
P11609,Jeans,Wool,Summer,1678.3,0.9,3.1,47,109,13.67,31,East,S,737.05,181288.29
P11610,Dress,Cotton,Winter,1498.9,16.0,4.9,357,116,1.9,36,South,L,888.28,146052.82
P11611,Jacket,Denim,Winter,1583.99,9.8,3.3,222,124,7.67,48,North,XL,880.15,177166.11
P11612,Hoodie,Polyester,Spring,1532.34,40.7,3.3,328,128,11.88,32,Central,M,800.22,116310.74
P11613,T-Shirt,Wool,Spring,704.24,42.2,3.0,495,121,10.65,36,West,S,593.43,49253.14
P11614,Jacket,Denim,Winter,1834.45,12.9,4.5,234,115,1.85,55,South,M,777.66,183747.68
P11615,Jeans,Cotton,Winter,1879.33,16.3,3.2,231,121,19.63,49,East,L,751.1,190332.9
P11616,Sweater,Rayon,Autumn,1909.4,11.8,3.3,435,113,19.17,48,South,S,835.21,190302.26
P11617,T-Shirt,Linen,Summer,2067.95,45.4,3.5,256,99,15.7,54,Central,S,1209.3,111780.97
P11618,Jacket,Linen,Autumn,1862.43,25.1,3.6,145,125,2.05,43,North,S,658.58,174370.01
P11619,Dress,Cotton,Winter,1253.98,32.8,3.5,295,122,9.17,58,West,L,474.62,102806.3
P11620,Dress,Cotton,Autumn,1457.5,20.8,3.8,240,133,8.79,42,West,S,763.38,153527.22
P11621,Shirt,Linen,Autumn,1554.67,31.6,4.5,329,111,11.6,57,East,S,529.3,118036.77
P11622,Jacket,Rayon,Winter,1564.62,19.3,4.5,18,106,2.06,25,North,XL,416.51,133840.72
P11623,Trousers,Denim,Spring,2098.93,17.0,4.5,234,126,9.05,21,South,S,527.48,219506.1
P11624,Jacket,Linen,Winter,1886.2,31.7,2.8,322,117,15.4,48,South,XL,331.71,150728.13
P11625,Sweater,Cotton,Spring,2746.41,29.6,4.5,116,120,19.96,49,East,S,364.27,232016.72
P11626,T-Shirt,Wool,Winter,2823.88,14.7,2.8,196,110,12.31,51,North,L,1188.22,264964.66
P11627,T-Shirt,Polyester,Winter,1547.79,7.5,2.8,230,136,18.87,20,East,S,1066.5,194711.98
P11628,Sweater,Rayon,Winter,-801.99,18.4,4.9,104,134,19.97,58,Central,S,740.11,-87692.79
P11629,Jacket,Rayon,Summer,2242.1,20.8,4.5,204,115,9.26,43,Central,L,425.08,204210.47
P11630,Sweater,Wool,Spring,1175.77,31.4,3.9,251,109,13.71,21,South,S,186.85,87917.03
P11631,Jeans,Wool,Summer,1019.11,45.7,,239,125,5.05,19,Central,M,665.3,69172.09
P11632,Hoodie,Cotton,Winter,1260.93,1.8,5.0,340,134,10.04,36,East,S,944.81,165923.26
P11633,Sweater,Linen,Autumn,1232.01,12.2,4.0,14,133,2.49,40,West,S,713.84,143866.74
P11634,Dress,Denim,Summer,1867.36,9.7,4.0,360,129,1.55,42,Central,XL,1032.52,217523.16
P11635,Sweater,Rayon,Spring,564.34,25.1,4.4,477,126,17.97,24,East,XL,621.27,53259.02
P11636,T-Shirt,Rayon,Winter,853.37,21.5,3.1,13,134,17.31,25,West,M,663.53,89765.99
P11637,Dress,Wool,Summer,1705.9,36.5,2.9,273,112,6.93,20,West,L,911.5,121323.61
P11638,T-Shirt,Linen,Autumn,1873.77,12.1,4.4,435,129,9.68,40,Central,S,348.6,212468.65
P11639,Shirt,Rayon,Summer,1884.92,29.7,3.4,262,121,10.38,50,North,XL,810.43,160336.95
P11640,Trousers,Denim,Spring,1027.78,44.2,2.8,172,132,10.89,45,Central,M,796.0,75702.16
P11641,T-Shirt,Wool,Summer,913.04,45.5,3.3,150,121,3.56,39,Central,L,680.39,60210.42
P11642,Dress,Denim,Autumn,1196.02,47.9,3.4,398,134,15.73,52,North,XL,1151.61,83498.94
P11643,Shirt,Linen,Autumn,,38.7,4.9,305,133,7.61,51,Central,L,956.71,134027.15
P11644,T-Shirt,Rayon,Spring,2391.29,45.3,4.2,28,119,1.6,47,East,M,274.9,155656.24
P11645,Jeans,Polyester,Autumn,271.54,11.7,3.8,91,117,13.85,53,North,L,635.56,28053.07
P11646,Sweater,Rayon,Winter,1367.56,9.9,4.9,490,144,16.77,31,East,L,540.93,177432.7
P11647,Trousers,Linen,Autumn,700.39,0.3,4.8,390,140,18.44,26,West,M,714.86,97760.44
P11648,T-Shirt,Rayon,Winter,508.65,35.3,3.8,13,132,13.81,39,North,L,453.63,43440.74
P11649,Shirt,Rayon,Summer,2080.17,46.9,4.8,137,103,4.63,45,West,M,433.14,113770.74
P11650,Jeans,Cotton,Winter,1826.77,9.3,3.5,196,123,12.21,58,South,L,699.67,203796.29
P11651,Jacket,Rayon,Winter,1769.66,31.8,3.1,155,108,18.32,31,South,XL,774.16,130346.08
P11652,Shirt,Rayon,Summer,2052.62,37.3,3.1,161,126,7.66,32,East,XL,503.2,162161.09
P11653,Sweater,Denim,Autumn,1212.17,46.4,4.2,372,113,19.11,54,West,XL,468.58,73418.71
P11654,Shirt,Polyester,Winter,1240.42,32.3,3.8,102,127,2.86,41,West,XL,274.92,106650.07
P11655,Jeans,Denim,Autumn,2811.44,48.5,4.1,40,115,14.83,51,North,M,845.57,166507.53
P11656,Shirt,Denim,Summer,1352.06,17.2,,323,111,3.28,20,South,L,632.13,124265.13
P11657,Jeans,Wool,Spring,1941.08,17.5,2.6,37,115,16.18,40,East,M,570.98,184159.96
P11658,T-Shirt,Cotton,Autumn,1503.83,27.2,2.6,146,132,2.86,37,East,S,1000.0,144512.05
P11659,Hoodie,Denim,Autumn,391.04,19.2,3.8,438,144,7.19,32,North,L,-16.56,45498.29
P11660,Jeans,Linen,Spring,273.22,0.1,3.0,99,110,15.76,33,North,M,907.57,30024.15
P11661,Jeans,Linen,Spring,1152.61,36.6,4.1,58,104,9.74,24,East,L,1176.4,75998.49
P11662,Trousers,Rayon,Summer,2133.66,37.6,3.9,376,108,17.77,50,North,L,122.44,143791.61
P11663,Jeans,Wool,Autumn,1972.97,37.3,4.0,267,128,8.63,36,West,S,163.38,158342.68
P11664,Jeans,Cotton,Autumn,2048.45,17.3,3.3,15,103,19.9,35,East,XL,314.38,174489.02
P11665,Jacket,Cotton,Summer,907.77,26.1,4.1,38,116,1.35,58,Central,L,388.44,77817.68
P11666,Hoodie,,Autumn,2469.52,18.0,4.6,419,120,14.23,35,South,L,1050.1,243000.77
P11667,T-Shirt,Linen,Winter,921.06,0.8,5.0,165,124,18.4,20,South,S,669.23,113297.75
P11668,Sweater,Polyester,Winter,1627.69,28.1,4.6,272,107,11.18,20,Central,M,1359.37,125223.07
P11669,Trousers,,Winter,1493.79,6.2,3.9,43,128,19.78,53,Central,XL,637.79,179350.4
P11670,Jacket,Rayon,Autumn,1395.68,4.0,3.0,449,127,14.45,33,West,M,662.08,170161.31
P11671,Dress,Wool,Winter,2303.16,37.8,,246,117,9.16,40,East,M,1147.85,167610.17
P11672,Hoodie,Linen,Winter,1076.93,0.5,4.8,147,122,10.79,40,North,M,-16.82,130728.53
P11673,T-Shirt,Linen,Summer,690.24,48.0,3.0,377,124,17.67,32,South,XL,782.81,44506.68
P11674,T-Shirt,Polyester,Summer,1512.0,25.8,3.1,498,115,19.19,26,Central,M,913.21,129018.96
P11675,Dress,Polyester,Spring,1260.1,49.2,2.9,497,121,11.56,57,East,M,1084.58,77455.83
P11676,Sweater,Cotton,Spring,3526.43,2.9,4.3,66,107,6.84,55,North,XL,1018.35,366385.5
P11677,Jeans,Wool,Spring,1905.9,29.2,3.5,184,116,5.55,35,South,XL,828.67,156527.76
P11678,Jacket,Wool,Spring,1254.4,17.5,2.7,223,111,10.06,55,East,S,1138.7,114871.68
P11679,Shirt,Linen,Summer,866.33,42.2,4.7,36,113,6.63,23,South,M,1160.33,56583.48
P11680,Trousers,Cotton,Summer,371.83,18.1,3.9,304,121,9.0,54,West,S,944.92,36847.98
P11681,Shirt,Rayon,Summer,884.87,13.0,3.3,415,127,16.85,23,South,L,446.48,97769.29
P11682,Dress,Wool,Winter,1568.97,42.9,3.4,128,131,9.97,38,West,S,795.54,117360.52
P11683,T-Shirt,Cotton,Winter,2356.4,18.7,3.2,156,106,13.18,47,West,S,996.37,203069.84
P11684,Sweater,Cotton,Spring,2173.01,0.8,3.6,365,111,2.71,45,West,S,666.64,239274.48
P11685,T-Shirt,Linen,Winter,1637.46,19.5,3.3,274,139,15.48,37,North,S,959.59,183223.59
P11686,Trousers,Cotton,Autumn,1306.1,32.7,3.9,412,126,10.18,36,North,M,729.55,110754.67
P11687,T-Shirt,Polyester,Summer,1661.29,12.7,4.4,267,121,7.86,31,West,L,579.55,175487.05
P11688,T-Shirt,Polyester,Spring,1188.82,21.6,4.2,357,129,12.61,18,East,L,794.91,120232.5
P11689,Trousers,Denim,Spring,2531.02,2.8,3.2,198,146,2.94,44,West,XL,339.36,359182.11
P11690,Jacket,Linen,Autumn,1386.49,29.4,3.8,324,100,8.87,49,East,L,825.83,97886.19
P11691,Jacket,Rayon,Winter,1448.2,37.8,4.6,240,125,16.41,46,South,S,535.2,112597.55
P11692,Trousers,Denim,Spring,170.51,20.7,2.7,479,128,5.98,48,North,XL,923.4,17307.45
P11693,Sweater,Polyester,Winter,1382.74,21.0,2.7,207,135,18.37,42,East,S,409.15,147469.22
P11694,Dress,Denim,Winter,2001.89,4.4,3.9,248,110,12.47,24,East,M,1324.62,210518.75
P11695,Hoodie,Linen,Autumn,859.37,10.1,4.1,336,110,11.27,56,East,M,443.06,84983.1
P11696,T-Shirt,Linen,Spring,1049.57,7.7,3.0,79,117,8.59,33,Central,L,1007.01,113344.11
P11697,Sweater,Cotton,Winter,1975.63,24.1,4.4,426,113,15.1,28,North,S,705.16,169443.86
P11698,T-Shirt,Wool,Winter,614.01,26.5,4.1,261,115,11.72,35,Central,S,906.23,51899.2
P11699,Hoodie,Cotton,Autumn,2134.68,47.4,4.8,471,128,16.13,59,,S,969.74,143723.74
P11700,Dress,Linen,Autumn,1180.71,3.7,2.9,202,124,7.3,22,East,XL,690.06,140990.94
P11701,Jacket,Polyester,Winter,1266.86,30.0,4.4,34,107,14.34,19,North,XL,700.33,94887.81
P11702,Sweater,Rayon,Autumn,825.67,26.3,2.7,79,124,18.93,27,North,XL,693.5,75456.33
P11703,Jeans,Polyester,Winter,1726.83,25.8,3.9,165,112,6.32,43,North,L,161.88,143506.48
P11704,Jeans,Cotton,Spring,2975.92,43.7,3.9,155,129,19.64,41,East,L,1000.21,216132.14
P11705,Hoodie,Rayon,Summer,1968.9,10.3,,328,125,8.8,43,West,S,762.5,220762.91
P11706,Jeans,Linen,Autumn,981.43,2.0,4.6,228,95,1.73,33,West,S,648.0,91371.13
P11707,Jacket,Polyester,Summer,2181.37,33.6,2.5,58,108,7.8,42,West,L,710.6,156430.41
P11708,Hoodie,Linen,Winter,1309.99,17.3,3.8,388,121,3.84,55,Central,XL,617.21,131086.77
P11709,Jacket,Rayon,Winter,2324.69,0.9,3.0,389,136,6.78,23,East,XL,137.95,313312.42
P11710,Dress,Rayon,Winter,1984.01,12.6,4.4,203,131,2.82,29,South,XL,618.62,227157.24
P11711,T-Shirt,Polyester,Summer,-265.88,15.5,2.6,49,111,4.39,26,Central,XL,747.78,-24938.21
P11712,Dress,Linen,Winter,897.55,30.8,4.6,94,116,3.41,59,North,XL,506.53,72048.13
P11713,Dress,Denim,Autumn,2066.63,8.6,4.6,352,132,1.83,25,West,L,765.39,249334.78
P11714,Jacket,Linen,Spring,1590.99,20.7,4.6,459,126,6.63,48,North,M,1004.46,158968.54
P11715,Hoodie,Rayon,Spring,885.75,24.1,2.9,345,98,18.88,58,Central,M,571.37,65883.86
P11716,Hoodie,Linen,Autumn,1119.85,23.0,4.1,13,105,19.04,49,West,M,318.3,90539.87
P11717,Jeans,Cotton,Spring,356.26,48.7,2.5,299,110,17.09,24,East,S,764.97,20103.75
P11718,Shirt,Denim,Summer,1446.98,2.3,4.6,256,103,1.23,49,West,S,877.95,145611.04
P11719,T-Shirt,Wool,Winter,2826.41,47.5,4.3,14,116,1.53,59,West,XL,1265.02,172128.37
P11720,Jacket,Cotton,Winter,1982.96,29.1,3.8,235,120,1.2,42,West,S,604.37,168710.24
P11721,Jeans,Wool,Winter,2814.25,39.8,4.3,159,147,7.97,50,Central,L,760.23,249044.24
P11722,Sweater,Polyester,Summer,2029.44,21.5,2.7,247,117,19.62,45,West,M,1114.22,186393.92
P11723,Shirt,Wool,Summer,2116.49,22.7,3.8,157,118,18.04,28,Central,L,492.16,193053.52
P11724,Shirt,Linen,Summer,2684.45,44.0,3.2,112,145,5.76,48,North,L,916.88,217977.34
P11725,Jacket,Wool,Autumn,1726.36,44.8,4.9,184,112,8.79,27,East,L,906.96,106730.48
P11726,Trousers,Rayon,Summer,1387.66,11.9,4.6,470,140,16.66,19,West,XL,935.41,171153.98
P11727,T-Shirt,Cotton,Spring,2119.59,10.0,4.3,245,139,15.41,21,Central,XL,574.17,265160.71
P11728,Shirt,Cotton,Autumn,2372.3,24.8,4.8,43,125,3.52,39,West,XL,474.17,222996.2
P11729,Jacket,Wool,Autumn,1212.02,45.0,3.4,181,108,3.05,45,West,S,673.39,71993.99
P11730,Jacket,Cotton,Autumn,1067.06,16.1,4.8,15,126,11.33,27,West,XL,746.2,112803.18
P11731,Jeans,Rayon,Summer,1583.31,32.6,3.3,449,129,2.94,19,South,S,348.27,137662.47
P11732,Sweater,Cotton,Autumn,1998.9,35.4,4.3,294,111,16.68,48,East,L,906.02,143333.12
P11733,Trousers,Wool,Summer,1978.85,38.9,4.3,234,120,5.81,59,East,M,1001.92,145089.28
P11734,T-Shirt,Denim,Summer,645.5,28.2,2.5,62,133,4.58,40,Central,XL,375.21,61641.38
P11735,Hoodie,Denim,Autumn,2646.96,20.1,3.4,266,150,4.53,33,North,S,1019.67,317238.16
P11736,Dress,Polyester,Winter,1115.3,48.4,2.5,68,115,1.86,26,North,S,399.92,66181.9
P11737,Sweater,Cotton,Winter,1340.96,30.6,5.0,441,116,13.19,23,North,XL,531.35,107952.64
P11738,Sweater,Wool,Autumn,,36.4,2.8,255,120,4.13,42,West,XL,758.12,73145.85
P11739,Jeans,Cotton,Winter,3119.0,17.2,3.9,16,124,5.43,21,Central,L,779.06,320233.97
P11740,Hoodie,Linen,Spring,1645.24,33.5,,223,122,15.27,29,,S,1156.26,133478.32
P11741,Shirt,,Spring,989.41,12.9,3.0,425,122,2.09,41,South,M,940.16,105136.69
P11742,Shirt,Cotton,Summer,2018.35,12.3,3.7,87,103,4.85,44,Central,L,832.94,182319.57
P11743,Jeans,Cotton,Winter,1961.48,35.7,4.0,198,136,3.84,20,Central,S,548.68,171527.5
P11744,Jacket,Denim,Spring,1387.36,26.1,2.9,450,137,1.09,29,Central,L,600.21,140460.49
P11745,Shirt,Rayon,Autumn,2004.36,34.2,4.4,316,129,11.25,47,South,L,461.67,170134.09
P11746,Trousers,Wool,Winter,1004.82,13.5,3.2,225,104,4.61,29,Central,XL,606.46,90393.61
P11747,T-Shirt,Cotton,Spring,,29.9,3.0,412,129,13.03,58,South,M,1267.66,108899.12
P11748,Sweater,Denim,Spring,293.87,22.2,3.9,292,113,10.53,59,North,M,716.43,25835.29
P11749,Sweater,Polyester,Autumn,705.63,29.8,3.5,328,110,13.69,57,Central,S,804.63,54488.75
P11750,Trousers,Rayon,Summer,2584.58,14.5,4.8,453,134,19.65,39,West,L,617.9,296115.33
P11751,Hoodie,Denim,Autumn,2484.86,35.8,4.7,70,147,5.18,32,East,XL,469.12,234506.18
P11752,Shirt,Denim,Summer,1539.47,40.3,3.7,70,120,13.65,45,South,S,794.24,110287.63
P11753,Sweater,Denim,Spring,2497.76,13.0,3.4,224,132,16.84,34,North,S,794.81,286842.76
P11754,Dress,Cotton,Summer,1403.96,15.0,3.3,391,117,19.19,42,North,S,1098.18,139623.82
P11755,Hoodie,Cotton,Spring,1353.95,33.1,3.2,54,118,12.82,20,East,M,603.13,106883.52
P11756,T-Shirt,Polyester,Spring,1533.91,34.8,3.9,414,124,3.49,53,Central,L,618.1,124013.56
P11757,T-Shirt,Linen,Winter,1425.05,35.2,4.5,181,121,2.02,48,West,L,517.49,111735.32
P11758,Sweater,Linen,Summer,1370.88,34.1,3.3,230,115,6.29,32,East,XL,816.12,103892.14
P11759,Jeans,Linen,Summer,2186.04,19.6,3.0,394,130,18.63,45,Central,M,1071.48,228484.9
P11760,Hoodie,Rayon,Summer,1590.08,19.7,3.7,104,118,11.2,48,Central,M,1060.03,150666.44
P11761,Sweater,Rayon,Autumn,1927.49,12.7,2.7,356,103,12.01,37,South,S,1264.25,173317.97
P11762,Jeans,Polyester,Winter,2118.83,7.8,4.3,53,127,12.6,38,West,XL,369.84,248102.28
P11763,Sweater,Rayon,Winter,1732.91,34.6,3.8,237,122,7.31,44,West,S,849.62,138265.42
P11764,Dress,Linen,Winter,917.84,4.7,3.7,71,105,4.45,36,South,XL,884.32,91843.66
P11765,Hoodie,Linen,Autumn,688.28,46.9,3.3,326,126,19.13,53,Central,XL,307.15,46050.06
P11766,Jacket,Denim,Summer,1589.27,41.3,4.8,228,152,15.35,29,Central,M,1037.87,141801.03
P11767,T-Shirt,Rayon,Summer,1397.25,42.9,2.7,344,116,10.71,52,West,M,62.59,92548.25
P11768,Sweater,Cotton,Summer,1552.43,45.3,4.7,98,114,8.16,50,West,L,677.35,96806.43
P11769,Dress,Cotton,Winter,1490.37,20.4,3.4,121,135,10.17,53,West,L,254.72,160155.16
P11770,Jeans,Denim,Winter,3050.14,42.3,4.7,216,125,1.64,58,West,L,1655.69,219991.35
P11771,Jeans,Denim,Spring,701.86,7.9,4.3,497,149,5.7,40,Central,M,715.62,96315.55
P11772,T-Shirt,Denim,Autumn,306.03,1.1,2.8,476,109,5.76,30,West,S,1034.96,32990.34
P11773,Trousers,Cotton,Autumn,1699.43,39.2,4.6,376,118,9.46,47,Central,XL,757.98,121923.91
P11774,Sweater,Linen,Winter,1274.15,3.7,4.2,315,137,5.49,27,South,XL,537.75,168099.88
P11775,Hoodie,Denim,Spring,1689.64,49.4,2.6,212,139,4.52,58,,L,1082.15,118839.14
P11776,Shirt,Polyester,Summer,1850.33,33.7,2.8,306,128,15.55,37,South,XL,739.99,157026.41
P11777,Jeans,Denim,Winter,2270.46,37.7,4.1,42,139,17.98,23,South,XL,395.19,196615.02
P11778,Hoodie,Wool,Autumn,595.66,12.3,4.2,498,92,2.28,48,East,M,560.1,48060.23
P11779,Hoodie,Denim,Autumn,1165.97,33.7,4.4,224,128,4.98,36,South,M,448.93,98948.88
P11780,Jacket,Cotton,Autumn,1757.26,2.2,4.3,21,129,15.7,20,East,XL,723.22,221699.44
P11781,Hoodie,Rayon,Summer,1962.28,41.9,4.1,11,113,16.5,27,East,S,665.73,128829.57
P11782,Hoodie,Denim,Autumn,2816.07,8.5,4.4,372,117,10.5,27,East,L,687.84,301474.37
P11783,Jacket,Rayon,Summer,2073.42,34.9,3.9,158,117,14.2,38,South,XL,892.93,157926.18
P11784,Jeans,Wool,Summer,1465.93,11.2,3.2,151,135,2.47,19,North,XL,1554.71,175735.69
P11785,Hoodie,Polyester,Summer,965.74,3.4,4.8,299,125,17.14,56,East,L,772.16,116613.1
P11786,Trousers,Rayon,Winter,1161.43,24.1,2.5,216,110,16.82,47,West,M,505.55,96967.79
P11787,Trousers,,Summer,1144.38,8.5,3.4,350,126,14.17,45,West,L,1429.6,131935.57
P11788,Dress,Denim,Spring,1893.14,36.5,4.3,201,113,18.41,35,Central,S,1193.09,135842.26
P11789,Jacket,Wool,Autumn,1654.2,11.9,3.6,416,99,1.91,31,West,XL,915.13,144277.67
P11790,Dress,Wool,Winter,705.81,17.1,2.6,350,129,5.39,36,West,XL,791.19,75480.03
P11791,Jacket,Rayon,Autumn,1238.46,28.4,2.7,315,107,7.89,57,East,XL,868.58,94880.9
P11792,Sweater,Polyester,Summer,2026.53,14.2,4.1,407,114,4.01,53,South,L,47.31,198218.95
P11793,Sweater,Cotton,Winter,1711.0,18.9,4.9,478,112,16.48,58,West,S,270.89,155413.55
P11794,Hoodie,Denim,Spring,1841.19,40.8,3.9,261,130,15.39,29,South,XL,1012.19,141697.98
P11795,Shirt,Wool,Summer,1729.75,9.0,3.8,213,132,15.69,37,North,M,1183.13,207777.57
P11796,Sweater,Polyester,Autumn,2475.86,4.1,3.3,371,112,6.53,51,West,S,207.91,265927.17
P11797,Shirt,Linen,Spring,1641.63,16.4,3.1,55,129,15.49,53,,S,487.03,177039.95
P11798,Sweater,Wool,Summer,1268.39,21.2,2.6,383,138,3.34,38,North,S,550.64,137929.8
P11799,T-Shirt,Polyester,Spring,950.55,27.1,3.2,270,119,3.03,36,Central,S,468.73,82461.16
P11800,Sweater,Cotton,Summer,1649.77,18.6,3.6,75,117,12.1,58,South,M,841.29,157120.8
P11801,Dress,Cotton,Winter,35.58,39.5,3.0,159,122,1.92,58,South,S,973.48,2626.16
P11802,Jeans,Wool,Summer,1389.43,2.0,2.7,79,116,18.83,59,Central,M,444.28,157950.4
P11803,Hoodie,Wool,Winter,1376.5,21.6,4.3,373,122,7.25,52,East,L,323.93,131659.47
P11804,Dress,Rayon,Summer,681.32,19.1,4.7,11,118,10.06,25,Central,L,397.44,65040.17
P11805,Jeans,Denim,Summer,943.04,32.4,4.8,38,118,16.45,39,Central,L,613.91,75224.41
P11806,Trousers,Polyester,Autumn,1985.79,48.3,4.0,265,104,8.6,55,Central,L,1226.51,106771.96
P11807,Dress,Wool,Spring,1638.43,25.5,2.6,70,126,9.18,35,North,M,770.04,153799.42
P11808,Trousers,Denim,Spring,1561.07,49.3,4.4,109,134,7.61,25,South,XL,1328.68,106055.97
P11809,Shirt,Rayon,Spring,,15.1,2.8,393,110,7.68,19,East,M,987.72,157251.02
P11810,Shirt,Denim,Summer,1555.58,1.5,4.2,464,1258,9.89,37,West,L,562.27,188466.29
P11811,T-Shirt,Wool,Summer,2245.72,8.3,4.4,153,127,18.97,22,West,XL,790.6,261534.31
P11812,Sweater,Cotton,Summer,1574.06,19.8,4.3,201,123,18.78,59,West,XL,592.51,155274.72
P11813,Dress,Polyester,Winter,625.07,15.8,4.9,362,130,11.36,47,East,XL,421.73,68420.16
P11814,Trousers,Polyester,Winter,2478.08,4.9,4.3,362,114,9.66,35,West,XL,657.75,268658.57
P11815,Jeans,Cotton,Autumn,1722.2,21.6,4.2,279,93,16.36,40,East,S,987.3,125569.05
P11816,Shirt,Wool,Summer,1146.45,16.9,3.2,308,106,13.94,19,West,L,576.98,100986.19
P11817,Sweater,Polyester,Spring,747.96,6.1,4.8,469,119,17.75,59,West,L,678.68,83577.8
P11818,Shirt,Wool,Spring,1737.55,14.8,2.9,436,121,14.88,54,East,L,572.7,179127.5
P11819,Jeans,,Autumn,1429.7,44.3,4.8,335,114,19.09,59,South,M,1155.42,90783.09
P11820,Sweater,Wool,Spring,2444.49,15.1,3.3,320,127,17.84,49,East,L,696.1,263572.25
P11821,Sweater,Denim,Autumn,1292.46,35.7,2.8,213,119,17.25,18,East,L,653.9,98895.16
P11822,Trousers,Cotton,Summer,997.57,30.6,4.6,254,128,8.44,56,Central,L,661.0,88616.14
P11823,Trousers,Wool,Spring,2037.48,21.4,2.5,40,123,8.34,18,North,M,848.24,196979.49
P11824,Dress,Rayon,Summer,2055.17,12.0,4.6,341,126,15.08,48,North,L,776.19,227877.25
P11825,Dress,Linen,Winter,1601.19,18.5,3.2,467,134,2.59,56,South,L,1038.76,174865.96
P11826,Jacket,Cotton,Spring,1905.81,29.6,4.7,433,111,7.12,25,South,S,635.01,148927.62
P11827,Hoodie,Polyester,Winter,1477.39,17.5,4.2,420,104,18.71,20,South,L,1282.14,126760.06
P11828,Jacket,Denim,Spring,1640.32,10.7,4.2,61,126,9.55,29,North,XL,532.73,184565.53
P11829,T-Shirt,Polyester,Summer,2198.99,5.8,3.4,393,126,6.13,51,,M,786.52,261002.52
P11830,Shirt,Rayon,Autumn,1875.19,44.0,2.6,252,122,10.05,42,South,XL,890.92,128112.98
P11831,Dress,Rayon,Summer,1398.44,22.0,4.6,272,116,6.48,53,East,S,744.17,126530.85
P11832,Trousers,Polyester,Summer,2311.42,31.3,2.9,183,121,15.6,24,East,L,754.31,192141.41
P11833,Jeans,Cotton,Summer,81.09,24.5,3.4,109,112,17.16,32,North,M,485.92,6856.97
P11834,Trousers,Polyester,Spring,2731.24,43.6,4.0,426,136,15.87,38,East,S,951.79,209497.03
P11835,Shirt,,Autumn,476.42,27.3,3.7,484,130,3.83,42,South,M,797.82,45026.45
P11836,Jacket,Polyester,Winter,,24.0,3.0,401,121,7.39,55,East,XL,758.28,103339.13
P11837,Trousers,Denim,Summer,1475.45,46.2,2.9,398,120,5.07,54,Central,S,179.8,95255.05
P11838,Hoodie,Denim,Spring,1412.11,36.0,2.8,70,128,1.81,33,East,M,919.82,115680.05
P11839,T-Shirt,Linen,Winter,2103.85,5.6,4.7,465,124,15.04,18,North,XL,937.93,246268.27
P11840,Shirt,Denim,Summer,865.3,8.9,2.6,369,100,9.14,54,South,S,-77.44,78828.83
P11841,Jacket,Polyester,Winter,1656.46,39.4,4.9,197,127,6.26,31,South,L,941.92,127484.47
P11842,Hoodie,Denim,Summer,1153.07,41.8,,478,136,6.84,51,North,L,680.83,91267.8
P11843,Jeans,Cotton,Winter,1677.08,27.3,2.8,417,127,3.57,19,East,XL,251.69,154843.12
P11844,Jacket,Denim,Winter,1461.14,27.7,3.9,16,98,16.71,48,South,L,459.92,103527.61
P11845,Sweater,Wool,Autumn,1555.76,31.6,2.7,198,145,3.73,36,South,L,379.07,154300.28
P11846,Hoodie,Cotton,Autumn,1170.05,22.0,4.0,92,95,7.43,36,Central,S,495.18,86700.7
P11847,Hoodie,Linen,Summer,1193.96,34.0,4.6,360,109,1.14,40,North,S,911.02,85893.48
P11848,T-Shirt,Wool,Spring,1672.36,5.4,2.6,429,129,9.29,47,East,S,926.37,204084.78
P11849,Shirt,Polyester,Autumn,2066.23,48.1,4.5,292,143,7.74,34,East,S,923.42,153349.39
P11850,Jeans,Polyester,Winter,1141.03,37.5,3.5,133,102,14.66,19,South,S,672.96,72740.66
P11851,T-Shirt,Polyester,Autumn,978.74,31.6,2.9,166,123,14.59,28,,S,1538.5,82343.35
P11852,Jacket,Wool,Autumn,1868.08,15.8,2.9,96,121,1.73,31,Central,L,13.26,190323.73
P11853,T-Shirt,Wool,Summer,1480.5,8.0,4.8,157,130,3.2,58,,S,447.73,177067.8
P11854,Hoodie,Wool,Autumn,1998.3,20.5,2.8,79,135,18.19,46,Central,M,825.95,214467.55
P11855,Shirt,Cotton,Autumn,956.52,33.1,4.7,469,108,16.04,36,South,M,548.98,69110.48
P11856,Dress,Rayon,Winter,432.34,31.7,3.9,379,114,8.4,45,North,XL,667.34,33662.86
P11857,T-Shirt,Cotton,Autumn,1180.2,19.1,2.6,85,128,4.16,18,North,M,763.19,122212.07
P11858,Sweater,Polyester,Winter,1040.19,30.7,3.7,123,106,5.95,22,Central,S,661.38,76410.28
P11859,T-Shirt,Rayon,Autumn,1452.73,40.7,4.5,12,131,13.5,51,West,L,336.21,112852.42
P11860,Jacket,Denim,Autumn,1117.89,1.3,4.3,243,122,18.96,31,West,M,998.29,134609.61
P11861,Jacket,Polyester,Spring,1944.61,22.5,3.7,176,112,12.7,36,East,S,1000.27,168792.15
P11862,Jeans,Linen,Autumn,1327.11,37.9,4.7,108,109,1.5,41,West,S,1223.29,89830.75
P11863,Jacket,Cotton,Winter,1590.28,27.3,,133,120,13.36,57,Central,L,184.82,138736.03
P11864,Trousers,Wool,Winter,1594.58,32.6,4.8,476,107,18.95,34,East,S,980.84,114997.92
P11865,Shirt,Cotton,Summer,1616.97,25.8,4.6,54,132,7.81,19,Central,S,491.03,158372.51
P11866,Shirt,Wool,Summer,1485.52,49.6,4.3,391,125,18.74,48,North,M,713.24,93587.76
P11867,Dress,Rayon,Spring,1806.36,2.7,4.5,333,104,13.74,34,Central,M,554.45,182789.18
P11868,Dress,Linen,Winter,1022.61,24.6,3.9,296,103,4.61,25,East,XL,462.73,79417.94
P11869,Shirt,Rayon,Winter,2339.65,4.6,4.2,115,136,3.76,34,Central,XL,936.52,303555.55
P11870,Sweater,Linen,Winter,1358.08,8.0,3.9,303,130,4.35,55,South,M,1253.9,162426.37
P11871,Dress,Cotton,Spring,713.07,19.2,3.4,490,111,14.29,43,East,M,1341.84,63953.82
P11872,Jeans,Wool,Winter,1612.84,7.8,3.9,143,96,12.2,57,West,XL,1060.71,142755.69
P11873,Jacket,Rayon,Summer,989.29,48.2,3.1,17,116,9.66,57,North,XL,415.51,59444.46
P11874,Shirt,Linen,Spring,1899.2,47.3,3.6,37,114,6.0,24,West,M,711.02,114100.14
P11875,Hoodie,Polyester,Summer,2825.76,16.8,3.2,280,116,18.24,41,Central,S,733.68,272719.75
P11876,Dress,Polyester,Summer,1028.06,32.0,2.8,232,122,5.06,47,West,S,909.8,85287.86
P11877,Shirt,Rayon,Spring,1699.42,26.7,3.3,17,108,6.39,43,East,L,970.44,134532.88
P11878,Trousers,Wool,Autumn,446.7,40.8,4.6,319,111,2.04,47,South,M,610.87,29353.55
P11879,T-Shirt,Rayon,Autumn,1772.34,31.4,3.5,143,93,6.23,52,West,M,1125.29,113071.75
P11880,Jacket,Cotton,Summer,968.57,0.0,4.4,38,111,18.54,19,Central,M,1456.01,107511.27
P11881,Shirt,Linen,Autumn,1125.1,38.2,2.9,124,114,4.56,21,West,M,857.46,79265.55
P11882,T-Shirt,Cotton,Winter,839.23,37.3,3.6,43,125,4.88,22,West,M,580.3,65774.65
P11883,Dress,Polyester,Spring,1939.29,25.5,2.8,16,117,12.4,19,East,XL,1072.36,169038.21
P11884,T-Shirt,Linen,Summer,2104.38,45.1,2.8,49,117,11.77,48,Central,XL,1083.89,135170.64
P11885,Jacket,Rayon,Winter,1514.03,45.4,4.0,339,123,4.34,44,Central,S,958.65,101679.23
P11886,Shirt,Cotton,Autumn,981.34,26.2,4.0,406,115,3.93,41,South,S,748.95,83286.33
P11887,Trousers,Denim,Winter,,30.4,3.0,71,133,3.22,21,,M,1171.65,227135.03
P11888,Sweater,Wool,Autumn,1049.75,49.8,3.7,95,109,17.36,45,East,XL,461.48,57440.22
P11889,Dress,Wool,Summer,202.78,14.9,4.7,222,117,13.43,22,North,S,730.57,20190.2
P11890,Shirt,Denim,Winter,1775.03,16.2,2.9,125,130,19.12,44,South,M,1321.26,193371.77
P11891,Jacket,Polyester,Spring,837.14,9.1,2.5,74,123,4.15,22,South,L,743.56,93598.11
P11892,Dress,Linen,Summer,2093.17,44.8,,306,127,9.75,22,Central,M,758.2,146739.59
P11893,Jeans,Wool,Winter,1271.32,37.2,2.6,388,134,15.12,26,Central,L,815.86,106984.12
P11894,T-Shirt,Denim,Winter,1862.23,5.3,4.9,179,126,5.06,44,South,L,477.06,222205.01
P11895,Sweater,Rayon,Autumn,2340.9,49.1,4.0,125,129,14.01,21,East,M,406.85,153705.83
P11896,Jacket,Denim,Summer,774.68,36.5,3.7,331,112,10.0,41,North,M,589.34,55095.24
P11897,Jeans,Polyester,Summer,1160.44,42.5,3.6,125,129,9.19,44,Central,M,694.77,86075.64
P11898,Hoodie,Polyester,Summer,1454.6,2.4,3.9,230,116,13.25,18,North,M,1102.46,164683.99
P11899,Shirt,Cotton,Summer,2422.53,25.2,2.7,404,119,9.89,49,South,S,828.76,215634.24
P11900,Trousers,Wool,Autumn,1104.97,34.9,4.8,366,120,16.58,33,East,S,1205.43,86320.26
P11901,Dress,Cotton,Spring,1143.3,27.1,4.1,59,110,18.68,40,North,L,911.05,91681.23
P11902,T-Shirt,Denim,Summer,1786.88,33.3,3.0,336,119,12.19,45,West,M,1009.65,141830.03
P11903,Dress,Linen,Autumn,1153.66,40.9,3.9,428,129,6.71,37,South,S,939.66,87953.88
P11904,Sweater,Linen,Spring,1591.52,18.7,2.8,487,103,15.77,34,East,S,1226.7,133272.29
P11905,Shirt,Polyester,Spring,569.08,42.4,2.5,345,114,4.24,53,South,XL,767.77,37368.07
P11906,Dress,Linen,Autumn,2828.6,8.1,4.1,88,127,2.8,25,South,XL,777.87,330134.39
P11907,T-Shirt,Linen,Summer,691.37,13.5,4.1,497,121,10.86,35,North,S,431.35,72362.24
P11908,Shirt,Linen,Spring,1306.95,2.2,4.0,29,119,13.29,30,North,L,1017.84,152105.45
P11909,tshirt,Denim,Summer,1480.51,18.2,3.0,421,133,16.86,26,West,S,603.04,161070.6
P11910,Trousers,Linen,Summer,2647.61,19.0,4.0,388,101,19.15,54,Central,M,968.58,216600.97
P11911,Jacket,Rayon,Winter,705.09,40.3,2.6,46,122,17.59,47,West,S,807.72,51354.53
P11912,Shirt,Linen,Summer,2690.22,32.7,4.0,268,112,19.79,45,East,XL,405.45,202778.02
P11913,Jacket,Linen,Winter,1954.31,21.8,3.9,102,116,10.04,35,East,XL,779.02,177279.37
P11914,Hoodie,Cotton,Spring,1750.26,32.6,4.1,196,125,7.01,37,South,M,621.57,147459.4
P11915,Shirt,Denim,Autumn,909.22,2.6,4.7,366,124,9.73,53,North,S,321.26,109811.95
P11916,Trousers,Polyester,Winter,1842.68,9.0,4.6,210,111,13.24,36,South,M,850.66,186129.11
P11917,Jacket,Cotton,Autumn,1065.91,31.3,5.0,420,126,10.64,22,Central,L,1263.98,92267.3
P11918,Jeans,Wool,Spring,2260.0,32.1,4.9,297,117,13.05,51,South,XL,457.5,179541.18
P11919,T-Shirt,Denim,Summer,917.36,38.7,4.4,57,136,17.85,34,East,S,-53.3,76478.47
P11920,Jeans,Rayon,Spring,,20.1,4.9,262,111,4.15,45,East,S,1361.63,127011.52
P11921,Dress,Denim,Autumn,1166.84,36.1,4.7,55,126,3.29,53,West,L,267.37,93946.96
P11922,Trousers,Wool,Spring,907.49,34.2,4.3,379,125,10.47,55,South,L,1280.0,74641.05
P11923,Jeans,Wool,Summer,1944.79,48.2,2.7,240,120,19.65,47,North,XL,1146.15,120888.15
P11924,Shirt,Wool,Spring,1821.28,10.8,2.6,104,128,2.12,35,Central,L,774.98,207946.47
P11925,Dress,Polyester,Summer,2225.41,27.6,4.6,312,123,19.74,23,Central,XL,557.46,198177.21
P11926,Dress,Linen,Winter,432.07,30.1,3.7,227,117,19.39,43,North,XL,1092.7,35335.98
P11927,Jeans,Denim,Autumn,2138.5,49.9,4.5,49,114,6.56,32,Central,M,798.82,122138.29
P11928,Hoodie,Linen,Summer,3003.27,10.1,3.3,396,112,17.93,18,North,M,1302.75,302393.25
P11929,Jeans,Linen,Summer,1229.02,26.2,,212,114,1.15,34,North,XL,911.87,103399.91
P11930,Hoodie,Rayon,Spring,2637.09,17.3,4.3,125,124,9.63,48,West,S,1281.91,270428.31
P11931,Trousers,Wool,Winter,1342.1,26.3,4.8,422,116,8.64,19,South,M,991.7,114738.81
P11932,T-Shirt,Polyester,Summer,676.55,11.6,2.7,100,126,18.15,53,East,S,1147.46,75356.85
P11933,Jeans,Rayon,Winter,1316.62,2.4,4.7,67,141,9.97,52,East,L,859.37,181187.98
P11934,Sweater,Cotton,Winter,2128.92,28.6,4.5,443,138,8.94,44,South,S,733.14,209766.75
P11935,Hoodie,Polyester,Spring,997.09,16.8,3.3,19,136,13.15,20,Central,L,624.68,112822.73
P11936,Jeans,Linen,Summer,1139.8,9.1,3.4,265,108,8.14,37,North,XL,476.72,111896.45
P11937,Jacket,Polyester,Spring,1856.12,16.2,2.6,326,121,11.19,25,East,XL,716.13,188206.86
P11938,Shirt,Wool,Autumn,1501.84,2.5,2.5,258,130,19.16,46,West,XL,449.44,190358.22
P11939,Sweater,Cotton,Autumn,1850.77,47.5,3.7,492,113,4.85,25,Central,L,627.52,109796.93
P11940,Sweater,Wool,Summer,1642.7,29.1,2.7,376,99,9.72,58,West,S,820.02,115302.76
P11941,Hoodie,Cotton,Winter,1787.78,40.7,,386,119,1.29,44,East,M,908.7,126158.27
P11942,Jacket,Rayon,Summer,1240.62,21.2,4.6,326,117,17.0,43,South,M,1161.13,114380.2
P11943,Jacket,Linen,Summer,1639.04,45.2,3.9,416,127,2.75,56,South,S,826.21,114070.63
P11944,Dress,Cotton,Autumn,943.58,24.2,4.1,15,121,2.8,27,West,M,895.53,86543.27
P11945,Hoodie,,Autumn,2273.06,28.7,3.0,340,113,17.77,47,Central,L,686.89,183138.17
P11946,T-Shirt,Cotton,Winter,1119.44,24.6,4.6,197,133,8.78,50,East,L,752.29,112259.68
P11947,Shirt,Polyester,Winter,2177.31,36.7,4.7,244,132,14.06,53,North,M,773.05,181927.31
P11948,Trousers,Rayon,Summer,1359.84,28.3,3.8,380,138,17.3,37,South,M,1380.8,134550.73
P11949,Sweater,Polyester,Spring,1621.2,13.6,4.8,420,100,8.12,21,West,L,876.99,140071.68
P11950,Trousers,Linen,Summer,1203.02,7.3,4.6,192,113,5.97,40,East,S,392.64,126017.55
P11951,Jeans,Cotton,Winter,,30.3,4.3,296,115,4.22,46,Central,M,819.82,71370.01
P11952,Jeans,Rayon,Spring,453.14,24.5,4.3,132,112,12.54,49,North,M,495.81,38317.52
P11953,Trousers,Rayon,Autumn,866.81,4.8,2.8,167,111,5.79,54,North,XL,554.9,91597.55
P11954,Jeans,Denim,Winter,1305.65,19.8,3.2,332,136,13.05,54,South,XL,765.54,142409.86
P11955,T-Shirt,Linen,Winter,1627.13,25.7,2.7,22,101,7.03,43,North,S,883.54,122104.72
P11956,Jacket,Rayon,Spring,2106.23,41.3,2.5,324,114,7.61,22,East,L,864.86,140944.7
P11957,Jeans,Cotton,Winter,1232.55,3.8,2.9,63,117,5.73,41,South,S,548.36,138728.43
P11958,Dress,Cotton,Winter,970.82,17.4,4.7,369,108,8.95,19,South,S,289.56,86604.91
P11959,Jeans,Rayon,Winter,634.37,41.1,3.1,286,109,4.08,32,,S,711.18,40727.19
P11960,Shirt,Polyester,Winter,1788.04,32.4,4.9,52,122,7.07,57,East,M,730.6,147463.23
P11961,T-Shirt,Linen,Winter,2329.92,14.5,4.0,276,119,15.78,25,West,L,723.46,237057.71
P11962,Shirt,Cotton,Winter,2259.8,42.3,3.1,118,114,5.1,54,,L,813.95,148645.12
P11963,Shirt,Rayon,Winter,1925.96,24.7,3.7,332,110,19.0,54,North,M,622.15,159527.27
P11964,Dress,Cotton,Winter,1883.13,24.9,3.0,175,113,10.37,31,West,S,1024.21,159808.06
P11965,T-Shirt,Rayon,Autumn,2518.57,48.8,5.0,360,126,3.03,22,South,XL,951.57,162477.99
P11966,T-Shirt,Linen,Winter,1699.25,47.4,4.6,417,138,18.92,26,Central,M,996.84,123345.16
P11967,Hoodie,Rayon,Autumn,1887.68,17.9,2.6,115,128,9.68,39,East,S,1190.1,198372.52
P11968,T-Shirt,Denim,Autumn,1307.53,7.0,4.9,60,125,11.58,47,South,S,892.48,152000.36
P11969,T-Shirt,Rayon,Summer,682.77,16.3,4.3,213,129,4.52,50,South,S,766.1,73720.73
P11970,T-Shirt,Rayon,Summer,1089.69,1.5,2.7,454,124,7.33,55,South,S,719.95,133094.74
P11971,Dress,Linen,Autumn,1494.5,1.0,4.2,311,116,14.37,54,North,XL,960.97,171628.38
P11972,Jeans,Rayon,Autumn,1536.47,19.8,4.1,52,102,3.36,55,North,XL,773.07,125689.39
P11973,Hoodie,Linen,Winter,2655.77,47.1,3.0,292,123,11.84,24,Central,M,200.85,172802.99
P11974,Shirt,Denim,Summer,1548.77,43.6,4.4,94,131,14.18,20,East,S,571.66,114429.32
P11975,T-Shirt,Linen,Spring,2207.31,25.6,2.7,226,110,1.03,57,South,M,1193.11,180646.25
P11976,Sweater,Cotton,Summer,1238.95,28.3,3.7,167,123,16.91,49,North,S,192.46,109264.24
P11977,Jeans,Linen,Autumn,1312.99,0.3,2.5,359,118,2.07,53,West,XL,853.12,154468.02
P11978,Jeans,Denim,Autumn,702.6,10.8,4.9,136,125,5.69,59,North,M,914.38,78339.9
P11979,Shirt,Wool,Winter,1054.6,1.2,4.4,200,109,19.31,58,South,L,724.01,113571.98
P11980,Dress,Rayon,Winter,1816.19,37.7,2.9,275,118,2.54,36,South,M,547.9,133515.39
P11981,Trousers,,Summer,1504.54,7.3,3.4,396,99,16.69,48,North,L,431.96,138076.15
P11982,Trousers,Rayon,Winter,2065.76,43.5,2.9,470,120,13.39,47,West,M,806.89,140058.53
P11983,Jeans,Polyester,Spring,1608.75,32.2,4.4,69,115,12.37,54,West,XL,656.83,125434.24
P11984,Jacket,Cotton,Spring,1288.53,11.5,2.6,292,143,12.05,42,South,L,1212.81,163069.91
P11985,Jacket,Cotton,Winter,2788.98,7.9,4.6,475,117,4.16,30,North,XL,893.5,300532.12
P11986,Shirt,Polyester,Spring,1443.66,31.4,4.9,388,114,13.71,29,East,M,631.57,112899.99
P11987,Trousers,Polyester,Spring,2197.8,45.0,4.2,438,124,19.08,26,East,XL,839.26,149889.96
P11988,Jeans,Linen,Summer,1259.27,35.9,3.0,71,120,2.46,57,South,S,546.97,96863.05
P11989,Dress,Polyester,Spring,,17.4,3.4,417,108,7.32,26,West,L,694.84,171793.2
P11990,Trousers,Wool,Autumn,2056.81,29.4,3.7,311,118,9.97,44,East,S,215.89,171348.73
P11991,Jeans,Rayon,Autumn,1625.1,15.5,4.0,135,151,5.41,58,North,L,642.49,207354.63
P11992,Jeans,Rayon,Summer,87.31,50.0,4.2,471,99,15.08,48,Central,XL,913.49,4321.84
P11993,T-Shirt,Denim,Winter,1510.95,37.4,3.9,496,120,14.08,23,Central,XL,699.45,113502.56
P11994,Dress,Polyester,Summer,2238.28,30.7,3.4,181,111,3.24,46,West,S,1017.83,172175.21
P11995,T-Shirt,Polyester,Winter,1816.49,21.2,4.7,72,108,11.82,47,Central,S,1129.78,154590.56
P11996,Shirt,Wool,Winter,1767.5,30.9,2.7,269,111,8.01,55,North,M,965.35,135569.02
P11997,T-Shirt,Cotton,Winter,466.65,17.1,3.7,25,126,5.34,28,South,S,1347.15,48743.46
P11998,Sweater,Cotton,Winter,1067.73,1.4,4.4,188,131,17.12,59,South,L,1060.56,137914.41
P11999,T-Shirt,Rayon,Winter,1746.81,19.8,2.7,339,118,2.04,23,North,L,760.55,165311.11
P12000,Sweater,Rayon,Summer,1746.23,46.5,4.3,377,119,9.88,56,South,L,689.1,111173.73
P12001,Trousers,Linen,Winter,2228.8,31.3,4.5,110,124,10.03,58,North,M,627.61,189867.01
P12002,Jacket,,Spring,1413.08,4.2,4.2,484,124,11.83,48,North,M,537.29,167862.6
P12003,Hoodie,Denim,Spring,1743.49,44.2,2.5,185,108,4.75,52,Central,L,849.48,105069.68
P12004,Hoodie,Denim,Winter,1509.82,13.4,3.0,202,114,17.55,29,Central,S,640.45,149055.47
P12005,Jeans,Wool,Spring,907.83,12.2,3.4,462,118,19.34,23,West,XL,347.6,94054.82
P12006,tshirt,Denim,Autumn,146.53,14.9,3.1,470,121,11.43,43,Central,M,989.41,15088.34
P12007,Sweater,Cotton,Summer,1758.61,28.9,4.9,310,115,5.87,54,South,S,575.56,143792.75
P12008,Dress,Denim,Summer,1604.37,27.2,4.1,396,115,17.66,49,Central,M,297.74,134317.86
P12009,T-Shirt,,Winter,1129.09,24.6,3.2,282,112,19.78,21,North,M,1084.95,95349.39
P12010,Sweater,Wool,Winter,528.5,35.9,4.8,476,127,15.1,57,Central,XL,1095.74,43023.6
P12011,Dress,Wool,Autumn,1877.84,15.8,4.4,430,103,7.34,20,South,M,407.04,162857.55
P12012,Jacket,Denim,Winter,1340.45,39.1,3.2,270,95,5.48,19,West,M,589.11,77551.73
P12013,Hoodie,Polyester,Spring,1834.12,8.8,3.4,184,127,3.98,37,East,XL,508.56,212435.11
P12014,Jacket,Wool,Autumn,2618.43,39.1,3.0,243,126,5.46,36,North,L,557.21,200922.61
P12015,Hoodie,Linen,Spring,215.14,33.2,4.9,309,107,5.32,56,South,M,126.99,15377.35
P12016,T-Shirt,Linen,Summer,1080.24,34.2,3.8,225,124,19.38,29,South,M,624.45,88138.94
P12017,Shirt,Cotton,Spring,1374.37,24.1,4.7,426,137,13.22,53,East,L,636.65,142911.12
P12018,T-Shirt,Denim,Summer,2372.9,33.4,3.4,256,133,4.17,59,West,L,1223.93,210186.74
P12019,Trousers,Polyester,Spring,518.16,4.0,4.7,30,119,10.27,45,North,L,792.15,59194.6
P12020,Sweater,Cotton,Summer,2661.52,42.6,2.6,460,104,4.51,26,West,L,587.87,158882.1
P12021,Jeans,Denim,Winter,1581.51,2.8,5.0,333,131,12.51,28,East,S,816.4,201376.83
P12022,Shirt,Wool,Spring,1442.4,7.4,4.8,252,137,7.49,47,North,L,345.03,182985.75
P12023,T-Shirt,Linen,Summer,1381.16,28.8,3.4,297,114,4.72,19,Central,L,772.93,112105.99
P12024,Dress,Rayon,Spring,1238.24,37.0,4.4,289,114,5.61,55,West,L,551.18,88930.4
P12025,Shirt,Polyester,Autumn,2128.87,3.8,4.4,253,121,13.83,55,Central,S,788.14,247804.73
P12026,Sweater,Rayon,Winter,858.89,46.0,4.8,172,120,8.75,50,North,XL,888.41,55656.07
P12027,Hoodie,Linen,Summer,1707.25,48.7,3.3,155,129,10.75,24,East,L,584.39,112980.68
P12028,Shirt,Rayon,Autumn,1269.49,30.3,3.7,76,116,16.61,38,Central,S,831.62,102640.81
P12029,Hoodie,Wool,Spring,1042.72,24.1,4.7,112,129,13.45,29,Central,M,542.58,102093.76
P12030,Sweater,Denim,Autumn,3051.59,37.1,4.4,319,109,9.79,38,South,XL,433.28,209220.06
P12031,T-Shirt,Wool,Spring,1751.43,16.4,3.5,419,88,19.13,40,North,S,1024.7,128849.2
P12032,Sweater,Rayon,Winter,1867.96,24.7,4.6,453,129,5.08,23,East,L,1058.43,181448.03
P12033,Shirt,Wool,Autumn,2182.67,45.8,2.6,134,123,6.49,31,South,XL,812.03,145509.88
P12034,Dress,Linen,Winter,647.19,47.8,4.5,126,128,18.32,49,West,S,984.31,43242.65
P12035,Jacket,Polyester,Summer,2551.38,46.4,3.0,481,117,17.21,30,East,S,286.22,160002.14
P12036,Shirt,Wool,Spring,-5.37,13.1,3.2,260,132,3.47,44,South,S,996.51,-615.98
P12037,Sweater,Linen,Spring,1038.74,11.6,3.7,330,106,18.67,28,West,S,1178.02,97334.09
P12038,Jacket,Polyester,Winter,1224.58,14.9,3.6,444,122,1.19,49,East,S,931.14,127138.34
P12039,Sweater,Denim,Winter,1849.03,22.1,3.8,379,134,16.63,20,South,S,711.7,193012.85
P12040,Dress,Rayon,Summer,1631.23,15.7,3.9,235,116,6.3,19,East,S,349.81,159514.72
P12041,Sweater,Denim,Autumn,1399.91,18.7,3.3,197,130,4.58,47,Central,S,913.06,147956.49
P12042,T-Shirt,Cotton,Spring,1492.8,31.0,2.9,196,110,9.53,19,South,M,916.79,113303.52
P12043,Jeans,Linen,Spring,15000.0,38.1,4.4,85,124,18.04,56,Central,M,1077.57,70092.81
P12044,Hoodie,Polyester,Summer,601.66,36.8,3.5,282,129,15.93,46,South,L,652.89,49052.14
P12045,Hoodie,Wool,Summer,1935.91,40.7,3.8,478,141,19.37,39,Central,L,579.08,161867.24
P12046,Shirt,Denim,Winter,1916.22,1.6,4.1,158,133,11.28,42,North,L,521.77,250779.54
P12047,Jeans,Polyester,Winter,2450.7,2.4,4.8,204,122,10.7,59,Central,L,472.46,291809.75
P12048,Sweater,Linen,Autumn,1025.99,39.5,4.3,373,131,1.25,36,North,L,897.7,81314.84
P12049,Dress,Cotton,Summer,1915.69,26.7,2.6,293,130,4.43,33,East,L,739.46,182546.1
P12050,Shirt,Denim,Autumn,1329.78,28.9,4.6,482,113,10.45,34,,M,890.22,106838.51
P12051,Sweater,Rayon,Summer,2214.28,2.6,5.0,53,130,15.3,44,West,M,795.93,280372.13
P12052,Jacket,Polyester,Spring,2113.18,12.8,3.7,463,130,16.63,36,West,M,625.63,239550.08
P12053,Trousers,Rayon,Summer,1626.73,31.9,4.9,455,101,6.38,59,North,S,487.91,111888.12
P12054,Sweater,Polyester,Summer,1296.28,43.0,3.9,179,113,14.54,47,West,S,1147.34,83493.39
P12055,Jeans,Polyester,Spring,2076.56,45.8,3.6,103,119,16.74,31,West,L,817.49,133933.97
P12056,Shirt,Linen,Summer,1888.14,25.0,3.3,233,134,8.12,59,Central,XL,1105.4,189758.07
P12057,Jeans,Linen,Autumn,1089.34,27.3,4.1,287,119,14.22,49,West,M,892.43,94242.07
P12058,Shirt,Linen,Winter,703.32,41.7,3.1,47,102,9.31,40,,XL,640.37,41823.63
P12059,Sweater,Wool,Winter,1326.88,26.9,2.8,279,117,19.73,53,Central,L,626.22,113484.07
P12060,T-Shirt,Polyester,Autumn,2409.25,25.8,2.6,491,104,1.13,27,North,M,509.61,185917.0
P12061,Jacket,Denim,Spring,2187.89,45.3,3.2,244,117,8.87,55,South,XL,1131.24,140022.77
P12062,Sweater,Rayon,Summer,832.6,39.5,3.5,120,112,6.01,46,West,M,1170.83,56416.98
P12063,Hoodie,Linen,Autumn,799.35,45.5,3.9,387,120,17.14,28,North,XL,657.79,52277.49
P12064,Jeans,Linen,Winter,2264.81,10.9,3.2,419,126,6.46,55,North,L,948.51,254261.16
P12065,Trousers,Rayon,Winter,818.62,26.2,5.0,177,127,11.33,32,Central,L,644.31,76725.98
P12066,Trousers,Rayon,Autumn,1805.58,42.1,3.2,63,125,15.07,49,South,S,304.34,130678.85
P12067,Dress,Polyester,Winter,1130.36,5.6,3.6,406,110,10.45,44,South,XL,578.99,117376.58
P12068,Shirt,Linen,Autumn,,39.7,2.8,136,114,8.8,55,West,M,968.51,169808.55
P12069,Jeans,Rayon,Winter,1037.75,9.1,3.2,487,138,1.81,18,East,XL,1053.76,130177.44
P12070,Dress,Wool,Autumn,2186.02,40.4,2.6,284,104,1.44,58,East,S,749.09,135498.26
P12071,Jeans,,Summer,1610.92,30.6,3.9,51,119,19.19,31,Central,S,545.02,133039.44
P12072,Hoodie,Linen,Summer,1651.32,9.7,4.4,50,123,13.22,20,West,S,411.96,183410.46
P12073,Shirt,Rayon,Summer,317.81,23.7,3.0,59,125,16.68,47,Central,S,655.22,30311.13
P12074,Sweater,Polyester,Summer,178.25,34.1,3.4,496,121,10.13,48,West,M,676.43,14213.48
P12075,Sweater,Polyester,Winter,1367.66,31.7,2.5,396,123,5.97,18,South,M,675.1,114895.75
P12076,Trousers,Polyester,Spring,1648.14,21.4,4.6,168,118,6.6,31,East,S,398.39,152861.69
P12077,Sweater,Cotton,Autumn,824.88,45.0,4.4,341,105,1.83,53,North,M,856.55,47636.82
P12078,Sweater,Linen,Spring,846.78,26.0,2.7,408,109,16.03,53,East,S,779.84,68301.27
P12079,Hoodie,Polyester,Winter,1836.88,25.3,3.4,191,119,12.05,58,West,L,666.1,163285.77
P12080,T-Shirt,Wool,Winter,1837.71,3.1,4.9,190,120,10.14,32,East,S,750.8,213688.92
P12081,Trousers,Rayon,Spring,1417.36,46.1,3.5,438,130,17.19,55,North,L,909.86,99314.42
P12082,Dress,Denim,Spring,1968.12,8.9,3.8,175,103,9.45,42,South,S,915.97,184674.6
P12083,Jacket,Denim,Winter,795.48,26.4,3.4,241,130,19.01,31,South,S,1128.15,76111.53
P12084,T-Shirt,Polyester,Winter,1286.44,40.2,4.0,215,102,1.25,41,West,M,1132.6,78467.69
P12085,Dress,Denim,Autumn,,10.8,4.9,364,141,19.71,19,East,L,904.82,313012.55
P12086,Shirt,Denim,Summer,1540.99,26.4,5.0,473,124,16.5,51,West,M,702.05,140636.91
P12087,T-Shirt,Cotton,Summer,1575.79,12.0,4.4,59,120,7.74,40,East,S,556.38,166403.42
P12088,Hoodie,Wool,Autumn,2883.57,38.0,3.5,417,129,12.31,25,Central,L,1007.54,230627.93
P12089,Dress,Wool,Spring,660.39,28.2,3.7,410,123,17.43,22,West,S,395.05,58321.68
P12090,Shirt,Cotton,Winter,1977.86,42.8,3.4,155,105,10.15,46,East,L,775.72,118790.27
P12091,Trousers,Cotton,Spring,2498.39,44.7,5.0,307,110,1.97,50,Central,XL,469.73,151977.06
P12092,Jacket,Denim,Summer,1305.09,32.4,4.3,154,114,18.17,37,West,L,1043.04,100575.46
P12093,Shirt,Linen,Summer,2015.78,36.3,3.6,25,112,10.82,33,South,XL,992.89,143813.81
P12094,Sweater,Rayon,Spring,910.79,27.5,,94,119,11.36,54,Central,S,758.96,78578.41
P12095,Jeans,Rayon,Summer,1087.96,19.2,3.8,225,118,1.26,54,West,S,1619.56,103730.46
P12096,Shirt,Denim,Winter,1730.98,32.4,5.0,491,111,2.9,59,North,M,527.32,129885.82
P12097,Shirt,Rayon,Autumn,1979.14,45.4,3.8,61,116,15.77,58,South,XL,884.19,125350.81
P12098,Jacket,Cotton,Spring,2172.56,20.8,3.0,45,103,9.26,41,Central,M,916.34,177228.75
P12099,Jeans,Wool,Winter,2441.78,15.7,2.6,116,151,19.96,46,East,XL,821.62,310821.5
P12100,Sweater,Rayon,Winter,1459.53,19.4,3.4,228,134,14.22,52,North,S,666.75,157635.08
P12101,Dress,,Summer,2216.17,21.8,4.8,432,118,19.04,26,East,M,783.55,204499.3
P12102,Dress,Linen,Winter,1294.62,3.7,5.0,346,117,6.31,39,North,XL,1283.95,145866.13
P12103,Shirt,Denim,Spring,2041.25,24.9,4.9,418,124,4.35,37,West,M,764.13,190089.36
P12104,Hoodie,Polyester,Winter,1624.49,24.7,4.3,380,132,8.16,57,West,S,945.9,161467.81
P12105,Hoodie,Denim,Autumn,1767.41,29.4,3.9,495,114,6.03,21,East,XL,268.04,142248.23
P12106,Jeans,Cotton,Winter,1754.1,18.1,4.0,307,115,12.65,53,East,L,706.55,165209.91
P12107,Jeans,Wool,Winter,537.18,30.7,3.8,263,111,15.14,29,East,XL,1435.81,41321.5
P12108,Sweater,Wool,Autumn,825.53,43.9,4.3,414,117,8.64,40,Central,S,599.37,54185.31
P12109,Jacket,Rayon,Winter,1561.52,47.8,3.5,77,124,2.71,56,South,XL,583.55,101074.07
P12110,Trousers,Cotton,Winter,487.63,29.2,4.2,482,151,1.5,25,East,M,1271.24,52131.55
P12111,Dress,Polyester,Summer,1998.73,2.1,2.8,196,117,5.14,27,West,S,567.57,228940.53
P12112,Jacket,Cotton,Spring,2022.93,48.5,3.2,133,139,14.92,40,West,S,531.97,144811.44
P12113,T-Shirt,Denim,Summer,1696.3,35.3,4.6,39,118,5.21,46,East,L,961.14,129505.72
P12114,Dress,Cotton,Spring,827.32,16.8,4.8,194,127,18.31,49,East,L,1463.93,87417.94
P12115,Jacket,Cotton,Autumn,2328.08,7.4,3.8,298,114,13.38,31,West,M,1026.02,245761.44
P12116,Dress,Polyester,Autumn,2722.33,7.2,2.6,368,113,17.38,33,Central,M,771.17,285474.41
P12117,Trousers,Denim,Autumn,1588.25,8.4,4.8,483,108,8.33,56,North,XL,1153.33,157122.4
P12118,T-Shirt,Linen,Spring,1806.32,2.3,4.3,482,115,19.69,34,West,M,692.81,202949.08
P12119,Hoodie,Linen,Spring,1621.04,45.1,3.5,62,126,13.91,37,North,M,599.72,112133.82
P12120,Hoodie,Wool,Spring,1818.22,27.0,4.0,409,104,7.78,29,East,M,1199.69,138039.26
P12121,Trousers,Rayon,Autumn,1428.26,35.0,3.6,186,110,5.04,26,South,XL,1147.77,102120.59
P12122,Sweater,Cotton,Spring,1479.26,41.4,3.7,481,101,17.46,25,East,S,642.16,87551.48
P12123,T-Shirt,Wool,Winter,2043.43,39.6,4.7,142,115,7.04,58,East,S,1062.14,141936.65
P12124,Shirt,Polyester,Summer,2907.37,44.1,2.9,371,120,1.84,54,East,XL,1141.01,195026.38
P12125,Jacket,Linen,Autumn,659.96,48.4,2.8,496,115,6.29,38,West,M,704.38,39162.03
P12126,T-Shirt,Cotton,Summer,1437.71,22.0,2.5,86,110,4.41,59,West,L,799.5,123355.52
P12127,Sweater,Polyester,Winter,791.72,47.5,3.3,359,120,7.07,49,South,XL,394.38,49878.36
P12128,Sweater,Rayon,Spring,2455.21,36.2,2.9,69,121,12.65,54,North,L,746.38,189537.3
P12129,Trousers,Polyester,Summer,1147.36,3.5,3.0,464,120,10.51,35,,M,573.59,132864.29
P12130,Dress,Cotton,Winter,634.08,34.1,2.5,376,114,14.51,46,North,S,688.57,47635.89
P12131,T-Shirt,Rayon,Winter,1882.91,34.3,3.1,474,128,7.34,24,East,L,355.58,158345.2
P12132,Jacket,Polyester,Summer,2546.59,45.3,3.3,320,123,3.28,57,South,L,1143.94,171337.12
P12133,T-Shirt,Rayon,Autumn,1898.16,18.6,2.6,100,113,4.05,54,East,L,1075.35,174596.55
P12134,Jeans,Cotton,Summer,1622.88,29.2,4.0,428,124,16.15,23,South,L,1143.55,142475.88
P12135,Dress,Cotton,Autumn,1745.48,0.6,,462,127,2.86,37,Central,S,761.78,220345.9
P12136,Jacket,Rayon,Spring,2348.9,16.6,2.7,307,124,16.16,26,West,S,656.59,242913.84
P12137,Hoodie,Denim,Autumn,975.48,3.1,4.0,334,138,5.04,26,East,L,841.35,130443.14
P12138,Jacket,Wool,Spring,1432.89,26.1,5.0,289,114,13.89,25,Central,XL,861.32,120715.25
P12139,Shirt,Polyester,Summer,1228.39,40.9,4.9,208,122,12.84,34,North,S,1198.11,88569.38
P12140,Trousers,Polyester,Spring,799.28,10.3,2.5,464,118,2.87,41,Central,S,805.29,84600.59
P12141,Shirt,Denim,Winter,1302.97,26.4,4.5,127,105,13.65,57,West,M,784.65,100693.52
P12142,Jacket,Denim,Spring,2164.63,10.2,3.4,192,108,9.5,40,West,M,989.9,209934.48
P12143,Dress,,Autumn,1839.96,6.0,2.7,407,152,14.44,50,West,XL,192.12,262893.48
P12144,T-Shirt,Linen,Autumn,1886.59,25.5,3.2,64,106,16.87,39,Central,XL,1197.49,148984.01
P12145,Hoodie,Linen,Autumn,1587.89,4.0,3.3,280,116,1.75,39,North,M,977.71,176827.43
P12146,T-Shirt,Rayon,Spring,1813.99,29.4,3.8,14,120,13.31,44,East,M,889.04,153681.23
P12147,Dress,Linen,Autumn,1019.65,1.6,4.2,110,115,2.99,19,North,L,941.64,115383.59
P12148,Jacket,Cotton,Autumn,1314.29,5.3,4.4,397,137,8.2,48,South,M,1030.01,170514.67
P12149,Sweater,Rayon,Winter,1615.2,27.5,3.1,295,132,1.24,30,South,XL,1546.48,154574.64
P12150,T-Shirt,,Spring,1666.51,29.6,3.3,477,111,7.24,19,East,XL,643.63,130227.76
P12151,Sweater,Wool,Winter,1692.11,1.4,3.3,62,114,4.22,24,West,M,1097.4,190199.93
P12152,T-Shirt,Cotton,Autumn,1417.0,28.7,3.4,227,113,11.57,28,East,XL,882.03,114166.27
P12153,T-Shirt,Polyester,Autumn,1273.55,41.9,5.0,338,108,10.73,43,Central,S,522.19,79912.72
P12154,Hoodie,Polyester,Autumn,3394.66,36.1,4.4,295,127,16.07,38,West,XL,1098.83,275486.84
P12155,Trousers,Rayon,Spring,2044.07,6.6,4.9,249,114,13.16,32,East,L,863.73,217644.4
P12156,Trousers,Denim,Summer,1747.89,29.6,4.2,223,109,14.58,33,East,S,870.5,134126.09
P12157,Jeans,Denim,Autumn,,33.6,3.5,113,102,2.76,26,Central,S,828.94,92114.82
P12158,Shirt,Cotton,Autumn,1229.27,1.9,3.5,370,114,1.53,38,Central,S,896.22,137474.18
P12159,Dress,Denim,Autumn,1421.52,42.8,3.7,373,109,19.42,58,North,M,1016.53,88628.93
P12160,Dress,Polyester,Autumn,1675.7,45.3,3.5,231,137,9.11,23,South,L,631.76,125575.28
P12161,Dress,Denim,Spring,371.74,42.5,4.6,349,120,8.5,18,East,M,741.55,25650.06
P12162,Jeans,Linen,Summer,558.37,41.2,3.7,357,140,1.67,48,North,L,1079.61,45965.02
P12163,Trousers,Denim,Summer,1117.87,37.2,3.2,198,115,3.26,22,West,XL,471.26,80732.57
P12164,Jacket,Polyester,Summer,1624.28,31.7,4.4,336,123,18.87,54,West,XL,1081.64,136454.14
P12165,Sweater,Rayon,Autumn,1356.44,33.9,4.6,333,130,14.2,43,South,XL,764.77,116558.89
P12166,Hoodie,Cotton,Autumn,2386.87,40.3,3.6,485,117,8.78,18,West,S,1080.31,166720.48
P12167,Sweater,Wool,Summer,610.56,33.1,4.2,320,117,18.19,18,South,XL,926.88,47790.36
P12168,Jacket,Denim,Summer,1049.19,16.4,2.6,108,125,12.21,46,West,L,633.55,109640.36
P12169,Hoodie,Polyester,Autumn,2412.06,18.8,3.8,106,99,15.18,39,West,S,633.05,193900.68
P12170,Jeans,Wool,Autumn,1578.67,44.9,,336,118,9.2,55,East,M,559.22,102641.97
P12171,Jacket,Wool,Winter,2030.91,0.9,2.6,82,124,9.2,58,Central,S,419.33,249566.34
P12172,Dress,Linen,Winter,2730.75,34.9,4.0,491,116,2.3,36,East,M,800.97,206215.32
P12173,Shirt,Wool,Winter,1083.72,47.7,3.3,265,125,14.95,45,North,M,825.15,70848.19
P12174,T-Shirt,Rayon,Summer,1440.41,35.3,,240,138,2.88,22,Central,M,954.42,128608.45
P12175,Sweater,Polyester,Spring,1336.54,49.7,4.7,179,126,15.52,38,East,S,683.88,84707.23
P12176,Trousers,Polyester,Autumn,327.24,34.4,2.8,491,132,4.63,39,Central,XL,945.98,28336.37
P12177,Trousers,Denim,Winter,1313.76,1.7,4.3,342,125,5.7,37,Central,M,1100.27,161428.26
P12178,Jeans,Denim,Spring,2028.64,41.4,3.8,166,131,18.44,29,Central,L,1333.8,155730.58
P12179,Hoodie,Denim,Autumn,1824.35,14.2,2.8,428,125,9.96,23,West,L,505.82,195661.54
P12180,Trousers,Rayon,Spring,1871.45,22.3,4.1,438,131,3.38,46,Central,L,1161.28,190489.28
P12181,Dress,Wool,Summer,1274.69,15.6,4.0,467,133,18.2,57,West,L,886.03,143086.5
P12182,Sweater,Wool,Summer,1106.34,13.4,3.8,231,114,9.6,52,Central,M,864.6,109222.31
P12183,Jacket,Linen,Summer,2261.55,21.6,4.8,373,129,3.48,28,West,L,668.44,228724.12
P12184,Dress,Rayon,Winter,1201.61,18.9,3.8,355,114,8.43,50,Central,S,1133.68,111093.65
P12185,Jeans,Denim,Autumn,1676.45,31.7,5.0,108,112,12.2,42,North,L,864.91,128241.72
P12186,Dress,Cotton,Summer,1598.0,40.7,3.8,229,121,7.88,31,,L,406.3,114661.29
P12187,Jacket,Linen,Winter,2377.03,14.9,2.8,422,101,18.56,46,Central,XL,264.44,204308.11
P12188,Shirt,Cotton,Winter,2082.85,10.7,3.7,253,116,6.12,30,North,S,800.09,215758.27
P12189,Jeans,Wool,Winter,722.84,33.3,3.0,463,110,4.34,32,East,S,929.6,53034.77
P12190,Shirt,Linen,Winter,787.47,33.5,4.0,268,138,5.2,25,South,XL,582.82,72266.12
P12191,T-Shirt,Linen,Summer,1847.35,45.1,4.2,486,128,2.59,50,Central,L,677.07,129816.98
P12192,Shirt,Polyester,Winter,1461.4,0.8,3.7,450,106,9.59,28,South,M,1094.8,153669.13
P12193,T-Shirt,Wool,Summer,1226.9,42.7,2.7,203,122,17.69,32,East,S,685.16,85767.67
P12194,T-Shirt,Wool,Summer,2109.38,26.1,3.7,384,114,6.8,38,East,M,930.14,177706.83
P12195,Shirt,Rayon,Winter,1612.48,31.1,2.7,159,111,5.91,53,Central,M,625.72,123320.86
P12196,Jeans,Linen,Summer,1531.47,4.6,,376,126,16.91,23,North,L,1125.43,184088.82
P12197,Hoodie,Wool,Autumn,,21.6,4.5,164,141,6.81,42,Central,M,880.25,217539.54
P12198,Jacket,Linen,Autumn,1274.93,11.4,4.9,31,114,10.06,18,North,M,819.55,128773.03
P12199,Dress,Rayon,Spring,2441.11,12.7,2.9,467,101,1.59,59,Central,M,1196.67,215239.99
P12200,Dress,Rayon,Autumn,1027.17,25.2,3.8,125,138,6.45,50,North,XL,352.17,106028.6
P12201,Jacket,Polyester,Summer,1894.16,40.6,3.9,122,115,3.48,56,West,XL,978.19,129390.07
P12202,Sweater,Linen,Summer,2360.3,37.2,4.8,442,131,3.01,49,North,L,323.13,194177.16
P12203,Sweater,Wool,Autumn,673.62,29.5,4.1,220,115,9.2,19,North,S,824.8,54613.74
P12204,T-Shirt,Wool,Winter,1294.0,27.0,2.9,33,117,6.27,42,East,L,813.05,110520.54
P12205,T-Shirt,Linen,Winter,2185.32,21.4,3.6,292,144,4.16,57,South,S,901.69,247343.26
P12206,Jeans,Linen,Summer,2194.35,48.6,4.1,301,118,10.72,50,Central,M,281.29,133091.72
P12207,Trousers,Linen,Winter,1397.1,28.0,4.3,372,134,15.9,55,East,S,869.83,134792.21
P12208,Shirt,Denim,Spring,1059.2,12.7,4.7,410,116,14.96,28,South,S,1165.0,107263.07
P12209,T-Shirt,Wool,Spring,2073.56,11.5,3.0,65,128,5.76,36,East,S,615.2,234892.88
P12210,Dress,Rayon,Autumn,2210.13,30.6,4.9,275,122,6.0,42,East,S,596.57,187127.29
P12211,Jeans,Wool,Autumn,801.2,26.1,2.6,63,118,14.91,45,Central,XL,642.27,69866.24
P12212,Shirt,Denim,Winter,777.65,0.4,5.0,346,117,11.59,27,West,M,1047.59,90621.11
P12213,Jeans,Linen,Summer,1635.15,41.5,4.6,117,136,15.11,48,,S,555.31,130092.53
P12214,Shirt,Polyester,Autumn,1877.62,35.2,4.2,211,121,1.03,33,Central,S,685.63,147220.43
P12215,Shirt,Linen,Spring,1320.56,33.1,4.3,211,128,2.66,59,North,M,1037.99,113082.19
P12216,Jacket,Linen,Autumn,,3.4,2.7,431,122,16.24,35,,S,550.06,224812.12
P12217,T-Shirt,Denim,Autumn,1073.92,18.1,2.6,346,122,17.17,39,Central,L,1085.18,107303.94
P12218,Hoodie,Wool,Spring,231.18,46.8,2.8,392,112,7.53,52,West,S,628.47,13774.63
P12219,Jeans,Linen,Summer,1245.66,43.1,2.7,483,114,19.21,29,Central,L,752.23,80800.98
P12220,Hoodie,Wool,Autumn,1537.94,14.3,3.9,227,110,6.73,59,Central,L,1053.31,144981.6
P12221,Jeans,Cotton,Autumn,1334.5,7.9,3.0,252,109,17.92,45,North,L,1043.99,133969.12
P12222,Jacket,Rayon,Autumn,804.84,22.5,4.7,363,119,9.01,26,South,XL,668.87,74226.37
P12223,Dress,Wool,Winter,410.61,17.8,3.6,397,112,11.67,47,South,XL,520.27,37802.4
P12224,Hoodie,Polyester,Autumn,,34.1,4.2,187,122,13.22,35,West,M,1213.65,95798.24
P12225,Dress,Rayon,Spring,2038.59,48.3,4.1,484,115,3.53,41,South,L,722.17,121204.37
P12226,Sweater,Polyester,Summer,2253.72,18.2,3.3,70,103,1.71,36,North,XL,916.98,189884.92
P12227,T-Shirt,Linen,Summer,2212.63,3.1,3.1,414,110,9.11,31,West,L,996.56,235844.23
P12228,T-Shirt,Rayon,Spring,1010.45,44.9,3.4,45,138,4.05,19,North,XL,568.14,76832.6
P12229,Trousers,Wool,Winter,807.78,1.9,4.5,367,129,11.43,28,North,M,390.29,102223.75
P12230,Jacket,Rayon,Spring,1797.98,47.6,4.0,55,97,9.62,43,Central,M,962.93,91387.73
P12231,Dress,Linen,Summer,1881.06,33.2,3.1,104,114,3.32,25,Central,XL,357.78,143246.48
P12232,Shirt,Denim,Spring,1740.1,47.1,4.5,336,109,13.65,20,Central,XL,484.61,100335.91
P12233,Jeans,Polyester,Winter,291.56,10.0,2.6,53,113,1.39,32,East,L,977.34,29651.65
P12234,T-Shirt,Linen,Summer,979.87,2.0,4.2,329,117,3.4,57,North,M,895.89,112351.89
P12235,Hoodie,Denim,Winter,1482.19,24.4,3.6,235,111,14.3,30,South,S,882.11,124379.46
P12236,Jeans,Rayon,Spring,,22.5,4.3,155,94,11.03,33,West,L,627.74,130571.24
P12237,Jeans,Rayon,Autumn,1960.38,16.6,4.8,481,133,6.36,39,East,XL,1145.15,217449.27
P12238,Trousers,Linen,Spring,1586.55,47.9,4.4,278,137,4.42,50,Central,L,501.57,113243.18
P12239,Dress,Wool,Winter,1698.47,41.1,3.6,22,98,13.2,19,East,S,169.12,98039.09
P12240,T-Shirt,Rayon,Spring,1550.92,33.1,2.9,34,138,4.91,46,East,M,255.64,143184.04
P12241,Jeans,Wool,Autumn,1911.37,8.1,4.5,270,129,19.71,51,North,S,803.84,226594.82
P12242,T-Shirt,Wool,Winter,1687.72,36.7,3.7,137,133,17.52,33,North,XL,752.17,142087.46
P12243,Shirt,Wool,Spring,1539.44,36.4,2.7,48,117,3.51,31,South,XL,980.02,114552.81
P12244,Trousers,Cotton,Winter,,21.3,4.3,166,120,17.32,56,West,XL,950.17,126453.27
P12245,Shirt,Denim,Winter,1548.77,46.2,3.2,373,117,7.56,22,West,XL,742.88,97488.88
P12246,T-SHIRT,Denim,Summer,1790.75,8.3,2.6,194,137,10.31,35,Central,XL,346.84,224970.13
P12247,Sweater,Rayon,Summer,1660.49,13.4,4.8,183,140,3.71,43,South,S,589.29,201317.81
P12248,Hoodie,Rayon,Winter,1728.5,3.2,3.7,426,116,3.25,27,West,M,611.63,194089.81
P12249,T-Shirt,Wool,Spring,2305.63,39.8,3.2,481,114,17.44,23,East,M,1235.53,158230.78
P12250,Dress,Cotton,Spring,1659.1,31.1,4.3,403,137,12.97,31,East,L,721.3,156607.43
P12251,Jeans,Wool,Spring,1110.6,15.7,4.7,195,110,9.75,19,West,L,1058.29,102985.94
P12252,Jeans,Cotton,Autumn,,8.2,2.5,290,127,1.69,44,East,L,812.89,236688.23
P12253,Shirt,Wool,Winter,680.28,2.0,4.2,498,117,18.52,26,East,XL,728.21,78000.9
P12254,Hoodie,Polyester,Winter,851.15,8.3,4.4,83,125,8.15,30,Central,M,610.5,97563.07
P12255,Trousers,Polyester,Autumn,1701.51,22.7,3.0,304,107,8.92,38,East,XL,906.55,140733.59
P12256,Sweater,Linen,Winter,1809.84,12.4,3.7,25,119,6.51,19,West,L,446.2,188664.96
P12257,Jacket,Wool,Winter,752.97,12.9,2.7,197,132,17.93,20,North,XL,741.24,86570.47
P12258,Hoodie,Rayon,Autumn,1270.31,43.8,4.4,421,137,7.55,30,East,S,783.29,97806.25
P12259,Jeans,Denim,Summer,1136.35,25.8,4.6,469,125,4.31,38,West,L,810.19,105396.46
P12260,Dress,Linen,Winter,1207.99,36.5,2.8,181,116,10.51,50,East,M,499.04,88980.54
P12261,Hoodie,Rayon,Autumn,2066.16,1.8,4.5,195,113,15.85,37,South,M,635.06,229273.51
P12262,Shirt,Polyester,Spring,1923.9,18.3,4.4,41,119,8.06,53,Central,L,844.13,187047.33
P12263,Shirt,Wool,Summer,1488.53,24.0,3.4,72,109,13.39,35,North,M,818.0,123309.83
P12264,Jacket,Linen,Spring,1172.42,9.3,4.2,358,134,6.78,42,East,M,1127.09,142493.58
P12265,Dress,Wool,Winter,690.21,6.0,2.5,310,122,14.68,55,West,L,689.43,79153.28
P12266,Trousers,Polyester,Summer,2352.11,43.5,4.8,318,127,13.71,42,North,L,397.23,168775.65
P12267,Hoodie,Linen,Autumn,1855.27,47.0,3.9,198,117,13.93,55,East,XL,610.9,115045.29
P12268,Dress,Polyester,Winter,1076.0,3.9,4.1,315,107,13.27,32,South,XL,436.21,110641.85
P12269,Trousers,Cotton,Autumn,1931.76,17.5,4.2,420,117,3.97,34,West,S,1223.6,186463.13
P12270,Dress,Polyester,Summer,1457.87,47.9,3.9,35,104,17.87,53,Central,M,991.64,78993.23
P12271,Dress,Wool,Spring,1327.73,4.2,4.6,396,106,12.13,46,East,L,857.86,134828.33
P12272,T-Shirt,Denim,Winter,1761.13,32.2,4.0,355,121,8.27,50,West,S,869.45,144479.58
P12273,Shirt,Polyester,Winter,1055.1,48.6,4.8,48,113,4.27,49,East,M,727.92,61282.32
P12274,Hoodie,Rayon,Autumn,1293.75,48.9,4.0,202,115,15.89,25,Central,M,342.14,76027.22
P12275,Dress,Denim,Summer,1572.88,23.6,2.9,172,106,10.67,30,South,S,619.8,127378.11
P12276,Hoodie,Cotton,Autumn,1200.33,8.1,4.8,62,120,3.8,34,Central,M,30.36,132372.39
P12277,Jacket,Linen,Summer,1901.45,10.1,4.2,484,112,18.51,38,Central,L,958.65,191453.2
P12278,Dress,Linen,Winter,2621.44,44.5,4.2,183,114,3.02,31,Central,S,791.25,165858.51
P12279,Jeans,Denim,Summer,1047.42,45.6,5.0,205,141,10.96,42,North,S,773.25,80341.3
P12280,Shirt,Linen,Winter,500.92,30.4,2.7,220,121,12.6,41,West,XL,534.92,42185.48
P12281,Jeans,Polyester,Summer,298.96,38.3,3.6,287,125,19.98,50,East,L,720.54,23057.29
P12282,Hoodie,Denim,Spring,1409.72,37.0,3.1,197,110,3.68,25,South,XL,931.12,97693.6
P12283,Hoodie,Wool,Summer,1102.1,33.1,4.1,399,124,12.66,45,East,S,868.74,91425.81
P12284,Shirt,Polyester,Spring,1624.72,41.4,4.5,317,129,10.06,36,North,L,422.46,122819.08
P12285,Hoodie,Polyester,Summer,1579.56,34.3,4.9,466,113,5.89,28,South,L,542.22,117268.11
P12286,Jeans,Polyester,Summer,538.07,26.7,3.6,340,101,18.9,27,North,XL,949.9,39834.94
P12287,Dress,Wool,Autumn,411.07,11.8,4.5,223,124,16.03,18,East,M,670.23,44957.9
P12288,Dress,Cotton,Autumn,1677.56,37.2,4.8,338,111,15.76,22,South,M,1293.25,116939.35
P12289,T-Shirt,Rayon,Winter,1581.26,23.7,4.2,38,138,18.08,33,East,M,460.9,166497.19
P12290,Jacket,Linen,Autumn,1244.51,14.7,3.1,180,123,14.78,37,West,XL,692.47,130572.74
P12291,Hoodie,Denim,Summer,505.71,40.1,4.0,131,119,10.63,37,North,M,637.91,36047.51
P12292,Jeans,Cotton,Autumn,,34.8,4.9,467,115,8.44,45,West,XL,685.28,133676.59
P12293,Hoodie,Denim,Summer,2263.14,46.9,5.0,427,150,14.38,22,West,XL,455.56,180259.1
P12294,Hoodie,Linen,Spring,1666.79,8.3,4.1,168,113,12.45,20,East,M,196.39,172714.45
P12295,Trousers,Wool,Summer,991.52,32.5,4.7,95,127,11.31,47,East,XL,920.73,84998.05
P12296,T-Shirt,Polyester,Winter,1526.73,12.2,3.0,311,135,12.19,40,Central,XL,1197.55,180963.31
P12297,Jeans,Polyester,Spring,680.33,45.2,3.1,13,116,13.45,51,Central,L,611.16,43247.22
P12298,Jeans,Wool,Winter,2134.78,5.0,4.9,11,132,19.41,45,South,S,836.15,267701.41
P12299,Hoodie,Cotton,Winter,1549.11,32.8,2.8,142,113,15.31,18,East,XL,700.32,117633.22
P12300,T-Shirt,Cotton,Winter,439.11,39.6,3.0,311,124,4.35,44,North,S,698.1,32887.58
P12301,Dress,Denim,Autumn,,17.7,3.6,88,127,9.87,51,East,M,566.58,137925.91
P12302,Jeans,Wool,Winter,1777.98,47.7,4.0,156,122,13.89,48,East,L,958.69,113445.79
P12303,Dress,Cotton,Spring,1300.17,42.5,4.0,175,123,4.34,49,West,L,825.14,91954.52
P12304,T-Shirt,Wool,Summer,1334.46,14.7,3.2,324,118,18.72,24,West,XL,552.15,134318.74
P12305,Dress,,Winter,765.36,0.4,4.8,472,122,2.46,55,Central,L,983.38,93000.42
P12306,Shirt,Polyester,Spring,1839.92,14.8,4.8,247,118,12.61,51,South,S,1178.91,184978.2
P12307,Trousers,Polyester,Winter,1110.92,14.1,,337,106,19.54,21,South,XL,1102.98,101153.71
P12308,Sweater,Polyester,Summer,206.13,44.5,3.6,285,124,14.83,36,East,L,704.9,14185.87
P12309,Jeans,Wool,Spring,1277.25,48.4,4.3,213,117,13.87,39,North,M,496.53,77110.14
P12310,Jacket,Wool,Spring,2088.69,3.5,4.2,461,102,19.95,46,West,XL,489.9,205589.76
P12311,Trousers,Denim,Summer,1267.84,23.6,3.5,62,132,16.04,51,North,L,606.82,127859.13
P12312,Sweater,Polyester,Spring,2542.79,27.4,3.5,495,122,19.44,51,West,XL,626.77,225220.0
P12313,Dress,Denim,Summer,1757.38,4.6,3.4,116,101,14.28,20,East,M,1011.02,169330.59
P12314,Jeans,Polyester,Spring,1703.25,18.9,3.1,64,120,13.64,38,South,XL,189.14,165760.29
P12315,Dress,Denim,Spring,1422.96,15.9,3.6,255,117,15.49,55,East,S,731.36,140015.0
P12316,Shirt,Denim,Summer,15000.0,26.8,4.2,432,117,4.59,38,West,S,595.25,124957.17
P12317,T-Shirt,Linen,Summer,1341.95,33.1,4.4,386,134,16.31,34,South,L,533.37,120300.45
P12318,Jeans,Denim,Spring,1318.64,35.2,4.4,173,134,19.43,46,North,S,905.5,114500.15
P12319,Sweater,Wool,Spring,1818.52,6.8,3.4,451,126,12.62,50,,S,551.0,213552.44
P12320,Sweater,Denim,Summer,938.5,40.6,4.4,24,107,1.23,56,Central,XL,708.3,59649.18
P12321,Shirt,Polyester,Autumn,854.46,33.9,2.5,10,113,2.37,43,North,XL,1009.43,63822.18
P12322,Shirt,Denim,Summer,826.08,44.5,3.7,360,111,5.46,24,Central,L,663.8,50890.66
P12323,Hoodie,Cotton,Spring,2727.39,22.5,4.5,146,127,10.33,26,South,S,1125.09,268443.36
P12324,Jeans,,Spring,1818.21,44.7,4.1,160,122,8.86,35,East,M,510.16,122667.36
P12325,Dress,Polyester,Spring,1682.7,43.3,3.7,189,114,19.61,18,East,L,-107.55,108766.36
P12326,Jacket,Cotton,Summer,865.49,21.9,4.1,419,110,18.97,28,South,M,898.62,74354.25
P12327,Sweater,Polyester,Spring,1874.01,19.1,4.8,241,108,8.46,39,South,S,843.53,163736.0
P12328,Sweater,Wool,Autumn,1430.06,46.6,3.9,496,127,16.09,49,West,L,1056.12,96983.81
P12329,Shirt,Rayon,Winter,1628.5,35.8,4.5,197,120,13.09,27,North,M,878.78,125459.64
P12330,Trousers,Rayon,Autumn,914.03,46.4,5.0,27,112,5.62,44,North,L,1199.25,54871.05
P12331,Shirt,Wool,Summer,1596.16,39.8,4.3,234,120,18.69,29,North,XL,843.61,115306.6
P12332,Jacket,Rayon,Spring,1245.7,30.5,3.9,114,120,5.93,47,Central,XL,1056.29,103891.38
P12333,Dress,Wool,Summer,1040.63,5.8,2.6,496,119,17.54,27,North,M,1002.21,116652.54
P12334,Dress,Cotton,Winter,1940.46,14.6,3.4,215,114,13.12,29,West,XL,574.41,188915.42
P12335,Trousers,Linen,Summer,577.38,48.4,3.9,195,119,12.8,55,East,XL,615.29,35453.44
P12336,Sweater,Polyester,Spring,1838.87,16.0,4.5,74,125,16.93,38,East,M,677.64,193081.35
P12337,Shirt,Wool,Winter,1910.69,4.7,3.6,342,137,10.39,44,Central,L,1397.12,249461.6
P12338,Hoodie,Polyester,Winter,972.21,35.4,4.9,381,100,17.21,23,West,M,580.72,62804.77
P12339,Dress,Cotton,Spring,,36.7,3.2,216,101,11.45,55,South,XL,876.74,64431.68
P12340,Jacket,Linen,Spring,1366.18,14.3,4.4,238,118,19.71,25,East,L,781.61,138156.32
P12341,Jeans,Cotton,Spring,1669.22,14.9,3.5,78,133,13.54,54,West,XL,819.36,188927.33
P12342,T-Shirt,Rayon,Summer,1408.29,23.4,3.7,151,118,8.11,23,South,S,767.62,127292.52
P12343,T-Shirt,Polyester,Autumn,1760.14,1.1,4.5,215,144,15.5,51,Central,M,640.19,250672.1
P12344,T-Shirt,Linen,Summer,2557.79,39.5,3.2,183,105,10.69,57,North,M,412.81,162483.61
P12345,Hoodie,Rayon,Summer,1195.37,15.9,2.7,206,121,16.31,39,West,M,469.59,121642.05
P12346,Sweater,Linen,Autumn,470.89,42.7,3.8,340,129,16.84,46,East,M,973.84,34806.78
P12347,Shirt,Rayon,Spring,1995.55,40.1,3.8,425,105,12.72,26,Central,S,891.13,125510.12
P12348,Trousers,Cotton,Spring,2509.99,33.1,4.5,316,135,17.57,38,West,L,812.96,226689.75
P12349,Hoodie,Wool,Autumn,1735.66,16.2,4.9,206,132,8.67,49,Central,L,1291.4,191991.77
P12350,Hoodie,Polyester,Autumn,847.35,25.8,2.6,237,113,2.09,25,South,L,1484.8,71046.91
P12351,Dress,Denim,Summer,1425.66,22.2,4.0,280,110,13.59,27,West,S,467.69,122007.98
P12352,Jeans,Denim,Winter,828.89,16.9,4.2,446,95,15.52,40,North,S,1173.55,65436.72
P12353,Hoodie,Cotton,Autumn,1885.71,42.4,5.0,208,116,2.38,37,South,L,390.06,125995.6
P12354,Jacket,Polyester,Summer,689.23,24.2,4.9,334,117,15.65,30,North,L,618.9,61125.05
P12355,Jeans,Polyester,Winter,1319.92,41.6,4.3,487,122,13.14,39,Central,S,799.4,94041.66
P12356,Jacket,Cotton,Spring,897.4,5.3,3.8,24,124,3.21,58,North,XL,1002.39,105379.89
P12357,Sweater,Polyester,Spring,1576.09,7.1,2.9,295,128,11.26,32,South,S,371.64,187416.01
P12358,Shirt,Wool,Summer,1280.19,48.9,3.5,343,122,3.07,48,South,M,773.77,79809.6
P12359,T-Shirt,Cotton,Summer,1606.06,29.4,4.0,417,114,7.11,49,South,L,785.16,129262.13
P12360,Hoodie,Wool,Autumn,1513.41,25.5,4.3,225,123,16.28,30,Central,XL,311.34,138681.33
P12361,Shirt,Polyester,Spring,908.0,26.2,4.1,44,118,2.91,42,East,L,881.41,79072.27
P12362,Sweater,Cotton,Summer,1876.13,10.8,4.3,78,113,9.73,38,Central,XL,713.2,189106.4
P12363,Trousers,Polyester,Spring,1470.74,35.9,3.6,405,144,12.51,21,South,L,921.46,135755.18
P12364,Trousers,,Spring,906.88,4.2,4.3,221,117,18.87,59,Central,L,608.77,101648.55
P12365,Sweater,Polyester,Autumn,2844.56,28.7,2.9,55,96,15.01,32,West,L,638.18,194704.44
P12366,Jacket,Wool,Winter,1785.86,28.5,2.9,391,124,3.65,38,West,M,1433.49,158334.35
P12367,Dress,Wool,Autumn,1408.04,45.7,2.9,462,134,19.41,59,East,S,515.31,102451.81
P12368,Dress,Polyester,Summer,2349.12,26.3,4.7,257,112,10.08,25,Central,XL,695.42,193905.76
P12369,Jacket,Cotton,Autumn,2605.09,6.9,2.7,429,135,8.02,48,Central,M,596.46,327420.74
P12370,Trousers,Denim,Autumn,1412.79,28.6,4.5,94,101,3.45,27,West,M,790.42,101881.94
P12371,Trousers,Wool,Spring,1708.44,4.6,3.1,57,115,18.74,38,South,L,839.51,187432.95
P12372,Hoodie,Wool,Autumn,907.2,10.2,3.7,240,108,12.14,34,North,XL,1114.71,87983.88
P12373,Trousers,Rayon,Summer,1411.68,1.6,4.8,76,99,19.77,22,South,XL,584.71,137520.22
P12374,Shirt,Denim,Winter,1380.56,25.7,4.0,486,112,4.3,30,East,XL,674.06,114884.68
P12375,Trousers,Polyester,Autumn,1610.9,4.2,3.0,447,132,11.37,38,North,XL,823.53,203707.97
P12376,Jeans,Cotton,Autumn,1699.66,23.5,3.2,98,115,3.09,29,South,XL,211.37,149527.59
P12377,Hoodie,Rayon,Winter,1835.9,46.6,4.8,228,125,10.96,42,Central,M,1100.05,122546.33
P12378,T-Shirt,Polyester,Summer,1642.59,36.0,3.6,429,104,17.91,45,Central,XL,-222.9,109330.79
P12379,Trousers,Linen,Summer,773.55,3.9,4.0,61,105,3.08,19,West,M,965.83,78055.06
P12380,Jacket,Wool,Autumn,936.92,11.2,3.6,31,142,6.12,38,Central,XL,1792.57,118141.86
P12381,T-Shirt,Linen,Spring,1172.16,33.7,3.4,431,131,13.97,58,Central,L,931.65,101805.61
P12382,Shirt,Wool,Autumn,1330.66,44.7,3.1,108,124,2.45,39,East,M,960.14,91246.02
P12383,Jacket,Wool,Winter,2130.46,1.6,4.2,455,107,9.63,19,North,M,781.9,224311.87
P12384,T-Shirt,Linen,Winter,802.24,40.6,4.3,458,125,7.33,47,South,XL,499.06,59566.32
P12385,Jacket,Linen,Winter,1285.55,28.1,3.2,140,139,16.92,18,South,XL,986.69,128479.15
P12386,Shirt,Polyester,Autumn,2071.81,27.3,4.5,97,119,1.93,30,East,S,327.93,179238.5
P12387,Hoodie,Rayon,Autumn,1320.07,47.9,4.6,145,112,17.4,20,North,L,395.46,77028.72
P12388,Jeans,Rayon,Summer,1776.25,37.4,4.8,383,133,14.37,37,,L,613.47,147887.02
P12389,Shirt,Linen,Spring,1416.27,42.5,2.9,48,134,6.65,22,East,M,906.7,109123.6
P12390,Shirt,Polyester,Autumn,1654.07,17.7,3.3,27,115,4.76,19,Central,L,378.86,156549.46
P12391,Jacket,Rayon,Summer,1362.92,27.7,4.7,114,104,19.05,43,South,S,952.25,102480.68
P12392,Hoodie,Polyester,Autumn,1900.24,30.8,3.0,396,131,11.52,46,East,XL,881.78,172260.56
P12393,Sweater,Polyester,Summer,572.97,16.1,2.5,155,117,7.55,35,East,XL,773.97,56244.45
P12394,Dress,,Summer,1282.01,28.5,4.7,345,118,1.84,26,East,XL,249.67,108163.18
P12395,Trousers,Rayon,Spring,1677.94,11.8,3.3,233,107,4.15,39,South,M,1026.39,158353.91
P12396,Trousers,Rayon,Autumn,1820.22,7.2,3.5,126,125,12.37,45,South,S,676.38,211145.52
P12397,Jeans,Wool,Summer,2395.77,18.7,3.6,10,118,10.75,29,West,M,728.86,229835.8
P12398,Jeans,Linen,Winter,1265.39,37.0,4.6,126,119,15.39,54,South,M,603.01,94866.29
P12399,Trousers,Wool,Winter,2387.69,45.8,3.3,393,123,16.86,35,South,L,281.46,159177.74
P12400,Dress,Rayon,Winter,1104.59,22.9,4.7,35,108,8.55,51,Central,L,453.92,91977.0
P12401,Trousers,Rayon,Spring,2297.19,32.1,4.0,445,101,2.92,59,South,M,1035.16,157538.99
P12402,Sweater,Linen,Summer,1990.48,5.2,3.8,21,101,16.04,59,North,S,1228.52,190584.48
P12403,Dress,Wool,Spring,951.92,45.2,3.3,303,128,11.52,20,Central,M,915.87,66771.48
P12404,Jeans,Cotton,Autumn,1684.22,28.4,3.1,350,122,19.62,22,West,M,976.25,147119.99
P12405,T-Shirt,Cotton,Autumn,1469.26,39.0,4.1,178,102,16.13,40,North,M,1247.48,91417.36
P12406,Jacket,Linen,Summer,1875.35,39.7,3.6,62,121,7.25,30,West,XL,1239.73,136831.16
P12407,Sweater,Wool,Winter,1366.04,12.8,4.8,278,125,9.14,41,East,XL,927.53,148898.36
P12408,Sweater,Wool,Summer,1315.65,26.5,3.7,257,103,5.48,45,East,S,570.38,99601.28
P12409,Hoodie,Polyester,Summer,2321.46,48.0,3.8,137,115,10.73,34,East,L,156.54,138823.31
P12410,Jeans,Rayon,Summer,1440.77,4.5,3.5,85,127,14.5,23,South,L,768.92,174743.79
P12411,Jeans,Denim,Spring,1995.85,34.2,4.5,278,106,12.64,44,South,S,802.32,139206.55
P12412,Shirt,Linen,Autumn,1364.79,48.1,3.6,155,133,7.5,46,Central,L,1535.1,94207.36
P12413,Sweater,Denim,Summer,2500.0,15.0,3.2,412,130,16.64,29,North,M,949.42,276250.0
P12414,Shirt,Denim,Summer,1093.0,43.1,4.7,412,119,3.0,52,North,XL,811.97,74008.12
P12415,Shirt,Linen,Summer,1131.51,46.7,4.0,463,147,3.71,22,East,XL,483.51,88654.94
P12416,Jacket,Wool,Spring,2414.71,37.4,4.0,57,135,8.68,19,East,L,776.35,204067.14
P12417,Shirt,Linen,Spring,1233.03,11.6,4.0,208,136,14.34,28,South,L,1125.48,148239.8
P12418,Dress,Denim,Spring,2460.64,16.7,4.3,80,118,14.19,21,West,S,688.17,241866.15
P12419,Trousers,Rayon,Summer,2035.1,1.8,3.3,421,150,7.96,39,North,S,364.25,299770.23
P12420,T-Shirt,Rayon,Winter,1407.21,41.6,2.6,101,115,14.24,18,North,M,492.79,94508.22
P12421,Jeans,Rayon,Winter,412.02,42.5,4.5,412,132,2.15,33,West,M,342.93,31272.32
P12422,Dress,Wool,Winter,1488.41,31.6,2.8,473,128,6.51,19,North,L,543.68,130313.27
P12423,T-Shirt,Cotton,Autumn,1560.98,17.6,4.3,218,110,14.18,58,,S,408.41,141487.23
P12424,Sweater,Linen,Summer,2200.33,3.8,2.7,351,121,4.5,44,South,XL,914.85,256122.81
P12425,Sweater,Rayon,Winter,2453.07,37.7,3.4,348,126,5.04,29,North,S,955.78,192561.09
P12426,Sweater,Linen,Winter,1089.01,36.3,2.7,57,114,2.65,22,East,M,1202.88,79081.73
P12427,Dress,Rayon,Winter,1980.71,45.6,3.8,38,131,7.92,22,East,L,734.83,141153.32
P12428,Dress,Wool,Summer,1959.24,36.5,4.1,185,113,16.67,39,Central,L,729.55,140585.27
P12429,Jeans,Cotton,Winter,2144.05,41.4,2.9,28,99,16.89,30,South,S,853.64,124384.92
P12430,Trousers,Cotton,Winter,1799.21,37.3,3.4,364,127,17.38,33,South,S,581.24,143269.29
P12431,Hoodie,Rayon,Summer,,31.5,4.8,56,127,1.7,43,East,S,411.85,29099.83
P12432,Shirt,Wool,Autumn,1406.75,21.3,3.6,354,113,19.88,26,South,S,479.38,125103.68
P12433,Sweater,Polyester,Spring,806.58,45.1,4.5,69,117,10.55,49,South,M,932.46,51809.05
P12434,Jacket,Linen,Winter,1378.44,32.5,4.8,185,128,17.58,36,Central,M,1025.14,119097.22
P12435,Trousers,Linen,Spring,2088.0,19.9,,264,110,18.2,53,West,S,1467.0,183973.68
P12436,Jacket,Denim,Autumn,1683.09,4.2,4.7,413,108,10.78,45,,L,441.92,174139.22
P12437,Jeans,Wool,Autumn,,14.5,3.3,238,136,1.97,32,Central,XL,428.54,254519.48
P12438,Jeans,Denim,Winter,1705.05,27.2,4.9,156,111,12.35,26,West,XL,178.83,137781.68
P12439,Jeans,Rayon,Summer,721.0,13.8,4.5,307,121,7.35,33,North,M,796.54,75201.74
P12440,T-Shirt,Denim,Autumn,-12.51,11.1,4.6,342,125,4.93,23,East,S,912.06,-1390.17
P12441,Jacket,Cotton,Spring,1589.29,26.4,2.5,248,137,4.47,25,West,S,560.44,160251.29
P12442,Trousers,Linen,Spring,1371.64,8.5,4.9,341,120,11.63,50,North,XL,292.39,150606.07
P12443,Hoodie,Denim,Spring,913.83,40.0,4.4,442,109,2.99,49,,L,1349.95,59764.48
P12444,Trousers,Cotton,Spring,479.62,24.2,4.4,408,130,16.61,53,North,XL,858.82,47261.75
P12445,Dress,Wool,Autumn,1059.15,28.7,2.7,197,117,5.32,59,South,L,382.43,88355.35
P12446,Dress,Denim,Winter,1383.31,7.4,3.1,333,123,11.44,53,North,XL,641.77,157556.24
P12447,Sweater,Rayon,Winter,1899.53,16.2,4.9,344,131,3.38,51,East,S,1437.54,208526.6
P12448,Hoodie,Rayon,Spring,1613.18,20.5,3.8,218,119,17.33,19,Central,M,1034.52,152614.89
P12449,Dress,Rayon,Winter,2464.84,40.4,3.5,420,122,14.15,30,West,M,651.41,179223.45
P12450,Jeans,Linen,Spring,878.64,38.5,4.6,84,109,4.92,27,North,L,463.14,58899.63
P12451,Trousers,Denim,Spring,2028.64,11.1,2.7,192,119,14.6,55,Central,M,1158.48,214611.85
P12452,Jacket,Wool,Summer,1528.38,30.8,3.5,96,146,2.58,24,East,M,321.47,154415.29
P12453,Jeans,Denim,Autumn,1916.8,12.2,3.4,280,116,15.67,20,West,M,899.82,195222.25
P12454,T-Shirt,Linen,Autumn,1238.09,49.4,3.4,189,129,10.32,44,North,XL,894.66,80815.09
P12455,Dress,Cotton,Spring,2143.01,47.6,3.3,424,122,3.28,31,East,S,1080.92,136998.34
P12456,Jeans,Linen,Autumn,1677.13,28.2,3.0,254,110,11.46,47,South,XL,918.66,132459.73
P12457,Jeans,Rayon,Winter,1092.33,34.9,2.9,355,123,4.82,51,Central,S,936.97,87466.14
P12458,T-Shirt,Cotton,Spring,1492.79,40.1,4.1,16,108,13.78,40,Central,M,851.26,96571.57
P12459,Shirt,Rayon,Summer,15000.0,36.0,4.8,278,108,14.46,34,North,XL,841.77,93745.38
P12460,Trousers,Polyester,Winter,1793.51,35.0,3.8,447,162,15.46,32,East,S,1311.87,188856.6
P12461,Jacket,Linen,Summer,792.13,47.9,3.2,22,114,18.0,24,West,XL,754.58,47047.77
P12462,Sweater,Linen,Summer,1482.39,29.8,2.9,413,132,13.44,20,West,L,1010.52,137364.19
P12463,Shirt,Wool,Autumn,1737.18,31.8,4.6,235,95,10.34,26,West,XL,629.7,112551.89
P12464,Dress,Denim,Autumn,1519.81,42.5,4.9,275,105,17.23,20,West,M,441.45,91758.53
P12465,Jeans,Cotton,Spring,2308.16,33.5,3.4,251,125,18.1,52,North,XL,606.33,191865.8
P12466,Hoodie,Cotton,Autumn,1964.41,36.6,3.2,389,120,15.85,57,North,M,676.44,149452.31
P12467,T-Shirt,Wool,Summer,1495.51,11.7,4.0,189,125,18.91,25,Central,L,435.19,165066.92
P12468,T-Shirt,Wool,Summer,1630.01,18.6,4.4,430,125,19.61,43,East,M,303.06,165853.52
P12469,Hoodie,Denim,Winter,1677.4,7.4,3.6,189,118,5.77,32,South,M,1109.39,183286.14
P12470,Trousers,Rayon,Summer,1741.98,25.3,4.1,135,140,4.49,22,North,M,570.41,182176.27
P12471,Shirt,Denim,Spring,404.61,22.8,4.3,292,131,9.52,30,West,XL,665.51,40919.02
P12472,Sweater,Linen,Spring,1319.08,49.9,4.9,427,112,19.94,32,South,L,577.86,74016.22
P12473,Trousers,Rayon,Autumn,609.34,30.6,2.9,365,135,2.68,56,Central,XL,55.55,57089.06
P12474,Hoodie,Polyester,Autumn,2266.97,39.3,5.0,199,119,14.53,29,West,S,1241.61,163750.04
P12475,Jeans,,Autumn,1463.49,16.7,3.5,25,126,17.17,52,East,XL,473.48,153604.98
P12476,Hoodie,Wool,Spring,1384.0,41.6,4.3,324,112,19.93,25,South,S,1053.62,90524.67
P12477,Trousers,Rayon,Summer,2038.08,30.8,3.9,30,119,12.77,27,Central,M,452.28,167831.81
P12478,Jacket,Denim,Autumn,1753.39,34.8,3.7,25,158,8.22,51,North,S,818.09,180627.22
P12479,T-Shirt,Cotton,Winter,822.82,14.7,4.2,474,119,4.16,25,East,M,1035.66,83521.99
P12480,T-Shirt,Polyester,Autumn,1457.46,27.4,3.5,472,123,19.65,39,West,L,396.83,130148.26
P12481,Dress,Linen,Spring,1298.9,31.7,2.8,278,126,18.56,29,South,L,627.26,111780.74
P12482,Dress,Cotton,Autumn,453.28,29.5,3.7,42,108,16.29,39,Central,M,563.87,34512.74
P12483,Hoodie,Cotton,Summer,1085.83,45.8,3.8,191,119,18.93,44,South,M,614.91,70033.86
P12484,Sweater,Polyester,Autumn,1389.88,44.9,3.0,78,135,2.16,35,East,M,982.05,103386.22
P12485,Jeans,Linen,Spring,1431.03,48.5,4.8,420,112,13.0,36,North,S,1166.29,82541.81
P12486,Jacket,Wool,Spring,610.66,33.4,3.1,61,105,6.22,22,North,L,642.89,42703.45
P12487,Shirt,Rayon,Winter,2191.0,48.6,3.5,74,102,15.55,33,East,M,830.88,114869.75
P12488,Trousers,Linen,Spring,1438.74,41.6,2.9,309,124,2.82,58,West,S,356.86,104187.8
P12489,Sweater,Denim,Winter,1522.53,13.5,3.8,423,112,5.92,27,South,M,1490.88,147502.71
P12490,Jeans,Cotton,Summer,1740.38,21.4,3.3,416,120,17.15,36,West,L,900.18,164152.64
P12491,Dress,Denim,Spring,1027.15,11.9,3.7,344,111,15.24,18,Central,XL,1001.93,100446.03
P12492,Hoodie,Wool,Autumn,1773.81,0.2,3.1,237,110,19.85,39,West,L,605.55,194728.86
P12493,Trousers,Denim,Summer,1279.76,9.4,2.6,476,129,13.24,34,East,XL,1071.1,149570.67
P12494,Dress,Linen,Autumn,962.05,0.2,4.4,231,100,6.76,52,North,L,791.68,96012.59
P12495,Hoodie,Denim,Autumn,1844.07,36.0,4.1,281,104,11.41,56,East,M,1039.4,122741.3
P12496,Trousers,Wool,Autumn,2395.0,21.3,3.4,448,121,18.94,26,East,L,473.26,228068.66
P12497,Shirt,,Summer,1934.9,15.6,2.6,27,123,13.38,22,South,M,804.27,200865.84
P12498,Jeans,Wool,Summer,2053.79,38.1,4.7,227,120,17.75,26,East,S,140.88,152555.52
P12499,Trousers,Linen,Spring,1187.62,41.6,2.9,282,132,1.43,28,Central,XL,937.19,91551.25
P12500,Jacket,Wool,Autumn,541.43,48.8,4.8,468,118,8.02,31,South,XL,916.64,32711.03
P12501,Sweater,Cotton,Winter,2394.08,32.1,3.7,317,133,18.77,57,South,S,195.11,216202.18
P12502,T-Shirt,Wool,Spring,2732.71,23.1,3.4,182,129,1.75,41,West,XL,410.23,271087.56
P12503,Jacket,Denim,Summer,2425.68,15.3,4.4,65,135,10.86,37,East,S,504.04,277364.38
P12504,Jacket,Rayon,Winter,1298.53,11.1,4.7,358,122,7.58,50,West,M,898.05,140835.97
P12505,Sweater,Denim,Summer,807.22,10.6,3.4,447,122,13.28,21,West,L,-94.78,88041.87
P12506,T-Shirt,Rayon,Winter,860.59,20.5,3.5,18,95,4.08,33,South,XL,1334.86,64996.06
P12507,Jacket,Denim,Spring,489.76,49.6,3.6,410,131,13.41,42,West,L,526.67,32335.91
P12508,Trousers,,Winter,1435.57,0.0,4.8,292,132,19.84,18,West,M,1646.32,189495.24
P12509,Trousers,Denim,Spring,2463.41,9.9,4.2,302,108,6.15,41,South,XL,753.54,239709.5
P12510,Trousers,Linen,Summer,1415.0,9.4,3.1,31,129,9.77,20,South,S,43.15,165376.71
P12511,T-Shirt,Linen,Winter,1681.39,35.9,3.0,81,113,1.56,49,North,S,275.78,121788.12
P12512,Jacket,,Autumn,2325.36,17.6,3.1,460,121,9.25,51,East,XL,755.75,231847.69
P12513,Hoodie,Cotton,Autumn,1257.54,22.9,3.2,431,119,8.71,42,North,M,339.86,115378.04
P12514,T-Shirt,Rayon,Summer,2721.32,7.4,3.1,364,121,11.73,20,South,L,449.84,304913.02
P12515,Trousers,Wool,Winter,2695.26,20.2,4.1,489,124,5.88,24,Central,L,9.48,266701.37
P12516,Sweater,Wool,Autumn,1421.33,5.2,2.8,337,121,7.24,59,West,L,613.82,163037.92
P12517,Jacket,Linen,Spring,1153.48,26.7,3.5,181,117,12.59,52,West,XL,1193.01,98923.6
P12518,Jacket,Linen,Winter,1918.34,4.9,4.1,132,129,18.26,46,South,L,533.5,235340.03
P12519,Dress,Rayon,Winter,1291.49,39.5,3.2,100,127,5.47,57,West,S,909.9,99231.63
P12520,Dress,Denim,Autumn,806.07,28.3,2.7,233,124,13.87,42,North,L,426.72,71666.07
P12521,Shirt,Denim,Spring,2268.74,36.2,2.7,301,124,10.95,45,West,M,1053.84,179484.56
P12522,Hoodie,Wool,Spring,2229.87,20.9,2.8,363,115,2.99,41,Central,L,597.52,202840.12
P12523,Hoodie,Polyester,Spring,1593.31,19.1,4.6,261,127,11.74,22,East,S,825.69,163701.45
P12524,Jeans,Polyester,Winter,742.28,4.9,4.1,418,106,14.47,44,North,L,513.31,74826.28
P12525,Hoodie,Denim,Summer,762.28,26.2,2.7,488,150,12.37,27,East,L,646.55,84384.4
P12526,Dress,Polyester,Winter,1564.34,25.7,3.5,307,116,2.98,29,East,XL,350.64,134827.34
P12527,T-Shirt,Denim,Winter,1200.08,23.4,3.2,376,134,17.24,35,Central,M,1232.07,123181.01
P12528,Hoodie,Linen,Autumn,1295.34,37.0,3.9,265,103,1.78,55,Central,L,764.78,84054.61
P12529,Dress,Wool,Summer,2113.18,41.6,3.8,22,116,5.48,25,Central,L,511.28,143155.27
P12530,Shirt,Cotton,Spring,1939.91,37.5,3.7,449,113,12.7,55,Central,XL,668.95,137006.14
P12531,Jacket,Wool,Autumn,2326.89,7.2,3.3,344,100,5.14,47,North,M,875.74,215935.39
P12532,Hoodie,Denim,Winter,905.63,31.1,2.8,127,110,2.93,26,Central,M,951.9,68637.7
P12533,Shirt,Denim,Summer,1294.09,4.0,4.4,444,107,10.73,42,North,XL,574.58,132928.92
P12534,Jacket,Wool,Spring,1955.39,34.7,4.7,187,116,14.73,47,West,M,959.88,148116.88
P12535,Sweater,Rayon,Spring,1768.85,19.1,4.9,470,126,8.8,19,East,M,745.91,180305.96
P12536,Sweater,Denim,Winter,2419.43,6.6,2.6,317,134,14.27,34,West,S,502.83,302806.18
P12537,Jacket,Polyester,Spring,1752.32,43.1,4.3,170,118,17.35,24,West,L,632.93,117654.27
P12538,Hoodie,Polyester,Spring,2608.87,30.7,4.3,104,120,19.22,39,South,L,561.83,216953.63
P12539,T shirt,Denim,Summer,1824.01,17.7,4.9,418,114,5.43,27,West,S,1313.47,171132.27
P12540,Dress,Denim,Autumn,2137.3,1.5,3.1,377,104,12.5,43,West,M,785.24,218945.01
P12541,T-Shirt,Rayon,Summer,1305.89,26.9,4.4,323,128,6.07,30,South,L,972.67,122189.52
P12542,T-Shirt,Polyester,Autumn,1508.57,46.2,2.6,177,106,17.55,59,West,M,1110.07,86030.73
P12543,Trousers,,Autumn,2046.57,29.8,4.1,96,116,17.92,45,South,M,777.21,166656.29
P12544,Jacket,Denim,Autumn,2467.79,48.6,3.4,431,116,7.12,53,North,XL,1032.98,147139.51
P12545,T-Shirt,Rayon,Spring,1937.54,6.8,4.4,12,108,13.26,28,East,S,758.41,195025.03
P12546,Hoodie,Rayon,Summer,1450.1,28.4,4.7,381,117,17.87,26,Central,XL,721.21,121477.78
P12547,Jeans,Wool,Spring,2326.4,39.9,3.4,25,130,10.66,33,West,S,655.06,181761.63
P12548,Jacket,Rayon,Winter,184.81,26.3,3.8,139,122,14.69,34,North,M,613.32,16617.01
P12549,Jeans,Cotton,Summer,646.66,4.6,2.8,32,117,16.22,22,East,L,907.79,72178.9
P12550,Hoodie,Polyester,Autumn,1908.98,29.1,3.5,107,91,17.57,22,North,M,430.89,123165.48
P12551,T-Shirt,Wool,Spring,1508.47,30.6,3.4,167,113,10.79,55,South,L,401.12,118297.23
P12552,T-Shirt,Cotton,Spring,1863.31,36.4,3.0,248,139,18.89,48,North,M,1016.45,164724.06
P12553,Trousers,Denim,Summer,1538.64,38.1,4.7,19,117,12.95,19,West,M,1099.41,111432.92
P12554,T-Shirt,Denim,Summer,1842.57,38.5,2.9,330,103,3.88,44,West,L,1256.8,116717.6
P12555,Jacket,,Autumn,1011.36,33.2,4.1,31,142,12.64,36,Central,XL,627.92,95933.56
P12556,Hoodie,Rayon,Autumn,1842.29,10.8,4.7,317,113,6.67,42,Central,S,232.14,185695.46
P12557,Sweater,Denim,Winter,2096.65,20.2,4.8,376,113,8.07,55,West,S,182.43,189063.32
P12558,Hoodie,Linen,Autumn,2232.33,38.8,4.5,193,127,16.37,30,North,M,1148.85,173505.62
P12559,Jacket,Wool,Spring,2708.13,47.7,2.9,426,104,19.49,46,West,L,1010.47,147300.61
P12560,Jacket,Cotton,Winter,1646.46,3.9,4.5,226,124,17.53,36,North,S,888.39,196198.76
P12561,Trousers,Wool,Winter,1664.35,26.8,3.2,223,105,7.19,52,West,L,940.96,127921.94
P12562,Trousers,Polyester,Winter,586.1,15.6,4.8,345,146,9.62,42,East,XL,955.31,72221.59
P12563,T-Shirt,Rayon,Summer,1181.15,11.3,4.3,167,106,19.69,26,North,XL,1318.78,111054.09
P12564,Shirt,Rayon,Autumn,1384.15,25.3,,219,124,18.55,52,South,S,422.68,128211.05
P12565,Hoodie,Wool,Winter,2130.19,30.3,2.7,417,123,19.56,32,South,L,487.1,182623.32
P12566,Hoodie,Denim,Summer,1133.4,0.5,4.0,142,106,9.23,39,Central,M,896.24,119539.7
P12567,Shirt,Denim,Summer,1977.8,39.0,4.6,62,127,16.21,30,East,XL,980.96,153220.17
P12568,Trousers,Linen,Winter,1499.03,41.0,4.7,238,123,17.55,47,South,L,387.63,108784.61
P12569,T-Shirt,Linen,Winter,1393.7,48.3,2.6,192,117,1.84,38,West,M,998.55,84303.52
P12570,Shirt,Rayon,Spring,1649.34,9.0,,32,117,6.06,42,South,S,616.95,175605.23
P12571,T-Shirt,Linen,Winter,1265.31,29.7,2.6,115,128,17.79,42,West,L,905.61,113857.66
P12572,T-Shirt,Cotton,Spring,1242.58,21.3,4.0,100,113,8.39,57,East,XL,362.23,110503.88
P12573,T-Shirt,Linen,Winter,477.13,16.7,4.2,128,115,6.29,39,Central,S,170.73,45706.67
P12574,Dress,Cotton,Winter,1351.23,28.3,2.8,469,97,6.18,58,South,S,922.15,93976.7
P12575,Jacket,Linen,Autumn,1212.02,39.1,2.6,147,103,8.13,20,Central,M,1350.25,76026.38
P12576,T-Shirt,Rayon,Winter,1190.41,1.2,4.5,491,91,5.64,26,East,XL,762.41,107027.38
P12577,Dress,Rayon,Winter,1750.12,48.5,3.5,129,114,1.06,41,North,XL,1297.63,102749.55
P12578,Trousers,Cotton,Spring,1895.18,40.5,2.8,170,131,4.28,49,East,L,336.77,147719.81
P12579,Shirt,,Spring,1639.32,37.6,4.4,217,137,17.77,34,East,M,484.92,140142.19
P12580,Jacket,Rayon,Autumn,2097.25,38.0,4.6,358,110,2.44,58,East,L,897.57,143032.45
P12581,T-SHIRT,Wool,Winter,1845.34,19.5,4.0,327,104,8.85,41,North,S,911.31,154491.86
P12582,Shirt,Denim,Winter,1322.97,37.6,2.9,347,123,9.67,25,North,S,598.34,101540.59
P12583,Jacket,Cotton,Spring,1222.29,19.3,2.5,164,113,15.78,23,East,L,926.05,111461.85
P12584,Sweater,Rayon,Summer,1687.69,44.9,4.3,272,114,5.8,26,North,XL,588.76,106010.56
P12585,Shirt,Polyester,Summer,1844.26,8.9,3.9,365,116,6.88,32,West,XL,785.31,194894.02
P12586,Jacket,Denim,Summer,2338.71,14.6,4.1,164,107,1.27,41,East,S,854.66,213706.64
P12587,Shirt,Wool,Spring,2214.7,27.6,4.5,339,114,18.15,28,South,S,1305.5,182792.48
P12588,Shirt,Rayon,Spring,1175.12,16.0,3.6,403,112,14.03,48,West,M,486.43,110555.29
P12589,Sweater,Cotton,Summer,1438.8,21.2,2.8,468,124,5.99,30,East,S,929.27,140588.03
P12590,Shirt,Linen,Summer,1902.61,24.6,4.8,322,128,17.86,47,South,S,1004.32,183624.7
P12591,Shirt,Polyester,Winter,2140.8,42.8,3.9,295,120,2.65,42,South,S,1436.5,146944.51
P12592,Sweater,Wool,Spring,2063.38,26.2,4.0,268,121,8.0,29,Central,L,1205.86,184255.71
P12593,Trousers,Denim,Spring,1461.67,18.1,4.8,166,119,11.71,38,Central,S,955.15,142455.82
P12594,T-Shirt,Cotton,Summer,747.59,12.4,4.8,23,113,10.6,41,South,M,167.11,74002.44
P12595,Hoodie,Polyester,Summer,900.64,20.4,3.9,86,126,13.44,43,East,M,894.64,90330.59
P12596,Jeans,Cotton,Autumn,1663.58,25.8,3.2,348,148,6.65,29,East,M,1083.49,182687.7
P12597,Dress,Rayon,Spring,1705.34,37.3,5.0,418,121,15.4,54,East,M,423.44,129379.03
P12598,Jeans,Linen,Autumn,840.79,6.1,4.2,403,134,8.7,38,East,S,490.38,105793.24
P12599,Jeans,Denim,Winter,1526.74,11.1,,344,135,3.38,40,South,M,1295.4,183231.7
P12600,Jacket,Cotton,Autumn,1878.73,19.0,3.9,229,133,15.07,18,North,L,1124.87,202395.58
P12601,T-Shirt,Wool,Summer,809.26,18.0,3.5,241,121,18.33,27,North,L,292.95,80294.78
P12602,Jacket,Rayon,Spring,2163.0,19.6,4.7,442,131,7.92,52,East,XL,757.96,227815.81
P12603,T-Shirt,Rayon,Spring,1273.48,39.7,3.7,303,115,12.2,55,,XL,746.77,88309.47
P12604,Sweater,Denim,Autumn,2254.57,16.2,4.6,464,117,14.07,45,South,S,1225.98,221051.57
P12605,Sweater,Rayon,Autumn,1179.93,25.1,4.6,151,132,16.8,18,North,XL,1249.45,116657.32
P12606,Hoodie,Wool,Winter,884.02,31.2,4.6,260,115,4.76,25,South,L,840.81,69943.66
P12607,T-Shirt,Cotton,Winter,1225.12,11.6,4.3,423,117,11.83,58,Central,L,448.83,126711.71
P12608,Shirt,Denim,Summer,1442.91,35.9,4.6,305,122,15.07,40,South,S,622.44,112838.45
P12609,Trousers,Rayon,Summer,1266.91,27.4,3.5,149,107,4.78,37,Central,XL,206.95,98416.1
P12610,Hoodie,Rayon,Summer,1370.4,22.3,2.8,485,124,9.98,49,Central,S,282.63,132035.3
P12611,Hoodie,Wool,Autumn,1700.38,40.5,4.6,151,121,9.82,40,West,M,1559.72,122418.86
P12612,Shirt,Linen,Autumn,1397.29,12.2,3.7,138,132,16.95,24,Central,M,658.29,161940.32
P12613,T shirt,Linen,Spring,1460.33,44.2,2.8,333,111,15.77,28,West,XL,661.05,90449.92
P12614,Jacket,Rayon,Summer,474.46,28.1,2.8,314,141,5.41,25,Central,S,709.25,48100.28
P12615,Trousers,Cotton,Autumn,1735.02,30.5,2.9,27,125,5.43,31,Central,L,783.82,150729.86
P12616,Jacket,Denim,Spring,1446.48,43.8,4.4,252,134,14.74,31,South,S,875.74,108931.52
P12617,Sweater,Rayon,Summer,2466.18,40.9,4.3,173,106,15.05,53,West,M,469.65,154496.31
P12618,Jeans,Polyester,Winter,936.26,30.1,3.0,329,114,4.4,58,North,S,1205.03,74606.81
P12619,Sweater,Denim,Winter,415.02,37.7,4.6,105,129,8.81,57,North,S,553.11,33353.91
P12620,Sweater,Linen,Autumn,1870.84,21.7,3.2,37,96,16.69,44,South,XL,237.28,140627.3
P12621,Jeans,Rayon,Spring,1707.92,27.4,4.5,485,105,2.51,37,North,L,336.87,130194.74
P12622,Trousers,Wool,Winter,894.94,3.1,3.7,239,128,8.1,55,North,S,746.26,111001.2
P12623,Hoodie,Polyester,Spring,582.15,4.5,4.3,425,101,13.25,42,Central,M,1027.03,56151.28
P12624,Trousers,Rayon,Spring,2422.44,41.5,3.5,465,142,15.65,46,East,S,990.16,201232.09
P12625,Jacket,Cotton,Winter,2348.47,3.0,3.4,34,116,13.4,31,East,L,1134.08,264249.84
P12626,Shirt,Polyester,Spring,7.53,8.5,4.6,184,103,8.55,45,North,S,372.37,709.66
P12627,Jacket,Rayon,Winter,1225.07,39.8,2.6,413,101,19.85,47,South,L,1144.72,74486.71
P12628,Shirt,Cotton,Autumn,2498.52,0.1,4.9,170,105,1.79,32,South,S,899.38,262082.26
P12629,Sweater,Polyester,Summer,1214.36,14.1,4.1,39,126,10.4,38,West,XL,654.05,131435.04
P12630,Jeans,Cotton,Summer,1205.63,29.2,3.6,174,102,10.69,29,South,L,525.99,87065.78
P12631,Sweater,Cotton,Autumn,1330.34,29.8,4.1,217,120,5.56,28,South,S,472.89,112067.84
P12632,T-Shirt,Polyester,Winter,827.46,38.9,2.8,446,119,11.62,56,Central,S,910.07,60163.79
P12633,Trousers,Polyester,Winter,477.13,25.3,3.8,482,122,5.18,23,Central,S,770.76,43482.77
P12634,Shirt,Cotton,Winter,2131.53,25.5,5.0,111,124,9.42,20,North,S,204.83,196910.74
P12635,Jacket,Linen,Winter,394.24,36.3,3.1,382,127,9.2,58,South,S,659.77,31893.62
P12636,Jeans,Polyester,Autumn,1648.36,24.9,4.3,115,121,15.69,32,East,M,622.23,149788.12
P12637,Shirt,Rayon,Summer,2031.95,30.4,3.6,339,103,18.91,51,South,XL,1104.62,145666.43
P12638,Jacket,Denim,Spring,629.26,44.9,4.1,78,106,4.85,21,South,M,854.45,36752.56
P12639,Trousers,Wool,Spring,945.44,20.1,3.0,17,100,19.84,51,North,S,622.97,75540.66
P12640,Sweater,Cotton,Summer,2227.91,19.3,3.7,132,118,18.87,55,East,L,512.6,212154.96
P12641,Trousers,Cotton,Autumn,1819.74,0.2,5.0,362,118,3.14,56,North,L,830.7,214299.86
P12642,Dress,Wool,Spring,1129.63,30.7,3.0,110,134,18.33,58,South,M,559.42,104899.7
P12643,T-Shirt,Linen,Summer,2221.35,1.5,4.1,10,115,11.73,23,East,M,313.84,251623.42
P12644,Dress,Wool,Autumn,2223.92,25.2,3.9,360,101,17.7,39,South,M,855.64,168012.71
P12645,Jeans,Polyester,Spring,,40.2,3.9,16,129,18.97,54,North,XL,726.86,128166.03
P12646,Shirt,Wool,Winter,959.9,27.5,4.0,327,118,17.32,49,North,XL,694.56,82119.44
P12647,Jeans,Cotton,Winter,1251.93,13.5,3.8,120,99,8.65,45,Central,L,771.02,107209.03
P12648,Sweater,Wool,Autumn,1671.83,39.3,2.5,352,116,13.1,43,East,M,914.25,117716.89
P12649,Jacket,Denim,Winter,1386.84,13.5,4.8,195,130,9.83,21,Central,XL,356.9,155950.16
P12650,Trousers,Rayon,Autumn,2063.37,36.7,4.6,225,140,7.96,27,East,M,502.26,182855.85
P12651,Dress,Polyester,Summer,582.14,30.5,2.9,471,102,5.76,44,West,M,1192.82,41267.9
P12652,Hoodie,Wool,Summer,603.44,8.5,3.5,352,128,9.39,37,East,XL,1084.17,70674.89
P12653,Dress,Cotton,Spring,1608.52,45.3,4.4,132,121,16.31,53,South,S,1360.94,106463.11
P12654,Sweater,Rayon,Autumn,1205.07,10.0,,210,126,17.04,22,East,S,987.77,136654.94
P12655,Dress,Polyester,Spring,1123.77,49.5,4.9,17,131,19.2,34,Central,M,961.44,74343.0
P12656,Sweater,Cotton,Spring,439.17,0.4,4.7,73,119,6.52,49,North,L,724.07,52052.19
P12657,Hoodie,Linen,Summer,1511.73,13.2,2.9,145,126,13.36,52,North,XL,300.96,165334.89
P12658,Jeans,Denim,Spring,1468.35,10.0,4.8,396,121,14.18,40,East,S,954.2,159903.31
P12659,Trousers,Linen,Winter,1892.09,0.7,4.7,392,106,4.64,30,West,XL,725.69,199157.61
P12660,Shirt,Denim,Spring,1541.34,36.6,3.4,195,120,7.97,18,North,XL,241.41,117265.15
P12661,Jacket,Wool,Autumn,1420.44,34.7,3.5,136,112,7.5,48,North,M,924.2,103885.3
P12662,Shirt,Polyester,Winter,,39.6,3.6,425,111,19.73,36,North,S,1086.3,147912.47
P12663,Jeans,Wool,Summer,712.52,12.8,4.1,381,134,19.21,40,West,XL,508.88,83256.54
P12664,Jacket,Denim,Autumn,1821.83,22.2,3.2,461,133,16.61,51,Central,L,638.05,188512.04
P12665,Dress,Denim,Winter,497.31,33.0,2.6,58,125,9.98,21,East,M,860.33,41649.71
P12666,Hoodie,Denim,Autumn,996.98,22.0,2.9,175,112,6.02,51,West,M,483.05,87096.17
P12667,Hoodie,Rayon,Winter,772.41,34.9,3.6,395,106,18.4,47,,S,705.94,53300.92
P12668,T-Shirt,Cotton,Autumn,1969.17,31.7,3.2,136,109,6.09,27,South,M,818.7,146598.8
P12669,Jeans,Polyester,Autumn,1460.75,5.7,4.4,402,113,10.92,23,East,S,990.78,155656.06
P12670,Jeans,Wool,Winter,1491.9,39.1,2.8,311,120,5.66,29,North,XL,746.96,109028.05
P12671,Trousers,Wool,Summer,835.96,36.0,4.8,330,107,19.45,29,West,L,908.28,57246.54
P12672,Shirt,Linen,Summer,1320.18,32.8,4.7,186,115,1.79,35,West,S,688.18,102023.51
P12673,Jeans,Denim,Autumn,1041.92,7.8,4.8,212,122,4.31,53,Central,XL,793.42,117199.33
P12674,Jeans,Denim,Autumn,1730.07,13.4,4.3,166,107,15.54,52,South,XL,857.1,160311.75
P12675,Dress,,Summer,905.35,19.7,2.8,355,122,3.88,42,Central,XL,9.22,88693.52
P12676,Dress,Wool,Summer,2297.88,14.0,3.6,228,105,19.61,58,Central,M,547.66,207498.56
P12677,Jacket,Linen,Spring,494.65,11.4,2.8,495,125,7.11,39,South,L,1090.02,54782.49
P12678,Sweater,Cotton,Summer,1016.09,40.3,5.0,294,111,18.45,47,North,L,142.32,67333.24
P12679,Sweater,Rayon,Autumn,2506.32,31.9,3.3,298,105,13.58,46,West,L,868.38,179214.41
P12680,T-Shirt,Polyester,Winter,1238.92,28.3,4.0,37,110,13.05,24,East,S,1165.71,97713.62
P12681,Sweater,Cotton,Summer,711.07,11.3,4.4,360,141,18.39,57,South,L,1091.21,88931.39
P12682,Trousers,Wool,Spring,1631.44,45.9,4.8,92,114,10.75,20,Central,XL,999.77,100617.43
P12683,T-Shirt,Rayon,Spring,1214.76,9.6,4.4,121,111,8.61,38,East,M,1269.21,121893.88
P12684,Jacket,Rayon,Spring,998.48,39.7,4.2,163,137,5.13,37,South,L,1116.38,82485.43
P12685,Dress,Rayon,Winter,842.48,48.3,3.7,379,126,3.75,26,South,XL,634.86,54880.83
P12686,Sweater,Denim,Summer,3161.02,36.4,4.0,38,121,16.04,58,North,L,965.36,243259.46
P12687,Shirt,Polyester,Summer,1349.07,49.6,2.7,404,104,3.43,53,North,S,334.82,70712.85
P12688,Dress,Wool,Summer,344.66,32.6,4.7,498,123,8.49,31,West,XL,1042.33,28573.0
P12689,Hoodie,Wool,Winter,2396.23,10.9,3.9,489,107,8.78,35,West,S,728.92,228449.38
P12690,Trousers,Rayon,Winter,1866.64,10.2,2.6,222,136,13.63,50,East,M,1073.32,227969.01
P12691,Dress,Wool,Autumn,1040.12,16.2,4.8,111,102,6.29,19,West,M,832.32,88905.3
P12692,Trousers,Polyester,Spring,940.13,0.4,3.7,427,118,16.93,54,South,S,1049.2,110491.6
P12693,Trousers,Polyester,Spring,1904.08,34.1,4.7,369,129,4.94,48,South,L,793.01,161867.74
P12694,Trousers,Linen,Summer,1351.85,13.4,4.6,223,134,15.99,39,South,S,674.33,156874.08
P12695,Jacket,Linen,Winter,344.41,40.8,4.5,313,115,17.15,26,South,XL,842.59,23447.43
P12696,T-SHIRT,Cotton,Winter,2572.34,18.0,2.7,164,113,4.67,37,North,S,290.69,238353.02
P12697,Trousers,Polyester,Summer,1239.61,24.0,3.1,389,117,16.38,37,South,S,719.09,110226.12
P12698,Hoodie,Polyester,Summer,2397.34,48.3,4.7,209,121,14.56,18,South,M,616.43,149970.4
P12699,Shirt,Polyester,Autumn,2267.06,12.1,4.7,177,110,17.61,47,South,XL,336.51,219202.03
P12700,T-Shirt,,Spring,899.39,36.1,3.6,247,145,10.69,36,Central,M,540.66,83332.98
P12701,Jeans,Rayon,Spring,,37.8,3.6,168,128,5.44,53,East,XL,360.81,168778.75
P12702,T-SHIRT,Rayon,Spring,1109.13,11.0,,202,115,18.33,31,East,M,287.48,113519.46
P12703,T-Shirt,Wool,Autumn,379.98,25.0,4.9,176,130,16.01,18,South,M,577.69,37048.05
P12704,Trousers,Rayon,Summer,1245.24,17.5,3.0,235,112,1.4,22,South,L,901.44,115060.18
P12705,Shirt,Denim,Summer,1738.58,38.6,3.0,376,116,18.85,27,East,M,300.93,123828.62
P12706,Dress,Linen,Spring,1222.36,31.1,,260,122,19.02,26,West,M,736.0,102749.14
P12707,Shirt,Polyester,Spring,1315.77,23.8,3.1,289,111,7.75,31,Central,L,809.49,111290.46
P12708,Hoodie,Rayon,Autumn,2186.14,39.0,4.8,485,126,1.19,56,Central,XL,716.26,168026.72
P12709,Trousers,Linen,Winter,1563.9,11.8,2.5,461,131,11.5,35,West,L,1001.46,180696.13
P12710,Shirt,Rayon,Winter,994.02,37.7,2.5,475,128,18.36,59,South,S,1682.98,79267.13
P12711,Sweater,Cotton,Spring,1921.22,43.3,3.8,230,126,3.36,42,East,L,1245.42,137255.8
P12712,Shirt,Polyester,Autumn,1618.61,43.9,3.7,32,122,12.22,53,Central,L,558.06,110780.91
P12713,Trousers,Cotton,Spring,-12.96,39.2,2.9,494,124,14.9,48,West,M,460.18,-977.08
P12714,Jacket,Polyester,Winter,1757.01,20.4,3.7,198,126,3.56,52,West,M,610.68,176221.07
P12715,Sweater,Linen,Spring,1735.1,49.1,3.5,420,107,10.75,44,North,M,905.32,94498.75
P12716,Shirt,Wool,Winter,1512.07,19.0,4.7,281,129,2.69,39,West,XL,762.53,157996.19
P12717,Jeans,Rayon,Winter,2035.02,31.9,2.5,438,108,11.6,28,North,M,764.76,149671.65
P12718,Jeans,Rayon,Winter,1096.56,8.1,4.9,36,121,9.4,27,North,L,779.52,121936.38
P12719,T shirt,Denim,Summer,1701.9,49.0,4.1,466,120,6.03,25,Central,XL,773.17,104156.28
P12720,Jacket,Cotton,Summer,559.82,35.2,2.9,398,118,17.21,58,South,M,829.28,42806.08
P12721,Dress,Rayon,Spring,1744.25,37.7,2.6,452,109,8.25,45,South,XL,1031.42,118446.78
P12722,Trousers,Linen,Winter,2671.84,3.3,3.8,465,125,14.3,40,West,M,854.8,322958.66
P12723,Jeans,,Summer,903.09,38.2,3.1,219,115,16.02,23,East,S,421.33,64182.61
P12724,Dress,Linen,Spring,1044.12,38.7,3.3,44,97,4.39,31,East,L,1027.79,62084.42
P12725,Shirt,Cotton,Spring,1073.99,33.6,3.1,207,119,3.26,41,North,L,1077.41,84862.39
P12726,Hoodie,Denim,Spring,1578.0,14.6,4.1,480,116,1.15,26,West,L,705.89,156322.99
P12727,Dress,Rayon,Spring,862.18,24.5,3.9,183,111,6.81,57,West,S,842.67,72254.99
P12728,Sweater,Linen,Spring,1752.75,5.5,2.7,227,121,16.5,55,South,L,609.94,200418.2
P12729,T-Shirt,Polyester,Autumn,2008.1,23.6,3.8,65,121,15.68,42,East,L,517.23,185636.8
P12730,Jeans,Wool,Winter,1820.61,12.2,4.5,392,130,17.56,55,Central,XL,553.89,207804.43
P12731,Shirt,Linen,Spring,438.95,17.5,2.7,496,124,15.45,47,West,XL,574.19,44904.58
P12732,Hoodie,Wool,Autumn,2097.1,8.1,4.7,161,115,1.46,39,West,M,1182.77,221632.01
P12733,Trousers,Rayon,Winter,2062.42,11.5,3.9,403,109,8.32,19,South,L,727.81,198951.35
P12734,Hoodie,,Summer,1998.1,3.8,,472,126,1.11,42,Central,M,504.79,242193.7
P12735,Jacket,Denim,Spring,1723.71,46.0,2.9,47,137,1.68,41,Central,XL,677.55,127520.07
P12736,Sweater,Denim,Autumn,1632.11,26.5,5.0,477,123,10.09,54,Central,S,949.32,147550.9
P12737,Shirt,Polyester,Summer,2119.43,19.8,,486,124,7.84,20,Central,XL,1185.92,210773.07
P12738,Trousers,Wool,Autumn,2654.11,26.8,3.9,207,113,11.61,43,East,M,912.5,219537.36
P12739,Jacket,Rayon,Winter,928.18,31.4,3.8,441,108,2.26,47,North,S,742.7,68767.0
P12740,Jacket,Linen,Winter,2146.88,46.1,2.6,18,121,12.18,46,Central,S,1268.06,140017.37
P12741,Shirt,Polyester,Summer,1448.27,8.9,4.8,187,139,2.24,24,North,S,684.11,183392.98
P12742,Sweater,Cotton,Autumn,1422.2,14.8,,334,129,9.05,26,North,M,665.45,156311.16
P12743,Dress,Wool,Spring,578.08,48.8,2.7,185,120,7.69,47,South,S,404.08,35517.24
P12744,Dress,Denim,Spring,1329.13,18.6,2.6,432,109,5.26,33,Central,XL,566.42,117928.39
P12745,Jacket,Polyester,Summer,901.64,1.1,2.6,476,117,6.93,57,East,XL,402.16,104331.47
P12746,Dress,Denim,Summer,1221.69,7.4,4.0,270,122,1.01,31,South,M,358.55,138016.76
P12747,T-Shirt,Wool,Summer,841.09,1.3,4.0,93,111,7.16,43,South,XL,725.61,92147.3
P12748,Jacket,Denim,Autumn,1230.65,49.5,3.7,148,138,2.49,54,North,M,602.17,85764.0
P12749,Jacket,Polyester,Spring,1256.33,13.9,3.3,251,105,18.5,27,West,M,1111.31,113578.51
P12750,Trousers,Wool,Spring,1558.05,46.2,3.8,325,132,2.41,47,East,S,841.47,110646.48
P12751,Dress,Cotton,Spring,531.15,49.8,3.8,164,118,19.11,39,Central,M,957.7,31463.2
P12752,Sweater,Polyester,Summer,632.69,30.0,2.5,230,114,10.34,47,Central,XL,892.2,50488.66
P12753,Jacket,Linen,Spring,1717.15,1.7,3.2,144,109,10.75,49,East,M,426.08,183987.47
P12754,Hoodie,Rayon,Winter,1021.54,4.1,2.6,197,120,15.97,31,Central,S,689.05,117558.82
P12755,Sweater,Polyester,Summer,2144.72,24.1,4.8,187,114,14.21,40,West,M,876.68,185574.04
P12756,T-Shirt,Wool,Spring,1635.16,20.3,4.3,76,115,5.5,34,West,S,227.27,149870.59
P12757,Trousers,Rayon,Autumn,1864.06,30.3,5.0,78,118,1.48,53,Central,S,220.27,153311.48
P12758,T shirt,Polyester,Summer,2346.42,21.9,3.3,448,131,15.79,46,South,S,806.15,240064.58
P12759,Sweater,Cotton,Winter,1314.17,46.7,4.7,86,113,3.47,41,Central,M,676.52,79151.14
P12760,Jacket,Cotton,Winter,1155.31,26.7,4.0,409,106,12.37,28,Central,M,-294.83,89765.28
P12761,T-Shirt,Linen,Autumn,2023.02,34.7,3.6,383,120,18.91,58,East,L,211.49,158523.85
P12762,Jeans,Denim,Autumn,1805.71,44.8,3.1,21,115,11.44,32,West,L,456.47,114626.47
P12763,T-Shirt,Rayon,Summer,1387.6,7.3,4.3,496,138,6.43,39,South,L,900.3,177510.12
P12764,T-Shirt,Wool,Summer,2334.87,11.5,4.8,292,122,4.4,44,East,S,600.93,252095.91
P12765,Trousers,Wool,Winter,1372.65,5.4,3.1,255,100,1.51,51,East,XL,1094.72,129852.69
P12766,Shirt,Denim,Autumn,,7.0,2.9,246,126,12.84,50,South,L,532.73,178073.76
P12767,Jeans,Cotton,Summer,1512.73,25.6,4.2,261,115,11.6,38,South,M,583.26,129429.18
P12768,Dress,Cotton,Winter,939.24,16.1,4.9,426,122,9.77,41,East,S,1443.99,96138.73
P12769,Dress,Polyester,Autumn,1546.55,21.2,4.4,216,120,4.68,37,Central,S,1004.37,146241.77
P12770,Sweater,Linen,Winter,2338.06,49.1,3.2,350,116,5.5,21,South,M,1066.65,138048.41
P12771,T-Shirt,Rayon,Spring,1766.98,7.8,3.5,117,131,19.21,54,North,L,527.43,213419.38
P12772,Hoodie,Linen,Autumn,1518.64,27.0,3.5,218,112,1.39,54,South,L,677.93,124164.01
P12773,Trousers,Linen,Summer,1402.94,4.9,4.6,320,110,7.91,50,East,XL,758.66,146761.55
P12774,Hoodie,Polyester,Summer,1698.52,15.9,4.4,317,104,1.74,48,North,M,681.46,148559.35
P12775,Trousers,Linen,Spring,1949.86,26.4,4.0,302,122,4.64,51,East,M,799.98,175081.83
P12776,Dress,Denim,Autumn,1865.54,47.3,3.2,122,121,18.73,39,West,L,797.02,118959.89
P12777,T shirt,Polyester,Winter,1300.88,19.6,4.8,385,120,3.84,59,West,XL,693.48,125508.9
P12778,Sweater,Denim,Summer,1694.87,3.2,4.1,24,121,12.41,47,Central,XL,673.59,198516.73
P12779,Sweater,Polyester,Spring,1787.96,19.4,4.9,349,126,7.59,22,South,M,1165.98,181578.07
P12780,Jeans,Linen,Spring,895.68,7.3,4.0,92,105,13.03,58,East,L,490.4,87181.01
P12781,Shirt,Denim,Autumn,1600.94,11.5,4.6,74,120,17.19,40,North,M,612.42,170019.83
P12782,Jeans,Denim,Autumn,203.22,30.9,,461,120,6.44,30,South,L,319.07,16851.0
P12783,Jacket,Denim,Summer,1789.52,3.4,3.3,12,141,2.49,26,Central,M,474.31,243743.36
P12784,Jacket,Polyester,Spring,1896.21,23.2,4.9,465,105,4.88,31,East,S,607.0,152910.37
P12785,Hoodie,Wool,Winter,1948.53,30.5,2.6,370,135,9.34,34,East,S,782.53,182820.83
P12786,Shirt,Linen,Spring,1262.97,21.1,4.4,245,128,10.79,52,West,XL,1001.15,127549.87
P12787,Dress,Denim,Winter,1685.43,1.0,4.9,398,124,18.9,35,,S,1006.99,206903.39
P12788,Shirt,Rayon,Winter,2354.37,49.3,3.3,402,108,1.31,29,East,M,1155.81,128915.88
P12789,Trousers,Wool,Summer,2348.26,18.4,4.1,138,118,15.39,58,West,L,451.89,226109.26
P12790,Jacket,Rayon,Spring,1482.5,38.9,3.9,256,116,2.38,33,West,L,493.59,105073.67
P12791,T-Shirt,Linen,Winter,1583.59,16.3,4.4,244,127,2.48,47,North,L,422.47,168334.03
P12792,T-Shirt,Linen,Autumn,2166.55,23.8,4.7,39,123,13.43,30,Central,S,1284.53,203062.07
P12793,Dress,Denim,Winter,599.52,19.4,4.0,80,125,18.27,35,Central,S,917.32,60401.64
P12794,Trousers,Denim,Autumn,1306.15,17.1,4.5,479,124,6.47,29,East,L,1014.87,134267.0
P12795,Hoodie,Polyester,Autumn,2301.34,1.1,3.3,157,114,6.12,51,North,M,403.89,259466.88
P12796,Jeans,Wool,Spring,2085.12,18.0,3.1,102,103,12.74,50,South,M,747.77,176109.24
P12797,Trousers,Wool,Autumn,1721.56,44.5,3.6,292,123,15.75,23,East,XL,917.44,117522.29
P12798,T-Shirt,Denim,Winter,596.5,34.5,4.2,226,119,17.51,35,West,L,322.62,46494.19
P12799,T-Shirt,Linen,Autumn,1470.05,7.3,3.0,247,126,5.74,20,South,L,601.59,171704.78
P12800,Hoodie,Denim,Spring,1146.05,29.6,4.2,236,104,15.06,23,South,M,880.52,83909.2
P12801,Jacket,Linen,Summer,1698.62,44.6,3.5,228,112,6.84,53,East,L,98.56,105395.97
P12802,Trousers,Linen,Winter,1014.39,35.0,4.5,328,117,11.35,39,North,XL,1195.11,77144.36
P12803,Trousers,Denim,Winter,884.57,7.4,2.6,468,114,4.63,24,Central,M,950.25,93378.75
P12804,T-Shirt,Cotton,Spring,261.08,43.4,4.2,346,113,3.77,47,North,M,406.73,16698.15
P12805,Jeans,Wool,Spring,2233.08,15.1,4.1,40,128,18.77,19,East,S,735.51,242673.27
P12806,Dress,Rayon,Spring,1260.14,22.7,4.9,475,110,11.4,49,Central,XL,892.82,107149.7
P12807,Sweater,Linen,Spring,1594.29,26.3,4.3,412,129,1.09,32,South,S,789.13,151573.93
P12808,Dress,Linen,Winter,1498.66,42.5,4.5,123,111,16.08,39,West,XL,732.49,95651.97
P12809,Trousers,Cotton,Summer,859.54,46.6,4.8,111,116,14.13,55,North,S,715.6,53243.35
P12810,Dress,Rayon,Autumn,744.56,46.5,4.2,102,133,7.19,25,Central,L,982.6,52979.17
P12811,T-Shirt,Polyester,Autumn,896.81,0.4,3.2,216,124,9.82,25,North,M,994.77,110759.62
P12812,T-Shirt,Cotton,Summer,1066.1,46.1,4.7,455,115,9.55,56,Central,L,959.74,66082.21
P12813,Hoodie,Rayon,Summer,1719.96,2.7,4.4,400,111,6.22,53,West,L,961.82,185760.84
P12814,Trousers,Cotton,Summer,1022.57,13.3,3.6,238,105,19.63,37,East,XL,894.54,93089.66
P12815,Hoodie,Linen,Spring,2547.89,25.7,4.3,430,125,11.33,54,East,XL,927.56,236635.28
P12816,Trousers,Wool,Winter,2116.29,24.0,4.7,80,128,18.05,25,Central,XL,1254.13,205872.69
P12817,Sweater,Cotton,Winter,1985.02,30.2,4.9,351,114,12.12,31,Central,L,716.21,157952.01
P12818,Sweater,Polyester,Winter,1428.2,24.0,4.9,469,123,14.11,37,East,M,240.57,133508.14
P12819,Jacket,Denim,Spring,2408.57,46.7,3.3,145,125,1.56,52,South,S,1122.56,160470.98
P12820,Trousers,Rayon,Winter,1369.2,12.0,3.6,450,117,10.72,42,South,XL,885.72,140972.83
P12821,Jeans,Cotton,Spring,500.0,13.7,2.8,475,111,14.7,35,South,M,908.59,141892.42
P12822,Dress,Cotton,Winter,1601.98,46.0,3.1,293,114,3.32,38,West,M,489.37,98617.89
P12823,Trousers,Polyester,Summer,1921.09,3.8,4.7,347,125,13.89,54,Central,XL,251.61,231011.07
P12824,Shirt,Wool,Autumn,1882.14,30.5,3.4,360,129,2.6,48,North,L,835.09,168743.26
P12825,Jacket,Cotton,Autumn,1214.92,34.1,4.1,26,101,16.33,23,North,L,671.98,80863.86
P12826,Shirt,Cotton,Spring,1180.2,25.3,4.2,224,139,19.58,59,Central,S,744.47,122543.71
P12827,T-Shirt,Wool,Winter,1883.94,34.7,4.5,404,122,12.91,37,East,M,592.6,150085.96
P12828,Sweater,Polyester,Autumn,1929.14,8.6,3.0,408,122,2.46,45,Central,S,766.66,215114.54
P12829,Dress,Rayon,Summer,1263.99,42.6,3.3,423,117,12.15,58,South,L,547.9,84887.04
P12830,Trousers,Rayon,Summer,547.69,7.0,3.6,253,130,15.08,53,South,L,1199.59,66215.72
P12831,Shirt,Cotton,Summer,1375.61,20.0,3.4,104,143,18.73,57,North,S,691.66,157369.78
P12832,Dress,Wool,Spring,1874.12,3.8,5.0,130,128,1.86,43,Central,S,1008.11,230771.64
P12833,T-Shirt,Cotton,Spring,2583.25,27.3,4.6,15,122,15.73,30,North,M,892.34,229118.78
P12834,Sweater,Denim,Winter,781.23,33.5,3.7,277,125,3.52,21,East,S,1139.47,64939.74
P12835,Jeans,Rayon,Summer,1244.06,47.1,4.7,96,109,16.02,51,West,S,803.57,71733.74
P12836,Jacket,Linen,Winter,1266.36,37.0,3.4,198,131,17.89,54,West,M,1026.15,104512.69
P12837,Dress,Denim,Winter,2313.48,27.1,4.5,112,103,17.36,51,East,L,966.5,173712.27
P12838,Dress,Cotton,Summer,1479.04,46.6,3.1,113,136,13.4,33,South,M,1215.2,107413.8
P12839,Jeans,Polyester,Winter,955.6,23.9,4.4,429,126,10.51,40,South,L,963.3,91628.66
P12840,Dress,Rayon,Autumn,1835.22,28.1,3.6,300,112,17.62,40,South,L,517.19,147786.6
P12841,T-Shirt,Linen,Spring,1257.22,29.8,2.8,76,105,10.86,32,North,S,694.87,92669.69
P12842,T-Shirt,Denim,Winter,765.37,20.5,3.2,115,117,4.61,42,North,XL,384.97,71190.89
P12843,Jeans,Rayon,Summer,964.34,41.9,3.5,257,109,18.91,46,West,S,656.77,61070.69
P12844,Jacket,Wool,Spring,2540.43,9.3,4.4,357,130,8.09,53,South,XL,336.45,299542.1
P12845,Trousers,Polyester,Spring,1730.53,27.7,2.7,216,118,12.86,32,South,XL,975.99,147638.44
P12846,Shirt,Denim,Winter,1564.66,36.1,4.1,214,108,4.78,54,East,S,210.71,107980.32
P12847,Trousers,Wool,Autumn,1350.06,45.2,4.3,328,119,3.1,52,West,S,429.94,88040.11
P12848,Dress,,Winter,1675.29,44.2,4.1,92,123,11.47,56,North,S,845.93,114981.85
P12849,Shirt,Wool,Autumn,1668.14,25.4,4.4,433,107,11.54,54,West,XL,990.91,133154.27
P12850,Hoodie,Denim,Spring,1675.3,32.2,2.9,91,122,8.03,58,South,L,146.99,138574.11
P12851,Jeans,Denim,Winter,1568.91,19.7,4.0,296,110,6.92,45,South,XL,862.22,138581.82
P12852,Jeans,Cotton,Summer,2021.28,23.4,4.9,46,138,8.11,47,North,M,943.33,213665.47
P12853,Jacket,Wool,Winter,1513.86,45.3,4.0,222,109,16.11,24,North,S,245.45,90260.87
P12854,Shirt,Wool,Autumn,913.24,46.5,4.0,496,104,7.8,21,West,XL,212.36,50812.67
P12855,T-Shirt,Cotton,Autumn,1132.55,44.8,4.3,142,94,18.51,24,Central,XL,753.35,58765.75
P12856,Shirt,Wool,Winter,312.59,6.9,3.3,124,120,3.15,50,South,L,890.65,34922.55
P12857,Dress,Rayon,Autumn,2716.09,42.5,4.3,386,119,18.7,35,South,S,610.26,185848.46
P12858,T-Shirt,Cotton,Spring,2017.65,47.4,4.8,474,113,14.1,32,Central,M,812.26,119925.08
P12859,Sweater,Polyester,Winter,1001.96,18.1,2.5,220,104,7.54,52,West,L,751.99,85342.94
P12860,Sweater,Denim,Autumn,500.0,25.9,4.7,141,107,1.13,54,East,XL,1349.73,105522.28
P12861,Hoodie,Polyester,Winter,1117.87,39.0,3.0,383,103,16.25,22,,XL,77.93,70235.77
P12862,Sweater,Rayon,Winter,2425.53,28.1,3.6,163,105,19.42,40,South,M,609.01,183115.39
P12863,Jeans,Rayon,Summer,648.07,49.7,4.6,417,105,19.67,27,East,XL,632.98,34227.82
P12864,Shirt,Linen,Winter,1568.69,22.8,4.6,432,121,9.04,42,West,XL,236.28,146534.47
P12865,Sweater,Linen,Summer,1434.88,35.7,,449,125,2.34,39,East,S,857.28,115328.48
P12866,Trousers,Linen,Autumn,1996.1,39.6,4.9,447,108,6.96,48,North,L,581.21,130209.6
P12867,Jacket,Cotton,Summer,1437.59,24.7,3.6,303,113,6.89,40,West,M,482.0,122323.1
P12868,Trousers,Wool,Summer,445.07,42.8,4.1,375,121,2.95,45,Central,S,374.5,30804.18
P12869,Sweater,,Summer,1349.33,27.3,3.5,191,113,10.97,32,South,S,779.49,110848.81
P12870,Hoodie,Polyester,Spring,916.7,20.6,3.4,156,106,12.49,57,West,L,895.65,77153.14
P12871,Jacket,Polyester,Summer,1547.75,5.4,3.6,231,108,14.85,24,East,S,696.72,158130.52
P12872,Dress,Polyester,Winter,2360.51,19.7,4.4,291,107,1.97,55,West,XL,1023.26,202817.38
P12873,Trousers,Polyester,Summer,456.34,36.7,3.8,136,128,6.23,57,Central,M,862.16,36974.49
P12874,Hoodie,Linen,Winter,1019.87,46.1,4.5,317,114,7.75,32,West,S,1293.22,62666.93
P12875,Shirt,Polyester,Summer,1168.38,12.6,4.4,212,109,17.95,22,Central,M,422.64,111306.89
P12876,Shirt,Wool,Spring,1271.02,17.8,2.6,127,131,18.13,29,Central,M,324.42,136865.98
P12877,Trousers,Linen,Autumn,1944.08,7.7,4.1,70,107,5.94,30,West,M,931.24,191999.28
P12878,Sweater,Polyester,Summer,1395.87,34.5,3.6,240,118,10.26,20,South,XL,668.16,107886.79
P12879,Hoodie,Cotton,Summer,1749.48,48.0,3.6,460,147,9.07,36,South,M,348.32,133730.25
P12880,Shirt,Denim,Spring,1124.54,32.0,4.5,159,129,11.01,43,East,L,453.12,98644.65
P12881,Dress,Denim,Summer,1637.95,30.9,3.9,154,130,6.44,47,West,M,974.04,147137.05
P12882,T-Shirt,Denim,Winter,1966.68,27.7,4.7,404,124,9.8,45,West,XL,1034.1,176316.8
P12883,Sweater,Linen,Summer,1060.62,4.4,4.3,120,134,3.76,32,North,XL,981.26,135869.66
P12884,Hoodie,Polyester,Summer,1968.81,36.5,3.9,176,117,14.48,35,South,L,779.75,146272.74
P12885,Dress,Rayon,Autumn,1531.42,30.1,4.4,198,101,8.03,24,Central,L,681.18,108116.72
P12886,Hoodie,Rayon,Autumn,2127.28,33.1,2.6,484,127,11.31,31,North,XL,695.11,180740.09
P12887,Jacket,Rayon,Summer,1379.15,44.9,2.6,58,129,12.49,41,West,XL,826.77,98028.6
P12888,Dress,Linen,Spring,1728.75,39.2,2.7,116,111,16.89,41,,L,801.17,116669.88
P12889,Sweater,Wool,Autumn,1475.64,39.0,3.6,102,121,2.55,28,South,XL,455.64,108916.99
P12890,Jacket,Cotton,Summer,1442.27,46.4,3.1,133,126,10.17,56,West,S,1054.65,97405.15
P12891,Sweater,Cotton,Autumn,1655.36,49.5,5.0,326,125,17.99,57,South,M,763.79,104494.6
P12892,Shirt,Denim,Summer,1822.08,29.1,3.9,149,142,7.27,27,North,XL,86.13,183443.37
P12893,T-Shirt,Denim,Autumn,750.26,5.4,4.2,406,121,9.45,50,East,XL,374.38,85879.26
P12894,Sweater,Rayon,Autumn,2360.18,23.0,3.2,323,136,2.62,37,Central,XL,625.46,247158.05
P12895,Sweater,Rayon,Winter,384.2,39.4,3.3,20,101,15.26,59,Central,S,813.06,23515.35
P12896,Shirt,,Summer,1089.11,1.4,3.3,457,121,2.62,56,East,M,752.32,129937.36
P12897,Jeans,,Summer,1443.44,2.8,4.2,424,122,12.99,39,East,L,541.24,171168.89
P12898,Shirt,,Summer,1747.41,3.4,3.7,404,127,8.11,52,East,S,1120.16,214375.75
P12899,Jacket,Wool,Summer,2445.7,36.6,3.8,387,107,7.43,45,South,S,975.09,165911.4
P12900,Shirt,Wool,Autumn,385.03,25.1,4.0,370,120,12.12,53,West,L,739.66,34606.5
P12901,Shirt,Wool,Winter,1195.38,18.4,4.4,180,133,11.79,47,East,L,280.82,129732.2
P12902,T-Shirt,Denim,Winter,223.9,5.3,2.7,45,133,8.7,23,South,XL,658.28,28200.43
P12903,Shirt,Cotton,Spring,1518.97,36.6,4.4,139,139,6.29,18,North,L,636.89,133860.75
P12904,Hoodie,Denim,Summer,,16.1,3.9,352,103,10.66,21,,S,245.56,143712.34
P12905,Sweater,Wool,Spring,2454.48,13.3,4.2,70,127,6.07,42,East,XL,906.33,270260.34
P12906,Hoodie,Denim,Autumn,1572.38,32.6,3.3,429,111,2.95,56,North,L,806.42,117636.04
P12907,T-Shirt,Wool,Spring,2126.42,28.0,3.5,343,120,16.18,28,East,S,459.19,183722.69
P12908,Trousers,Linen,Summer,1850.3,18.1,3.1,494,150,14.34,55,North,M,824.45,227309.36
P12909,Jeans,Rayon,Winter,1238.85,32.1,4.9,58,126,2.6,54,North,L,1043.27,105988.57
P12910,Hoodie,Cotton,Winter,654.62,13.6,3.7,420,110,4.09,29,West,S,903.23,62215.08
P12911,T-Shirt,Linen,Summer,,39.7,5.0,405,129,2.9,46,West,XL,574.38,129515.36
P12912,Jacket,Polyester,Autumn,604.74,11.5,3.7,195,110,16.02,51,North,L,1469.05,58871.44
P12913,Trousers,Denim,Summer,2277.12,7.9,3.0,230,121,15.68,35,West,L,880.82,253764.53
P12914,T-Shirt,Polyester,Autumn,1402.76,39.1,3.8,15,119,8.75,26,,XL,562.33,101659.42
P12915,T-Shirt,Denim,Winter,2217.11,35.4,2.6,309,129,16.61,29,Central,XL,1238.85,184760.64
P12916,Jeans,Rayon,Autumn,1211.87,9.1,4.8,184,122,19.51,26,East,S,210.78,134393.96
P12917,Sweater,Linen,Summer,1661.31,5.8,4.5,288,111,19.44,18,West,XL,400.01,173709.9
P12918,Hoodie,Rayon,Summer,,41.9,4.3,380,121,19.64,24,South,S,601.98,114282.01
P12919,Jacket,Wool,Summer,1472.97,38.8,4.0,467,130,17.08,56,North,S,1042.29,117189.49
P12920,Dress,Rayon,Autumn,1240.4,16.4,3.9,363,124,5.12,59,West,XL,551.36,128584.83
P12921,Hoodie,Rayon,Autumn,1735.47,32.9,5.0,373,123,2.09,51,West,L,712.09,143233.55
P12922,Dress,Wool,Autumn,944.3,6.2,3.2,213,120,16.42,49,West,XL,473.92,106290.41
P12923,T-Shirt,Denim,Winter,774.34,25.4,4.4,105,124,6.86,45,East,XL,960.38,71629.55
P12924,Shirt,Wool,Spring,2245.7,0.9,4.0,291,105,7.42,43,North,M,892.8,233676.31
P12925,Jacket,Linen,Spring,1936.3,19.6,4.9,144,131,2.39,53,Central,M,314.33,203938.86
P12926,Trousers,Rayon,Summer,1539.53,3.7,,425,128,14.58,57,West,XL,735.93,189768.63
P12927,Shirt,Wool,Winter,2499.09,23.8,5.0,42,123,9.18,31,South,L,825.71,234229.71
P12928,Shirt,Rayon,Autumn,1339.34,21.1,4.0,91,111,4.88,48,North,L,693.37,117298.06
P12929,Hoodie,Linen,Summer,2293.62,22.2,3.0,492,113,13.4,33,Central,S,728.9,201641.31
P12930,Jacket,Polyester,Winter,1605.34,2.3,3.8,157,112,19.62,56,South,XL,543.02,175662.72
P12931,Sweater,,Summer,885.15,18.1,4.3,104,106,10.47,59,Central,XL,999.17,76843.41
P12932,T-Shirt,Cotton,Winter,2608.82,37.8,4.4,462,124,12.52,28,Central,M,520.83,201213.07
P12933,T-Shirt,Cotton,Winter,2094.43,18.4,2.5,489,109,4.09,28,North,M,1032.97,186286.98
P12934,T-Shirt,Cotton,Spring,1427.39,35.8,3.8,445,114,4.06,55,East,M,749.43,104467.82
P12935,T-Shirt,Rayon,Summer,1936.3,18.5,3.1,179,114,9.71,29,South,S,601.05,179901.63
P12936,Hoodie,Denim,Autumn,1257.78,21.2,4.7,220,115,17.05,59,West,XL,731.82,113980.02
P12937,Dress,Denim,Spring,1997.49,28.2,2.9,394,129,18.27,26,Central,M,775.51,185011.52
P12938,T-Shirt,Denim,Spring,65.35,47.5,4.2,200,107,13.19,39,South,XL,646.29,3671.04
P12939,Dress,Rayon,Autumn,888.12,5.4,3.2,16,116,7.85,55,North,S,636.13,97458.74
P12940,Dress,Linen,Winter,2087.56,1.6,3.4,389,143,15.25,26,South,L,449.33,293744.74
P12941,Sweater,Denim,Autumn,1350.21,30.4,4.9,323,120,6.55,20,West,S,1181.45,112769.54
P12942,T-Shirt,Polyester,Summer,1624.53,47.5,3.1,351,135,5.17,56,West,XL,507.03,115138.56
P12943,Jeans,Cotton,Autumn,691.93,49.5,2.7,443,116,16.11,52,North,XL,384.81,40533.26
P12944,Trousers,Linen,Winter,2608.72,24.2,2.7,43,147,15.28,47,South,XL,879.83,290679.23
P12945,Shirt,Cotton,Autumn,2214.32,23.4,3.8,60,136,17.76,43,East,L,183.84,230679.0
P12946,Dress,Denim,Winter,,32.2,4.1,129,103,11.95,25,East,XL,757.94,96342.29
P12947,Jacket,Linen,Winter,1257.18,27.8,3.3,147,130,18.04,49,Central,M,416.1,117998.91
P12948,Jacket,Wool,Summer,2117.76,31.7,4.2,376,114,1.5,39,Central,L,882.52,164893.03
P12949,Trousers,Polyester,Autumn,2689.48,43.7,2.7,115,123,5.82,25,South,L,692.33,186243.8
P12950,Jacket,Denim,Autumn,2072.26,37.3,4.6,291,111,16.28,19,Central,L,483.76,144223.08
P12951,Jeans,Denim,Summer,2803.08,24.8,4.5,41,110,9.05,31,West,S,697.96,231870.78
P12952,Jacket,Polyester,Winter,946.59,23.1,5.0,133,121,5.55,22,North,S,881.25,88079.25
P12953,Shirt,Polyester,Autumn,1008.37,32.0,4.8,179,133,16.13,30,Central,S,615.4,91196.98
P12954,Shirt,Wool,Summer,786.64,22.8,3.4,484,121,16.62,40,East,L,638.99,73481.62
P12955,Dress,Denim,Winter,1765.06,22.9,3.5,455,115,9.67,30,West,L,1028.24,156499.04
P12956,T-Shirt,Rayon,Summer,1605.36,0.8,4.4,21,135,9.87,36,East,XL,874.56,214989.81
P12957,Sweater,Denim,Autumn,1408.83,8.7,2.8,177,120,15.84,41,Central,L,607.89,154351.41
P12958,Jeans,Cotton,Summer,1985.56,24.4,3.3,352,113,15.66,52,Central,M,774.29,169622.42
P12959,Dress,Linen,Spring,2239.4,41.1,2.8,87,138,17.46,31,West,S,654.03,182022.91
P12960,Jeans,Linen,Winter,584.6,13.9,3.6,43,110,13.27,21,East,XL,1060.76,55367.47
P12961,T-Shirt,Cotton,Spring,1141.82,26.1,3.9,218,115,4.53,43,North,M,238.6,97037.57
P12962,Hoodie,Linen,Spring,1992.09,17.2,3.0,335,106,11.44,27,North,M,914.55,174841.76
P12963,Jacket,Polyester,Winter,1219.36,5.2,2.6,420,118,8.27,55,West,M,894.58,136402.49
P12964,Jacket,Linen,Winter,1021.08,47.9,,17,125,1.51,55,Central,L,529.78,66497.84
P12965,Sweater,Linen,Summer,2111.12,42.7,2.6,234,120,4.73,51,West,S,478.01,145160.61
P12966,T-Shirt,Cotton,Winter,726.3,3.9,4.9,236,111,4.91,51,East,M,1096.42,77475.15
P12967,Dress,Wool,Spring,1319.05,36.0,3.1,184,134,2.56,36,North,XL,686.52,113121.73
P12968,Sweater,Linen,Spring,1697.19,17.4,4.2,90,115,9.61,20,Central,S,1180.97,161216.08
P12969,T-Shirt,Rayon,Autumn,1155.71,49.7,3.6,291,119,10.65,53,East,S,445.22,69177.33
P12970,Trousers,Linen,Winter,1969.89,15.1,2.6,66,96,7.46,21,North,L,723.76,160553.91
P12971,Shirt,Wool,Spring,1158.67,11.9,3.7,144,119,8.83,43,North,M,579.33,121473.8
P12972,Sweater,Cotton,Autumn,2345.17,28.4,3.8,247,143,11.44,28,South,XL,622.64,240117.27
P12973,Sweater,Wool,Autumn,1424.55,41.8,4.6,481,106,3.29,20,Central,L,852.75,87883.34
P12974,Dress,Cotton,Summer,1902.76,9.6,4.3,226,140,11.68,26,West,S,524.41,240813.31
P12975,Jeans,Polyester,Spring,1947.61,35.5,2.7,236,106,14.49,19,South,M,697.21,133158.1
P12976,Trousers,Cotton,Summer,1123.48,3.1,3.0,35,132,17.62,31,North,S,522.43,143702.08
P12977,Dress,Polyester,Spring,267.91,45.9,3.3,196,130,6.73,20,Central,S,931.79,18842.11
P12978,T-Shirt,Polyester,Summer,1716.45,4.1,2.8,379,125,15.2,19,Central,L,1326.56,205759.44
P12979,T-Shirt,Cotton,Summer,1543.37,45.7,3.6,127,116,12.51,39,South,XL,1138.76,97213.79
P12980,T-Shirt,Rayon,Winter,1833.5,24.5,5.0,206,115,10.55,46,East,M,460.64,159193.64
P12981,Hoodie,Denim,Summer,1364.08,22.4,3.8,125,136,18.47,50,East,L,607.24,143959.55
P12982,T-Shirt,Cotton,Winter,1241.74,48.7,4.4,312,88,12.78,53,West,XL,734.4,56057.11
P12983,Jeans,Linen,Autumn,2705.08,49.5,4.2,111,97,7.96,27,Central,L,137.48,132508.34
P12984,Trousers,Rayon,Spring,616.59,32.5,4.6,389,116,14.55,55,South,XL,733.84,48279.0
P12985,Jacket,Rayon,Autumn,1940.37,6.4,3.0,172,125,19.24,38,North,S,892.86,227023.29
P12986,Shirt,Linen,Spring,1155.24,25.3,,423,112,18.45,48,East,M,745.03,96652.0
P12987,Jeans,Denim,Autumn,1298.53,26.5,4.7,187,124,19.63,52,South,M,720.63,118348.02
P12988,Jeans,Rayon,Spring,1309.74,25.7,2.9,482,123,2.81,20,West,M,552.9,119695.83
P12989,Hoodie,Polyester,Summer,25000.0,28.5,3.4,289,121,9.43,36,West,L,645.7,88067.08
P12990,Jacket,Denim,Spring,1842.73,0.9,4.9,295,120,9.22,39,Central,L,607.17,219137.45
P12991,Jacket,Linen,Spring,2334.39,35.6,4.5,221,121,8.29,37,West,XL,438.05,181905.01
P12992,Shirt,Denim,Autumn,1782.01,35.6,3.2,63,127,4.39,53,West,L,1028.01,145747.03
P12993,Shirt,Cotton,Autumn,1562.03,5.8,3.9,76,119,16.81,36,East,S,1223.45,175100.44
P12994,Jacket,Denim,Autumn,908.14,28.5,3.5,41,121,13.79,21,East,XL,566.01,78567.73
P12995,T-Shirt,Polyester,Winter,1810.1,28.4,3.7,260,105,12.51,49,West,L,445.67,136083.32
P12996,Jeans,Cotton,Winter,2793.81,34.1,3.4,17,108,9.49,25,Central,M,523.0,198841.05
P12997,Dress,Wool,Spring,1271.58,4.3,3.2,443,109,8.38,43,East,S,457.11,132642.32
P12998,Shirt,Linen,Spring,1274.41,31.3,4.2,440,127,15.94,18,East,M,608.34,111191.0
P12999,Hoodie,Linen,Summer,1163.35,14.0,4.4,224,117,11.01,43,West,XL,829.66,117056.28
P13000,Hoodie,Denim,Summer,1206.35,25.4,4.7,55,132,12.55,26,Central,XL,1110.58,118791.7
P13001,Shirt,Rayon,Spring,-147.18,38.7,2.9,89,123,2.9,52,West,L,273.11,-11097.22
P13002,Jacket,Cotton,Winter,1743.02,35.3,4.6,44,137,9.96,35,North,XL,1033.7,154499.55
P13003,Trousers,Wool,Spring,992.67,5.9,3.1,198,122,3.48,36,North,XL,748.98,113960.5
P13004,Dress,Cotton,Summer,533.84,29.6,3.6,98,96,2.02,33,Central,M,111.65,36079.04
P13005,Dress,Linen,Winter,1951.91,48.5,4.8,344,117,14.1,45,North,XL,372.33,117612.34
P13006,Shirt,Cotton,Winter,850.79,7.8,3.6,444,148,6.22,20,Central,S,902.01,116095.4
P13007,T-Shirt,Wool,Summer,1296.8,42.6,3.0,456,113,19.34,35,North,L,492.75,84113.04
P13008,Trousers,Rayon,Spring,2379.87,35.1,2.9,145,103,12.5,30,South,XL,633.72,159087.17
P13009,Dress,Denim,Autumn,654.47,38.7,3.7,43,120,13.26,44,East,S,711.29,48142.81
P13010,Shirt,Polyester,Spring,580.44,14.1,4.4,290,125,4.74,57,West,L,1104.77,62324.74
P13011,Hoodie,Cotton,Spring,1661.58,14.4,5.0,122,124,3.45,56,Central,S,367.35,176366.75
P13012,Dress,Polyester,Summer,2189.69,45.3,4.5,181,119,10.98,41,North,S,942.95,142533.49
P13013,Sweater,Linen,Winter,555.39,18.0,4.7,348,102,18.59,46,South,XL,1131.99,46452.82
P13014,Trousers,Denim,Summer,1744.61,3.2,4.4,52,128,2.06,39,North,M,456.78,216164.16
P13015,Trousers,Denim,Spring,1848.6,30.0,4.7,391,131,10.66,43,South,L,984.34,169516.62
P13016,Sweater,Cotton,Autumn,264.5,6.2,,443,119,4.78,37,West,XL,592.53,29524.02
P13017,Jeans,Rayon,Autumn,1979.1,39.8,4.8,22,123,15.86,41,East,XL,542.36,146544.44
P13018,Hoodie,Denim,Autumn,2025.96,32.1,3.5,183,125,13.96,29,East,L,650.8,171953.36
P13019,Sweater,Cotton,Summer,1312.93,43.7,4.8,134,120,2.85,35,South,L,818.72,88701.55
P13020,Jacket,Cotton,Winter,2251.41,39.2,2.7,341,117,12.71,29,North,XL,525.94,160156.3
P13021,Jacket,Polyester,Summer,2181.87,5.6,4.3,216,98,19.69,55,East,S,1024.62,201849.16
P13022,Shirt,Denim,Autumn,1561.87,19.1,4.3,352,111,11.03,49,North,M,619.36,140254.36
P13023,Trousers,Cotton,Spring,1229.13,38.7,5.0,446,116,6.42,40,Central,M,139.17,87400.98
P13024,Jeans,Polyester,Winter,916.3,20.9,4.4,456,112,3.89,21,North,L,728.45,81176.85
P13025,Jeans,Wool,Summer,1477.46,48.6,3.5,113,97,19.8,29,,L,366.27,73663.2
P13026,Dress,Polyester,Summer,1841.86,36.8,3.9,139,126,11.71,34,Central,S,671.29,146671.0
P13027,Dress,Polyester,Winter,1305.49,0.8,3.4,49,115,8.12,38,East,S,860.48,148930.3
P13028,Sweater,Cotton,Winter,181.5,44.0,3.0,32,133,5.07,54,Central,XL,552.8,13518.12
P13029,Jeans,Linen,Spring,2261.23,5.0,3.1,261,125,19.05,46,North,S,234.68,268521.06
P13030,Sweater,Linen,Winter,1614.13,7.0,3.1,452,118,12.91,23,West,M,448.44,177134.63
P13031,Hoodie,Rayon,Spring,1272.23,36.7,3.9,334,116,2.1,45,North,S,1139.57,93417.3
P13032,Sweater,Linen,Autumn,2014.3,43.2,4.8,299,105,2.13,25,South,S,806.96,120132.85
P13033,Dress,Polyester,Autumn,2414.78,26.8,4.8,211,119,18.85,48,South,S,1007.45,210346.66
P13034,Trousers,Rayon,Summer,-181.15,14.5,2.6,164,114,14.49,37,North,L,1249.43,-17656.69
P13035,Sweater,Cotton,Autumn,1760.56,17.6,2.7,64,120,2.97,33,South,S,1368.47,174084.17
P13036,T-Shirt,Denim,Autumn,644.01,17.1,3.1,115,102,12.85,30,West,L,813.54,54456.2
P13037,Trousers,Polyester,Spring,1799.47,16.3,3.1,269,137,8.97,32,South,M,665.12,206343.43
P13038,Jeans,Polyester,Summer,1576.76,12.1,2.7,461,126,15.99,30,East,M,562.38,174632.48
P13039,Jeans,Rayon,Winter,1881.44,30.4,3.5,209,142,6.2,19,West,L,780.3,185946.48
P13040,Sweater,Cotton,Summer,1200.45,45.0,4.0,335,122,8.27,37,East,L,888.37,80550.2
P13041,Trousers,Wool,Autumn,376.06,15.4,3.9,226,119,4.18,45,East,S,961.28,37859.46
P13042,Dress,Polyester,Winter,1229.78,9.3,3.9,420,129,5.8,35,West,S,445.32,143887.95
P13043,Dress,Wool,Summer,1744.11,41.9,3.3,56,110,4.59,24,East,M,449.38,111466.07
P13044,Jacket,Wool,Summer,2109.24,37.1,4.3,379,125,1.46,38,South,M,677.7,165839.0
P13045,Jeans,Linen,Summer,796.9,46.5,4.6,126,114,1.88,58,North,M,750.69,48602.93
P13046,Shirt,Cotton,Summer,2116.24,8.3,3.4,383,109,16.88,56,West,M,1234.8,211524.54
P13047,Jacket,Wool,Spring,1111.28,7.2,,433,107,16.27,26,North,XL,42.2,110345.66
P13048,Dress,Cotton,Summer,,27.1,3.2,221,102,3.67,27,West,S,567.88,127707.63
P13049,Trousers,Linen,Autumn,1194.06,30.7,2.8,164,112,13.69,48,West,S,1003.68,92678.16
P13050,Hoodie,Cotton,Autumn,1609.3,24.0,3.7,272,107,15.17,59,East,XL,449.6,130868.28
P13051,Dress,Polyester,Spring,2035.13,29.9,2.9,160,102,1.97,30,North,M,743.61,145515.87
P13052,Trousers,Wool,Winter,763.79,9.0,3.7,221,115,2.68,22,South,S,1038.24,79930.62
P13053,Jacket,Cotton,Winter,1092.06,24.0,3.1,201,109,11.7,57,North,S,948.73,90466.25
P13054,Jeans,Denim,Autumn,1610.98,32.9,,378,108,8.11,59,West,L,954.79,116744.5
P13055,Dress,Cotton,Autumn,2940.95,21.6,2.6,252,104,14.29,55,South,XL,689.13,239793.3
P13056,Sweater,Wool,Spring,982.09,34.0,3.9,107,126,11.6,53,East,L,786.31,81670.6
P13057,Trousers,Linen,Winter,2724.08,22.6,2.9,38,128,1.59,19,South,XL,799.94,269880.05
P13058,Jeans,Linen,Winter,2702.65,16.7,2.5,198,108,13.99,23,South,XL,590.49,243141.2
P13059,Hoodie,Wool,Summer,1441.61,15.2,4.7,181,136,4.87,30,North,XL,1000.03,166258.0
P13060,Hoodie,Polyester,Summer,1321.11,20.5,4.2,380,120,6.94,46,West,M,357.92,126033.89
P13061,Shirt,Polyester,Summer,1084.76,1.2,2.7,206,113,14.99,31,West,XL,549.82,121106.95
P13062,Trousers,Linen,Spring,1459.08,33.4,4.2,164,128,15.65,47,West,M,1002.05,124383.65
P13063,Jacket,Linen,Autumn,655.97,42.3,4.0,149,141,7.57,42,Central,XL,157.61,53367.75
P13064,Shirt,Wool,Spring,1454.26,17.7,3.7,410,120,2.7,57,East,M,792.87,143622.72
P13065,Shirt,,Winter,2398.13,2.3,3.5,302,110,15.62,52,North,M,1080.78,257727.03
P13066,T-Shirt,Linen,Autumn,1133.35,49.3,4.7,299,125,17.53,54,West,M,520.53,71826.06
P13067,Dress,Polyester,Summer,1355.57,13.2,3.1,265,111,19.32,24,South,S,873.92,130606.46
P13068,tshirt,Linen,Spring,479.32,6.3,3.5,487,106,7.04,55,Central,L,787.2,47607.02
P13069,tshirt,,Spring,1724.44,18.5,3.3,173,118,3.35,35,,L,946.61,165839.39
P13070,T-Shirt,Denim,Summer,1658.69,36.9,4.4,143,119,18.82,25,West,L,754.18,124549.37
P13071,Jacket,Rayon,Spring,1538.22,14.7,4.8,361,123,8.6,24,Central,S,1094.23,161388.5
P13072,T shirt,Cotton,Summer,1369.9,28.7,4.6,425,124,2.78,51,East,S,861.8,121115.6
P13073,Sweater,Rayon,Winter,1324.35,20.8,4.5,338,106,10.48,53,South,S,1008.91,111181.83
P13074,Sweater,Linen,Autumn,1801.14,5.9,5.0,387,116,4.62,58,Central,XL,992.93,196605.24
P13075,Trousers,Denim,Winter,1482.71,16.5,4.2,415,115,7.75,27,North,XL,1157.0,142377.23
P13076,Shirt,Denim,Winter,1688.98,36.2,4.4,275,125,7.09,57,East,XL,459.81,134696.15
P13077,Sweater,Linen,Summer,1628.99,30.6,5.0,38,130,19.76,46,Central,XL,377.69,146967.48
P13078,Dress,Linen,Spring,2174.06,6.0,2.5,148,120,13.15,33,Central,XL,1062.65,245233.97
P13079,Sweater,Polyester,Winter,1906.2,8.2,4.1,357,120,10.34,42,East,L,798.76,209986.99
P13080,Sweater,Linen,Winter,1615.72,32.0,4.3,459,128,10.76,46,Central,L,1312.34,140632.27
P13081,Sweater,Wool,Winter,2411.05,40.7,4.8,321,108,12.48,25,Central,L,92.16,154413.29
P13082,Hoodie,Linen,Spring,1752.16,17.5,4.7,94,126,17.58,37,East,L,728.78,182137.03
P13083,T-Shirt,Wool,Spring,2282.98,29.8,4.6,258,130,3.77,53,South,L,744.23,208344.75
P13084,Shirt,Linen,Summer,1864.17,8.5,4.9,360,108,12.39,44,North,S,1018.85,184217.28
P13085,Dress,Polyester,Winter,394.85,15.6,3.8,323,123,7.12,30,East,S,1335.27,40990.17
P13086,Shirt,Wool,Autumn,2282.9,1.0,,242,134,11.86,43,West,XL,752.1,302849.51
P13087,Hoodie,Cotton,Spring,1581.11,38.4,2.5,317,132,10.84,59,Central,L,876.3,128563.22
P13088,Trousers,Wool,Summer,1468.83,20.1,3.9,70,116,1.57,42,North,XL,214.0,136137.04
P13089,Trousers,Polyester,Winter,1668.81,40.8,3.6,282,113,12.07,45,North,S,836.03,111636.71
P13090,Trousers,Rayon,Autumn,1293.01,35.4,3.6,228,131,14.48,26,East,XL,838.68,109422.26
P13091,Jacket,Wool,Spring,1636.22,41.4,3.5,295,130,5.67,43,West,L,578.94,124647.24
P13092,Sweater,Linen,Autumn,1144.87,14.3,4.8,498,111,3.03,29,West,L,839.57,108908.05
P13093,Jacket,Linen,Spring,2264.56,9.3,3.4,258,124,5.02,43,South,L,824.73,254690.53
P13094,T-Shirt,Rayon,Summer,1431.85,48.6,4.6,81,136,13.09,39,West,S,1235.25,100092.04
P13095,Trousers,,Autumn,1270.45,35.9,4.8,302,140,9.91,18,East,XL,521.81,114010.18
P13096,Hoodie,Denim,Winter,945.04,41.7,3.7,398,120,17.44,29,North,M,483.94,66115.0
P13097,Dress,Linen,Winter,1661.27,0.7,3.6,419,131,6.41,41,North,M,494.6,216102.99
P13098,Shirt,Cotton,Spring,1612.26,17.7,4.4,207,112,7.94,47,West,M,619.39,148611.68
P13099,Sweater,,Winter,1733.05,37.1,4.3,89,107,11.03,31,Central,M,271.9,116639.46
P13100,Jeans,Wool,Autumn,883.65,3.9,3.3,394,122,9.74,40,South,M,671.4,103600.89
P13101,Dress,Wool,Summer,539.29,28.4,2.8,146,109,11.41,19,West,S,760.49,42088.35
P13102,Sweater,Cotton,Spring,1875.35,21.5,,222,115,6.93,20,East,L,1199.81,169297.22
P13103,Jacket,Linen,Autumn,2390.79,0.9,2.8,336,115,4.17,23,South,M,712.56,272466.38
P13104,T shirt,Polyester,Spring,884.19,11.8,3.2,116,93,16.26,36,West,M,1129.76,72526.57
P13105,Dress,Cotton,Summer,2453.66,14.2,3.2,457,137,1.75,38,South,M,998.65,288417.92
P13106,Jacket,Linen,Spring,1670.35,5.6,4.1,216,108,8.02,37,Central,XL,791.44,170295.52
P13107,Trousers,Polyester,Winter,,31.6,4.9,161,114,2.66,38,East,L,707.29,116633.38
P13108,T-Shirt,Wool,Winter,1261.47,12.1,4.2,142,124,14.99,57,West,M,910.86,137495.18
P13109,Shirt,Polyester,Spring,669.29,13.9,4.8,444,118,7.94,21,North,S,942.75,67998.53
P13110,T-Shirt,Rayon,Summer,2092.64,44.9,4.5,175,124,1.57,42,East,L,591.56,142977.54
P13111,Sweater,Denim,Summer,1034.64,23.4,4.3,422,116,2.44,24,Central,L,925.89,91933.97
P13112,Shirt,Polyester,Winter,1032.12,19.6,3.5,439,123,4.77,24,Central,L,722.89,102068.41
P13113,Hoodie,Denim,Summer,2095.16,36.2,3.3,189,134,15.95,50,North,XL,913.57,179119.42
P13114,Shirt,Polyester,Spring,370.21,45.5,4.6,130,132,16.18,43,East,L,1242.47,26632.91
P13115,T-Shirt,Denim,Autumn,585.84,1.3,4.8,183,125,19.94,34,West,M,641.69,72278.01
P13116,Dress,Rayon,Spring,1489.12,22.4,3.6,340,102,5.58,25,North,M,154.39,117866.83
P13117,Shirt,Wool,Winter,1675.97,30.5,2.5,77,108,2.15,43,West,XL,734.02,125798.31
P13118,Hoodie,Linen,Winter,1790.84,15.9,4.5,196,132,6.38,32,South,S,427.98,198804.73
P13119,Hoodie,Denim,Winter,1318.92,38.6,3.2,147,128,4.4,37,West,XL,828.92,103656.56
P13120,Hoodie,Rayon,Summer,3018.22,48.6,,363,137,14.5,36,South,XL,447.74,212537.02
P13121,T-Shirt,Denim,Spring,1363.26,47.2,4.5,397,139,19.42,24,West,M,716.77,100052.38
P13122,Shirt,Wool,Autumn,1361.53,13.3,3.8,317,124,6.19,18,South,L,1239.16,146375.37
P13123,Jeans,Denim,Spring,1021.81,11.3,4.2,339,130,7.24,56,East,XL,1299.67,117824.91
P13124,Dress,Rayon,Autumn,1574.34,47.9,4.8,490,118,7.67,54,Central,S,858.37,96787.27
P13125,Trousers,Rayon,Spring,1868.98,22.9,3.9,247,117,17.28,35,East,M,479.58,168595.08
P13126,Shirt,Cotton,Winter,2222.15,10.4,3.8,27,144,11.98,25,North,L,1012.08,286710.68
P13127,Hoodie,Wool,Autumn,606.43,35.3,3.2,85,121,19.51,32,East,S,610.47,47475.59
P13128,Jeans,Cotton,Spring,1352.4,14.2,3.3,444,125,12.92,23,East,XL,303.05,145044.9
P13129,Trousers,Wool,Summer,1768.02,13.4,4.5,160,133,14.41,54,Central,S,1336.06,203637.01
P13130,Trousers,Denim,Summer,1852.23,44.0,3.6,117,119,2.69,39,East,XL,746.87,123432.61
P13131,Sweater,Rayon,Spring,1503.93,8.1,2.9,162,103,19.08,28,North,XL,915.4,142357.5
P13132,Shirt,,Winter,1825.45,3.2,2.7,325,130,12.93,43,East,XL,652.41,229714.63
P13133,T-Shirt,Denim,Autumn,1014.62,13.5,3.7,46,149,10.88,25,East,XL,910.37,130769.3
P13134,Shirt,Rayon,Spring,2434.74,30.3,3.7,461,128,8.36,26,East,XL,502.16,217217.76
P13135,Jeans,Wool,Summer,2095.58,6.2,4.1,342,114,2.46,30,East,M,715.32,224084.56
P13136,Trousers,Rayon,Autumn,693.04,23.6,3.7,155,121,3.53,20,Central,XL,1025.05,64067.39
P13137,Shirt,Denim,Summer,854.94,31.4,2.9,135,112,1.22,20,Central,L,696.15,65686.75
P13138,tshirt,Cotton,Summer,871.85,42.4,3.8,294,119,19.98,24,North,XL,497.03,59760.09
P13139,Sweater,Cotton,Spring,1906.78,11.5,4.8,117,134,15.94,20,North,M,1026.46,226125.04
P13140,Shirt,Rayon,Summer,729.16,40.9,2.9,295,110,16.15,28,,S,641.7,47402.69
P13141,Dress,Denim,Autumn,1301.39,11.7,4.2,249,131,14.87,45,East,L,635.39,150535.69
P13142,Sweater,Polyester,Winter,1772.82,33.8,4.0,384,120,10.2,59,West,S,411.26,140832.82
P13143,T-Shirt,Wool,Spring,1460.3,21.5,4.4,111,116,2.68,48,East,S,1214.25,132974.92
P13144,Jeans,Wool,Autumn,1655.33,5.7,2.9,229,143,2.37,26,West,L,1069.29,223219.6
P13145,Trousers,Denim,Spring,860.52,35.7,4.9,16,118,18.41,44,North,M,673.88,65291.09
P13146,Shirt,Polyester,Summer,1856.91,10.9,4.1,225,123,1.01,29,,XL,488.77,203504.34
P13147,T-Shirt,Cotton,Summer,1132.07,8.8,4.6,178,133,14.28,25,North,XL,953.67,137315.56
P13148,Sweater,Linen,Autumn,1305.23,17.9,3.1,83,128,12.94,58,Central,XL,870.82,137164.01
P13149,Dress,Linen,Autumn,1642.64,32.7,4.3,302,115,10.52,39,North,S,626.56,127132.12
P13150,T-Shirt,Denim,Winter,1561.85,11.7,4.5,36,133,19.52,35,East,L,722.41,183422.1
P13151,Jacket,Polyester,Autumn,1514.39,9.2,3.5,286,129,4.76,47,Central,XL,927.37,177383.53
P13152,Hoodie,Polyester,Autumn,1049.62,0.5,3.5,493,143,15.92,28,Central,XL,818.55,149345.18
P13153,Dress,Wool,Spring,1320.27,23.6,4.1,52,136,13.82,19,West,M,860.84,137181.33
P13154,Sweater,Cotton,Summer,1501.31,21.4,2.7,316,124,19.51,46,South,M,828.4,146323.68
P13155,Jeans,Rayon,Autumn,674.95,11.7,4.3,102,121,18.75,43,Central,S,968.8,72113.68
P13156,Trousers,Polyester,Winter,1222.48,2.7,2.6,80,136,3.44,31,South,L,582.58,161768.33
P13157,Sweater,Rayon,Autumn,1732.61,21.5,3.0,278,119,6.85,45,North,M,798.19,161851.76
P13158,Hoodie,Linen,Summer,733.54,39.4,4.2,118,121,17.17,52,North,L,533.3,53787.55
P13159,Jeans,Rayon,Autumn,2193.95,35.8,2.7,190,108,5.34,23,Central,M,555.25,152119.72
P13160,Shirt,Cotton,Spring,2261.77,43.0,4.9,224,113,8.19,53,West,L,1321.07,145680.61
P13161,T-Shirt,Cotton,Summer,752.91,0.5,4.7,456,123,12.89,29,North,L,322.51,92144.89
P13162,Jacket,Rayon,Autumn,2314.57,48.3,4.1,123,111,11.7,51,South,L,950.42,132826.23
P13163,Dress,Denim,Spring,1413.85,17.1,,194,128,13.17,23,Central,S,1565.5,150026.45
P13164,Dress,Polyester,Summer,1751.11,49.5,4.7,418,118,14.56,54,Central,M,1279.38,104348.64
P13165,T-Shirt,Denim,Autumn,1202.01,12.6,3.1,134,117,14.85,54,West,M,918.91,122915.14
P13166,T-SHIRT,Rayon,Spring,2053.83,23.6,4.6,114,123,15.01,25,Central,XL,1323.15,193002.51
P13167,T-Shirt,Polyester,Winter,1743.66,17.7,3.0,246,121,19.84,54,East,XL,870.24,173638.89
P13168,Shirt,Wool,Spring,1011.51,17.8,3.5,150,138,7.78,57,South,S,661.42,114741.65
P13169,Hoodie,Denim,Winter,800.88,42.1,3.9,302,128,1.84,50,East,M,756.24,59354.82
P13170,T-SHIRT,Denim,Autumn,623.82,37.3,4.3,167,107,7.63,58,East,XL,1020.1,41851.46
P13171,Sweater,Rayon,Spring,1612.77,49.6,2.6,483,111,18.32,48,South,M,1373.2,90224.8
P13172,Dress,Linen,Winter,1843.48,30.7,3.2,405,140,2.58,51,Central,XL,1068.8,178854.43
P13173,Shirt,Rayon,Summer,1890.58,23.2,4.0,458,127,13.29,28,Central,S,723.43,184399.61
P13174,Jeans,Denim,Spring,1429.21,4.5,3.4,283,115,9.04,53,East,XL,558.45,156962.99
P13175,Shirt,Polyester,Autumn,805.8,49.8,4.4,387,129,18.51,21,South,S,168.09,52182.0
P13176,Jacket,Linen,Summer,1090.76,27.6,4.1,350,108,18.64,34,North,S,709.09,85288.71
P13177,T-SHIRT,Rayon,Winter,2191.41,35.0,3.1,126,105,15.92,33,South,L,439.6,149563.73
P13178,Sweater,Rayon,Spring,1209.22,20.3,2.9,383,115,2.87,47,East,S,1028.11,110831.06
P13179,T-Shirt,Denim,Spring,1586.05,27.4,4.1,71,113,1.47,56,South,L,674.33,130116.37
P13180,T-Shirt,Denim,Autumn,854.61,47.1,3.6,33,128,3.6,22,South,M,1041.79,57867.35
P13181,Jeans,Wool,Summer,1701.95,8.3,2.9,69,117,7.11,57,North,S,1502.28,182600.51
P13182,Sweater,Rayon,Spring,1225.39,14.6,3.3,410,111,5.59,54,West,S,710.93,116159.62
P13183,Hoodie,Denim,Spring,2128.03,7.6,3.3,371,121,8.03,43,West,S,798.83,237922.27
P13184,Trousers,Cotton,Summer,1964.13,39.6,2.8,325,110,3.72,45,North,XL,859.04,130496.8
P13185,Jacket,Linen,Spring,1202.58,3.1,3.9,274,117,15.3,36,South,S,665.26,136340.1
P13186,Jeans,Cotton,Summer,1424.0,4.1,4.4,189,128,17.06,38,East,M,784.81,174798.85
P13187,Trousers,Linen,Summer,1169.33,14.9,3.9,241,112,10.27,45,North,L,644.98,111451.18
P13188,Shirt,Rayon,Summer,648.34,25.7,4.6,485,129,19.17,36,West,M,1157.39,62141.44
P13189,Jacket,Wool,Autumn,985.53,20.3,2.8,152,111,3.29,53,West,L,685.33,87186.88
P13190,Shirt,Denim,Summer,1618.93,2.2,3.6,342,113,3.01,28,North,M,375.44,178914.43
P13191,Hoodie,Denim,Summer,1695.16,47.9,4.0,421,117,4.81,36,South,XL,401.23,103331.87
P13192,Sweater,Denim,Winter,1589.13,47.6,4.2,254,117,19.66,22,Central,M,497.62,97426.38
P13193,Dress,Rayon,Winter,1318.96,14.0,4.2,90,112,8.91,19,East,M,615.62,127042.23
P13194,Jacket,Linen,Autumn,2059.84,36.6,4.3,135,123,18.56,42,Central,S,1012.56,160630.44
P13195,Trousers,Denim,Summer,1538.13,28.9,4.1,146,105,4.84,43,East,XL,993.63,114829.1
P13196,Hoodie,Cotton,Winter,1921.95,11.9,2.7,65,126,17.08,47,Central,XL,1018.75,213347.98
P13197,Dress,Denim,Winter,435.73,13.1,4.2,222,86,6.89,34,Central,S,755.07,32563.85
P13198,T-Shirt,Rayon,Spring,-853.44,24.6,4.3,103,118,14.95,38,East,L,1048.05,-75932.26
P13199,Trousers,Wool,Summer,1670.27,21.0,5.0,392,126,19.51,37,East,M,676.53,166258.68
P13200,Jeans,Cotton,Winter,15000.0,14.6,4.2,468,112,18.73,35,West,S,199.5,61706.35
P13201,T-Shirt,Denim,Autumn,1372.53,40.4,4.2,487,134,16.8,33,South,XL,1034.56,109615.74
P13202,Hoodie,Denim,Spring,1318.74,24.1,3.8,301,103,1.95,45,South,M,544.43,103095.14
P13203,T-Shirt,Polyester,Spring,2452.44,32.7,4.7,137,124,12.55,29,West,M,685.05,204661.02
P13204,Jeans,Linen,Summer,1740.0,9.5,5.0,449,115,16.87,57,Central,L,641.1,181090.5
P13205,Jacket,Cotton,Summer,1599.52,26.7,4.4,226,129,8.59,23,East,L,906.67,151245.81
P13206,T-Shirt,Polyester,Spring,2002.19,15.9,4.0,208,124,14.89,41,North,M,797.69,208796.38
P13207,Sweater,Wool,Autumn,1721.1,26.3,2.7,29,129,3.62,23,Central,M,681.26,163630.14
P13208,Trousers,Linen,Summer,1225.39,39.0,4.3,64,122,4.36,34,South,M,1229.69,91193.52
P13209,Dress,Cotton,Summer,2142.89,38.4,4.3,255,120,13.23,59,East,L,722.77,158402.43
P13210,T-Shirt,Denim,Spring,834.15,17.7,,260,120,9.31,36,West,L,678.91,82380.65
P13211,Trousers,Cotton,Spring,1693.95,34.7,2.8,69,128,5.15,45,Central,S,992.36,141587.12
P13212,Shirt,Denim,Summer,571.46,47.1,4.1,172,145,6.37,46,North,L,1100.23,43833.84
P13213,Trousers,Linen,Winter,1622.37,31.3,3.2,211,131,12.76,24,Central,XL,1017.28,146008.43
P13214,Dress,Denim,Summer,1615.79,7.4,4.4,236,125,14.78,36,West,XL,570.66,187027.69
P13215,Trousers,Wool,Winter,2505.87,34.0,3.1,138,129,4.94,25,North,M,860.22,213349.77
P13216,Jeans,Rayon,Spring,561.02,5.2,4.2,471,118,19.15,25,Central,M,775.46,62757.94
P13217,Hoodie,Denim,Winter,1139.47,43.6,3.2,54,132,1.16,22,West,L,691.88,84831.26
P13218,Dress,Wool,Autumn,1993.61,25.8,2.5,206,106,14.3,51,Central,XL,469.66,156801.41
P13219,Hoodie,Rayon,Spring,1701.19,19.3,4.1,433,121,6.53,38,East,S,816.11,166116.1
P13220,Jacket,Linen,Summer,1608.18,2.9,2.8,175,131,10.09,21,Central,L,1076.28,204562.1
P13221,Hoodie,Linen,Summer,926.32,19.0,4.1,256,106,11.83,53,West,L,1238.9,79533.84
P13222,Shirt,Cotton,Spring,1145.51,45.2,4.8,235,104,11.67,22,South,XL,1095.97,65284.91
P13223,T-SHIRT,Wool,Spring,2247.02,1.0,4.9,289,112,15.75,40,West,M,615.31,249149.58
P13224,Jacket,Wool,Autumn,1469.09,23.7,3.1,269,111,16.65,36,Central,M,470.14,124421.64
P13225,Trousers,Polyester,Spring,1725.22,46.6,4.5,356,130,2.39,59,East,XL,302.11,119764.77
P13226,Dress,Polyester,Summer,1430.89,19.7,3.4,206,105,14.36,32,South,XL,1066.41,120645.49
P13227,Shirt,Rayon,Autumn,790.15,21.4,4.8,116,104,8.58,31,West,S,996.85,64590.02
P13228,Jeans,Rayon,Summer,2060.29,28.9,4.5,278,143,16.55,25,South,XL,583.66,209475.87
P13229,Jacket,Polyester,Winter,1801.94,23.1,2.7,241,128,12.57,26,East,M,522.62,177368.56
P13230,Jacket,Rayon,Spring,2883.38,8.4,3.5,414,124,1.19,57,North,XL,1130.46,327505.83
P13231,Shirt,Denim,Winter,890.65,0.9,3.3,110,119,13.66,28,South,XL,1042.09,105033.46
P13232,Sweater,Polyester,Summer,1993.54,30.5,4.5,169,101,18.59,35,West,S,1137.72,139936.54
P13233,Trousers,Wool,Winter,713.07,46.0,3.5,431,118,2.58,49,East,L,918.39,45436.82
P13234,Shirt,Denim,Winter,1594.41,5.3,4.2,104,102,10.39,53,West,S,943.95,154010.44
P13235,Jacket,Rayon,Summer,2085.9,10.5,4.0,425,119,12.89,38,East,XL,132.11,222158.78
P13236,T-Shirt,Linen,Summer,256.72,18.5,4.9,216,127,4.72,44,West,L,637.73,26571.8
P13237,Jeans,Cotton,Spring,,40.4,4.8,322,120,13.36,59,East,XL,1356.89,98485.9
P13238,Shirt,Polyester,Winter,1162.07,13.5,3.6,441,114,1.95,38,Central,L,579.62,114591.72
P13239,Sweater,Linen,Autumn,1078.83,44.1,4.3,423,137,18.21,28,West,XL,815.62,82620.04
P13240,Jacket,Rayon,Autumn,1731.13,2.7,4.6,244,124,15.49,51,East,M,1217.3,208864.3
P13241,Trousers,Wool,Summer,2172.41,47.0,4.7,336,123,18.88,22,North,L,1012.4,141619.41
P13242,Hoodie,Cotton,Summer,1420.03,28.0,2.7,431,112,8.95,45,East,L,460.37,114511.22
P13243,Jacket,Linen,Winter,1623.29,32.9,3.3,488,135,1.65,27,North,S,397.78,147045.72
P13244,Trousers,Cotton,Summer,1568.59,18.4,,437,115,7.49,29,,M,1232.91,147196.49
P13245,Shirt,Polyester,Autumn,1501.08,39.1,3.6,163,127,10.8,58,East,M,972.4,116098.03
P13246,Trousers,Rayon,Spring,846.39,8.3,2.9,109,134,18.78,20,South,M,856.55,104002.71
P13247,Dress,Wool,Spring,2165.07,2.4,3.7,247,118,17.78,18,South,XL,900.75,249346.78
P13248,Dress,Rayon,Winter,1677.12,19.8,4.2,116,118,12.29,54,Central,XL,639.12,158715.93
P13249,Dress,Cotton,Spring,1736.93,42.7,3.7,355,111,14.87,57,East,L,482.83,110473.96
P13250,Sweater,Linen,Summer,1016.09,37.7,4.2,373,120,19.12,18,Central,XL,882.0,75962.89
P13251,Sweater,Polyester,Summer,1224.47,25.9,2.7,139,121,17.16,30,Central,XL,569.56,109787.2
P13252,T-Shirt,Polyester,Summer,1394.32,28.6,4.7,308,104,13.52,55,South,L,572.7,103536.63
P13253,Sweater,Rayon,Summer,579.53,6.5,4.8,52,127,11.26,32,,S,640.01,68816.29
P13254,Hoodie,Linen,Winter,487.18,42.0,4.0,72,143,10.04,24,South,XL,985.22,40406.71
P13255,Shirt,Linen,Spring,1139.55,39.3,4.7,82,115,15.38,47,South,M,539.34,79546.29
P13256,Jacket,Cotton,Autumn,1813.51,32.8,2.8,195,106,16.37,41,North,M,512.73,129179.94
P13257,Jacket,Rayon,Spring,1108.12,23.3,4.5,126,134,5.14,25,West,XL,465.38,113890.36
P13258,T-Shirt,Rayon,Summer,888.72,48.2,2.8,313,127,10.01,20,South,XL,704.05,58465.33
P13259,Sweater,Denim,Autumn,1011.19,44.0,3.5,14,117,15.65,32,West,L,1053.22,66253.17
P13260,Hoodie,Rayon,Winter,1226.79,32.2,3.3,484,156,13.84,53,North,XL,706.32,129755.12
P13261,Trousers,Polyester,Summer,1287.68,18.6,4.0,85,114,12.24,58,West,S,750.78,119491.55
P13262,T-Shirt,Cotton,Summer,2799.31,30.9,3.3,300,117,7.15,31,East,L,806.99,226315.82
P13263,Hoodie,Linen,Autumn,2132.77,28.8,4.1,358,120,12.58,44,North,M,651.01,182223.87
P13264,Trousers,Rayon,Winter,2114.86,19.7,3.4,409,117,12.63,47,West,L,477.12,198693.21
P13265,Hoodie,Cotton,Autumn,2201.15,15.3,4.7,92,120,9.22,58,Central,XL,620.33,223724.89
P13266,Trousers,Rayon,Winter,900.71,20.4,4.1,442,117,19.25,54,West,XL,579.81,83884.92
P13267,Jeans,Linen,Summer,766.58,28.7,3.0,69,113,13.41,23,North,S,723.36,61762.58
P13268,Hoodie,Wool,Spring,835.88,21.4,3.3,116,111,17.16,36,Central,S,614.44,72927.19
P13269,Jacket,Linen,Summer,2300.7,13.2,4.6,126,126,3.45,54,West,L,817.61,251622.96
P13270,Dress,Linen,Spring,1171.68,38.0,3.5,316,135,15.38,18,West,M,716.28,98069.62
P13271,Sweater,Linen,Spring,749.19,26.6,3.8,392,106,12.44,42,North,L,563.05,58289.98
P13272,Trousers,Rayon,Winter,1241.4,3.4,4.1,356,141,6.86,27,Central,L,1186.69,169086.13
P13273,Jeans,Denim,Autumn,1356.84,18.4,3.4,91,117,3.59,43,Central,S,894.09,129540.23
P13274,Hoodie,Linen,Winter,1661.05,44.2,3.2,324,128,8.21,40,West,L,687.54,118638.84
P13275,Jacket,Polyester,Summer,1650.57,37.8,3.7,329,116,9.39,34,East,S,587.76,119091.93
P13276,Dress,Polyester,Autumn,1003.09,16.2,3.0,370,116,3.67,47,North,S,1024.2,97508.37
P13277,Trousers,Cotton,Spring,1911.39,46.9,3.2,150,125,13.73,44,North,L,489.66,126868.51
P13278,Hoodie,Denim,Spring,1116.48,3.8,2.7,231,113,6.84,28,South,S,1171.14,121368.07
P13279,Hoodie,Cotton,Summer,1406.23,48.1,3.3,419,125,16.31,21,Central,XL,319.9,91229.17
P13280,Trousers,Polyester,Autumn,1912.06,12.3,3.3,79,108,13.32,35,Central,XL,1580.3,181102.67
P13281,T-Shirt,Polyester,Summer,1114.91,0.5,4.9,396,109,6.9,36,South,L,623.39,120917.56
P13282,T-Shirt,Wool,Summer,1158.39,21.7,4.0,480,126,7.84,53,West,M,360.51,114284.44
P13283,Jacket,Linen,Winter,1855.0,17.9,4.5,21,120,18.9,43,West,M,549.28,182754.6
P13284,Dress,Polyester,Summer,985.36,27.0,2.6,306,131,19.01,18,North,XL,656.42,94229.98
P13285,Trousers,Rayon,Autumn,1269.12,39.8,2.8,114,137,8.95,37,West,S,580.94,104669.4
P13286,Jacket,Rayon,Summer,1833.45,42.1,4.5,216,125,13.9,28,East,M,856.77,132695.94
P13287,Jacket,Cotton,Autumn,2732.46,20.1,4.1,74,120,19.62,42,East,M,835.37,261988.26
P13288,Shirt,Cotton,Spring,1863.24,21.5,3.0,72,116,19.89,36,East,L,1702.56,169666.63
P13289,Hoodie,Linen,Summer,1783.58,7.4,3.5,187,136,2.37,49,South,L,776.16,224616.93
P13290,Sweater,Linen,Autumn,1818.48,2.4,3.8,440,130,11.52,18,East,M,352.35,230728.74
P13291,Hoodie,Wool,Spring,856.09,32.1,4.6,17,133,14.81,18,South,M,698.23,77310.92
P13292,T-Shirt,Denim,Autumn,1569.36,3.2,2.7,168,115,4.55,20,North,XL,791.26,174701.16
P13293,Dress,Cotton,Spring,1482.14,36.7,4.0,20,120,16.62,57,North,L,596.98,112583.35
P13294,Hoodie,Linen,Winter,1692.95,27.0,4.3,282,119,9.9,49,East,L,942.52,147066.57
P13295,Trousers,Cotton,Summer,1569.9,9.9,4.9,420,113,10.46,53,South,M,980.65,159836.23
P13296,Jacket,Linen,Summer,1727.82,27.0,4.5,389,105,6.21,25,East,XL,559.27,132437.4
P13297,Trousers,Polyester,Spring,1313.12,9.1,3.2,104,119,6.7,47,West,S,644.27,142041.5
P13298,Shirt,Cotton,Winter,1535.17,21.9,4.3,164,112,2.6,56,South,L,178.07,134284.39
P13299,Dress,Polyester,Autumn,763.3,40.0,4.4,215,127,18.7,51,South,L,488.84,58163.46
P13300,Jacket,,Winter,1308.06,23.1,4.3,124,130,8.26,25,South,M,670.07,130766.76
P13301,Trousers,Denim,Autumn,2334.5,7.4,4.6,388,124,4.08,42,South,M,792.29,268056.63
P13302,T-Shirt,,Autumn,1691.29,36.2,4.8,96,116,3.7,43,West,S,709.49,125168.99
P13303,Sweater,Rayon,Summer,1487.45,9.3,2.7,321,108,8.74,44,East,L,497.46,145704.65
P13304,Shirt,Rayon,Spring,2637.67,36.9,2.8,206,107,13.01,36,North,XL,1082.1,178087.57
P13305,Dress,Rayon,Summer,683.5,24.0,4.5,359,124,15.78,40,Central,XL,1052.22,64413.04
P13306,Shirt,Polyester,Summer,834.33,22.7,3.1,107,127,18.57,58,Central,M,1081.61,81907.01
P13307,T-Shirt,Linen,Summer,2527.63,42.6,2.6,440,129,13.08,33,South,XL,1215.12,187160.89
P13308,Dress,Rayon,Autumn,1527.58,35.4,3.5,28,114,8.99,25,South,XL,454.65,112497.1
P13309,Shirt,Denim,Summer,1354.45,1.6,4.5,322,110,9.02,47,North,M,878.7,146605.67
P13310,Jeans,Rayon,Autumn,780.48,14.8,2.8,424,139,11.91,25,Central,S,1023.75,92430.69
P13311,T-Shirt,Cotton,Spring,1768.62,43.5,4.2,25,108,11.22,28,South,S,1431.41,107921.19
P13312,T-Shirt,Polyester,Autumn,1826.68,0.9,2.5,54,128,13.18,24,West,L,1198.99,231710.7
P13313,T-Shirt,Cotton,Autumn,843.3,27.3,,164,113,10.56,38,Central,M,673.08,69277.94
P13314,Jeans,Cotton,Winter,1415.83,36.4,3.4,454,112,2.12,51,West,M,273.21,100852.4
P13315,Jeans,Cotton,Summer,1298.69,31.1,2.7,419,115,10.51,38,North,L,387.04,102901.7
P13316,Trousers,Wool,Summer,1653.59,38.0,4.6,240,112,1.43,22,North,XL,951.82,114825.29
P13317,Jacket,Wool,Summer,828.45,36.3,4.7,166,103,4.43,34,Central,S,768.63,54355.43
P13318,Sweater,Linen,Summer,2251.17,34.6,4.4,122,106,8.36,38,East,L,540.79,156060.11
P13319,Shirt,Polyester,Winter,2049.49,41.1,3.1,386,113,11.47,23,Central,L,154.0,136407.91
P13320,Trousers,Denim,Winter,,32.3,3.8,368,119,4.51,24,West,L,1015.83,103289.02
P13321,Shirt,Denim,Winter,1370.15,20.1,3.0,392,111,6.25,28,East,S,404.15,121517.23
P13322,Sweater,Denim,Winter,1418.15,23.6,3.2,53,116,8.11,35,West,XL,1175.07,125682.13
P13323,Jacket,Cotton,Summer,1033.01,35.8,3.8,374,108,4.75,55,West,S,450.18,71624.78
P13324,Jeans,Wool,Autumn,,43.8,4.3,422,106,19.98,29,West,M,616.62,73508.27
P13325,Jacket,Polyester,Spring,1337.84,13.6,2.7,374,122,16.29,39,South,M,549.96,141019.04
P13326,Jeans,,Winter,2467.72,17.1,3.2,119,119,16.41,20,East,L,940.24,243443.05
P13327,Sweater,Wool,Autumn,2067.97,46.5,4.8,120,112,11.81,36,South,M,548.59,123912.76
P13328,Jacket,Wool,Winter,2060.79,28.9,3.6,232,110,19.27,40,South,S,686.61,161174.39
P13329,Trousers,Rayon,Summer,1721.96,8.9,4.8,395,125,14.91,51,West,M,645.11,196088.2
P13330,Dress,Rayon,Summer,829.6,33.2,5.0,399,130,7.29,20,North,M,486.45,72042.46
P13331,Trousers,Polyester,Autumn,1475.11,49.5,3.8,274,134,12.6,40,Central,XL,754.73,99820.69
P13332,Shirt,Polyester,Autumn,2082.29,41.2,3.2,280,104,11.33,22,North,S,829.49,127336.2
P13333,Trousers,Polyester,Autumn,745.04,37.3,4.5,221,113,12.03,46,West,M,961.4,52786.83
P13334,Sweater,Cotton,Summer,1881.93,10.4,2.9,323,122,16.54,51,Central,S,933.2,205717.53
P13335,T-Shirt,Linen,Summer,2893.57,43.8,3.1,267,116,10.68,22,Central,M,965.34,188637.62
P13336,Shirt,,Spring,2137.09,26.3,4.5,396,100,14.84,46,West,XL,218.79,157503.53
P13337,Jacket,Rayon,Autumn,2348.42,44.5,3.6,256,108,5.76,41,South,M,743.18,140764.29
P13338,Shirt,Linen,Spring,1631.0,16.5,3.0,445,112,18.71,56,Central,L,481.67,152531.12
P13339,Dress,Cotton,Winter,2080.76,3.1,4.1,64,100,2.64,38,Central,XL,752.99,201625.64
P13340,Jeans,Linen,Spring,1069.29,23.8,4.3,318,132,19.88,49,Central,M,791.79,107553.47
P13341,Jacket,Denim,Winter,1977.52,13.5,2.8,359,113,13.02,22,Central,L,812.33,193292.69
P13342,Hoodie,Linen,Winter,1892.63,35.8,3.2,81,125,9.93,35,East,M,268.74,151883.56
P13343,Shirt,Polyester,Spring,1673.95,47.9,3.1,305,137,6.9,55,South,L,1468.07,119481.53
P13344,Jacket,Cotton,Autumn,2289.6,34.5,3.4,222,123,8.7,52,East,XL,1440.58,184461.62
P13345,Jacket,Polyester,Winter,1176.73,44.3,4.4,304,114,15.87,55,East,M,563.19,74720.0
P13346,Jacket,Rayon,Autumn,1387.77,22.7,4.3,180,137,3.65,33,West,S,416.01,146966.23
P13347,Jeans,Denim,Summer,1557.28,38.6,4.2,255,137,5.8,52,South,M,1602.58,130995.28
P13348,Hoodie,Rayon,Winter,,42.2,2.5,150,129,3.35,41,North,S,1082.09,65780.83
P13349,Sweater,Polyester,Summer,,35.5,2.9,113,105,9.11,53,South,XL,974.66,110808.94
P13350,Trousers,Polyester,Spring,468.64,25.4,3.1,114,130,8.36,22,North,S,382.64,45448.71
P13351,Jacket,Polyester,Autumn,2128.17,31.3,3.2,249,126,13.33,26,Central,L,1233.51,184218.65
P13352,T-Shirt,Wool,Spring,1527.98,35.0,2.9,430,120,19.92,21,North,S,489.42,119182.44
P13353,Sweater,Denim,Winter,1187.46,12.7,3.5,320,125,17.95,50,North,XL,694.39,129581.57
P13354,Dress,Polyester,Summer,,40.5,2.7,425,105,17.73,44,North,XL,1163.14,62436.27
P13355,Jeans,Polyester,Winter,1359.25,47.5,4.4,407,117,13.27,39,Central,S,626.47,83491.93
P13356,Shirt,Rayon,Spring,1912.96,23.3,4.5,330,119,6.14,28,,L,819.91,174601.6
P13357,Jeans,Rayon,Autumn,1828.64,35.1,3.9,420,157,8.3,22,East,XL,1102.49,186325.62
P13358,Shirt,Polyester,Autumn,1076.68,36.9,2.7,289,128,5.75,27,North,M,386.71,86961.29
P13359,Jeans,Cotton,Winter,992.38,33.1,4.7,380,138,3.57,20,South,XL,1098.55,91618.51
P13360,Shirt,Wool,Winter,1894.14,27.4,4.9,378,114,9.28,32,West,M,1232.16,156766.6
P13361,Jacket,Rayon,Summer,1066.59,44.1,3.0,31,114,18.05,54,East,S,729.35,67969.51
P13362,Trousers,Cotton,Spring,1535.95,22.4,4.3,87,118,15.13,57,North,L,1119.95,140643.87
P13363,Shirt,Wool,Winter,1574.25,3.1,4.6,310,115,19.71,34,East,M,517.17,175426.55
P13364,Hoodie,Polyester,Summer,1687.24,42.2,3.8,401,113,4.7,37,North,L,289.0,110200.39
P13365,Shirt,Denim,Winter,2014.96,33.7,3.3,484,108,10.51,21,North,L,155.56,144279.2
P13366,T-Shirt,Linen,Autumn,25000.0,42.5,3.7,204,121,16.07,51,East,S,903.95,51639.96
P13367,Shirt,Linen,Summer,353.3,6.9,3.8,329,105,9.75,51,North,XL,885.89,34536.84
P13368,T-Shirt,Polyester,Summer,1159.53,1.5,3.5,362,147,7.75,48,North,XL,574.62,167894.15
P13369,Dress,Rayon,Winter,2580.92,46.7,4.8,380,113,16.5,51,West,XL,1101.56,155446.23
P13370,Jacket,Cotton,Spring,2713.3,7.4,4.4,440,124,9.18,20,South,L,556.53,311551.96
P13371,T-Shirt,Denim,Autumn,2598.71,40.5,3.1,30,140,18.35,45,Central,XL,377.48,216472.54
P13372,Trousers,Wool,Spring,1384.21,41.2,4.0,169,129,6.1,58,West,XL,465.47,104995.1
P13373,Sweater,Polyester,Summer,430.73,35.4,4.2,241,112,18.03,54,Central,S,1173.54,31164.18
P13374,Jacket,Denim,Spring,94.18,6.6,2.9,370,125,6.29,46,Central,XL,1002.45,10995.52
P13375,T-Shirt,Denim,Summer,1131.58,33.4,3.4,310,147,6.5,32,South,L,699.72,110783.95
P13376,Jacket,Rayon,Spring,1381.16,44.5,4.8,53,108,8.99,53,West,S,669.07,82786.73
P13377,Hoodie,Wool,Winter,2280.38,21.3,3.9,306,122,10.8,52,North,XL,580.0,218948.41
P13378,Jacket,Denim,Spring,2020.68,20.7,3.0,361,118,8.95,58,South,M,19.58,189083.11
P13379,Jacket,Rayon,Summer,1636.44,22.1,2.8,189,120,17.38,27,North,XL,270.18,152974.41
P13380,Dress,Cotton,Autumn,966.09,4.1,3.8,481,121,16.12,34,North,L,708.19,112104.12
P13381,Trousers,Rayon,Autumn,923.53,44.6,3.9,404,109,6.89,47,North,S,926.96,55768.28
P13382,Jeans,Cotton,Autumn,1652.48,43.5,3.3,110,124,10.72,25,North,XL,651.85,115772.75
P13383,Jeans,Cotton,Summer,1918.23,49.9,4.1,124,108,9.19,40,West,M,284.7,103791.59
P13384,T-Shirt,Denim,Spring,1735.13,29.3,2.7,222,122,2.07,36,Central,XL,1237.81,149661.9
P13385,Jacket,Rayon,Autumn,879.24,37.6,2.9,27,112,15.21,54,Central,S,338.53,61448.33
P13386,T-Shirt,Cotton,Autumn,1890.4,10.1,3.9,404,102,4.45,53,West,S,754.96,173345.9
P13387,Dress,Wool,Autumn,1755.55,33.4,2.7,36,114,18.75,21,Central,S,797.71,133288.38
P13388,Dress,Denim,Winter,857.6,32.5,4.7,436,122,8.56,43,South,S,1453.58,70623.36
P13389,Shirt,Rayon,Summer,1029.41,45.1,2.9,367,117,12.82,57,North,S,466.83,66122.09
P13390,Hoodie,Rayon,Summer,1913.1,41.5,4.2,458,83,16.55,44,North,L,763.93,92890.57
P13391,Dress,Linen,Summer,1359.3,46.9,3.5,447,94,4.43,30,North,M,803.56,67848.1
P13392,Shirt,Rayon,Summer,2453.49,43.4,3.5,294,123,11.28,51,East,M,408.89,170807.07
P13393,Trousers,Denim,Summer,,43.4,4.4,158,128,5.51,50,South,M,840.61,130455.66
P13394,T-Shirt,Wool,Winter,1208.02,3.2,3.7,294,112,10.68,43,East,L,619.07,130968.7
P13395,Sweater,Rayon,Spring,1493.88,42.3,4.3,146,107,12.01,37,West,S,657.01,92230.66
P13396,Trousers,Linen,Winter,1538.03,30.4,3.8,198,124,4.21,25,East,XL,533.16,132738.14
P13397,Dress,Denim,Autumn,1062.97,19.0,4.0,199,129,12.04,33,,L,1103.19,111069.74
P13398,Trousers,Cotton,Winter,952.45,2.8,4.4,208,110,9.64,22,Central,S,712.02,101835.95
P13399,Trousers,Polyester,Summer,1920.83,33.9,4.0,111,123,10.92,51,South,L,509.49,156169.24
P13400,Hoodie,Polyester,Winter,2007.16,16.4,4.0,488,132,18.19,44,East,XL,100.33,221494.12
P13401,Hoodie,Cotton,Summer,1862.27,23.4,4.5,100,125,10.19,53,East,XL,1314.33,178312.35
P13402,Hoodie,Rayon,Winter,2409.19,34.1,4.9,499,124,10.05,21,North,M,772.67,196869.37
P13403,Trousers,Polyester,Summer,1174.94,45.6,3.4,233,124,9.94,59,South,L,1136.39,79256.75
P13404,Dress,Polyester,Autumn,2504.56,41.3,3.9,14,125,12.84,24,North,XL,1121.62,183772.09
P13405,Sweater,Cotton,Summer,959.45,22.5,2.7,362,106,7.98,54,South,S,862.49,78818.82
P13406,Jacket,Rayon,Winter,892.39,19.4,,24,114,16.23,53,South,M,1023.86,81996.36
P13407,Trousers,Rayon,Autumn,444.02,12.0,3.5,450,117,6.43,41,East,XL,1129.82,45716.3
P13408,Shirt,Cotton,Winter,1232.52,18.6,4.6,14,110,6.69,32,North,M,438.66,110359.84
P13409,Dress,Rayon,Autumn,1197.77,5.6,3.8,413,124,12.19,23,West,S,1018.14,140206.17
P13410,Trousers,Rayon,Spring,1815.56,48.6,4.3,239,124,5.94,43,North,S,835.56,115716.53
P13411,Sweater,Denim,Spring,1646.33,28.7,2.5,366,117,2.71,43,West,L,483.02,137338.49
P13412,Jacket,Denim,Spring,784.22,6.4,3.7,346,124,4.91,42,Central,S,1008.22,91019.71
P13413,Hoodie,Cotton,Winter,1264.36,17.6,4.8,123,130,18.36,50,South,S,461.99,135438.24
P13414,Dress,Wool,Winter,1277.12,27.4,3.1,13,100,1.2,20,North,S,915.71,92718.91
P13415,Jeans,Polyester,Autumn,434.41,26.6,2.6,193,119,3.54,26,South,M,835.65,37943.98
P13416,Jacket,Denim,Autumn,911.43,1.8,3.6,222,112,15.4,54,North,S,555.56,100242.72
P13417,Shirt,Polyester,Autumn,1037.51,47.5,4.3,256,129,19.62,55,Central,M,1315.27,70265.36
P13418,Trousers,Linen,Autumn,2360.18,13.8,3.6,43,145,14.08,47,North,XL,1010.36,294998.9
P13419,Sweater,Cotton,Summer,1614.87,0.8,3.6,305,110,18.52,44,Central,XL,508.68,176214.61
P13420,Jeans,Wool,Spring,1897.3,3.8,4.2,462,136,17.25,30,South,M,1125.87,248227.55
P13421,Sweater,Linen,Summer,600.82,29.0,3.1,205,126,10.12,40,East,M,645.12,53749.36
P13422,Jeans,Linen,Summer,2216.53,6.9,4.4,415,125,7.34,20,West,S,628.74,257948.68
P13423,Dress,Rayon,Summer,2280.66,2.1,2.9,136,134,13.01,40,South,S,1037.25,299190.66
P13424,Jeans,Linen,Summer,300.99,19.0,3.5,151,135,11.14,52,East,M,946.86,32913.26
P13425,Shirt,Cotton,Spring,1076.81,31.1,4.1,461,138,1.49,41,South,L,675.67,102385.25
P13426,Shirt,Denim,Summer,1797.46,5.6,4.6,145,119,19.19,54,South,L,1222.29,201919.47
P13427,T-Shirt,Cotton,Autumn,1886.63,15.7,4.5,137,104,11.83,29,North,L,515.37,165404.63
P13428,Shirt,Denim,Winter,1092.9,20.9,4.3,332,116,17.62,37,Central,XL,1177.03,100280.13
P13429,Jacket,Linen,Autumn,1316.7,8.0,3.4,183,142,14.96,35,Central,S,524.41,172013.69
P13430,Jeans,Linen,Winter,1141.57,25.3,2.8,422,129,7.48,24,,M,860.03,110005.11
P13431,Shirt,Wool,Autumn,1566.25,4.3,3.0,227,131,18.12,43,North,XL,643.08,196356.06
P13432,Dress,Denim,Autumn,2218.31,2.3,4.7,123,124,16.02,29,South,XL,989.33,268743.82
P13433,Sweater,Linen,Winter,1037.37,26.0,4.6,384,103,9.17,51,Central,S,139.24,79068.34
P13434,Hoodie,Rayon,Spring,2100.49,12.4,4.9,359,125,16.97,49,South,M,437.38,230003.66
P13435,Sweater,Polyester,Summer,1031.0,4.8,2.7,21,121,6.16,47,East,L,922.63,118762.95
P13436,T-SHIRT,Wool,Autumn,991.42,21.2,3.8,472,128,13.74,19,East,S,1015.16,99998.59
P13437,Sweater,Cotton,Spring,1991.16,45.8,4.1,253,103,3.18,25,North,XL,559.24,111158.5
P13438,Jeans,Wool,Summer,2053.16,36.2,4.3,61,113,17.45,50,Central,XL,1072.9,148020.52
P13439,T-Shirt,Polyester,Spring,2010.85,40.8,4.1,195,121,14.86,59,East,XL,541.25,144041.21
P13440,Jeans,Denim,Spring,710.52,43.6,4.4,242,136,3.9,47,Central,XL,905.86,54499.73
P13441,Dress,Cotton,Summer,1220.43,48.6,3.4,11,110,1.41,59,Central,L,708.01,69003.11
P13442,T-Shirt,Cotton,Autumn,1993.79,38.2,2.9,10,127,8.41,45,West,M,299.18,156484.6
P13443,Trousers,Denim,Spring,1524.93,30.4,3.0,248,127,13.83,30,East,L,1278.63,134791.61
P13444,Jacket,Wool,Autumn,855.78,18.3,2.5,64,111,6.38,41,East,XL,582.38,77608.12
P13445,Jacket,Linen,Autumn,1774.99,9.1,3.4,229,127,19.49,50,South,M,529.41,204910.17
P13446,Jeans,Wool,Autumn,1071.12,34.3,2.7,113,119,18.76,22,South,S,635.45,83743.37
P13447,Sweater,Polyester,Summer,2576.71,49.7,3.3,364,121,12.36,23,Central,S,622.11,156826.3
P13448,Hoodie,Rayon,Winter,2426.9,23.4,4.1,427,121,7.0,21,North,L,811.5,224939.65
P13449,Hoodie,Linen,Autumn,1862.46,36.2,4.7,457,124,18.03,59,South,S,607.77,147342.94
P13450,Trousers,Wool,Winter,2316.6,24.8,4.6,333,109,16.27,51,,XL,593.1,189887.07
P13451,T-Shirt,Rayon,Winter,1538.87,21.6,3.1,347,114,2.64,46,Central,M,894.99,137538.05
P13452,Trousers,Rayon,Spring,1959.26,20.5,2.8,405,122,10.05,38,East,M,752.07,190028.63
P13453,Trousers,Denim,Autumn,2386.63,25.2,3.0,315,129,19.64,43,South,L,889.09,230290.7
P13454,Sweater,Polyester,Autumn,1647.3,18.3,4.9,286,128,9.62,49,North,M,664.19,172268.04
P13455,Hoodie,Polyester,Autumn,1346.89,37.4,3.9,19,130,18.73,39,Central,S,840.52,109609.91
P13456,T-Shirt,Polyester,Winter,477.23,43.7,3.0,350,102,19.57,58,East,L,293.48,27405.41
P13457,Dress,Linen,Summer,1450.12,44.1,4.6,113,122,8.36,31,West,XL,1077.56,98895.28
P13458,Sweater,Cotton,Winter,1994.05,11.4,3.5,354,108,19.33,51,North,L,626.9,190806.66
P13459,Trousers,Linen,Autumn,2067.38,44.8,4.7,379,119,3.62,54,East,S,684.42,135802.06
P13460,Trousers,Wool,Autumn,1802.62,17.1,3.2,474,130,4.04,18,Central,S,914.38,194268.36
P13461,Dress,Rayon,Autumn,1175.22,15.5,,380,127,6.25,49,West,S,823.6,126118.73
P13462,Trousers,Rayon,Winter,313.91,36.3,3.8,207,115,9.88,49,North,L,940.75,22995.48
P13463,Trousers,Cotton,Autumn,1202.87,15.2,4.7,23,115,4.44,41,South,L,1160.23,117303.88
P13464,Trousers,Wool,Spring,1317.39,2.6,4.7,494,121,7.46,38,South,M,676.87,155259.68
P13465,Jacket,Cotton,Autumn,1312.24,18.7,3.9,177,122,2.97,29,North,L,738.02,130155.84
P13466,Sweater,Rayon,Summer,1871.13,36.1,3.1,369,120,9.17,37,South,XL,1556.36,143478.25
P13467,Shirt,Linen,Spring,2691.41,16.3,3.5,347,118,16.72,54,Central,L,607.73,265819.8
P13468,Sweater,Polyester,Autumn,1574.12,31.5,4.9,39,129,12.31,37,North,M,548.14,139097.11
P13469,Dress,Rayon,Spring,1369.96,33.0,4.0,466,122,16.39,19,North,XL,987.24,111980.53
P13470,Trousers,Denim,Autumn,1344.47,36.7,4.5,23,111,3.58,31,South,XL,1031.39,94466.5
P13471,Sweater,Polyester,Summer,1574.63,44.9,3.6,247,121,8.59,34,North,L,1003.77,104982.16
P13472,Jacket,Rayon,Autumn,1003.02,21.6,3.8,445,118,1.75,41,West,M,551.56,92791.39
P13473,Hoodie,Linen,Spring,1572.12,8.3,3.6,375,132,8.03,47,North,M,707.84,190295.69
P13474,Dress,Cotton,Summer,1770.49,15.9,4.3,410,128,12.68,32,South,XL,748.65,190589.71
P13475,Jeans,Polyester,Winter,1625.81,21.6,,71,128,11.81,51,South,XL,661.56,163153.29
P13476,Sweater,Linen,Summer,1774.53,35.7,3.8,491,107,2.15,25,South,M,799.41,122089.44
P13477,Jeans,Wool,Summer,1760.25,0.7,3.7,119,118,2.18,59,South,S,656.5,206255.53
P13478,Trousers,Denim,Summer,436.86,15.8,3.4,415,115,6.8,20,Central,S,1207.51,42301.15
P13479,Jacket,Polyester,Spring,1882.12,39.0,2.9,318,117,15.66,28,South,L,452.53,134326.9
P13480,Jacket,Cotton,Summer,1097.39,33.5,4.8,169,139,1.39,44,West,M,1273.98,101437.24
P13481,Sweater,Wool,Autumn,842.5,36.6,3.3,341,126,12.7,26,North,XL,375.03,67302.27
P13482,Dress,Linen,Summer,837.33,40.6,4.5,64,127,4.49,32,East,S,1344.14,63166.5
P13483,Dress,Denim,Summer,1760.12,39.2,4.3,258,119,18.94,49,East,XL,1028.06,127348.2
P13484,Jacket,Cotton,Autumn,1366.46,34.1,4.5,473,134,9.17,28,Central,XL,541.06,120666.62
P13485,Dress,Linen,Autumn,490.82,22.0,4.8,265,127,1.91,20,East,M,748.58,48620.63
P13486,Jacket,Linen,Winter,1786.82,49.2,4.1,31,97,14.56,43,South,XL,961.98,88047.34
P13487,Sweater,Polyester,Summer,636.24,28.5,4.7,431,124,10.21,24,East,M,965.04,56409.04
P13488,Shirt,Polyester,Spring,1583.89,10.1,2.9,443,131,17.74,45,West,XL,714.28,186533.14
P13489,T shirt,Cotton,Summer,1643.1,14.6,4.1,112,141,13.38,56,South,S,445.81,197852.24
P13490,Jeans,,Summer,2031.35,34.7,4.4,459,122,14.16,21,East,M,1065.76,161829.53
P13491,Dress,Rayon,Autumn,2569.01,46.2,3.2,310,114,15.58,47,South,XL,833.44,157562.52
P13492,Jacket,Linen,Winter,681.19,8.9,4.4,384,107,8.99,55,Central,L,1171.67,66400.36
P13493,T-SHIRT,Polyester,Summer,1468.52,4.1,4.4,273,128,16.06,31,West,L,717.1,180263.77
P13494,Sweater,Denim,Spring,1334.2,44.1,4.6,245,125,1.96,53,North,L,810.27,93227.22
P13495,Dress,Denim,Summer,1760.25,45.8,3.3,330,122,15.55,48,South,L,1176.26,116394.77
P13496,Shirt,Linen,Spring,1629.4,13.8,4.2,242,131,13.09,36,West,S,822.47,183995.11
P13497,Sweater,Polyester,Autumn,1288.47,18.9,3.3,177,141,11.77,29,Central,S,360.34,147337.83
P13498,Shirt,Cotton,Winter,1235.46,33.0,4.3,242,112,7.04,32,Central,L,317.0,92708.92
P13499,Hoodie,Cotton,Summer,830.13,16.5,3.7,14,125,3.17,26,West,XL,233.32,86644.82
P13500,Sweater,Cotton,Winter,2092.72,43.9,4.0,54,128,13.3,44,East,S,487.08,150274.04
P13501,Dress,Denim,Summer,1775.52,5.4,3.5,55,143,9.96,37,,L,623.29,240188.79
P13502,T-Shirt,Polyester,Spring,2050.66,1.9,2.9,173,109,5.14,45,East,S,1017.12,219275.02
P13503,Dress,Polyester,Winter,,10.4,2.9,410,115,1.82,42,East,S,1055.24,135369.83
P13504,Dress,Denim,Summer,1105.9,14.3,2.7,178,104,11.24,33,West,XL,120.97,98566.66
P13505,Shirt,Cotton,Autumn,853.01,5.6,4.0,423,112,3.4,35,Central,XL,935.55,90187.04
P13506,Shirt,Cotton,Spring,1715.35,3.3,4.6,445,126,18.66,53,North,M,639.55,209001.67
P13507,Dress,Linen,Winter,876.12,37.8,2.6,344,130,3.86,21,North,XL,854.79,70843.06
P13508,Dress,Rayon,Summer,2609.2,8.2,2.7,413,121,1.61,38,West,L,1328.2,289824.72
P13509,Dress,Wool,Winter,715.41,45.7,3.6,173,124,5.98,44,South,M,503.56,48169.99
P13510,Shirt,Rayon,Summer,1664.2,18.4,4.3,265,107,4.32,18,,L,898.39,145304.63
P13511,Dress,Polyester,Spring,2440.11,33.5,2.9,75,117,16.03,22,North,XL,1068.87,189852.76
P13512,Dress,Polyester,Autumn,1859.45,11.3,3.2,438,122,6.5,27,West,XL,774.77,201218.52
P13513,Hoodie,Polyester,Spring,1605.4,12.0,3.1,269,94,5.66,38,Central,S,564.29,132798.69
P13514,Trousers,Rayon,Winter,918.91,28.7,,443,98,19.9,27,North,L,559.23,64207.92
P13515,T-Shirt,Wool,Winter,670.94,28.0,3.1,97,103,3.85,43,North,M,605.96,49756.91
P13516,Jeans,Linen,Summer,1962.03,38.4,3.4,249,131,2.61,33,North,XL,820.22,158327.97
P13517,T-Shirt,Rayon,Spring,2403.69,37.9,4.3,320,120,6.81,55,Central,M,544.44,179122.98
P13518,Trousers,Wool,Summer,1236.69,33.5,4.0,68,149,8.7,20,North,XL,927.5,122537.43
P13519,Jeans,Cotton,Spring,816.56,22.5,2.7,179,116,15.45,37,South,XL,875.73,73408.74
P13520,Sweater,Cotton,Winter,25.1,44.5,4.1,267,129,19.15,22,North,S,234.53,1797.03
P13521,Dress,Polyester,Summer,911.54,31.1,3.7,55,123,15.51,23,West,M,1087.41,77250.28
P13522,Trousers,Denim,Summer,1431.81,49.5,4.8,11,122,14.81,42,South,XL,1412.77,88213.81
P13523,Hoodie,Polyester,Spring,2459.47,41.0,3.2,443,116,19.84,42,East,XL,605.98,168326.13
P13524,Sweater,Denim,Autumn,1903.88,2.2,4.3,138,138,15.54,29,North,S,1024.77,256955.26
P13525,Dress,,Spring,1683.05,16.0,4.3,278,116,3.65,18,East,XL,1154.08,163996.39
P13526,Shirt,Cotton,Autumn,1259.93,28.6,3.1,335,125,9.77,59,East,S,965.12,112448.75
P13527,Jacket,Rayon,Spring,1150.1,36.1,4.8,287,121,10.57,20,Central,S,918.58,88924.58
P13528,Trousers,Denim,Winter,2343.39,27.5,3.7,26,113,6.79,38,West,S,242.13,191982.23
P13529,Shirt,Wool,Summer,1620.44,39.3,4.2,196,120,4.12,22,West,XL,664.75,118032.85
P13530,Trousers,Cotton,Spring,238.44,14.1,2.9,351,112,14.52,32,East,S,704.61,22939.84
P13531,Hoodie,Rayon,Winter,1095.88,9.2,3.1,335,117,6.27,21,Central,M,1150.71,116421.91
P13532,Trousers,Denim,Spring,985.07,2.7,4.0,125,113,12.87,36,,M,365.71,108307.46
P13533,Shirt,Polyester,Summer,1172.24,28.7,3.3,268,110,7.13,34,North,M,1334.97,91938.78
P13534,Hoodie,Polyester,Spring,1837.75,34.4,3.7,375,115,10.62,25,South,M,1240.54,138639.86
P13535,Jeans,Polyester,Autumn,1435.53,16.3,3.4,258,129,7.4,54,North,S,452.28,154998.48
P13536,T-Shirt,Wool,Summer,1453.88,30.7,4.1,207,124,8.82,41,East,L,375.18,124934.82
P13537,Dress,Polyester,Autumn,2288.08,2.6,3.7,346,108,14.91,21,Central,XL,1074.51,240687.71
P13538,Trousers,Linen,Winter,1082.12,5.0,2.5,236,123,17.79,41,Central,XL,663.04,126445.72
P13539,Dress,Cotton,Winter,2618.52,35.1,4.1,186,118,10.67,36,West,L,676.64,200531.5
P13540,Jacket,Wool,Spring,1097.22,18.4,3.6,252,118,12.59,41,West,L,1044.08,105649.12
P13541,Shirt,Rayon,Autumn,1553.52,33.6,3.4,443,114,17.42,58,South,XL,397.76,117595.25
P13542,Dress,,Autumn,1331.28,41.6,2.7,366,125,3.72,38,West,XL,1040.54,97183.44
P13543,Shirt,Cotton,Summer,1574.05,42.6,3.1,44,107,4.08,34,North,L,379.63,96675.0
P13544,Dress,Denim,Autumn,1766.76,8.6,3.1,416,141,7.83,25,Central,M,361.17,227689.43
P13545,T-Shirt,Polyester,Autumn,1760.3,24.3,4.8,465,105,6.87,48,Central,S,1024.98,139917.45
P13546,T-Shirt,Cotton,Summer,1048.13,36.7,3.6,144,110,19.74,36,East,XL,957.36,72981.29
P13547,Hoodie,Linen,Summer,826.25,38.7,2.6,315,118,11.72,28,East,XL,94.71,59765.97
P13548,T-Shirt,Denim,Autumn,3001.9,39.2,2.8,19,117,10.95,40,South,XL,1015.43,213543.16
P13549,Hoodie,Linen,Spring,1209.61,11.4,2.7,483,110,12.0,54,East,M,1328.96,117888.59
P13550,T-Shirt,Rayon,Summer,1919.53,9.6,4.0,192,104,17.63,45,North,M,783.04,180466.53
P13551,T-Shirt,Cotton,Summer,535.42,29.5,3.0,211,114,5.63,40,West,XL,1135.04,43031.71
P13552,T-Shirt,Linen,Autumn,1332.23,37.1,3.7,28,115,10.71,29,West,M,683.77,96366.86
P13553,Shirt,Rayon,Autumn,1423.68,16.0,3.4,32,118,6.15,33,South,XL,1075.6,141115.16
P13554,Trousers,Cotton,Summer,,5.2,4.5,104,113,15.83,33,,S,-41.4,191076.01
P13555,Hoodie,Cotton,Autumn,-133.47,35.8,3.3,73,127,15.77,31,Central,M,564.59,-10882.34
P13556,Dress,Linen,Summer,1599.68,15.0,3.6,426,103,19.19,24,West,S,1603.76,140051.98
P13557,T-Shirt,Cotton,Spring,810.16,8.3,4.3,459,134,9.49,38,East,L,1200.66,99550.84
P13558,Shirt,Polyester,Spring,1694.61,7.4,3.6,229,123,4.01,38,Central,XL,657.55,193012.69
P13559,Shirt,Cotton,Summer,878.2,15.7,4.5,105,126,18.03,58,East,M,743.89,93280.65
P13560,Shirt,Wool,Summer,986.71,29.6,4.2,362,128,17.92,52,East,S,415.38,88914.41
P13561,Hoodie,Rayon,Winter,1335.82,17.9,3.5,274,139,5.46,41,South,M,755.1,152442.44
P13562,Trousers,Cotton,Winter,868.6,1.0,3.8,390,119,6.25,18,South,L,233.95,102329.77
P13563,Hoodie,Wool,Autumn,1214.68,4.8,4.9,166,112,6.95,31,Central,S,911.77,129514.04
P13564,Dress,Cotton,Autumn,783.97,14.5,4.2,216,140,9.58,37,West,L,583.35,93841.21
P13565,Trousers,Cotton,Summer,400.1,33.0,4.8,283,97,16.75,45,North,L,960.15,26002.5
P13566,Jeans,Linen,Summer,2110.77,4.9,2.9,347,116,3.74,35,,S,579.61,232851.7
P13567,Sweater,Polyester,Winter,722.37,28.0,3.7,255,108,14.31,20,Central,M,560.31,56171.49
P13568,Shirt,Rayon,Winter,1392.79,6.0,4.8,208,128,7.7,44,North,S,1024.33,167580.49
P13569,Hoodie,Polyester,Summer,1951.73,10.6,3.3,471,130,4.72,23,East,L,618.77,226830.06
P13570,Jeans,Denim,Spring,1131.03,8.6,4.9,294,107,7.43,21,East,XL,638.67,110612.47
P13571,Jacket,Linen,Spring,1004.9,3.4,2.7,381,117,11.13,18,North,S,1205.1,113575.81
P13572,Hoodie,Linen,Autumn,1635.74,33.6,4.8,92,120,18.51,38,East,XL,1198.06,130335.76
P13573,T-Shirt,Polyester,Summer,2170.76,23.2,3.6,326,137,12.94,52,West,M,1006.89,228398.68
P13574,Sweater,Linen,Summer,798.41,41.6,2.7,142,112,12.53,45,South,S,758.83,52222.4
P13575,T-Shirt,Polyester,Autumn,1409.91,4.9,4.7,114,132,3.07,35,West,XL,1496.89,176988.82
P13576,Trousers,Linen,Winter,460.5,7.2,3.1,379,142,2.52,52,East,L,1166.86,60682.85
P13577,Sweater,Cotton,Winter,1264.08,15.3,2.6,246,126,3.46,38,South,M,557.11,134905.15
P13578,Hoodie,Polyester,Spring,1520.52,38.3,2.8,78,127,2.82,33,West,XL,973.46,119146.43
P13579,Dress,Polyester,Summer,987.23,15.3,4.1,193,111,11.95,43,East,M,459.42,92816.4
P13580,Jeans,Wool,Winter,1225.8,20.4,4.9,127,106,9.6,56,West,S,886.34,103428.1
P13581,Dress,Linen,Spring,655.06,15.1,2.8,189,117,1.09,26,East,XL,698.18,65069.07
P13582,Hoodie,Linen,Spring,1546.25,4.0,3.7,280,114,7.67,40,Central,S,588.95,169221.6
P13583,Trousers,Polyester,Spring,2133.42,47.0,3.0,99,108,3.42,19,North,S,892.15,122116.96
P13584,T-Shirt,,Winter,841.71,27.4,4.4,97,137,19.77,20,East,L,495.02,83718.16
P13585,Sweater,Cotton,Winter,1126.4,39.4,2.8,92,127,9.74,50,West,XL,677.59,86690.0
P13586,Dress,Rayon,Summer,1801.53,32.9,3.1,29,114,9.1,41,East,XL,892.83,137806.24
P13587,Hoodie,Cotton,Summer,2227.25,25.7,3.0,116,120,13.24,40,East,XL,780.93,198581.61
P13588,Dress,Linen,Spring,604.09,4.5,3.9,338,151,7.78,23,West,M,698.42,87112.8
P13589,Hoodie,Wool,Spring,1398.73,32.1,4.7,357,107,14.59,38,West,M,660.27,101621.93
P13590,T-Shirt,Polyester,Winter,1669.88,7.8,3.8,281,126,18.19,22,South,M,671.54,193993.3
P13591,Sweater,Denim,Winter,1438.77,20.7,2.6,340,136,10.48,30,East,M,1230.64,155168.47
P13592,Jeans,Wool,Summer,13.92,31.5,3.9,107,124,8.28,57,Central,XL,1063.83,1182.36
P13593,T-Shirt,Denim,Summer,1800.65,39.1,4.5,418,108,10.92,30,North,XL,250.53,118432.35
P13594,Dress,Wool,Autumn,2411.6,34.3,2.8,241,112,12.47,36,East,M,447.1,177455.17
P13595,Jeans,Cotton,Summer,1570.0,33.6,2.7,384,121,17.11,26,West,L,385.35,126140.08
P13596,Hoodie,Linen,Winter,881.34,7.5,3.0,66,139,8.5,20,South,XL,618.41,113318.29
P13597,Jeans,Denim,Spring,1192.12,17.3,4.4,158,117,1.98,48,East,M,1121.55,115348.34
P13598,Hoodie,Wool,Autumn,2561.95,2.1,4.0,398,122,12.98,56,Central,S,507.99,305994.18
P13599,T-Shirt,Linen,Summer,2045.98,36.0,3.9,468,127,19.75,30,West,L,888.98,166297.25
P13600,Dress,Denim,Summer,1884.02,47.6,3.1,244,127,17.23,58,Central,XL,1083.35,125377.76
P13601,Trousers,Polyester,Winter,1713.85,13.2,3.3,146,119,15.41,28,Central,L,100.4,177026.99
P13602,Dress,Wool,Autumn,1103.32,4.4,4.9,276,110,4.35,58,North,M,588.46,116025.13
P13603,Hoodie,Polyester,Summer,1379.66,23.8,3.1,238,122,15.22,28,North,S,270.52,128258.71
P13604,Shirt,Cotton,Spring,1453.25,42.8,4.8,370,115,2.55,18,East,S,560.52,95594.78
P13605,Sweater,Polyester,Winter,,27.6,4.0,330,111,10.38,52,North,M,895.44,147045.23
P13606,Jacket,Polyester,Autumn,2405.35,2.3,2.8,456,111,8.05,52,East,L,233.37,260852.99
P13607,Trousers,Rayon,Summer,2171.0,48.7,3.7,291,131,18.2,20,East,XL,751.63,145897.71
P13608,Jeans,Wool,Summer,648.37,41.4,4.9,211,94,4.04,21,West,M,221.06,35714.81
P13609,Trousers,Cotton,Autumn,1634.4,6.6,3.5,241,113,15.99,41,West,L,368.99,172497.84
P13610,Sweater,Polyester,Winter,1942.06,46.1,4.7,28,114,1.92,47,South,M,1109.78,119331.82
P13611,Jeans,Linen,Autumn,1871.32,22.5,3.1,25,117,14.33,49,North,S,959.19,169681.94
P13612,Sweater,Denim,Autumn,1122.46,18.6,3.9,65,119,6.58,37,South,XL,368.06,108728.21
P13613,Jeans,Polyester,Winter,3248.47,23.1,4.6,366,116,19.54,53,Central,M,749.7,289776.52
P13614,Trousers,Cotton,Summer,733.75,41.7,4.8,123,118,13.76,30,East,S,680.08,50477.6
P13615,Jeans,Polyester,Spring,850.09,33.0,3.7,498,101,6.87,56,East,M,832.13,57525.59
P13616,Jeans,Denim,Winter,1640.16,3.0,4.1,77,114,5.47,21,West,S,1014.21,181368.89
P13617,Shirt,Cotton,Spring,2770.08,47.9,2.5,87,110,13.15,45,Central,S,1509.2,158753.28
P13618,Dress,Wool,Summer,998.28,7.4,3.1,39,110,6.18,57,East,XL,648.18,101684.8
P13619,Dress,Cotton,Autumn,1340.5,37.3,3.2,16,101,4.55,24,East,S,1349.2,84889.84
P13620,Jacket,Wool,Spring,2146.38,31.8,2.7,405,122,13.31,26,Central,XL,487.6,178587.4
P13621,Jacket,Cotton,Summer,1489.28,9.4,3.2,161,121,14.76,39,Central,XL,713.61,163263.81
P13622,Hoodie,Denim,Summer,1299.24,8.5,3.3,496,121,5.52,21,East,S,604.04,143845.36
P13623,Hoodie,Denim,Autumn,1839.38,43.5,4.9,372,119,11.18,53,Central,S,619.8,123670.71
P13624,Hoodie,Cotton,Autumn,1663.51,21.0,4.2,31,112,13.61,50,North,XL,821.27,147187.36
P13625,Shirt,Polyester,Summer,2118.26,32.7,3.6,440,99,18.9,23,Central,M,980.7,141133.31
P13626,Jacket,Denim,Summer,2274.88,25.2,5.0,39,139,16.27,20,South,M,857.95,236523.82
P13627,Sweater,Wool,Spring,1684.2,36.4,2.9,453,120,9.0,52,South,M,982.93,128538.14
P13628,Hoodie,Wool,Summer,1675.04,24.0,3.7,176,115,17.04,50,East,L,958.56,146398.5
P13629,Hoodie,Linen,Summer,1628.47,14.4,4.1,157,133,9.39,24,East,S,849.07,185398.05
P13630,Trousers,Rayon,Spring,1793.48,18.2,2.6,419,131,3.47,58,West,XL,716.25,192185.73
P13631,T-Shirt,Rayon,Winter,1533.1,43.0,4.3,58,124,7.48,52,Central,L,566.46,108359.51
P13632,Sweater,Rayon,Spring,1499.63,23.4,2.7,334,147,16.29,20,South,S,610.72,168861.34
P13633,Hoodie,Wool,Spring,2217.98,10.7,2.9,497,126,19.16,35,West,XL,1158.71,249562.67
P13634,Hoodie,Linen,Autumn,2409.67,46.7,2.9,307,102,19.69,20,East,S,596.46,131004.12
P13635,Hoodie,Rayon,Spring,595.47,39.8,4.8,271,110,13.14,56,North,M,926.82,39432.02
P13636,T-Shirt,Rayon,Summer,1506.01,2.8,4.2,190,122,10.09,44,Central,L,1207.95,178588.69
P13637,T-Shirt,Cotton,Summer,1086.78,49.9,4.1,299,120,4.08,26,West,XL,908.94,65337.21
P13638,Shirt,Cotton,Summer,1313.42,34.7,3.9,131,116,2.95,34,North,S,826.64,99488.94
P13639,Sweater,Cotton,Winter,1741.51,8.0,3.2,133,109,10.85,58,East,XL,1273.53,174638.62
P13640,Shirt,Polyester,Summer,1901.66,11.9,4.1,462,146,14.83,59,South,XL,800.63,244602.92
P13641,Jeans,Rayon,Winter,1432.72,34.6,3.5,275,124,7.15,22,West,XL,636.09,116187.86
P13642,T-Shirt,Polyester,Summer,,39.0,2.9,37,119,13.82,21,West,M,1248.19,25551.68
P13643,Trousers,Linen,Spring,920.97,12.0,4.2,268,114,11.85,31,East,XL,638.97,92391.71
P13644,Jacket,Wool,Autumn,2037.9,12.8,2.8,86,126,18.87,46,East,L,773.91,223908.15
P13645,Trousers,Rayon,Summer,-144.26,15.4,3.0,441,128,4.98,28,South,L,601.69,-15621.63
P13646,Jacket,Wool,Winter,2212.46,29.9,4.5,376,118,12.23,39,South,S,118.68,183010.27
P13647,T-Shirt,Cotton,Winter,1812.74,8.6,4.2,203,112,8.86,59,South,S,273.44,185566.57
P13648,T-Shirt,Rayon,Autumn,2289.71,5.2,4.1,391,103,5.97,22,North,XL,431.13,223576.44
P13649,T-Shirt,Denim,Summer,1380.86,33.9,3.5,44,116,7.79,29,North,M,764.89,105878.82
P13650,Shirt,Polyester,Spring,263.16,39.0,3.5,445,118,6.6,38,East,L,800.02,18942.26
P13651,Sweater,Polyester,Summer,1758.22,25.0,4.2,123,99,11.03,32,West,XL,856.4,130547.84
P13652,Jacket,Rayon,Summer,2264.79,18.2,4.4,71,113,11.6,41,North,L,549.14,209343.6
P13653,Sweater,Cotton,Autumn,2054.83,21.6,3.8,61,116,17.45,30,East,S,526.71,186874.46
P13654,Shirt,Polyester,Summer,1102.39,19.4,4.9,125,102,15.84,49,North,M,1695.04,90629.69
P13655,Shirt,Cotton,Spring,1552.06,48.0,4.9,56,128,6.75,43,South,L,546.51,103305.11
P13656,Dress,Linen,Winter,1180.3,38.4,3.5,447,124,18.7,57,East,S,885.61,90156.04
P13657,Trousers,Wool,Autumn,1008.44,10.4,4.6,421,123,17.5,43,South,L,1079.93,111138.16
P13658,Trousers,Denim,Spring,2073.23,19.2,3.9,110,120,12.89,53,Central,XL,888.77,201020.38
P13659,Jeans,Wool,Winter,781.48,27.2,3.8,288,109,1.35,47,West,L,674.89,62012.0
P13660,Hoodie,Wool,Autumn,963.71,30.6,2.6,116,125,4.97,26,South,L,409.16,83601.84
P13661,Shirt,Linen,Autumn,837.58,23.4,3.9,480,103,16.0,41,West,XL,401.63,66083.39
P13662,Jacket,Polyester,Winter,605.85,40.5,4.8,44,113,9.62,55,East,M,621.81,40734.32
P13663,Dress,Denim,Winter,1587.85,38.4,4.5,498,129,3.39,35,Central,M,708.3,126176.91
P13664,Dress,Polyester,Spring,2196.9,25.3,4.5,368,126,8.76,26,West,XL,738.05,206776.62
P13665,Hoodie,Rayon,Summer,1389.07,42.7,2.9,384,118,5.03,39,North,M,533.55,93920.58
P13666,Sweater,Wool,Summer,596.55,37.6,3.4,297,134,17.96,55,East,M,605.79,49881.12
P13667,Hoodie,Rayon,Summer,2003.97,38.9,3.1,11,124,17.9,38,Central,XL,1166.0,151828.78
P13668,Hoodie,Cotton,Summer,2511.42,47.8,3.3,248,105,8.35,24,North,L,441.93,137650.93
P13669,Hoodie,Wool,Summer,1112.25,13.3,3.9,377,100,3.61,29,North,M,544.65,96432.08
P13670,Trousers,Polyester,Spring,1212.87,13.4,3.4,387,109,7.82,53,Central,S,358.59,114487.65
P13671,Shirt,Wool,Autumn,1809.4,44.4,3.9,281,98,3.45,28,South,S,1608.06,98590.59
P13672,Jeans,Cotton,Spring,2473.12,38.6,3.6,153,118,6.78,20,Central,XL,163.97,179182.49
P13673,Shirt,Linen,Spring,1188.1,46.3,3.2,444,107,15.65,44,Central,S,644.44,68267.04
P13674,Sweater,Rayon,Spring,700.53,3.2,2.7,460,116,6.55,24,Central,S,1296.08,78661.11
P13675,T-Shirt,Rayon,Autumn,1878.85,31.4,4.7,101,110,11.34,19,West,XL,1164.51,141778.02
P13676,Hoodie,Polyester,Spring,,7.2,2.5,230,112,3.26,27,South,S,852.51,205735.08
P13677,Shirt,Wool,Spring,1503.68,25.2,2.5,63,100,7.6,20,East,S,897.13,112475.26
P13678,Sweater,Polyester,Autumn,1165.12,7.8,4.6,413,120,1.75,34,North,L,425.66,128908.88
P13679,T-Shirt,Linen,Spring,2096.63,6.4,5.0,237,131,11.42,18,West,XL,291.98,257080.38
P13680,T-Shirt,Wool,Summer,1816.82,0.6,4.3,42,134,7.6,51,South,M,553.23,241993.16
P13681,Hoodie,Wool,Winter,1038.94,31.5,,223,115,17.57,30,Central,XL,594.27,81842.5
P13682,Jeans,Polyester,Spring,1529.46,18.0,3.1,145,122,8.46,31,West,S,905.66,153007.18
P13683,Jacket,Polyester,Winter,688.98,5.3,4.9,257,106,11.6,34,West,S,722.09,69161.19
P13684,Trousers,Cotton,Spring,1911.53,16.1,4.5,417,130,19.56,51,North,M,1250.46,208490.58
P13685,Shirt,Linen,Spring,1342.66,8.4,3.9,62,112,13.21,34,East,M,828.56,137746.17
P13686,T-Shirt,Cotton,Summer,1238.57,47.1,3.1,73,115,10.51,58,South,L,262.82,75348.41
P13687,Shirt,Rayon,Autumn,1480.28,16.0,2.5,323,110,2.86,42,South,S,318.95,136777.87
P13688,Jacket,Wool,Winter,1524.18,16.7,2.6,383,113,16.6,47,South,S,635.97,143469.54
P13689,Trousers,Polyester,Autumn,2036.96,42.0,4.0,46,126,13.21,53,Central,S,536.47,148861.04
P13690,Jacket,Wool,Summer,1854.65,32.4,2.6,221,116,3.06,28,Central,L,744.63,145434.23
P13691,Trousers,Wool,Summer,1406.15,35.5,5.0,21,120,5.67,38,West,XL,985.13,108836.01
P13692,Dress,Denim,Winter,1958.2,31.8,3.0,477,113,11.22,37,East,M,931.93,150910.64
P13693,Trousers,Rayon,Autumn,,47.3,4.3,93,121,1.86,46,North,L,421.53,110982.64
P13694,Hoodie,Denim,Summer,1244.04,10.4,2.9,397,100,14.65,21,,L,1107.0,111465.98
P13695,Jeans,Wool,Spring,1425.17,49.5,3.9,103,114,5.33,51,East,S,646.88,82047.04
P13696,Jacket,Polyester,Spring,1411.07,41.5,2.7,424,120,10.3,59,South,M,764.49,99057.11
P13697,T-Shirt,Wool,Spring,1803.16,29.4,4.4,351,107,5.59,58,East,XL,479.43,136214.31
P13698,Hoodie,Rayon,Autumn,1279.79,33.1,4.0,216,119,10.29,34,North,S,873.72,101885.36
P13699,Dress,Denim,Spring,1265.75,32.4,2.7,47,123,4.6,29,Central,L,855.34,105244.58
P13700,Jeans,Polyester,Spring,2681.25,2.9,4.6,430,128,12.28,21,East,L,1192.61,333247.2
P13701,Shirt,Wool,Summer,2063.84,10.9,3.9,357,125,18.3,58,West,M,559.67,229860.18
P13702,Hoodie,Linen,Summer,1043.64,48.1,4.8,212,108,16.34,31,Central,M,779.58,58498.11
P13703,Jacket,Rayon,Spring,1842.56,26.7,4.8,279,142,5.59,21,West,M,862.99,191784.7
P13704,Sweater,Rayon,Spring,1571.01,18.9,4.8,84,111,10.46,51,West,S,842.26,141423.89
P13705,Sweater,Linen,Summer,1734.93,38.1,2.7,137,123,9.04,35,East,L,1139.78,132092.37
P13706,T-Shirt,Wool,Winter,1582.4,26.2,2.8,338,109,19.34,30,West,M,515.26,127291.42
P13707,Trousers,Rayon,Autumn,2213.79,0.7,5.0,161,137,16.18,27,South,XL,893.64,301166.21
P13708,T-Shirt,Polyester,Autumn,1707.37,36.8,3.7,19,105,3.04,31,East,M,919.99,113301.07
P13709,Sweater,Wool,Summer,1462.75,36.6,3.1,47,138,4.2,26,North,M,640.54,127978.92
P13710,Shirt,Wool,Autumn,2125.31,8.3,4.4,436,127,14.34,37,South,S,821.82,247511.48
P13711,Dress,Denim,Summer,1639.97,47.8,3.2,114,111,4.04,18,Central,S,807.49,95023.14
P13712,Dress,Rayon,Summer,1572.89,11.2,4.3,174,119,19.06,46,East,S,885.15,166210.43
P13713,Jacket,Rayon,Summer,1688.41,22.9,4.6,435,113,19.87,34,North,S,654.57,147099.34
P13714,Dress,Linen,Summer,1443.83,5.7,4.5,41,112,15.79,25,North,M,513.49,152491.55
P13715,Jacket,Denim,Winter,1505.54,30.2,3.2,221,116,1.51,34,East,L,799.78,121900.56
P13716,Hoodie,Denim,Spring,1147.98,18.8,3.5,23,135,10.17,38,South,XL,956.42,125841.57
P13717,Jacket,Rayon,Spring,1049.3,17.7,3.5,239,122,8.72,42,North,XL,460.14,105356.02
P13718,Hoodie,Wool,Winter,900.86,41.3,,141,122,16.19,37,East,L,1009.42,64514.19
P13719,Jacket,Denim,Autumn,664.81,0.5,2.9,161,130,6.45,42,East,XL,803.47,85993.17
P13720,Sweater,Linen,Autumn,972.17,39.9,3.6,105,108,8.34,38,West,M,709.15,63101.61
P13721,Sweater,,Spring,1395.44,28.6,3.8,19,123,2.78,30,East,L,732.79,122550.33
P13722,Trousers,Linen,Autumn,1561.87,49.3,3.8,383,121,7.51,30,North,S,406.83,95816.04
P13723,Hoodie,Denim,Spring,1337.22,29.5,4.5,372,123,19.5,47,West,S,811.47,115957.03
P13724,Jeans,Linen,Spring,86.58,2.8,3.8,25,114,18.9,30,North,S,687.32,9593.76
P13725,Hoodie,Denim,Winter,2444.75,2.5,3.1,176,136,15.25,57,South,M,829.3,324173.85
P13726,Jacket,Denim,Autumn,2151.89,44.2,4.2,105,123,18.24,24,South,S,705.61,147692.82
P13727,Jacket,Polyester,Winter,1767.46,42.1,4.5,27,112,5.01,59,North,S,595.73,114616.25
P13728,Jeans,Linen,Spring,2644.49,17.3,3.3,418,129,12.81,29,Central,S,413.79,282122.13
P13729,T-Shirt,Linen,Spring,913.58,30.9,4.1,16,124,10.5,19,Central,XL,231.27,78279.19
P13730,Jacket,Linen,Spring,2632.58,24.5,2.9,193,135,9.03,31,Central,L,639.1,268325.72
P13731,Trousers,Cotton,Summer,920.87,48.4,3.4,391,122,7.17,59,North,XL,1.57,57970.61
P13732,Dress,Denim,Summer,1643.24,47.5,4.8,254,117,17.46,34,East,M,320.69,100936.02
P13733,Dress,Linen,Summer,735.7,49.2,4.8,440,112,10.21,30,West,M,1006.23,41858.39
P13734,Shirt,Rayon,Winter,1508.82,43.3,3.9,380,120,14.76,18,East,M,483.29,102660.11
P13735,Shirt,Cotton,Spring,1731.7,45.5,4.3,475,106,14.41,18,North,XL,946.23,100040.31
P13736,Dress,Polyester,Autumn,1407.19,10.9,4.6,376,127,3.59,43,East,L,916.99,159233.4
P13737,Dress,Linen,Winter,1928.33,41.6,4.9,91,133,1.93,30,South,S,516.66,149777.25
P13738,Sweater,Linen,Winter,1559.41,35.4,3.7,140,133,16.96,51,West,M,1035.85,133981.39
P13739,Trousers,Cotton,Winter,1186.55,48.1,3.9,138,116,10.32,57,North,M,1154.04,71435.06
P13740,Jeans,Denim,Autumn,1159.91,28.6,3.5,298,139,16.39,26,West,XL,309.28,115116.43
P13741,Shirt,Rayon,Spring,1986.55,4.3,2.7,464,114,6.64,36,Central,S,1016.79,216728.63
P13742,T-SHIRT,Polyester,Summer,500.0,29.9,3.6,83,121,17.37,40,Central,S,556.9,93960.46
P13743,Sweater,Linen,Spring,2049.24,34.3,4.5,373,121,16.79,58,South,XL,282.57,162908.43
P13744,Jeans,Denim,Spring,2233.63,11.0,4.5,68,116,8.25,45,North,XL,822.65,230599.96
P13745,Sweater,Rayon,Winter,498.77,19.7,4.7,81,124,8.82,47,Central,XL,915.02,49663.53
P13746,Hoodie,Rayon,Winter,2179.76,29.9,2.6,169,124,7.67,24,West,L,731.71,189473.46
P13747,Trousers,Polyester,Winter,2736.25,18.7,3.8,96,107,1.66,31,,M,1292.63,238029.12
P13748,Dress,Wool,Summer,1651.2,18.7,2.8,410,109,14.07,19,South,M,973.54,146324.39
P13749,Jacket,Rayon,Summer,1859.45,6.7,3.0,471,131,6.18,29,Central,M,730.91,227267.56
P13750,Jeans,Wool,Summer,2122.2,47.0,4.8,26,126,17.8,19,East,L,800.45,141720.52
P13751,Dress,Rayon,Spring,1334.71,37.5,3.7,98,118,18.05,45,Central,XL,1658.72,98434.86
P13752,Dress,,Winter,1609.37,0.1,4.4,158,119,14.73,45,South,M,892.21,191323.51
P13753,T-Shirt,Cotton,Autumn,711.48,38.3,2.7,320,100,4.45,29,Central,M,1169.41,43898.32
P13754,Hoodie,Polyester,Spring,1583.18,37.0,3.5,15,124,2.7,47,North,M,1037.82,123678.02
P13755,Jeans,Polyester,Summer,1798.87,0.5,4.2,93,117,16.51,57,South,L,405.46,209415.45
P13756,Sweater,Cotton,Autumn,1809.7,18.5,2.8,442,132,17.97,57,East,XL,433.25,194687.53
P13757,Jacket,Cotton,Autumn,2139.25,30.3,3.3,93,102,7.69,39,West,M,741.4,152087.84
P13758,Jeans,Denim,Winter,1035.12,22.6,,259,139,7.71,35,Central,M,717.82,111364.42
P13759,Sweater,Rayon,Autumn,1180.44,38.9,4.1,163,125,8.42,31,West,L,839.92,90156.1
P13760,Dress,Denim,Summer,2637.3,21.3,4.9,425,101,16.72,42,South,XL,1125.49,209631.07
P13761,Jacket,Cotton,Winter,1409.8,7.7,4.6,81,117,14.43,27,West,XL,998.03,152245.71
P13762,Sweater,Wool,Autumn,1620.02,48.8,4.9,118,110,3.32,53,North,M,307.73,91239.53
P13763,Trousers,Wool,Winter,1459.79,12.1,4.6,121,124,13.06,26,South,S,555.39,159111.27
P13764,Sweater,Polyester,Autumn,1006.99,35.9,4.6,181,127,1.19,28,South,L,1242.35,81976.03
P13765,T-Shirt,Linen,Spring,2474.12,7.2,3.9,196,114,14.5,44,Central,S,936.74,261742.1
P13766,Hoodie,Polyester,Spring,1183.38,16.5,3.8,294,113,15.53,30,South,S,280.23,111657.82
P13767,Dress,Polyester,Summer,823.63,22.1,3.5,282,131,16.48,18,North,M,695.15,84050.62
P13768,Sweater,Linen,Spring,1229.56,9.6,4.5,27,131,12.89,56,Central,M,180.64,145609.41
P13769,Hoodie,Rayon,Spring,298.98,22.5,3.0,177,108,4.43,28,North,M,1073.16,25024.63
P13770,Shirt,Cotton,Spring,,7.9,2.6,328,122,16.08,20,East,L,910.33,124635.3
P13771,Shirt,Wool,Autumn,919.12,28.0,4.9,91,115,18.1,19,Central,L,692.02,76103.14
P13772,Hoodie,Polyester,Autumn,1870.46,33.2,2.5,84,103,13.04,59,South,L,728.51,128695.13
P13773,Hoodie,Linen,Winter,1095.95,3.1,4.9,438,128,6.23,41,South,S,915.66,135932.87
P13774,T-Shirt,Denim,Autumn,2032.68,43.6,4.3,469,138,4.41,37,South,L,1123.58,158207.55
P13775,Trousers,Polyester,Spring,2339.09,9.3,3.3,344,136,5.4,57,East,XL,881.05,288531.43
P13776,Dress,Wool,Autumn,1968.71,11.3,4.2,355,121,1.32,32,North,L,967.45,211295.74
P13777,Jeans,Cotton,Summer,1370.77,33.1,4.5,258,118,1.19,23,South,M,869.12,108211.33
P13778,T-Shirt,Polyester,Winter,1584.67,23.4,3.1,140,125,6.64,37,West,S,1163.54,151732.15
P13779,Trousers,Polyester,Winter,585.01,25.0,4.4,396,126,18.54,39,,L,1294.65,55283.44
P13780,Hoodie,Rayon,Autumn,1419.73,6.4,4.5,431,109,12.81,19,Central,M,552.27,144846.53
P13781,Jeans,Linen,Spring,983.74,40.3,3.1,364,130,8.34,32,Central,M,692.44,76348.06
P13782,Hoodie,Denim,Winter,1916.6,30.9,2.6,210,112,1.21,51,West,XL,766.44,148329.51
P13783,Hoodie,Denim,Summer,3043.65,6.8,3.0,372,132,19.8,48,East,XL,543.12,374442.0
P13784,Shirt,Cotton,Summer,1799.89,18.7,3.0,305,116,9.66,47,Central,L,642.09,169744.03
P13785,Shirt,Wool,Winter,305.32,40.5,2.7,77,143,19.84,45,East,S,728.04,25978.15
P13786,Jeans,Cotton,Spring,1283.26,28.4,4.3,447,112,14.68,50,East,S,756.03,102907.19
P13787,T-Shirt,Polyester,Spring,1573.49,5.4,3.4,29,108,1.97,58,West,L,624.84,160760.33
P13788,Shirt,Polyester,Autumn,1552.41,18.6,4.7,280,94,17.32,38,Central,L,590.02,118784.2
P13789,Dress,Denim,Autumn,1061.51,12.1,3.1,102,112,11.08,40,South,L,766.98,104503.54
P13790,Hoodie,Wool,Winter,1647.18,25.9,3.6,142,117,9.6,59,East,S,508.06,142805.56
P13791,Jacket,Linen,Autumn,754.5,42.2,4.1,304,114,15.4,30,East,XL,859.93,49715.51
P13792,Sweater,Wool,Autumn,933.05,21.8,4.7,305,108,15.72,43,Central,S,379.19,78801.67
P13793,tshirt,Polyester,Autumn,1887.48,21.7,3.8,144,115,16.13,36,Central,M,744.04,169958.14
P13794,Jeans,Linen,Summer,890.6,45.3,3.4,465,117,15.45,44,West,XL,1249.18,56997.51
P13795,Shirt,Wool,Autumn,1822.93,28.8,4.7,361,122,13.18,57,North,M,676.62,158346.99
P13796,T-Shirt,Wool,Winter,678.32,28.3,3.3,365,133,13.84,24,North,S,1016.85,64685.27
P13797,Hoodie,Linen,Spring,2558.9,13.1,2.7,42,118,17.31,42,North,M,411.96,262394.72
P13798,Dress,Polyester,Autumn,1035.44,30.4,3.6,383,112,14.12,57,East,S,624.73,80714.62
P13799,T-Shirt,,Spring,1365.8,28.8,4.5,302,110,2.93,53,West,XL,947.35,106969.46
P13800,Trousers,Linen,Autumn,1698.37,19.8,2.6,41,113,13.26,24,North,XL,-5.12,153916.48
P13801,Trousers,Rayon,Winter,1160.79,49.5,4.0,52,114,4.23,37,Central,XL,935.32,66826.68
P13802,Jacket,Rayon,Summer,1586.04,44.1,4.0,456,130,1.27,41,East,M,726.44,115257.53
P13803,Shirt,Polyester,Winter,1845.21,37.5,4.8,301,131,5.07,45,East,L,647.05,151076.57
P13804,Shirt,Linen,Summer,2076.37,26.9,3.2,363,106,3.93,22,Central,XL,1185.43,160889.61
P13805,Shirt,Rayon,Autumn,1974.9,23.1,3.2,314,97,2.94,53,West,S,311.35,147313.72
P13806,Jacket,Linen,Autumn,1396.91,9.2,3.6,290,111,5.08,48,West,M,867.14,140791.77
P13807,Trousers,Wool,Summer,1412.02,15.3,3.4,117,130,11.71,50,North,XL,999.75,155477.52
P13808,T-Shirt,Polyester,Winter,2909.47,38.7,4.3,105,115,3.88,41,Central,L,532.6,205103.09
P13809,Jacket,Rayon,Winter,2069.93,22.7,4.1,75,123,6.31,27,South,XL,135.08,196806.87
P13810,Jacket,Wool,Summer,946.91,44.1,4.4,18,93,17.14,55,West,M,839.57,49227.01
P13811,T-Shirt,,Autumn,1559.99,7.4,4.6,239,102,17.87,22,North,M,999.46,147344.18
P13812,Shirt,Cotton,Summer,1298.91,25.4,4.8,230,112,7.33,48,East,L,1194.27,108526.53
P13813,Dress,Polyester,Autumn,1418.8,32.3,3.6,367,110,18.08,26,West,L,261.4,105658.04
P13814,T-Shirt,Rayon,Summer,762.3,25.8,5.0,411,123,12.13,49,South,S,668.73,69572.07
P13815,Trousers,Rayon,Autumn,1252.85,44.5,3.0,287,125,5.3,58,East,XL,1411.81,86916.47
P13816,Jeans,Rayon,Summer,2586.93,49.5,4.3,108,129,15.33,22,East,M,826.92,168525.55
P13817,Hoodie,Linen,Spring,,5.8,3.8,280,129,18.52,44,Central,L,839.88,224498.43
P13818,Jeans,Wool,Autumn,500.0,6.5,4.5,272,107,13.53,45,Central,M,925.25,530.24
P13819,Sweater,Rayon,Winter,2230.03,6.5,3.7,406,104,4.83,29,West,L,759.33,216848.12
P13820,Sweater,Wool,Summer,2153.78,34.1,4.5,371,134,2.63,22,South,S,665.01,190191.7
P13821,Jacket,Polyester,Winter,1284.43,18.6,4.8,173,113,5.36,25,Central,XL,690.11,118144.44
P13822,Hoodie,Rayon,Summer,1930.36,36.7,4.3,25,109,7.43,34,North,L,1183.87,133189.05
P13823,Jeans,Polyester,Winter,984.36,20.3,4.4,178,122,7.34,25,East,M,977.06,95713.26
P13824,Dress,Rayon,Winter,1217.85,31.4,2.7,30,119,10.47,51,North,M,861.06,99417.97
P13825,Shirt,Cotton,Summer,2399.13,38.5,3.0,37,126,10.6,40,East,S,181.13,185908.58
P13826,Trousers,Denim,Summer,1336.96,27.4,4.9,339,131,9.96,35,North,S,592.68,127152.92
P13827,Sweater,Polyester,Winter,378.16,27.0,4.2,92,127,7.53,27,East,L,1384.92,35059.21
P13828,Dress,Rayon,Winter,1462.02,4.4,3.9,282,107,3.03,56,Central,XL,512.43,149552.95
P13829,Trousers,Denim,Winter,1452.85,20.5,,330,111,8.95,58,North,L,773.12,128206.75
P13830,Trousers,Polyester,Autumn,2219.02,27.3,2.6,406,122,19.73,22,West,M,720.56,196813.76
P13831,Shirt,Linen,Autumn,1508.6,23.1,3.4,45,116,13.42,34,West,L,315.79,134573.15
P13832,Hoodie,Rayon,Spring,1247.05,45.0,3.7,323,124,9.36,28,South,S,466.33,85048.81
P13833,Jacket,Linen,Autumn,2127.03,45.3,3.0,499,113,2.59,36,South,L,272.66,131473.85
P13834,Jeans,Cotton,Autumn,1572.47,41.1,2.9,285,100,5.05,38,South,S,241.8,92618.48
P13835,Shirt,Rayon,Summer,1049.99,18.8,3.8,242,119,11.92,20,North,M,894.2,101458.43
P13836,Dress,Cotton,Spring,2193.0,35.9,4.0,113,115,10.46,57,East,XL,519.87,161657.0
P13837,Jacket,Denim,Spring,1616.2,19.8,3.1,445,124,1.36,18,South,L,1311.22,160727.86
P13838,Dress,Polyester,Autumn,1501.76,11.6,4.0,15,120,2.64,41,Central,S,994.09,159306.7
P13839,Jacket,,Summer,1606.75,17.1,4.8,32,125,7.76,53,West,L,736.95,166499.47
P13840,Hoodie,Cotton,Summer,857.6,3.5,3.7,179,107,3.68,23,West,S,986.5,88551.49
P13841,Sweater,Wool,Spring,1183.41,16.6,4.6,161,125,19.2,27,Central,S,88.08,123370.49
P13842,Dress,Wool,Summer,1502.15,23.0,4.8,253,130,1.65,57,West,S,717.69,150365.22
P13843,Shirt,Polyester,Winter,1383.2,47.8,2.7,250,119,19.51,51,North,L,1069.49,85921.62
P13844,Jacket,Denim,Autumn,2263.46,15.7,2.7,270,106,13.47,41,Central,S,352.96,202258.26
P13845,Jacket,Polyester,Winter,1630.44,45.1,3.7,425,127,8.74,40,North,L,958.97,113679.17
P13846,Trousers,Rayon,Spring,2012.94,11.4,4.0,55,125,11.25,37,West,S,826.77,222933.1
P13847,Trousers,Cotton,Spring,1505.64,9.5,3.6,282,120,8.79,55,Central,XL,278.6,163512.5
P13848,T-Shirt,Wool,Summer,2133.77,25.9,3.3,84,135,11.89,52,Central,S,1224.16,213451.68
P13849,Dress,Polyester,Summer,1738.52,33.6,4.1,292,108,3.89,51,Central,L,1094.52,124672.75
P13850,Trousers,Polyester,Spring,1508.05,2.2,2.5,205,118,3.28,53,West,L,937.32,174035.0
P13851,T-Shirt,Polyester,Spring,1492.03,11.1,4.9,32,114,11.04,33,West,L,342.55,151211.27
P13852,Sweater,Cotton,Winter,927.34,22.8,3.1,96,106,2.36,40,West,M,492.94,75886.09
P13853,Sweater,Denim,Winter,1804.15,16.6,4.8,378,128,6.56,18,South,XL,714.41,192596.62
P13854,Trousers,Polyester,Summer,1475.88,35.6,2.8,130,134,18.61,26,South,XL,1181.23,127362.54
P13855,Dress,Cotton,Winter,1198.8,25.6,3.1,427,123,17.65,29,East,XL,681.11,109704.59
P13856,Jacket,Wool,Summer,2163.88,8.0,3.1,158,113,16.8,54,Central,M,805.21,224956.96
P13857,Jeans,Rayon,Summer,749.87,44.7,5.0,159,123,10.64,34,West,M,531.25,51005.41
P13858,Hoodie,Linen,Autumn,1246.5,14.6,2.5,74,135,1.53,20,Central,XL,1276.06,143708.98
P13859,Dress,Cotton,Summer,2116.63,36.6,4.1,169,95,3.31,55,North,S,442.94,127484.62
P13860,Hoodie,Linen,Winter,1689.31,39.0,4.7,455,120,18.47,46,North,S,800.78,123657.49
P13861,Shirt,Polyester,Spring,1471.28,48.2,4.2,293,118,16.89,48,West,XL,1141.85,89930.52
P13862,Sweater,Polyester,Spring,1650.6,24.9,3.4,91,111,8.15,52,South,S,582.47,137595.67
P13863,Trousers,Cotton,Winter,1607.65,30.8,4.9,16,111,14.85,55,East,L,669.87,123486.81
P13864,Trousers,Linen,Spring,590.0,16.7,4.7,191,122,17.24,43,South,M,481.28,59959.34
P13865,Hoodie,Polyester,Summer,1290.44,33.9,3.6,367,129,12.79,30,Central,XL,330.49,110034.53
P13866,T shirt,Wool,Spring,2469.91,23.2,3.9,463,83,17.22,36,South,S,374.04,157441.94
P13867,Hoodie,Denim,Winter,1104.41,21.9,4.9,23,127,5.65,49,West,XL,1225.73,109543.11
P13868,Shirt,Denim,Spring,1309.02,42.8,5.0,487,118,9.78,44,South,XL,271.81,88353.61
P13869,Jacket,Polyester,Summer,1175.03,2.5,3.6,192,108,12.0,56,North,L,527.92,123730.66
P13870,Shirt,Linen,Summer,1447.79,44.1,4.6,323,123,12.99,30,West,M,345.11,99545.7
P13871,Jeans,Rayon,Winter,1150.13,42.6,3.3,53,97,19.75,51,West,M,512.72,64036.94
P13872,Sweater,Polyester,Winter,1792.04,25.3,3.4,183,125,17.07,36,West,XL,663.6,167331.73
P13873,Trousers,Rayon,Winter,1618.39,24.5,2.9,23,127,2.05,36,South,L,797.55,155179.33
P13874,Trousers,Rayon,Autumn,1964.13,18.1,3.0,309,128,4.21,20,North,S,1177.21,205903.68
P13875,Jeans,Linen,Autumn,869.44,49.7,4.1,434,122,13.49,20,South,M,1029.43,53354.06
P13876,T-Shirt,Rayon,Summer,1295.8,5.6,3.8,82,119,5.57,43,Central,XL,963.02,145564.99
P13877,Sweater,Wool,Autumn,1364.57,29.5,3.1,232,108,4.02,23,East,S,975.64,103898.36
P13878,Jacket,Linen,Autumn,1773.39,34.1,3.5,11,128,13.67,30,East,XL,232.97,149588.99
P13879,Jeans,Polyester,Spring,1024.07,46.7,3.4,219,138,11.19,55,East,S,768.26,75324.44
P13880,Jacket,Wool,Autumn,2049.39,39.0,5.0,270,122,16.3,44,Central,S,1143.32,152515.6
P13881,Hoodie,Cotton,Spring,2211.85,32.2,4.6,99,110,7.07,58,Central,S,1322.28,164959.77
P13882,tshirt,Denim,Winter,,5.8,3.5,352,120,7.26,41,Central,S,1116.56,102491.11
P13883,Trousers,Polyester,Spring,1205.48,18.7,4.8,405,1480,3.86,27,North,S,598.55,129367.29
P13884,Jacket,Polyester,Spring,1180.84,6.9,3.4,343,97,13.39,33,West,S,965.84,106638.12
P13885,Shirt,Polyester,Winter,3079.43,44.1,4.2,261,118,14.47,40,Central,L,496.32,203125.36
P13886,Jacket,Wool,Winter,1242.06,37.5,4.9,392,117,3.63,29,East,S,1168.07,90825.64
P13887,Dress,Cotton,Summer,2506.58,37.9,3.5,342,127,5.83,45,East,S,473.91,197686.44
P13888,Sweater,Linen,Summer,740.02,32.6,4.2,364,104,3.93,30,South,M,442.49,51872.44
P13889,Trousers,Cotton,Summer,906.21,25.4,3.2,56,118,15.21,35,West,M,1093.64,79771.85
P13890,Hoodie,Wool,Summer,1088.04,7.5,3.2,344,130,4.97,19,,S,753.97,130836.81
P13891,Jeans,Polyester,Spring,992.59,16.5,3.9,172,110,3.89,34,West,XL,975.12,91169.39
P13892,Hoodie,Denim,Spring,1339.26,6.8,4.9,125,124,2.33,40,Central,M,1001.47,154775.6
P13893,Dress,Polyester,Summer,1074.73,36.2,3.6,412,130,16.79,40,East,L,399.46,89138.11
P13894,Trousers,Linen,Autumn,1008.4,8.0,4.8,88,111,3.36,18,West,L,771.95,102977.81
P13895,Jacket,Rayon,Summer,2195.08,35.1,4.8,456,115,1.56,31,West,L,515.49,163829.8
P13896,Sweater,Denim,Autumn,2234.28,34.6,3.1,380,133,2.22,29,Central,M,160.56,194342.14
P13897,T-Shirt,Polyester,Winter,2069.58,23.0,3.5,17,100,7.97,31,Central,L,720.1,159357.66
P13898,Sweater,Denim,Spring,1814.4,6.8,4.1,32,123,12.34,55,West,L,544.58,207995.56
P13899,T-Shirt,Rayon,Spring,1555.65,15.7,3.8,278,132,8.57,58,Central,XL,929.94,173106.51
P13900,Shirt,Cotton,Autumn,1201.78,16.0,2.7,288,123,9.65,33,West,XL,1090.01,124167.91
P13901,Sweater,Wool,Summer,928.11,35.0,5.0,40,121,18.47,51,South,M,529.96,72995.85
P13902,Trousers,Polyester,Spring,1717.8,5.7,4.4,423,115,15.42,35,,S,413.5,186286.82
P13903,T-Shirt,,Autumn,795.82,41.5,3.6,179,122,7.48,27,North,XL,728.98,56797.67
P13904,Jeans,Cotton,Winter,903.65,38.1,4.0,139,120,3.93,36,West,S,841.06,67123.12
P13905,Trousers,Polyester,Winter,2191.75,9.3,2.7,404,102,15.23,47,South,XL,905.55,202767.56
P13906,Jeans,Cotton,Spring,2640.39,36.0,3.7,418,135,11.9,21,South,XL,1360.86,228129.7
P13907,Sweater,Linen,Summer,1735.98,33.4,4.8,166,130,19.28,24,East,XL,1100.57,150301.15
P13908,Jeans,Polyester,Autumn,2163.87,37.4,4.7,31,105,18.26,33,East,XL,746.05,142231.18
P13909,T-Shirt,Rayon,Spring,1352.49,9.4,3.3,135,114,11.71,54,North,S,1454.43,139690.58
P13910,Trousers,Rayon,Winter,697.4,7.9,3.8,412,99,2.33,22,Central,M,1009.22,63588.23
P13911,Jacket,Linen,Summer,1867.3,11.8,4.2,466,133,1.59,56,Central,S,1044.63,219045.49
P13912,Dress,Denim,Autumn,1841.57,18.3,3.4,178,115,16.91,50,South,L,1351.13,173024.71
P13913,T-Shirt,Linen,Spring,1543.0,39.7,2.7,175,112,14.26,52,South,S,886.42,104208.05
P13914,T-Shirt,Denim,Autumn,1354.57,36.9,3.8,166,111,11.64,51,East,L,806.77,94875.44
P13915,Jacket,Polyester,Summer,2077.33,46.3,4.0,339,125,14.09,50,South,S,849.3,139440.78
P13916,Trousers,Denim,Summer,908.56,2.9,2.5,31,140,11.26,56,West,S,739.98,123509.65
P13917,Trousers,Polyester,Winter,1035.73,0.6,2.7,481,105,11.99,27,West,XL,599.93,108099.14
P13918,Hoodie,Polyester,Summer,895.14,35.0,3.0,273,132,5.29,20,North,S,393.06,76803.01
P13919,Sweater,Wool,Spring,1550.98,14.0,3.4,312,111,9.65,46,West,XL,1089.11,148056.55
P13920,Jeans,Polyester,Autumn,847.26,16.7,3.9,399,127,1.21,52,North,M,1104.97,89632.48
P13921,Sweater,Denim,Summer,1089.45,27.3,3.2,272,118,13.71,48,East,S,596.31,93459.56
P13922,Jacket,Wool,Summer,1076.55,5.1,3.2,221,102,7.31,56,West,XL,766.13,104207.89
P13923,Sweater,Wool,Spring,1343.64,32.1,4.7,474,119,13.47,32,North,L,565.8,108567.46
P13924,Jacket,Polyester,Autumn,607.58,16.3,2.9,173,126,18.6,18,Central,XL,918.23,64076.6
P13925,Trousers,Linen,Autumn,1552.32,31.6,3.7,145,114,12.24,36,North,L,922.23,121043.7
P13926,Jeans,Linen,Winter,2248.38,41.7,4.9,261,125,7.23,54,West,S,647.67,163850.69
P13927,Sweater,Rayon,Winter,1581.29,8.6,4.1,214,127,4.94,44,North,M,674.55,183552.98
P13928,T-Shirt,Wool,Autumn,2424.79,46.5,4.3,353,116,5.78,38,East,S,685.63,150482.47
P13929,Shirt,Polyester,Spring,2300.4,26.5,3.6,311,139,19.76,24,South,S,574.87,235020.37
P13930,Hoodie,Linen,Spring,1966.64,46.1,2.5,251,118,12.69,50,Central,XL,860.9,125082.24
P13931,Dress,Polyester,Winter,1544.81,10.4,4.1,329,121,9.37,19,East,L,107.79,167482.12
P13932,T-Shirt,Polyester,Summer,1513.5,30.2,4.1,424,118,5.39,31,Central,M,771.92,124657.91
P13933,Trousers,Wool,Spring,1958.28,20.2,2.8,288,144,15.69,59,Central,L,1273.61,225029.87
P13934,Dress,Rayon,Summer,1265.0,38.7,3.7,70,121,8.36,20,North,M,953.2,93828.84
P13935,Shirt,Wool,Spring,370.49,30.3,4.8,474,116,6.72,31,South,S,463.01,29954.86
P13936,Shirt,Cotton,Autumn,1795.2,24.7,3.0,315,129,5.22,22,North,XL,472.94,174380.34
P13937,Jeans,Linen,Winter,821.36,45.6,3.7,311,121,4.53,34,North,L,593.23,54065.2
P13938,Dress,Linen,Summer,922.72,18.9,3.7,481,86,6.19,56,West,S,556.95,64356.03
P13939,Jeans,Linen,Summer,1500.13,11.0,4.5,308,101,12.92,18,North,S,956.21,134846.69
P13940,T-Shirt,Denim,Autumn,1442.93,30.4,4.6,403,118,5.56,45,South,XL,515.77,118504.96
P13941,Jacket,Polyester,Spring,652.75,31.2,4.4,104,126,2.15,55,East,L,948.78,56585.59
P13942,Jacket,Wool,Summer,1599.29,22.0,3.4,157,116,7.82,31,North,S,705.51,144703.76
P13943,Jacket,Linen,Spring,2079.68,24.3,2.7,409,113,12.11,34,South,XL,845.42,177897.91
P13944,Dress,Cotton,Autumn,823.0,48.0,3.4,471,128,2.14,32,North,M,948.03,54778.88
P13945,Jacket,Linen,Winter,2263.49,36.6,4.2,268,117,9.6,24,,S,894.83,167901.16
P13946,T-Shirt,Rayon,Summer,563.9,5.5,4.3,39,113,1.99,59,North,M,1252.05,60216.06
P13947,Jeans,Polyester,Spring,2770.39,10.6,4.9,27,115,15.6,24,West,S,1161.15,284823.8
P13948,Dress,Polyester,Summer,1253.24,48.8,3.6,196,123,17.57,41,Central,XL,516.07,78924.04
P13949,Jeans,Wool,Spring,1587.37,36.3,4.1,463,128,19.31,43,South,M,1405.19,129427.8
P13950,Dress,Denim,Spring,364.78,45.8,3.8,221,140,14.13,31,North,XL,804.63,27679.51
P13951,Jeans,Wool,Spring,1462.72,15.2,2.9,44,126,13.01,36,Central,L,873.62,156288.71
P13952,Shirt,Linen,Autumn,1637.09,37.1,3.7,156,123,14.19,43,Central,S,1035.99,126656.74
P13953,Jeans,Rayon,Winter,1448.3,35.7,3.9,291,124,17.24,33,,L,462.12,115475.86
P13954,Jacket,Cotton,Summer,1162.15,14.7,4.9,44,109,16.33,51,Central,L,1276.58,108053.22
P13955,Shirt,Wool,Winter,932.06,27.5,3.4,85,126,9.33,19,South,M,852.01,85143.68
P13956,Jeans,Denim,Spring,2178.32,31.4,5.0,81,120,13.37,18,,S,1177.12,179319.3
P13957,Dress,Wool,Spring,1518.48,24.1,3.9,258,121,4.08,53,Central,L,741.85,139455.68
P13958,Dress,Polyester,Winter,2424.45,41.4,3.1,66,125,14.2,52,South,S,505.1,177590.96
P13959,Hoodie,Linen,Winter,1184.11,41.6,3.0,366,128,14.88,41,East,XL,961.07,88514.59
P13960,Dress,Linen,Summer,1239.12,42.5,2.9,314,119,16.22,22,North,M,489.06,84786.79
P13961,Trousers,Linen,Spring,1989.36,40.2,3.6,19,138,16.54,46,West,L,648.72,164169.94
P13962,T-Shirt,Linen,Winter,526.22,24.4,2.6,222,136,9.36,58,Central,XL,10.35,54103.84
P13963,Dress,Linen,Autumn,771.92,19.1,3.6,370,119,18.17,18,Central,XL,1198.83,74313.51
P13964,Shirt,Linen,Spring,2158.49,41.6,5.0,246,110,19.64,26,East,M,633.05,138661.4
P13965,Hoodie,Cotton,Spring,796.84,24.5,4.2,243,121,19.58,53,South,XL,694.27,72795.32
P13966,Dress,Denim,Summer,408.57,12.3,4.4,422,112,12.13,33,East,XL,799.05,40131.38
P13967,Trousers,Linen,Autumn,2621.12,25.4,2.8,232,125,11.63,32,South,L,950.72,244419.44
P13968,Jacket,Denim,Summer,663.71,7.1,3.7,113,118,9.69,27,North,XL,404.85,72757.22
P13969,Shirt,Rayon,Autumn,1610.47,34.6,3.2,336,119,6.7,54,Central,M,353.34,125336.44
P13970,Trousers,Linen,Summer,1541.45,16.8,4.7,107,126,7.34,33,West,XL,1118.38,161593.29
P13971,Jacket,Wool,Autumn,-186.38,13.0,3.0,235,114,5.1,55,East,S,626.37,-18485.17
P13972,Sweater,Linen,Autumn,1339.61,47.8,3.6,231,121,19.16,53,West,XL,885.78,84612.45
P13973,Sweater,Polyester,Autumn,1769.05,38.8,4.0,333,107,12.78,32,West,XL,639.71,115844.47
P13974,Shirt,Cotton,Winter,1712.59,39.4,3.8,498,119,18.75,20,Central,XL,979.02,123501.72
P13975,Jeans,Wool,Spring,2042.11,31.2,4.6,487,135,8.36,36,Central,XL,633.59,189671.18
P13976,T-Shirt,Wool,Autumn,1267.51,42.0,3.1,482,127,6.67,58,West,L,843.69,93364.79
P13977,Hoodie,Polyester,Winter,1927.5,38.0,3.4,343,122,3.52,54,North,L,938.61,145796.1
P13978,T-Shirt,Linen,Winter,1086.4,29.9,4.5,289,113,6.7,20,West,S,834.88,86057.0
P13979,Trousers,Cotton,Summer,653.72,48.1,3.8,52,122,17.91,25,South,L,885.59,41392.24
P13980,Jacket,Wool,Spring,721.36,9.6,3.5,360,127,12.06,41,South,M,742.81,82817.9
P13981,T-Shirt,Cotton,Spring,622.73,47.2,2.6,391,127,9.6,31,South,L,335.14,41757.78
P13982,Jacket,Wool,Summer,2105.75,20.1,4.4,432,111,11.8,52,South,L,283.57,186756.86
P13983,Jacket,Linen,Spring,591.26,26.4,4.9,357,135,17.96,33,East,L,392.08,58747.59
P13984,Trousers,Rayon,Summer,1664.42,6.1,,162,131,4.66,24,North,M,539.39,204738.64
P13985,Trousers,Wool,Winter,1340.45,27.0,4.6,348,131,19.35,58,East,S,1035.75,128187.23
P13986,Trousers,Rayon,Winter,1438.41,30.6,3.8,461,135,13.66,52,East,XL,138.87,134764.63
P13987,T-Shirt,Wool,Autumn,2318.16,49.9,3.1,299,123,17.25,25,South,M,890.93,142851.97
P13988,Sweater,Denim,Summer,1236.94,48.8,2.5,233,95,10.98,29,North,M,558.26,60164.76
P13989,Trousers,Linen,Winter,1866.96,48.3,4.1,482,125,5.5,33,North,L,896.02,120652.29
P13990,Hoodie,Polyester,Winter,1522.54,17.4,3.7,128,116,11.78,21,West,L,1219.05,145883.69
P13991,T-Shirt,Rayon,Summer,1408.79,49.6,4.5,223,108,2.29,52,East,S,808.2,76683.26
P13992,Trousers,Polyester,Winter,2879.98,22.8,4.2,62,120,17.19,58,North,L,1022.56,266801.35
P13993,Dress,Linen,Spring,635.19,42.6,5.0,229,115,13.34,49,Central,M,548.62,41928.89
P13994,Jacket,Polyester,Winter,2273.48,10.8,3.8,448,131,6.37,29,East,L,572.76,265660.68
P13995,Hoodie,Linen,Summer,1893.84,25.3,3.6,252,126,6.21,38,North,L,1093.09,178252.01
P13996,Trousers,Polyester,Spring,1212.29,48.3,3.2,62,122,18.15,32,Central,S,1380.93,76463.98
P13997,Shirt,Rayon,Spring,2477.59,47.4,3.7,411,135,16.98,52,Central,M,993.91,175933.67
P13998,Jacket,Denim,Winter,391.13,34.2,4.7,126,119,15.5,20,Central,M,207.35,30626.26
P13999,Jacket,Polyester,Autumn,1186.94,39.9,2.6,400,121,8.88,19,South,XL,427.56,86315.46
P14000,Trousers,Rayon,Spring,774.91,8.8,4.9,456,113,17.58,23,West,XL,640.05,79859.12
P14001,Sweater,Wool,Summer,1747.25,36.1,5.0,340,98,5.69,33,West,S,879.9,109416.29
P14002,Jeans,Linen,Autumn,832.16,30.9,4.0,51,121,1.46,40,North,M,570.09,69577.73
P14003,Sweater,Cotton,Autumn,1759.84,4.6,3.3,404,114,9.22,48,North,M,929.1,191393.16
P14004,Trousers,Cotton,Spring,1388.14,5.7,3.1,256,99,18.47,58,West,L,429.55,129592.59
P14005,Jacket,Linen,Winter,1212.39,5.4,3.2,402,119,11.85,47,Central,S,1051.97,136483.59
P14006,tshirt,Denim,Autumn,1733.19,36.2,2.6,300,108,5.36,20,North,S,801.28,119423.72
P14007,Shirt,Polyester,Winter,1338.83,7.1,3.7,257,122,13.37,33,South,XL,957.95,151740.31
P14008,Hoodie,Denim,Spring,,23.4,2.6,110,123,15.15,21,South,XL,194.75,79785.69
P14009,Hoodie,Cotton,Summer,3180.82,17.8,4.3,96,128,11.46,53,West,L,840.87,334673.16
P14010,Jacket,Rayon,Autumn,1207.7,27.5,3.4,362,127,17.01,45,North,XL,524.7,111198.98
P14011,Sweater,Linen,Summer,169.43,35.3,3.0,458,120,12.26,45,North,S,754.5,13154.55
P14012,Shirt,Linen,Winter,994.74,34.2,3.9,93,111,2.82,20,Central,S,617.93,72653.82
P14013,T-Shirt,Denim,Winter,739.63,25.8,4.9,270,128,16.38,43,North,XL,520.19,70247.1
P14014,Dress,Rayon,Summer,1995.69,23.2,4.2,230,115,3.78,56,West,L,736.17,176259.34
P14015,Jacket,Denim,Spring,1692.99,19.9,3.7,163,102,17.77,30,North,L,943.43,138320.67
P14016,Trousers,Polyester,Spring,1739.23,43.1,4.4,60,120,10.92,24,North,XL,1165.71,118754.62
P14017,T-Shirt,Wool,Autumn,1277.99,16.5,4.3,47,124,14.91,30,South,M,598.12,132323.08
P14018,Dress,Rayon,Autumn,1332.39,13.0,4.7,268,133,19.47,21,West,M,1069.24,154170.85
P14019,Trousers,Wool,Spring,1277.44,37.2,3.0,478,135,9.21,33,East,XL,1127.14,108301.36
P14020,Hoodie,Polyester,Spring,1451.28,18.0,4.6,196,136,9.73,45,West,L,454.81,161846.75
P14021,Jeans,Wool,Summer,2001.2,42.3,3.3,22,110,16.69,30,West,XL,834.32,127016.16
P14022,Trousers,Cotton,Winter,1701.65,16.4,4.9,232,108,3.09,59,East,XL,998.52,153638.58
P14023,Shirt,Wool,Winter,1800.07,35.1,3.2,474,123,1.53,27,East,S,682.21,143694.19
P14024,Shirt,Polyester,Autumn,1799.74,2.3,4.8,428,108,12.48,22,South,L,726.43,189901.37
P14025,Jeans,Wool,Spring,2030.67,19.3,4.9,96,128,4.18,53,Central,L,910.94,209760.09
P14026,T-Shirt,Linen,Summer,1672.89,17.2,2.9,268,103,5.86,36,,L,749.96,142670.75
P14027,Dress,Denim,Autumn,1715.31,40.8,4.9,190,118,19.55,47,West,XL,722.43,119824.7
P14028,Trousers,Cotton,Summer,2213.28,48.4,2.7,320,129,13.41,58,West,M,554.3,147324.77
P14029,Shirt,Linen,Spring,1100.97,23.0,3.0,182,110,17.26,45,West,XL,578.84,93252.16
P14030,T-Shirt,Linen,Spring,986.55,41.2,3.6,331,126,18.06,48,South,L,555.59,73091.52
P14031,Jeans,Polyester,Spring,788.45,35.0,5.0,204,135,3.31,53,West,S,638.62,69186.49
P14032,Sweater,Denim,Winter,1609.75,48.4,3.7,349,112,18.63,18,East,L,728.38,93030.67
P14033,Jacket,Denim,Spring,387.76,40.6,3.9,254,127,17.46,26,East,L,572.46,29251.84
P14034,Sweater,Rayon,Autumn,1777.29,3.9,4.2,437,121,1.86,29,North,L,483.4,206665.06
P14035,Sweater,Cotton,Winter,1434.48,35.7,4.9,338,109,19.57,40,South,XL,490.35,100538.4
P14036,Shirt,Polyester,Summer,2180.78,26.8,4.5,377,98,9.71,29,North,M,744.46,156440.43
P14037,Hoodie,Cotton,Autumn,1096.85,0.8,3.1,205,128,19.52,59,West,S,291.0,139273.63
P14038,Hoodie,Rayon,Autumn,1378.01,12.6,3.3,71,126,16.65,26,South,S,1004.17,151751.97
P14039,Jeans,Wool,Summer,2173.32,46.1,2.7,34,126,9.36,43,South,M,1127.79,147598.85
P14040,Trousers,Linen,Winter,2329.88,46.3,4.1,61,114,10.72,47,Central,M,1132.5,142630.59
P14041,Hoodie,Cotton,Autumn,1091.91,39.9,3.0,59,119,6.23,37,Central,M,648.98,78092.31
P14042,Sweater,Linen,Autumn,1609.07,49.1,3.1,387,142,10.25,33,North,S,589.4,116300.36
P14043,Hoodie,Polyester,Autumn,1676.65,40.3,4.7,394,122,3.04,30,North,S,573.86,122117.13
P14044,Sweater,Wool,Winter,1724.19,0.5,3.3,304,140,18.26,52,East,L,454.57,240179.67
P14045,Dress,Polyester,Winter,1342.45,14.4,3.9,61,114,14.55,21,East,XL,959.53,131001.64
P14046,Shirt,Wool,Winter,2268.83,1.5,3.5,341,126,16.3,42,East,XL,172.29,281584.49
P14047,Shirt,Wool,Autumn,366.18,4.7,2.7,49,142,11.09,30,South,XL,591.55,49553.67
P14048,Trousers,Linen,Spring,1247.32,10.9,3.4,241,114,3.39,45,West,S,575.71,126695.28
P14049,Hoodie,Polyester,Summer,1768.76,25.2,3.5,69,126,11.21,29,North,M,615.15,166702.09
P14050,Hoodie,Polyester,Spring,1774.33,42.4,4.7,225,136,7.25,41,East,S,577.0,138993.91
P14051,Jacket,Cotton,Winter,2311.66,43.1,3.3,466,112,1.19,45,South,S,793.6,147317.47
P14052,T-Shirt,Polyester,Autumn,2218.94,30.8,3.4,375,121,12.69,18,Central,S,934.57,185796.28
P14053,Dress,Cotton,Autumn,1328.68,46.4,4.5,349,101,17.22,51,West,S,844.71,71929.42
P14054,Shirt,Denim,Spring,2279.92,25.0,4.4,206,102,14.5,20,Central,XL,455.12,174413.88
P14055,Dress,Denim,Spring,1071.57,44.5,4.5,285,118,5.25,39,Central,L,218.12,70177.12
P14056,Shirt,Denim,Summer,,22.7,4.9,350,92,16.56,38,West,M,1269.22,146394.42
P14057,Dress,Rayon,Autumn,2586.31,13.9,4.5,11,109,6.88,44,South,S,1032.92,242722.61
P14058,Jeans,Polyester,Spring,2228.97,45.8,3.5,478,112,5.15,38,Central,M,1315.87,135307.39
P14059,Sweater,Rayon,Summer,1563.46,19.4,4.6,115,117,19.26,39,South,M,883.21,147437.4
P14060,Shirt,Polyester,Winter,1300.93,25.2,3.8,225,119,1.32,30,Central,S,1173.44,115798.38
P14061,Dress,Cotton,Spring,582.85,16.4,3.2,274,117,4.18,33,East,L,213.66,57009.72
P14062,Hoodie,Rayon,Winter,,33.1,3.3,176,120,9.87,41,West,L,349.41,135377.77
P14063,T-Shirt,Rayon,Summer,830.87,49.8,3.1,256,91,4.17,34,North,XL,560.74,37955.8
P14064,Jeans,Rayon,Winter,1024.12,1.3,2.9,423,109,4.17,22,West,XL,789.06,110177.9
P14065,Jeans,Wool,Autumn,785.55,45.0,3.0,447,108,13.05,55,Central,L,545.24,46661.67
P14066,T-Shirt,Cotton,Autumn,1223.76,0.2,2.7,219,109,16.56,59,Central,S,1055.25,133123.06
P14067,Dress,Denim,Winter,1483.22,18.2,4.7,67,113,13.57,44,East,XL,1029.92,137099.96
P14068,Hoodie,Cotton,Autumn,1664.17,8.4,4.8,437,139,2.93,58,East,S,1039.39,211888.78
P14069,Trousers,Wool,Summer,1139.7,37.9,4.0,52,119,18.01,49,West,S,953.87,84222.69
P14070,T-Shirt,Polyester,Autumn,2141.57,2.5,4.6,147,133,18.53,43,North,S,842.54,277708.09
P14071,Dress,Cotton,Winter,1375.08,27.7,3.0,118,117,6.34,24,West,S,1242.44,116319.39
P14072,T-Shirt,Rayon,Winter,1027.37,14.7,4.8,498,142,11.51,53,North,M,1285.3,124441.22
P14073,T-Shirt,Denim,Winter,1635.78,6.7,3.8,57,123,10.22,24,South,M,677.37,187720.48
P14074,Shirt,Denim,Spring,2678.13,38.6,2.7,135,131,13.7,44,Central,S,488.11,215412.71
P14075,Dress,Polyester,Winter,1701.1,10.9,,478,131,19.58,55,South,L,1113.36,198554.09
P14076,Trousers,Cotton,Summer,1282.29,11.2,3.3,223,122,19.74,41,West,M,1313.45,138918.17
P14077,Sweater,Wool,Autumn,,13.8,2.6,410,135,10.67,41,North,S,1499.63,67904.22
P14078,Shirt,Polyester,Autumn,1368.35,29.3,3.3,137,115,2.75,46,North,S,940.18,111253.7
P14079,T-Shirt,Cotton,Spring,1640.96,33.0,2.6,398,106,7.35,44,South,XL,697.15,116540.98
P14080,Sweater,Linen,Spring,1267.45,0.9,3.1,207,121,8.86,51,East,XL,409.35,151981.2
P14081,Jacket,Denim,Summer,500.77,12.1,3.2,211,122,11.16,38,East,XL,727.68,53701.57
P14082,Sweater,Wool,Winter,989.66,21.5,5.0,201,116,19.25,18,South,M,476.39,90118.44
P14083,T-Shirt,Rayon,Spring,2372.72,16.6,3.1,116,136,5.99,27,East,M,425.32,269123.39
P14084,T-Shirt,Wool,Autumn,2360.4,44.2,3.1,203,118,11.2,47,North,XL,1038.81,155418.18
P14085,Hoodie,Rayon,Spring,968.02,39.4,4.2,336,135,6.53,45,West,XL,607.53,79193.72
P14086,Dress,Wool,Spring,1903.65,31.3,4.6,247,103,18.47,59,East,S,743.01,134704.18
P14087,Dress,Denim,Winter,792.86,16.9,3.5,141,110,19.81,47,North,L,1227.3,72475.33
P14088,Shirt,Rayon,Spring,2342.59,35.0,4.7,366,119,17.54,45,West,XL,123.69,181199.34
P14089,Trousers,Cotton,Summer,1647.14,42.2,3.4,92,120,7.44,46,North,S,464.07,114245.63
P14090,Shirt,Rayon,Autumn,2069.78,29.7,3.0,293,135,6.28,48,Central,M,991.36,196432.47
P14091,Jeans,Polyester,Winter,470.94,39.2,3.3,477,114,9.19,58,West,XL,602.81,32641.79
P14092,T-Shirt,Cotton,Autumn,1906.58,37.5,4.0,231,110,15.2,21,Central,M,593.03,131077.38
P14093,Sweater,Polyester,Summer,1495.4,28.6,3.4,115,135,1.18,36,East,S,848.04,144141.61
P14094,Jacket,Wool,Summer,2011.16,15.6,4.2,303,118,19.91,27,East,XL,701.33,200295.45
P14095,T-Shirt,Cotton,Spring,2048.92,37.3,3.1,75,101,17.78,48,North,M,157.61,129751.96
P14096,T-Shirt,Wool,Spring,1539.47,10.3,4.3,204,130,1.45,51,South,S,563.81,179517.6
P14097,Shirt,Linen,Spring,1139.5,39.0,3.4,197,128,8.26,58,North,XL,297.62,88972.16
P14098,Jacket,Wool,Autumn,1967.82,40.2,3.6,56,129,14.07,56,Central,L,1009.5,151801.57
P14099,Jacket,Wool,Summer,1463.91,41.1,3.9,371,130,5.59,59,West,L,334.0,112091.59
P14100,Jacket,Polyester,Winter,976.33,23.6,4.2,368,128,3.71,48,South,XL,333.08,95477.26
P14101,Shirt,Rayon,Spring,947.91,9.6,3.1,34,132,12.96,28,North,XL,372.04,113112.2
P14102,T shirt,Linen,Autumn,613.7,5.0,4.6,75,114,18.17,53,Central,S,1002.6,66463.71
P14103,Shirt,Wool,Spring,1193.83,37.2,4.3,496,118,19.16,49,Central,M,558.63,88467.58
P14104,Dress,Wool,Summer,2161.62,44.3,3.1,344,110,1.2,40,East,M,1149.15,132442.46
P14105,Dress,Linen,Winter,1606.7,32.5,4.9,76,108,17.61,57,North,XL,1013.62,117128.43
P14106,Shirt,Linen,Summer,1182.14,7.2,4.2,206,105,11.65,56,North,L,1084.2,115187.72
P14107,Jacket,Cotton,Autumn,1982.91,46.7,3.6,255,132,5.52,20,Central,M,645.51,139509.62
P14108,Hoodie,Polyester,Spring,1000.51,49.5,2.9,305,127,12.72,45,North,XL,381.2,64167.71
P14109,T-Shirt,Linen,Summer,1557.21,21.7,3.8,109,111,19.92,42,East,M,654.67,135341.79
P14110,Shirt,Linen,Autumn,1392.22,29.7,2.9,187,104,6.25,45,,S,-121.19,101787.99
P14111,Shirt,Denim,Spring,1967.48,38.9,3.6,124,127,6.26,36,Central,XL,918.62,152670.55
P14112,Shirt,Rayon,Winter,553.66,36.8,3.5,177,107,14.28,36,East,L,829.78,37440.7
P14113,Hoodie,Linen,Summer,989.88,48.4,4.3,128,122,1.82,59,East,L,549.79,62314.93
P14114,Hoodie,Polyester,Spring,517.05,5.7,3.0,495,119,16.59,46,West,S,596.11,58021.8
P14115,Jeans,Rayon,Spring,1344.24,29.0,4.6,174,119,13.4,36,South,S,1083.78,113574.84
P14116,Dress,Rayon,Spring,2226.86,34.6,3.3,228,131,16.98,35,East,L,896.72,190784.0
P14117,Sweater,Wool,Spring,1196.73,44.5,3.6,206,108,5.38,41,West,L,1192.99,71732.0
P14118,Jacket,Wool,Summer,1193.59,43.7,4.4,410,137,17.1,55,West,S,487.58,92062.79
P14119,Trousers,,Spring,2023.03,48.9,4.1,327,128,9.52,33,North,L,368.2,132322.35
P14120,Hoodie,Wool,Autumn,2141.13,25.6,3.3,495,127,3.52,35,East,L,859.19,202311.09
P14121,Sweater,Denim,Summer,1446.86,41.5,3.5,246,110,18.13,58,Central,M,988.26,93105.44
P14122,Hoodie,Linen,Spring,1910.83,21.4,3.3,178,120,14.4,30,North,L,840.15,180229.49
P14123,Jacket,Wool,Summer,853.83,21.1,4.0,85,122,4.2,21,South,S,619.91,82187.97
P14124,Trousers,Cotton,Autumn,2326.78,12.7,3.3,435,126,5.68,30,Central,M,1633.82,255941.15
P14125,Jeans,Wool,Autumn,2789.22,40.9,4.3,296,127,6.11,52,Central,M,1364.55,209350.49
P14126,Shirt,Linen,Summer,1812.73,49.3,3.9,42,135,19.3,21,West,L,527.42,124072.3
P14127,Jeans,Wool,Spring,249.4,12.8,2.9,308,114,17.84,36,East,M,569.43,24792.36
P14128,Hoodie,Denim,Spring,1165.06,2.8,3.3,358,120,7.58,41,West,XL,521.81,135892.6
P14129,Jeans,Polyester,Autumn,1867.7,40.8,3.1,239,130,9.87,50,West,S,1168.49,143738.19
P14130,Sweater,Polyester,Spring,1247.11,31.0,3.5,204,135,6.42,50,East,S,1022.41,116168.3
P14131,T-Shirt,Linen,Autumn,2263.32,48.0,3.8,303,132,15.11,26,East,L,972.72,155354.28
P14132,Hoodie,Polyester,Spring,1852.89,12.6,3.8,306,105,4.06,20,East,L,702.6,170039.72
P14133,Hoodie,Polyester,Autumn,1076.11,3.6,4.4,383,93,7.43,20,West,S,1013.44,96475.41
P14134,Sweater,Cotton,Winter,1519.36,24.6,3.0,456,110,12.52,47,East,S,859.38,126015.72
P14135,Dress,Linen,Spring,963.7,4.3,4.9,433,109,17.67,35,East,L,697.36,100526.44
P14136,Trousers,Linen,Spring,1390.45,13.1,3.4,423,111,13.08,19,Central,S,864.39,134121.42
P14137,Shirt,Polyester,Spring,1167.24,6.3,3.3,440,123,18.85,49,West,L,1229.22,134525.58
P14138,Sweater,Polyester,Summer,2204.86,11.2,4.2,287,118,18.69,26,East,M,989.13,231034.05
P14139,Trousers,Polyester,Spring,2769.61,5.3,4.5,239,122,14.65,19,West,XL,457.44,319984.12
P14140,Jacket,Rayon,Summer,641.29,47.7,3.4,105,113,6.3,37,South,XL,495.17,37899.6
P14141,Trousers,Denim,Summer,346.07,13.9,4.4,392,116,13.98,44,North,XL,977.7,34564.09
P14142,Jacket,Wool,Autumn,1352.9,22.2,4.7,448,122,4.66,53,Central,M,550.52,128411.86
P14143,Sweater,Denim,Summer,588.95,44.9,4.4,180,122,7.33,58,Central,L,859.32,39590.4
P14144,Hoodie,Linen,Summer,1527.73,33.9,2.6,326,112,15.4,36,West,L,568.34,113100.91
P14145,Hoodie,Cotton,Winter,1949.36,30.9,4.6,339,114,17.16,33,East,L,995.65,153558.88
P14146,Dress,Wool,Spring,2396.49,35.3,4.4,41,105,8.92,43,West,S,434.71,162805.55
P14147,Sweater,Cotton,Summer,1620.84,41.4,4.2,397,120,10.95,31,North,XL,842.39,113977.47
P14148,Jacket,Rayon,Spring,1384.11,43.9,4.4,486,143,8.34,35,Central,L,617.33,111037.46
P14149,Trousers,Linen,Summer,312.97,32.1,4.9,54,92,10.11,45,Central,L,733.83,19550.61
P14150,Trousers,Rayon,Autumn,1515.71,44.5,3.6,81,123,10.74,36,North,M,787.4,103469.94
P14151,Jacket,Linen,Winter,1542.77,26.8,2.7,29,126,14.14,47,West,L,1088.72,142292.76
P14152,Jeans,Cotton,Summer,1883.37,13.9,3.7,248,116,15.26,58,Central,XL,725.64,188103.46
P14153,Dress,Cotton,Spring,1074.91,44.0,2.6,208,101,19.53,38,East,L,1045.23,60796.91
P14154,T-Shirt,Cotton,Autumn,1238.97,27.1,3.2,74,139,9.32,38,West,M,483.53,125546.07
P14155,Hoodie,Linen,Spring,613.2,45.3,4.0,197,128,2.58,47,East,XL,256.6,42933.81
P14156,Shirt,Polyester,Autumn,125.22,2.0,3.3,98,111,14.08,59,South,S,888.78,13621.43
P14157,Trousers,Cotton,Winter,834.9,19.9,4.2,419,111,10.47,54,North,L,657.8,74231.79
P14158,Shirt,Rayon,Autumn,557.8,47.4,4.6,210,154,16.98,58,Central,L,435.75,45184.03
P14159,T-Shirt,Wool,Spring,1702.03,12.5,3.6,32,111,3.78,49,North,L,440.91,165309.66
P14160,Sweater,Linen,Spring,1189.12,47.1,4.8,305,131,13.25,47,North,L,481.75,82404.83
P14161,Shirt,Rayon,Summer,1177.06,47.7,2.7,139,120,9.73,39,East,M,843.59,73872.29
P14162,T-Shirt,Denim,Autumn,909.35,44.1,4.6,163,866,8.97,41,Central,M,642.56,58965.89
P14163,Hoodie,Denim,Spring,-439.54,28.2,4.6,87,95,11.73,27,South,XL,319.58,-29981.02
P14164,Jacket,Wool,Summer,2404.99,32.3,3.3,199,116,14.0,41,North,M,577.4,188868.67
P14165,Jeans,Polyester,Winter,899.84,43.5,3.2,309,108,17.17,18,East,L,524.26,54908.24
P14166,Hoodie,Cotton,Spring,1252.55,38.8,3.3,424,125,5.47,52,East,XL,429.83,95820.08
P14167,Trousers,Linen,Summer,627.06,31.5,4.5,163,104,6.57,33,Central,S,1040.75,44671.75
P14168,T-Shirt,Rayon,Spring,2083.16,49.1,4.6,122,102,11.42,22,West,XL,722.22,108153.5
P14169,Shirt,Cotton,Autumn,1586.06,34.3,3.3,348,138,7.58,48,West,L,1431.53,143801.72
P14170,Trousers,Rayon,Summer,1004.18,48.8,4.0,495,126,11.8,54,South,L,978.4,64781.66
P14171,Jeans,Linen,Autumn,1264.66,2.9,2.8,126,100,4.8,42,East,S,993.8,122798.49
P14172,Jacket,Denim,Winter,2506.91,6.9,,14,112,6.85,42,West,L,795.42,261400.52
P14173,Sweater,Cotton,Autumn,1456.22,22.6,5.0,386,118,7.17,20,North,XL,1170.85,132999.49
P14174,Trousers,Wool,Summer,1390.96,19.2,2.9,335,119,19.85,55,South,M,1124.66,133743.59
P14175,Sweater,Polyester,Spring,935.17,39.1,4.9,44,101,17.23,49,North,M,818.09,57521.37
P14176,T-Shirt,Wool,Summer,363.25,8.0,4.6,281,116,16.92,37,West,XL,-76.78,38766.04
P14177,Jeans,Polyester,Autumn,1403.98,48.8,,168,125,10.76,47,East,XL,140.95,89854.72
P14178,Shirt,Rayon,Autumn,1695.29,15.8,2.9,219,106,9.87,19,West,XL,530.9,151308.02
P14179,Jeans,Cotton,Spring,2159.75,21.4,3.0,23,109,2.33,22,South,S,819.28,185034.42
P14180,Jeans,Cotton,Winter,150.9,13.7,2.5,34,107,4.75,36,South,M,322.93,13934.26
P14181,Dress,Polyester,Summer,824.94,29.0,4.3,344,96,18.01,37,North,S,877.06,56227.91
P14182,Jeans,Denim,Spring,1151.56,2.9,4.1,227,119,10.99,39,North,S,782.46,133061.61
P14183,Jeans,Linen,Spring,1497.91,7.5,2.9,263,103,19.76,28,South,L,710.55,142713.38
P14184,Hoodie,,Spring,1412.98,37.3,4.5,493,122,12.24,35,North,M,767.15,108084.49
P14185,Trousers,Rayon,Summer,1426.99,9.3,3.2,212,119,8.17,44,Central,S,29.68,154019.31
P14186,Shirt,Wool,Summer,1744.86,11.8,2.8,110,125,6.21,48,South,XL,1227.28,192370.82
P14187,Hoodie,Wool,Summer,958.02,39.6,3.6,370,111,18.45,52,North,XL,640.13,64229.49
P14188,Hoodie,Rayon,Winter,2060.48,4.7,2.7,238,119,8.04,38,West,XL,802.17,233672.86
P14189,Trousers,Rayon,Spring,1760.07,21.9,3.2,208,126,3.78,37,East,L,781.93,173201.45
P14190,Trousers,Cotton,Autumn,1308.1,1.2,3.4,411,116,6.29,26,Central,S,567.49,149918.72
P14191,T-Shirt,Wool,Autumn,2460.54,17.3,4.6,187,120,13.27,48,Central,M,779.11,244183.99
P14192,Trousers,Linen,Spring,2433.85,34.9,4.5,285,96,3.53,26,East,M,448.71,152105.89
P14193,Dress,Linen,Autumn,2059.74,4.5,3.6,321,102,2.74,24,East,L,722.04,200639.27
P14194,Dress,Polyester,Winter,-311.13,44.4,4.3,139,120,9.69,50,West,XL,771.03,-20758.59
P14195,Hoodie,Rayon,Winter,2447.37,45.5,3.9,419,112,2.59,18,East,XL,661.92,149387.46
P14196,Sweater,Cotton,Summer,1976.86,5.2,3.4,288,137,8.47,36,Central,S,767.99,256746.67
P14197,T-Shirt,Linen,Summer,2703.85,49.5,4.3,297,126,7.13,20,West,M,941.35,172045.98
P14198,Sweater,Denim,Summer,2242.48,14.9,4.2,150,118,8.44,56,East,M,1096.16,225185.36
P14199,Sweater,Cotton,Summer,2447.01,4.2,4.0,22,116,10.27,29,West,XL,1355.84,271931.33
P14200,Hoodie,Cotton,Summer,2027.19,0.3,,410,127,4.52,47,West,XL,944.37,256680.77
P14201,Jacket,Linen,Autumn,2309.22,20.4,4.2,226,113,9.41,33,North,M,661.17,207709.72
P14202,Hoodie,Denim,Autumn,2696.47,31.5,3.5,195,118,7.87,30,,M,409.6,217955.67
P14203,Shirt,,Summer,1629.93,16.6,4.7,479,124,16.11,41,North,M,597.07,168560.84
P14204,Shirt,Linen,Winter,556.66,41.8,2.9,36,115,14.2,34,Central,S,342.3,37257.25
P14205,Trousers,Denim,Autumn,1315.52,35.8,,410,114,17.58,44,West,S,663.73,96280.28
P14206,Trousers,Cotton,Winter,1733.97,17.5,3.4,227,129,13.71,46,Central,XL,838.96,184537.76
P14207,Jacket,Denim,Winter,1544.93,36.7,2.8,431,116,3.3,58,West,L,861.0,113441.12
P14208,Trousers,Cotton,Spring,752.06,47.0,4.0,23,123,10.63,31,East,XL,807.97,49026.79
P14209,Shirt,Linen,Spring,521.36,4.7,3.4,151,128,15.11,22,South,M,811.61,63597.58
P14210,Sweater,Rayon,Summer,1055.3,15.3,4.5,405,121,16.99,55,East,L,842.37,108154.53
P14211,Hoodie,Linen,Winter,1984.64,23.2,3.6,334,131,4.44,23,West,S,1118.49,199670.66
P14212,Jeans,Wool,Autumn,2448.2,24.9,4.2,494,107,5.25,41,South,XL,472.39,196730.01
P14213,Dress,Wool,Spring,2049.94,27.1,3.3,333,99,17.38,57,South,S,543.19,147946.22
P14214,Jeans,Wool,Spring,2134.46,15.0,3.0,64,134,10.22,50,East,L,1215.77,243114.99
P14215,Jeans,Linen,Winter,1451.51,33.4,3.5,200,110,9.6,26,Central,S,547.57,106337.62
P14216,Shirt,Polyester,Spring,454.75,32.3,4.0,294,115,10.39,59,East,M,1154.07,35404.56
P14217,Jeans,Linen,Spring,1226.87,28.9,4.1,98,117,4.29,20,West,M,1137.59,102059.63
P14218,Hoodie,Rayon,Autumn,1344.74,5.7,3.9,54,115,12.93,40,Central,S,576.48,145830.33
P14219,Jacket,Denim,Winter,1201.77,23.8,5.0,141,121,16.35,38,West,XL,825.49,110805.6
P14220,T-Shirt,Linen,Spring,1532.82,17.8,4.2,409,139,16.9,39,Central,M,927.14,175136.95
P14221,Trousers,Linen,Winter,1764.85,24.6,4.8,75,118,1.58,25,North,L,1321.45,157022.23
P14222,T-Shirt,Cotton,Spring,2011.81,46.1,2.8,288,111,14.59,37,Central,XL,735.31,120364.58
P14223,Sweater,Cotton,Autumn,1333.13,24.0,2.7,333,120,2.73,31,North,S,723.66,121581.46
P14224,Hoodie,Cotton,Winter,357.74,0.7,3.3,157,123,19.37,47,West,L,978.26,43694.01
P14225,Hoodie,Linen,Spring,1210.27,21.9,2.8,154,120,10.16,25,East,S,530.53,113426.5
P14226,Dress,Polyester,Autumn,1526.23,41.0,,445,125,15.73,36,West,XL,752.79,112559.46
P14227,tshirt,Denim,Spring,2233.68,39.0,3.8,15,119,12.82,55,East,M,100.31,162142.83
P14228,T-SHIRT,Denim,Winter,1159.32,25.7,3.9,91,117,19.09,53,North,M,1449.22,100780.85
P14229,Hoodie,Rayon,Spring,1807.53,12.5,4.4,477,106,19.5,23,East,M,1233.21,167648.41
P14230,Jeans,Polyester,Winter,1674.05,23.3,4.9,132,121,6.3,51,West,M,746.11,155363.56
P14231,Dress,Polyester,Winter,1526.34,28.2,4.7,176,128,10.17,27,West,L,473.27,140276.75
P14232,Trousers,Denim,Spring,2058.32,50.0,2.8,246,135,10.58,48,West,L,458.29,138936.6
P14233,Jacket,Wool,Autumn,1103.5,32.2,3.3,114,116,4.38,28,Central,XL,924.93,86788.07
P14234,Jacket,Cotton,Summer,1154.89,34.7,3.1,299,97,18.17,52,West,XL,478.2,73151.89
P14235,T shirt,Cotton,Autumn,1492.86,24.6,2.9,497,115,7.64,28,Central,XL,388.2,129445.89
P14236,Jacket,Denim,Autumn,1115.91,17.7,3.9,247,132,2.66,57,South,S,340.65,121228.0
P14237,Jeans,Polyester,Spring,1804.81,40.6,3.9,319,119,3.94,49,North,M,783.57,127574.8
P14238,Hoodie,Rayon,Autumn,1072.08,24.7,3.1,481,142,10.75,43,South,M,824.18,114633.23
P14239,T-Shirt,Wool,Autumn,1635.78,49.7,4.3,91,103,17.75,39,South,XL,1335.42,84748.13
P14240,Trousers,Denim,Summer,1439.9,22.9,4.3,103,117,12.94,18,Central,XL,553.01,129889.06
P14241,Jeans,Cotton,Autumn,1628.96,3.4,2.6,330,111,5.08,46,Central,L,918.57,174666.86
P14242,Jacket,Linen,Summer,1224.16,34.1,3.5,352,134,6.64,56,North,M,541.2,108100.67
P14243,Sweater,Polyester,Spring,1296.55,2.3,4.7,294,107,19.54,39,North,M,491.88,135540.04
P14244,Hoodie,Linen,Summer,1557.61,12.5,3.8,306,128,2.0,49,North,M,886.01,174452.32
P14245,T-Shirt,Rayon,Winter,1621.24,17.7,3.4,370,118,19.89,42,West,L,1057.2,157445.1
P14246,Sweater,Denim,Winter,1497.48,37.0,3.1,328,114,18.21,57,West,XL,700.12,107549.01
P14247,Dress,Cotton,Summer,2523.22,24.7,3.1,425,111,13.89,46,North,L,362.34,210898.3
P14248,Sweater,Wool,Winter,905.56,1.4,2.7,75,803,18.92,54,Central,XL,984.96,107145.86
P14249,Dress,Linen,Spring,1461.48,30.8,4.5,121,125,3.9,49,South,XL,910.28,126418.02
P14250,Dress,Wool,Winter,555.82,20.6,2.7,365,106,18.91,47,North,XL,937.58,46780.03
P14251,Jacket,Rayon,Summer,1723.25,46.1,3.2,438,94,5.04,35,North,XL,1286.21,87310.18
P14252,Dress,Cotton,Spring,830.85,25.0,2.6,410,117,11.38,20,South,M,489.63,72907.09
P14253,Shirt,Linen,Winter,1333.01,35.4,4.5,180,113,10.29,29,East,L,977.02,97307.06
P14254,Trousers,Rayon,Spring,1276.76,10.9,2.6,256,147,10.74,37,North,M,941.63,167226.19
P14255,Trousers,Wool,Summer,1668.53,38.0,3.3,75,115,6.08,25,North,S,745.9,118966.19
P14256,Jacket,Wool,Winter,,36.0,3.9,77,140,15.83,48,West,M,774.65,104682.37
P14257,Shirt,Linen,Spring,1142.82,45.2,3.5,43,126,15.11,41,South,XL,882.19,78909.44
P14258,Sweater,Cotton,Spring,2361.51,1.7,3.2,10,115,19.13,30,North,XL,937.96,266956.9
P14259,Jeans,Wool,Winter,1670.74,22.4,3.2,160,101,10.63,25,North,XL,513.09,130945.92
P14260,T-SHIRT,Denim,Spring,1163.37,34.0,4.5,399,113,11.41,59,East,M,1040.2,86764.13
P14261,Hoodie,Rayon,Spring,1349.5,4.8,4.9,281,134,18.16,31,South,XL,918.07,172153.02
P14262,Jeans,Linen,Summer,2487.21,20.5,3.4,267,132,18.47,32,North,S,570.48,261007.82
P14263,Dress,Polyester,Summer,1358.9,47.1,2.6,247,114,13.34,38,East,M,878.14,81949.82
P14264,T-Shirt,Polyester,Summer,1086.43,21.8,2.6,125,118,16.59,32,North,M,896.68,100251.41
P14265,Jeans,Cotton,Summer,1089.0,49.3,4.4,85,123,10.6,43,Central,S,885.7,67911.13
P14266,T-Shirt,Denim,Summer,1170.52,2.8,3.9,292,106,8.38,55,East,M,744.76,120601.02
P14267,Trousers,Wool,Summer,1143.3,35.9,4.5,28,121,17.42,55,Central,XL,472.28,88675.49
P14268,T-Shirt,Polyester,Winter,732.21,29.1,4.2,293,131,15.77,50,North,XL,501.67,68006.93
P14269,Trousers,Cotton,Summer,825.48,25.0,,44,146,5.61,27,East,S,1250.64,90390.06
P14270,Shirt,Rayon,Spring,1002.41,48.5,4.7,380,115,1.91,36,South,S,772.29,59367.73
P14271,Shirt,Denim,Winter,1854.94,6.5,,333,121,11.75,28,West,M,1047.69,209858.64
P14272,Jacket,,Spring,1271.26,44.8,3.7,314,119,16.99,20,North,M,775.34,83506.53
P14273,Jacket,Cotton,Summer,1375.7,34.6,3.3,250,128,5.7,40,East,M,435.35,115162.6
P14274,Dress,Cotton,Summer,2262.05,12.9,3.8,16,104,15.58,23,Central,XL,920.36,204905.54
P14275,Jeans,Wool,Spring,2277.0,45.1,3.8,46,121,8.87,58,East,S,779.08,151258.83
P14276,Dress,Cotton,Spring,1330.73,21.5,4.0,380,107,7.38,58,South,XL,1026.91,111774.67
P14277,Trousers,Wool,Spring,1121.48,40.7,3.0,162,115,4.28,46,East,S,695.04,76479.33
P14278,Dress,Wool,Autumn,981.34,19.4,4.1,254,100,18.75,21,Central,L,597.3,79096.0
P14279,T-Shirt,Linen,Autumn,1915.67,42.5,3.6,259,129,5.29,20,North,S,173.63,142094.82
P14280,Trousers,Denim,Autumn,1377.18,31.8,4.1,124,114,6.3,37,Central,L,972.61,107072.99
P14281,Jacket,Rayon,Autumn,1268.1,7.1,3.1,50,110,7.3,25,Central,S,851.21,129587.14
P14282,Shirt,Denim,Winter,1011.8,32.5,3.6,346,126,6.41,23,Central,XL,582.55,86053.59
P14283,Jacket,Denim,Summer,1038.2,9.6,3.0,71,122,4.1,22,West,M,883.23,114501.0
P14284,Jeans,Linen,Spring,1692.03,20.6,4.7,178,124,7.73,25,North,M,447.61,166590.51
P14285,Trousers,Wool,Summer,710.74,8.5,3.7,151,116,9.96,25,West,M,1365.64,75437.94
P14286,Trousers,Wool,Spring,2096.92,1.1,3.1,494,138,11.48,52,East,L,208.37,286191.84
P14287,T-Shirt,Cotton,Summer,1179.69,10.6,2.6,447,127,3.97,36,North,M,608.91,133939.64
P14288,Jeans,Linen,Winter,1410.22,26.8,4.2,267,132,15.81,27,North,XL,657.05,136261.1
P14289,Shirt,Cotton,Autumn,697.81,24.1,3.0,97,129,6.92,52,East,XL,652.87,68323.27
P14290,Sweater,Linen,Summer,1492.58,25.1,5.0,472,120,18.44,26,East,S,724.68,134153.09
P14291,Trousers,Cotton,Spring,1303.01,12.4,3.8,57,113,7.26,25,Central,M,741.78,128982.35
P14292,Trousers,Polyester,Summer,1469.95,34.3,3.2,444,136,17.39,25,North,XL,795.9,131342.97
P14293,T-Shirt,Denim,Winter,2383.03,35.2,4.1,490,124,7.7,25,South,M,656.76,191481.23
P14294,Dress,Denim,Winter,1606.62,17.9,3.2,320,115,10.61,37,Central,S,511.14,151689.03
P14295,Hoodie,Rayon,Summer,1023.2,44.1,4.6,21,131,8.07,24,North,L,825.26,74927.91
P14296,Shirt,Wool,Autumn,1073.21,32.2,3.3,220,123,8.35,39,East,XL,1344.45,89499.27
P14297,Jacket,Rayon,Spring,1857.08,35.7,5.0,253,115,12.75,34,East,XL,376.61,137321.78
P14298,Jeans,Polyester,Winter,2279.22,13.9,4.0,248,130,14.17,22,South,M,620.8,255113.09
P14299,Trousers,Rayon,Winter,25000.0,0.0,4.6,206,127,17.54,51,North,L,915.08,211982.05
P14300,Trousers,Denim,Summer,1913.23,43.3,2.7,266,100,11.81,42,West,XL,1154.96,108480.14
P14301,Jacket,Wool,Winter,1865.84,41.1,3.4,244,104,5.12,32,Central,L,1744.1,114293.9
P14302,Shirt,Polyester,Winter,2351.44,6.2,4.3,196,126,19.8,48,North,M,1101.94,277911.99
P14303,Hoodie,Denim,Spring,330.25,18.7,4.1,210,91,13.99,36,West,S,525.27,24432.89
P14304,Dress,Cotton,Autumn,1900.33,33.1,3.0,112,126,8.12,48,East,XL,1014.11,160186.42
P14305,Trousers,Linen,Spring,2090.24,32.6,3.4,299,116,19.4,29,East,L,864.78,163423.32
P14306,Hoodie,Polyester,Autumn,696.77,43.0,3.2,230,122,19.21,40,West,S,460.23,48453.39
P14307,Shirt,Wool,Spring,968.6,7.0,4.0,377,132,2.51,40,West,L,618.82,118905.34
P14308,Jacket,Rayon,Summer,989.53,21.5,3.4,311,117,1.38,53,South,M,204.61,90883.38
P14309,T-Shirt,Rayon,Winter,1062.73,4.9,3.3,196,109,1.84,28,North,S,233.49,110161.53
P14310,Dress,Polyester,Autumn,1210.97,19.5,3.0,459,137,14.02,39,East,XL,543.71,133551.83
P14311,Jeans,Wool,Summer,1645.56,0.8,3.5,412,115,14.51,47,Central,XL,790.54,187725.48
P14312,Trousers,Polyester,Winter,2019.4,44.9,3.0,421,107,14.76,22,East,S,1060.52,119057.77
P14313,Shirt,Wool,Winter,2148.79,26.4,4.9,108,114,12.97,54,North,L,651.27,180292.08
P14314,T-Shirt,Rayon,Winter,997.31,42.5,2.9,433,114,6.42,37,West,S,483.28,65373.67
P14315,tshirt,Denim,Spring,993.18,3.0,4.8,254,131,4.18,27,South,M,1336.61,126203.38
P14316,Sweater,Cotton,Summer,2289.49,11.4,3.6,322,122,18.63,39,East,XL,415.26,247475.55
P14317,Shirt,Denim,Summer,1888.05,13.0,,316,130,18.35,59,South,S,461.57,213538.46
P14318,Shirt,Cotton,Winter,1549.72,19.3,3.1,31,126,5.61,47,West,XL,615.5,157578.63
P14319,Jeans,Rayon,Autumn,1784.0,40.1,4.1,77,105,4.19,47,North,S,1218.48,112204.68
P14320,T-Shirt,Denim,Summer,1482.12,19.3,4.2,401,127,8.13,39,East,L,966.69,151901.0
P14321,Sweater,Denim,Spring,1814.75,10.2,3.7,325,133,1.92,55,North,XL,574.15,216742.85
P14322,Hoodie,Polyester,Autumn,1298.36,3.2,2.6,74,117,4.08,55,Central,S,695.07,147047.06
P14323,Hoodie,Linen,Autumn,1661.28,4.0,4.8,301,107,8.23,55,North,S,720.44,170646.68
P14324,Jacket,Rayon,Autumn,593.67,38.0,5.0,464,95,5.54,24,West,M,227.74,34967.16
P14325,T-Shirt,Wool,Autumn,1087.33,22.2,3.6,226,117,15.0,53,West,XL,863.68,98975.3
P14326,Dress,Rayon,Summer,1093.79,36.3,4.0,38,109,18.19,31,Central,S,750.19,75945.12
P14327,Trousers,Wool,Winter,1275.37,34.1,3.6,202,114,18.27,28,North,M,690.57,95813.45
P14328,Jeans,Wool,Autumn,944.09,6.8,3.3,65,120,12.48,24,West,S,835.94,105587.03
P14329,Jacket,Cotton,Spring,1179.87,7.1,2.7,347,106,14.37,49,West,XL,985.25,116186.52
P14330,Sweater,Wool,Spring,591.35,37.8,3.6,397,113,10.39,35,West,S,738.39,41563.63
P14331,Jeans,Wool,Winter,1829.22,36.1,4.5,221,143,3.79,51,West,XL,703.84,167148.64
P14332,Jeans,Polyester,Summer,1450.49,18.9,2.5,247,119,13.07,19,South,XL,985.7,139985.34
P14333,T-Shirt,Denim,Winter,476.88,3.9,4.0,209,134,7.65,24,East,M,400.19,61409.75
P14334,Trousers,Rayon,Autumn,999.1,0.6,4.7,484,118,1.11,48,South,S,366.67,117186.44
P14335,Dress,Rayon,Summer,1701.96,14.4,3.0,187,137,11.92,35,West,XL,699.53,199592.25
P14336,Hoodie,Wool,Summer,1174.19,0.5,3.0,432,105,4.77,37,North,S,975.32,122673.5
P14337,Shirt,Linen,Autumn,1081.84,11.5,4.4,428,123,17.84,24,South,L,727.17,117763.69
P14338,Shirt,Rayon,Spring,1455.24,21.0,3.1,162,133,18.74,39,Central,L,1054.23,152902.07
P14339,Jeans,Wool,Autumn,1706.16,6.1,3.0,471,132,4.08,54,East,S,676.72,211475.12
P14340,Hoodie,Cotton,Winter,638.19,5.2,3.4,53,130,1.56,51,North,M,1234.69,78650.54
P14341,Hoodie,Cotton,Autumn,1830.08,44.8,3.5,440,143,1.08,56,South,L,703.8,144459.19
P14342,Trousers,Cotton,Spring,,29.3,4.7,177,123,18.35,59,East,XL,954.76,88684.57
P14343,Sweater,Wool,Autumn,1489.24,46.7,4.0,296,142,3.89,57,South,S,974.47,112714.62
P14344,Sweater,Polyester,Winter,1478.75,17.3,3.5,206,132,9.27,33,Central,XL,884.64,161426.26
P14345,Jacket,Linen,Winter,1183.76,33.9,3.8,346,119,2.09,31,West,XL,791.21,93113.38
P14346,T-Shirt,Wool,Spring,885.8,10.2,4.9,83,114,8.09,58,Central,L,689.54,90681.12
P14347,Trousers,Polyester,Winter,1328.59,30.9,2.8,180,125,15.92,49,West,XL,881.38,114756.96
P14348,Trousers,Polyester,Winter,2475.2,6.5,3.0,389,115,8.73,55,East,S,1068.07,266145.88
P14349,T-Shirt,Rayon,Autumn,682.99,0.1,4.9,192,107,15.74,56,South,M,1125.73,73006.85
P14350,Hoodie,Wool,Summer,2515.39,46.6,4.9,25,108,14.09,43,South,L,556.88,145067.57
P14351,Sweater,Wool,Winter,1344.17,27.7,2.9,77,111,10.83,47,Central,L,503.61,107873.68
P14352,Sweater,Polyester,Winter,1521.22,46.3,2.9,384,115,15.02,58,North,S,421.1,93942.94
P14353,tshirt,Polyester,Spring,847.97,16.7,3.6,334,118,17.7,56,East,M,380.42,83350.36
P14354,Sweater,Polyester,Spring,1037.24,16.4,2.6,51,118,16.07,26,West,M,878.34,102321.65
P14355,Jeans,Rayon,Autumn,1198.25,20.0,4.1,119,115,14.14,49,East,XL,926.71,110239.0
P14356,Trousers,Wool,Autumn,872.58,35.3,2.7,50,129,14.33,24,Central,M,1128.31,72828.14
P14357,Shirt,,Winter,1374.65,28.3,2.6,315,112,4.06,29,South,S,766.18,110389.89
P14358,T-Shirt,Cotton,Summer,1255.79,46.3,3.7,477,130,19.06,40,West,M,647.7,87666.7
P14359,Sweater,Wool,Summer,2610.47,1.3,4.9,15,118,4.91,34,West,M,1317.57,304031.0
P14360,Jacket,Rayon,Autumn,800.42,35.4,3.6,340,120,7.63,38,West,XL,659.11,62048.56
P14361,Sweater,Cotton,Spring,1561.61,16.5,3.4,190,111,10.84,29,West,XL,350.96,144737.82
P14362,Sweater,Denim,Winter,1648.71,9.0,5.0,282,114,3.4,39,East,S,550.21,171037.18
P14363,Dress,Wool,Winter,857.81,25.5,3.8,370,114,12.28,40,East,M,474.56,72853.8
P14364,Jeans,Denim,Summer,1912.1,25.3,3.4,194,137,4.47,22,Central,M,1037.77,195682.4
P14365,T-Shirt,Polyester,Autumn,1261.0,6.9,3.5,332,133,18.54,35,South,L,511.34,156140.8
P14366,Dress,Rayon,Summer,4.57,10.1,3.0,153,125,17.88,54,South,M,1188.13,513.55
P14367,Dress,Polyester,Summer,1895.91,20.4,3.8,445,129,11.34,54,East,L,761.64,194679.62
P14368,Jacket,Rayon,Autumn,829.84,20.4,3.6,109,120,9.54,24,Central,XL,833.28,79266.32
P14369,Trousers,Linen,Spring,871.34,15.9,3.2,99,127,2.95,20,North,XL,1031.46,93065.21
P14370,Jacket,Polyester,Winter,1912.74,7.4,2.9,481,121,16.64,18,West,XL,1070.58,214314.87
P14371,Trousers,Denim,Spring,1291.7,0.2,3.3,255,124,8.21,23,South,L,666.62,159850.46
P14372,Trousers,Rayon,Autumn,2050.66,48.5,3.8,248,111,5.68,24,West,L,1083.21,117225.98
P14373,T-Shirt,Polyester,Autumn,2226.1,47.2,2.6,427,140,19.91,44,South,L,813.05,164553.31
P14374,Sweater,Wool,Winter,1113.04,24.2,2.9,221,149,13.7,48,North,M,887.33,125708.96
P14375,T-Shirt,Rayon,Spring,1975.96,49.8,4.9,90,116,2.4,25,South,XL,260.12,115064.1
P14376,Jeans,Rayon,Winter,1046.72,33.7,3.9,124,137,16.22,31,North,L,953.21,95074.62
P14377,Trousers,Polyester,Summer,2839.87,3.4,2.7,285,115,15.26,32,South,XL,454.7,315481.16
P14378,Dress,Linen,Summer,1084.23,5.9,4.2,89,130,8.62,24,East,L,1158.08,132633.86
P14379,Sweater,Polyester,Summer,2115.65,45.8,2.7,65,138,3.35,24,West,L,1383.19,158242.16
P14380,Shirt,Denim,Spring,2006.27,31.5,4.3,188,129,10.45,50,Central,XL,352.73,177284.05
P14381,Jeans,Denim,Summer,1689.65,42.2,4.4,318,122,15.5,58,Central,M,1193.53,119147.36
P14382,T-Shirt,Rayon,Winter,1097.67,44.9,4.1,58,127,2.44,24,South,S,908.6,76811.65
P14383,Jacket,Rayon,Spring,1409.16,22.4,4.3,269,132,4.11,37,Central,L,590.57,144343.08
P14384,Jeans,Polyester,Winter,207.85,2.4,2.7,283,127,12.76,24,West,XL,254.67,25763.42
P14385,Jeans,Denim,Autumn,1634.65,9.4,,301,141,11.63,31,East,XL,-192.36,208820.0
P14386,Sweater,Denim,Spring,1709.77,3.3,2.8,382,98,18.2,32,East,L,1097.86,162028.06
P14387,Jeans,Linen,Winter,1580.1,9.4,3.3,300,121,16.48,35,North,XL,1120.98,173220.04
P14388,Jeans,Wool,Winter,-283.98,20.5,4.9,39,122,18.46,27,Central,S,578.5,-27543.22
P14389,Shirt,Linen,Spring,740.62,5.9,3.8,383,119,9.85,52,West,M,509.37,82933.89
P14390,Hoodie,,Autumn,1051.15,8.3,4.9,261,132,15.97,44,Central,L,757.35,127235.4
P14391,Jacket,Linen,Spring,1675.0,22.3,2.7,72,119,1.93,18,West,XL,725.81,154875.52
P14392,Jacket,Polyester,Summer,1673.6,17.0,3.7,91,116,6.6,45,North,XL,1041.93,161134.21
P14393,Jacket,Wool,Summer,1397.87,23.4,2.7,414,112,13.24,51,Central,XL,748.96,119926.06
P14394,Trousers,Polyester,Autumn,1881.15,21.5,4.1,445,132,15.51,20,East,M,1044.77,194924.76
P14395,Dress,Cotton,Winter,884.25,32.2,2.7,489,146,11.84,20,North,XL,545.74,87530.14
P14396,Hoodie,Wool,Winter,1866.14,46.9,2.9,334,140,10.13,28,Central,L,812.09,138728.85
P14397,Jacket,Rayon,Winter,1784.85,5.4,3.1,390,99,5.43,21,East,M,955.35,167158.34
P14398,Jeans,Denim,Spring,,5.0,4.4,178,130,4.31,47,East,M,652.64,213226.46
P14399,Jeans,Linen,Spring,1390.78,42.6,2.9,319,102,17.63,56,West,L,724.8,81427.39
P14400,Jacket,Polyester,Autumn,2598.45,25.3,4.6,352,119,3.7,49,East,XL,1338.65,230984.02
P14401,Sweater,Cotton,Summer,1795.92,38.3,2.8,167,100,9.27,33,South,L,1162.52,110808.26
P14402,Jacket,Denim,Winter,919.0,10.8,2.6,484,129,17.88,34,Central,M,395.12,105747.49
P14403,Jeans,Linen,Summer,1648.98,41.4,3.5,65,119,3.81,28,Central,XL,839.76,114989.97
P14404,Trousers,Denim,Spring,1951.49,46.2,4.9,344,148,3.42,53,West,L,162.43,155385.44
P14405,T-Shirt,Linen,Spring,1147.13,31.8,2.8,434,121,14.16,49,East,S,888.17,94663.46
P14406,tshirt,Rayon,Spring,2153.56,5.3,2.8,151,122,7.3,52,West,M,494.75,248809.4
P14407,Hoodie,Wool,Summer,1729.22,44.8,4.4,158,115,9.28,44,South,XL,689.14,109770.89
P14408,Hoodie,Denim,Autumn,94.51,39.6,3.3,385,109,12.89,51,West,S,924.67,6222.16
P14409,Jacket,Denim,Autumn,,37.5,4.3,235,120,8.2,22,Central,L,832.56,125985.0
P14410,Shirt,Denim,Spring,1256.38,1.8,3.0,483,123,16.2,42,West,XL,505.5,151753.11
P14411,Jacket,Wool,Winter,1822.31,39.9,3.7,34,148,19.41,45,Central,XL,350.28,162090.83
P14412,Sweater,Cotton,Summer,2066.53,6.9,3.2,187,132,18.73,35,North,S,875.77,253960.0
P14413,Jacket,Linen,Spring,1617.1,11.1,3.6,374,119,11.36,20,South,S,535.25,171074.63
P14414,Hoodie,Rayon,Summer,2499.15,28.9,4.4,104,110,7.74,45,South,M,674.26,195458.52
P14415,T-Shirt,Denim,Summer,1392.78,13.2,4.4,62,118,9.24,19,Central,S,381.79,142654.1
P14416,Jeans,Wool,Autumn,1874.89,33.1,3.8,313,134,7.27,51,North,XL,61.45,168076.39
P14417,Jacket,Cotton,Spring,1982.97,30.4,4.8,79,124,9.39,39,East,XL,936.14,171138.24
P14418,Jeans,Linen,Autumn,1441.59,5.4,3.2,185,122,1.25,39,West,L,611.24,166376.79
P14419,Jeans,Wool,Spring,1967.26,32.8,3.1,141,113,2.05,47,East,M,518.72,149385.86
P14420,Shirt,Rayon,Summer,1143.2,46.2,4.0,417,124,15.66,51,North,L,1165.27,76265.16
P14421,Jeans,Rayon,Autumn,1246.46,8.1,4.1,499,110,7.36,18,South,XL,993.06,126004.64
P14422,T-Shirt,Linen,Summer,712.51,29.9,2.6,424,129,16.09,46,East,L,868.75,64431.57
P14423,Trousers,Denim,Spring,1644.85,17.1,4.0,348,120,10.12,36,North,S,779.23,163629.68
P14424,Trousers,Rayon,Winter,1695.15,23.0,3.4,468,97,16.31,36,South,L,350.17,126610.75
P14425,Dress,Cotton,Autumn,2207.56,14.4,4.4,422,128,13.61,58,East,XL,915.42,241877.93
P14426,Sweater,Wool,Autumn,1974.68,17.7,4.5,398,127,4.82,58,South,S,1127.66,206395.53
P14427,Jacket,Cotton,Summer,1329.12,1.4,3.9,347,129,9.51,46,Central,XL,739.95,169056.09
P14428,Sweater,Denim,Summer,793.09,49.1,2.5,460,102,14.38,50,South,M,1102.14,41175.65
P14429,T-Shirt,Cotton,Winter,1759.71,31.2,4.1,369,132,7.28,34,South,M,491.21,159809.82
P14430,Jeans,Cotton,Autumn,2166.45,25.0,4.4,340,113,4.67,55,,S,301.31,183606.64
P14431,Trousers,Polyester,Spring,1953.11,19.2,3.1,222,106,11.26,18,North,M,565.68,167279.97
P14432,Sweater,Cotton,Spring,2150.69,27.0,3.7,487,106,6.2,58,West,M,817.3,166420.39
P14433,T-Shirt,Linen,Autumn,1372.87,19.0,4.9,220,125,12.29,50,North,M,751.08,139003.09
P14434,Trousers,Wool,Autumn,1220.03,18.0,3.2,446,120,6.16,53,Central,M,664.32,120050.95
P14435,Jeans,Polyester,Autumn,1057.86,23.2,3.1,354,111,18.23,39,Central,XL,909.48,90180.45
P14436,Sweater,Wool,Winter,1466.46,13.8,3.0,73,128,7.53,35,South,S,717.95,161803.33
P14437,Trousers,Wool,Spring,1452.85,9.0,3.9,44,99,18.24,34,North,S,328.2,130887.26
P14438,Jacket,Denim,Spring,1624.01,27.8,4.9,21,118,6.31,49,West,XL,900.75,138359.16
P14439,Hoodie,Denim,Summer,1422.42,42.1,4.0,440,117,12.48,37,North,L,554.74,96359.0
P14440,Jacket,Polyester,Summer,1419.82,7.6,3.3,355,126,3.47,40,West,L,793.65,165301.12
P14441,Dress,Rayon,Autumn,1033.98,1.6,4.1,320,132,15.79,45,South,M,637.4,134301.59
P14442,Dress,Denim,Summer,2064.97,12.3,4.1,257,93,4.8,43,Central,S,326.2,168421.02
P14443,Trousers,Denim,Winter,1545.91,49.0,4.0,121,111,17.42,24,North,S,854.1,87513.97
P14444,Hoodie,Denim,Spring,1395.33,41.4,2.9,334,117,9.6,58,North,S,552.43,95666.62
P14445,T-Shirt,Wool,Spring,,29.8,4.1,476,126,2.8,37,Central,L,470.95,93010.82
P14446,Jacket,Polyester,Summer,700.85,46.5,3.6,100,117,7.91,58,Central,M,617.23,43869.71
P14447,T-Shirt,Wool,Autumn,,22.3,2.5,303,132,15.81,28,East,S,863.29,234336.18
P14448,Hoodie,Linen,Summer,1832.78,49.2,3.8,38,97,2.45,24,East,L,756.74,90312.07
P14449,T-Shirt,Wool,Autumn,525.65,14.8,5.0,21,114,12.89,55,East,XL,433.32,51055.33
P14450,Hoodie,Linen,Winter,1957.89,12.0,3.4,156,109,10.64,44,,S,642.16,187800.81
P14451,Trousers,Cotton,Spring,2053.49,31.9,4.9,146,119,6.89,26,East,XL,892.66,166412.78
P14452,T-Shirt,Cotton,Winter,1574.63,18.9,2.7,347,127,15.36,21,North,S,743.81,162182.17
P14453,Jacket,Linen,Spring,2458.87,31.3,4.3,166,118,2.0,55,Central,L,456.93,199330.76
P14454,Jeans,Linen,Winter,1630.03,15.2,2.8,268,127,10.46,46,North,L,969.95,175547.71
P14455,Dress,Wool,Summer,649.91,30.9,3.2,96,119,10.63,43,Central,S,1181.56,53441.45
P14456,Jeans,Linen,Winter,1719.1,13.8,3.9,167,144,2.64,42,South,M,595.24,213388.44
P14457,T-Shirt,Polyester,Winter,1646.94,2.5,4.0,195,135,3.58,31,North,M,722.44,216778.48
P14458,Jeans,Cotton,Summer,1138.02,45.6,4.4,353,123,8.78,54,Central,L,897.56,76147.19
P14459,Jacket,Cotton,Spring,1844.14,44.2,4.0,318,135,11.19,45,West,XL,679.81,138919.07
P14460,Jacket,Rayon,Spring,499.4,48.5,4.0,366,121,2.01,25,Central,XL,913.27,31120.11
P14461,T-Shirt,Linen,Summer,2094.34,35.8,4.8,238,130,1.22,59,South,S,352.94,174793.62
P14462,Trousers,Denim,Winter,973.13,34.1,3.6,13,102,4.66,28,Central,XL,742.09,65411.85
P14463,Jeans,Denim,Winter,909.03,28.0,3.1,66,115,10.27,52,South,XL,1021.07,75267.68
P14464,Trousers,Linen,Winter,,6.3,2.9,447,104,1.77,48,East,XL,414.12,139517.28
P14465,Trousers,Polyester,Autumn,1759.78,9.5,3.5,37,130,14.93,51,North,L,699.73,207038.12
P14466,Hoodie,Denim,Spring,1598.35,14.5,,25,116,3.89,53,South,S,362.72,158524.35
P14467,Shirt,Rayon,Winter,1054.4,44.5,2.6,22,121,15.68,34,West,S,728.15,70808.23
P14468,T-Shirt,Linen,Spring,1196.35,8.6,2.8,209,119,4.89,38,North,S,994.22,130122.2
P14469,Dress,Polyester,Winter,820.17,46.1,2.8,193,124,7.59,43,Central,L,653.57,54816.88
P14470,Jacket,Polyester,Summer,1365.19,26.1,4.0,318,125,10.1,58,Central,L,981.33,126109.43
P14471,Jacket,Wool,Summer,2145.01,35.8,3.1,313,114,7.6,45,South,L,1057.29,156988.99
P14472,T-Shirt,Polyester,Spring,1497.44,5.5,2.9,290,101,1.45,39,West,L,219.98,142923.16
P14473,Hoodie,Denim,Spring,2015.65,13.5,4.0,331,131,18.26,58,South,M,530.17,228403.38
P14474,Sweater,Denim,Summer,2373.24,47.9,4.4,167,107,6.44,20,West,XL,354.24,132301.01
P14475,Sweater,Linen,Autumn,1147.19,13.3,3.3,369,146,3.58,45,South,S,780.98,145213.6
P14476,Sweater,Linen,Summer,1388.06,14.8,3.9,268,97,3.52,53,East,L,1066.11,114714.83
P14477,Hoodie,Polyester,Winter,2802.72,9.9,2.7,416,122,19.52,19,East,S,839.51,308080.59
P14478,Dress,Rayon,Autumn,2366.61,6.5,4.8,166,130,3.34,37,East,M,869.52,287661.45
P14479,Jacket,Cotton,Summer,496.56,11.7,3.3,434,132,7.58,57,South,L,629.53,57877.05
P14480,T-Shirt,Wool,Autumn,1732.29,32.1,5.0,103,110,2.28,53,North,M,946.33,129384.74
P14481,Hoodie,Cotton,Autumn,1500.34,22.8,4.9,276,119,14.97,25,Central,L,808.6,137833.24
P14482,Jacket,Polyester,Autumn,1995.87,27.7,4.4,30,133,12.34,56,North,S,1120.96,191920.86
P14483,Trousers,Polyester,Spring,1053.01,6.1,2.6,136,130,11.14,42,Central,XL,802.13,128540.93
P14484,Jeans,Cotton,Summer,996.23,40.1,3.9,356,111,17.26,32,West,M,308.89,66238.34
P14485,Jeans,Wool,Spring,1094.36,39.2,2.7,417,119,11.89,47,East,XL,381.78,79179.13
P14486,Hoodie,Cotton,Spring,1156.84,1.1,4.7,360,132,19.16,51,East,M,413.75,151023.15
P14487,Jacket,Linen,Winter,1989.19,19.2,4.5,359,129,12.83,21,Central,L,579.97,207337.25
P14488,Shirt,Denim,Winter,791.28,3.4,4.9,458,119,7.73,39,East,XL,1203.29,90960.8
P14489,Dress,Rayon,Autumn,1126.43,39.6,4.0,394,125,1.7,42,North,S,1095.12,85045.46
P14490,Sweater,Linen,Autumn,426.59,36.9,3.8,447,137,14.78,26,South,S,878.04,36877.43
P14491,Dress,Denim,Winter,2104.27,45.1,3.8,465,119,8.1,40,East,XL,986.73,137474.06
P14492,Dress,Rayon,Winter,2262.62,11.8,3.5,121,120,12.38,56,East,S,960.22,239475.7
P14493,Hoodie,Rayon,Summer,1303.76,22.8,3.7,243,112,17.65,29,West,S,1061.64,112728.3
P14494,Trousers,Rayon,Autumn,1321.23,9.2,4.1,43,109,1.15,31,South,L,438.92,130764.78
P14495,Dress,Polyester,Autumn,1771.93,18.6,4.8,89,129,15.43,24,Central,XL,1134.43,186063.28
P14496,Jeans,Rayon,Winter,2384.69,26.1,4.0,484,127,9.27,48,South,XL,778.74,223810.31
P14497,Trousers,Wool,Summer,1745.17,2.7,4.6,461,124,3.36,23,South,M,846.49,210558.25
P14498,T-Shirt,Cotton,Winter,1081.47,35.7,4.7,92,130,12.07,40,Central,L,1086.39,90400.08
P14499,Dress,Wool,Winter,528.71,27.2,,38,123,11.12,36,South,S,834.42,47342.81
P14500,Dress,Cotton,Spring,830.92,41.4,3.4,498,111,17.0,38,,M,489.97,54048.02
P14501,T-Shirt,Linen,Autumn,1543.93,13.6,4.1,140,116,10.91,36,North,XL,699.09,154738.84
P14502,Dress,Linen,Summer,1106.8,45.2,3.6,20,115,16.72,36,South,M,962.89,69750.54
P14503,T-Shirt,Cotton,Spring,1616.98,49.9,2.7,401,120,11.35,51,North,XL,570.41,97212.84
P14504,Trousers,Wool,Autumn,1168.25,46.0,3.4,71,137,9.49,30,West,S,579.11,86427.14
P14505,Jeans,Cotton,Winter,865.11,38.9,5.0,368,133,8.05,53,West,L,853.48,70301.43
P14506,T-Shirt,Rayon,Summer,793.78,40.6,2.6,42,127,4.3,42,South,L,804.59,59881.18
P14507,Shirt,Polyester,Autumn,2437.41,28.7,4.2,145,121,12.1,50,East,S,557.3,210282.67
P14508,Hoodie,Linen,Winter,2033.39,9.5,4.6,418,125,11.34,38,South,M,1151.79,230027.24
P14509,Hoodie,Polyester,Spring,2538.31,33.9,4.1,97,112,19.54,51,North,M,813.14,187916.17
P14510,T-Shirt,Rayon,Summer,1823.97,35.6,3.9,419,115,8.84,42,West,L,106.42,135083.22
P14511,Hoodie,Rayon,Autumn,1242.01,49.3,4.3,419,109,9.01,35,North,M,874.04,68637.2
P14512,Dress,Linen,Spring,2294.0,27.1,3.6,26,120,4.11,28,North,S,946.11,200679.12
P14513,Sweater,Linen,Winter,1480.16,13.6,2.7,100,134,12.35,36,Central,XL,960.1,171367.0
P14514,Sweater,Rayon,Winter,1632.51,34.2,4.9,422,117,17.11,51,West,M,622.12,125680.41
P14515,Hoodie,Denim,Autumn,1474.31,49.0,3.6,308,100,5.71,19,West,L,469.41,75189.81
P14516,Trousers,Polyester,Winter,-268.14,8.9,4.2,496,135,1.17,47,North,L,761.37,-32977.2
P14517,Jacket,Polyester,Summer,2462.84,16.3,3.8,262,106,14.14,55,West,S,808.47,218508.09
P14518,Trousers,Denim,Autumn,1794.6,27.1,2.6,82,113,1.6,32,South,L,978.93,147833.76
P14519,Jacket,Wool,Spring,1697.89,8.5,4.9,215,112,8.78,28,Central,S,851.4,173999.77
P14520,Sweater,Polyester,Autumn,1462.93,1.1,4.5,270,143,12.64,41,South,M,1081.21,206897.8
P14521,Sweater,Cotton,Autumn,1598.06,16.8,2.9,187,101,8.33,21,East,M,1095.33,134288.18
P14522,T-Shirt,Rayon,Spring,1141.63,43.3,5.0,487,104,5.95,36,East,M,755.02,67319.64
P14523,Jeans,Rayon,Winter,1869.95,2.2,4.3,321,98,16.19,46,North,S,459.61,179223.49
P14524,Shirt,Denim,Spring,715.74,21.4,3.7,456,125,6.72,31,East,L,1058.74,70321.46
P14525,Trousers,Polyester,Summer,1611.64,38.1,4.0,322,120,4.42,34,,S,924.01,119712.62
P14526,Dress,Wool,Winter,1836.94,47.7,2.8,229,132,8.38,25,East,M,453.08,126814.99
P14527,Jacket,Polyester,Autumn,1380.8,49.3,3.9,182,120,3.5,30,North,M,681.57,84007.87
P14528,Hoodie,Rayon,Winter,1722.52,21.1,2.7,174,118,14.12,40,West,M,445.81,160370.06
P14529,Dress,Linen,Winter,905.2,47.5,3.9,337,122,14.49,46,Central,M,169.13,57978.06
P14530,Jeans,Cotton,Summer,920.5,1.8,3.9,344,123,1.28,28,North,M,457.16,111183.51
P14531,T-SHIRT,Denim,Winter,1642.03,37.3,4.7,229,109,14.2,33,North,S,108.3,112221.26
P14532,Trousers,Linen,Winter,1907.13,32.1,4.3,301,121,6.68,40,North,M,891.47,156687.89
P14533,T-Shirt,Wool,Winter,375.08,12.5,3.1,170,119,13.47,29,South,S,765.08,39055.2
P14534,Dress,Linen,Autumn,1813.21,25.4,4.7,399,108,14.42,55,West,S,498.25,146086.7
P14535,Jeans,Linen,Winter,1174.08,6.5,3.9,257,117,6.28,41,North,M,968.22,128438.48
P14536,Trousers,Wool,Spring,1384.32,43.6,4.0,380,126,4.52,48,West,M,320.91,98375.32
P14537,Sweater,Linen,Winter,696.29,17.9,2.9,469,118,16.7,55,North,XL,1122.74,67455.18
P14538,Sweater,Denim,Summer,989.03,31.3,4.6,80,123,15.04,53,South,M,613.05,83574.02
P14539,Trousers,Rayon,Winter,2079.68,7.9,4.8,438,139,16.91,18,North,S,879.66,266238.55
P14540,Trousers,Polyester,Winter,1519.72,10.3,4.4,101,115,9.28,43,East,L,436.79,156766.72
P14541,Trousers,Linen,Autumn,1270.33,49.6,4.9,400,123,9.67,34,South,S,786.67,78750.3
P14542,Jacket,Denim,Spring,1430.11,37.7,3.3,370,133,7.54,53,North,M,717.77,118497.48
P14543,Trousers,Polyester,Winter,1793.53,48.1,4.7,330,144,10.48,34,North,S,661.85,134041.26
P14544,Dress,Polyester,Spring,1764.3,14.8,3.7,254,115,13.28,54,North,L,611.07,172866.11
P14545,Jeans,Linen,Summer,1454.98,8.2,2.9,33,128,16.48,44,East,L,870.45,170965.97
P14546,Jacket,Denim,Autumn,2155.78,25.2,4.2,54,128,4.48,42,East,L,483.17,206403.0
P14547,Trousers,Rayon,Spring,2082.28,24.7,4.2,198,108,8.7,47,North,S,159.92,169339.34
P14548,Shirt,Linen,Autumn,1748.02,8.7,3.2,412,113,9.76,58,East,L,729.97,180341.48
P14549,Hoodie,Wool,Winter,1532.77,36.7,,382,110,10.27,42,North,L,1068.63,106726.78
P14550,Shirt,Polyester,Summer,1894.39,18.1,3.0,425,118,11.3,55,East,S,244.8,183077.64
P14551,Jeans,Linen,Autumn,1688.56,9.3,3.5,295,136,16.23,49,West,M,774.61,208287.25
P14552,Sweater,Polyester,Winter,2136.48,16.6,2.9,330,128,17.84,29,North,L,749.34,228073.51
P14553,T-Shirt,,Spring,2039.74,28.2,3.0,425,123,4.02,38,North,XL,912.96,180137.6
P14554,T-Shirt,Cotton,Summer,889.05,36.3,3.5,450,108,14.54,59,Central,XL,778.15,61163.08
P14555,Hoodie,Linen,Summer,848.42,24.1,4.9,413,126,10.1,51,Central,S,541.53,81137.8
P14556,Sweater,Rayon,Spring,1079.25,26.3,4.4,350,97,8.94,18,South,L,265.05,77154.5
P14557,Jacket,Linen,Spring,2085.68,6.9,3.3,92,128,3.15,30,West,S,776.15,248546.31
P14558,Jacket,Polyester,Summer,554.21,45.7,4.9,231,134,2.22,38,West,M,546.89,40325.43
P14559,Jacket,Denim,Autumn,1736.85,46.4,4.1,379,107,19.58,18,South,S,492.0,99611.82
P14560,T-Shirt,Wool,Summer,1717.53,34.2,3.6,485,120,13.21,30,Central,S,777.64,135616.17
P14561,Shirt,Rayon,Spring,2197.59,0.9,3.7,361,106,9.6,48,South,XL,424.3,230848.04
P14562,T-Shirt,Denim,Autumn,1608.2,26.9,3.5,423,121,15.47,40,Central,L,785.5,142246.9
P14563,Dress,Linen,Winter,694.07,31.5,3.1,352,110,2.73,20,North,S,910.19,52298.17
P14564,Trousers,Wool,Summer,924.39,49.7,3.5,228,110,12.54,28,South,XL,298.86,51146.5
P14565,Jacket,Denim,Spring,790.8,49.8,3.8,494,138,13.55,46,East,M,1039.39,54783.46
P14566,Shirt,Cotton,Winter,1177.23,42.9,3.8,452,120,9.59,35,Central,S,740.59,80663.8
P14567,Jeans,Rayon,Summer,1390.26,3.2,,227,107,5.8,42,North,S,1055.79,143997.57
P14568,Hoodie,Polyester,Summer,800.74,47.7,3.4,199,122,19.14,51,East,S,654.79,51092.02
P14569,Jeans,Denim,Autumn,2382.4,30.6,4.3,76,131,6.72,35,East,M,1303.17,216593.51
P14570,Trousers,Denim,Spring,704.83,40.0,3.9,40,124,3.37,18,West,XL,1190.18,52439.35
P14571,Shirt,Cotton,Winter,2307.66,20.4,4.9,331,96,12.98,45,Central,M,747.46,176342.15
P14572,T-Shirt,Linen,Summer,2211.1,16.0,3.5,259,149,11.91,21,North,S,702.13,276741.28
P14573,T-Shirt,Rayon,Autumn,2038.98,23.2,,63,121,15.34,38,Central,XL,25.52,189478.33
P14574,Dress,Rayon,Winter,1083.74,7.3,4.6,19,114,15.32,23,North,S,688.21,114527.48
P14575,Dress,Polyester,Winter,1705.47,17.9,4.1,175,125,12.78,38,Central,XL,831.89,175023.86
P14576,T-Shirt,Denim,Summer,733.58,42.9,4.1,348,142,4.94,54,East,S,745.13,59480.13
P14577,Jeans,Wool,Winter,2046.54,1.9,2.7,424,112,17.86,47,West,XL,805.01,224857.44
P14578,Hoodie,Denim,Summer,1455.61,7.5,4.9,294,135,5.72,37,South,L,895.7,181769.3
P14579,Jacket,Polyester,Autumn,1254.41,6.3,2.8,162,123,2.79,58,Central,M,660.28,144572.01
P14580,Jeans,Denim,Autumn,765.75,20.2,3.9,41,99,6.73,49,East,S,814.13,60495.78
P14581,Hoodie,Cotton,Winter,13.5,49.8,3.3,26,131,10.18,48,South,XL,559.18,887.79
P14582,Dress,Denim,Summer,876.88,8.7,3.6,380,132,4.94,53,South,S,385.48,105678.07
P14583,Trousers,Denim,Spring,2167.68,7.3,4.0,310,119,7.34,42,South,XL,1249.18,239123.28
P14584,Hoodie,Wool,Autumn,1258.3,45.8,4.8,314,121,10.76,22,East,M,391.1,82521.83
P14585,T-Shirt,Cotton,Summer,1398.4,44.1,3.6,352,124,7.14,25,North,L,668.98,96931.49
P14586,Dress,Cotton,Summer,1893.33,1.6,5.0,155,140,2.7,34,South,S,974.58,260825.14
P14587,Dress,Denim,Summer,2583.4,37.6,4.0,84,120,4.75,32,West,XL,672.14,193444.99
P14588,Jacket,Rayon,Winter,2295.0,32.8,2.9,388,132,16.09,37,North,M,920.56,203575.68
P14589,T-Shirt,Wool,Spring,,38.4,3.0,133,135,19.13,46,East,L,1072.54,76224.46
P14590,Jacket,Denim,Winter,15000.0,24.7,4.3,61,125,3.82,53,South,M,771.71,31481.05
P14591,T-Shirt,Denim,Autumn,2915.77,49.6,2.6,413,135,13.94,45,East,M,888.29,198388.99
P14592,Jacket,Polyester,Winter,2861.39,2.2,3.7,199,124,18.21,25,East,S,916.54,347006.49
P14593,Hoodie,Polyester,Summer,1613.07,11.7,2.9,150,128,6.68,31,South,M,497.61,182315.62
P14594,Jeans,Rayon,Winter,737.71,19.8,3.6,97,117,16.76,50,East,S,332.68,69222.28
P14595,Trousers,Wool,Summer,2077.94,22.5,4.4,436,120,18.19,51,West,L,1354.52,193248.42
P14596,Trousers,Linen,Spring,1435.21,46.1,3.6,93,121,6.69,46,West,S,880.81,93602.96
P14597,T-Shirt,Polyester,Winter,1432.21,28.0,2.9,252,127,2.08,39,Central,M,490.07,130961.28
P14598,Shirt,Linen,Winter,2036.68,2.3,3.1,115,129,18.42,20,South,M,1377.1,256688.89
P14599,Sweater,Cotton,Winter,1700.62,20.4,3.4,101,111,7.28,40,South,XL,303.93,150259.98
P14600,Dress,Polyester,Summer,788.51,20.8,2.7,364,122,1.26,20,South,M,487.3,76188.99
P14601,Dress,Polyester,Summer,1305.15,48.3,4.0,30,123,10.02,23,Central,S,609.14,82995.79
P14602,T-Shirt,Wool,Winter,1896.69,30.0,4.0,15,133,3.2,57,West,L,1043.52,176581.84
P14603,Hoodie,Rayon,Winter,1806.15,31.8,2.7,464,125,18.13,40,West,XL,633.22,153974.29
P14604,Jacket,Linen,Spring,1657.21,35.7,3.5,230,102,3.94,29,South,L,718.82,108689.78
P14605,Shirt,Polyester,Spring,2060.05,38.5,3.5,318,117,6.78,22,East,M,381.05,148230.9
P14606,Jeans,Polyester,Autumn,1282.97,31.8,3.3,96,126,16.02,22,North,XL,699.45,110248.18
P14607,Jacket,Wool,Spring,1607.2,11.9,3.9,189,112,16.32,20,North,S,667.56,158585.64
P14608,Jacket,Wool,Spring,-525.35,43.7,3.4,462,126,18.12,21,South,M,270.98,-37267.28
P14609,T-Shirt,Rayon,Spring,1230.21,36.6,3.5,351,107,10.45,41,South,S,654.39,83454.99
P14610,T-Shirt,Linen,Summer,1958.34,37.1,4.5,402,117,19.75,22,West,L,480.37,144120.12
P14611,Hoodie,Cotton,Spring,1265.76,49.8,2.9,361,113,10.81,48,West,XL,1181.43,71801.5
P14612,Dress,Rayon,Spring,1220.26,40.1,4.0,255,123,16.02,52,East,S,830.71,89905.1
P14613,T-Shirt,Cotton,Winter,875.13,41.5,3.8,467,120,7.88,59,West,S,1191.95,61434.13
P14614,T-Shirt,Denim,Summer,2102.02,47.6,3.3,183,97,18.88,36,North,M,176.92,106841.47
P14615,T-Shirt,Polyester,Autumn,1829.08,7.6,4.3,122,131,14.02,25,North,S,439.65,221399.16
P14616,Hoodie,Linen,Autumn,1995.25,24.9,3.9,485,112,2.46,45,West,XL,533.22,167824.47
P14617,Dress,Rayon,Spring,464.27,29.0,3.7,468,120,3.06,55,North,L,506.46,39555.8
P14618,Jeans,Polyester,Autumn,1403.73,16.5,4.2,80,109,17.93,40,North,L,843.73,127760.49
P14619,Jeans,Linen,Autumn,,42.0,4.5,167,117,16.38,24,North,XL,663.76,90384.77
P14620,Sweater,Linen,Autumn,1331.66,38.1,4.9,308,134,7.27,55,North,XL,447.27,110455.87
P14621,Sweater,Linen,Spring,1130.38,36.0,4.1,246,137,10.91,30,Central,L,1603.54,99111.72
P14622,T-Shirt,Polyester,Autumn,1292.34,49.9,4.7,196,120,17.2,38,South,M,807.52,77695.48
P14623,Sweater,Rayon,Spring,2009.79,13.0,2.5,252,114,2.97,54,East,S,143.86,199330.97
P14624,Dress,Wool,Winter,352.29,36.8,3.8,175,147,3.62,23,Central,S,967.89,32729.15
P14625,Hoodie,Polyester,Winter,2566.38,27.6,3.0,43,119,14.6,27,East,M,1470.74,221109.04
P14626,Jeans,Linen,Autumn,1790.3,15.6,2.7,264,126,2.56,44,Central,L,968.25,190387.66
P14627,Jacket,Rayon,Winter,1474.6,8.0,3.8,311,121,7.7,43,Central,L,439.79,164152.47
P14628,Jeans,Denim,Spring,2044.1,44.8,4.4,229,121,5.78,59,East,M,615.9,136529.53
P14629,Jeans,Cotton,Winter,628.9,29.8,3.5,41,108,15.45,45,South,M,993.84,47680.68
P14630,Dress,Linen,Autumn,1101.18,41.2,4.2,409,95,1.05,33,West,XL,468.02,61511.91
P14631,Sweater,Denim,Spring,1427.35,27.3,3.7,432,99,3.19,45,Central,XL,703.78,102730.66
P14632,Jacket,Wool,Summer,2319.34,11.0,3.6,266,117,2.88,20,South,L,479.04,241512.87
P14633,Dress,,Spring,1472.1,16.9,3.2,491,115,7.04,18,West,L,926.88,140681.24
P14634,T-Shirt,Denim,Winter,1770.03,19.1,3.5,242,115,5.42,20,East,S,992.69,164674.74
P14635,Hoodie,Linen,Summer,1146.25,48.6,,450,126,5.34,47,Central,L,1147.42,74235.74
P14636,Trousers,Polyester,Spring,1792.11,0.3,4.1,224,120,8.04,36,West,L,1053.71,214408.04
P14637,Jeans,Rayon,Summer,2506.34,49.3,2.8,251,113,5.07,50,South,S,1175.81,143590.72
P14638,Trousers,Denim,Summer,2097.32,49.0,2.7,254,127,3.02,25,West,XL,1237.66,135843.42
P14639,Hoodie,Rayon,Summer,1451.13,49.8,4.2,29,131,12.08,36,East,M,330.76,95429.21
P14640,Hoodie,Polyester,Spring,1905.29,23.8,3.9,219,130,19.08,53,West,S,516.3,188738.03
P14641,Dress,Polyester,Winter,1846.51,48.2,3.6,219,104,12.54,54,North,S,475.69,99475.19
P14642,Dress,Rayon,Spring,1803.95,19.8,2.9,435,110,15.38,22,Central,L,799.29,159144.47
P14643,Dress,Denim,Winter,2167.17,1.3,3.5,497,111,19.47,51,South,M,560.03,237428.64
P14644,Trousers,Rayon,Spring,2162.69,11.2,4.5,478,112,3.91,55,South,L,635.37,215092.5
P14645,Dress,Rayon,Spring,1423.7,47.3,4.7,81,136,9.74,44,Central,M,1071.41,102039.43
P14646,Hoodie,Cotton,Spring,1885.13,0.7,4.3,171,123,12.06,56,Central,S,915.58,230247.89
P14647,T-Shirt,Denim,Winter,1270.14,27.3,2.6,187,106,7.12,59,North,M,601.09,97879.53
P14648,Dress,Cotton,Spring,946.16,3.8,4.2,20,133,12.65,59,North,L,986.71,121057.39
P14649,Shirt,Linen,Summer,1338.3,14.3,3.1,372,124,12.85,41,South,M,836.69,142218.46
P14650,Sweater,Rayon,Spring,,4.4,3.3,308,129,17.0,48,West,M,837.76,179341.46
P14651,Trousers,Linen,Summer,503.05,43.0,3.0,275,134,16.82,39,Central,M,950.64,38422.96
P14652,Shirt,Denim,Autumn,2016.2,29.6,4.4,17,122,3.71,40,North,L,14.03,173167.39
P14653,Dress,Rayon,Autumn,-160.4,45.1,4.1,465,119,4.21,58,North,S,481.85,-10479.09
P14654,Hoodie,Linen,Winter,3128.89,34.4,4.0,284,118,5.23,41,North,XL,444.27,242201.12
P14655,T-Shirt,Wool,Winter,2401.13,48.6,4.2,202,125,5.96,57,West,S,759.77,154272.6
P14656,Jeans,Polyester,Autumn,1343.39,25.5,3.1,320,119,11.73,49,South,M,980.41,119098.24
P14657,Jacket,Rayon,Spring,1505.66,31.9,3.6,445,141,7.22,50,South,XL,595.04,144574.98
P14658,Sweater,Polyester,Spring,1681.78,28.8,,268,128,19.11,45,North,M,469.52,153270.7
P14659,Jacket,Cotton,Spring,1146.5,24.2,4.1,62,124,3.25,34,West,M,99.37,107761.83
P14660,Dress,Linen,Autumn,1615.57,42.3,4.5,309,115,5.68,43,West,S,861.0,107201.15
P14661,Sweater,Cotton,Summer,1413.6,32.2,3.2,105,116,17.5,35,South,L,396.54,111176.81
P14662,Sweater,Rayon,Winter,1443.44,40.1,4.4,313,134,12.1,32,,M,841.23,115859.16
P14663,T-Shirt,Polyester,Summer,1608.88,39.3,3.6,319,106,11.4,55,North,M,484.01,103518.56
P14664,Sweater,Polyester,Autumn,711.88,9.6,4.2,409,118,12.29,39,West,M,916.37,75937.66
P14665,Trousers,Linen,Summer,1523.74,32.5,3.6,423,139,5.79,35,Central,S,859.87,142964.91
P14666,Shirt,Rayon,Spring,1598.07,10.0,4.9,101,122,15.47,38,East,XL,216.07,175468.09
P14667,Shirt,Wool,Spring,1577.31,29.2,2.9,421,125,10.43,36,North,S,1011.96,139591.94
P14668,Shirt,Wool,Summer,1370.5,33.9,4.2,153,120,1.81,19,East,XL,839.29,108708.06
P14669,Trousers,Linen,Autumn,2182.71,49.9,3.9,498,123,4.37,47,South,L,1074.98,134505.14
P14670,Jacket,Rayon,Summer,1287.81,1.5,2.9,316,113,16.52,42,,M,333.76,143339.69
P14671,T-Shirt,Linen,Spring,1636.4,4.6,2.7,426,130,7.56,43,South,M,417.26,202946.33
P14672,Sweater,Rayon,Spring,2278.38,3.9,4.5,418,110,15.7,56,West,S,633.52,240847.55
P14673,Trousers,Cotton,Autumn,1452.37,19.9,2.9,27,125,13.6,34,West,S,702.9,145418.55
P14674,Shirt,Linen,Summer,1628.68,41.1,3.0,135,147,6.73,33,Central,XL,668.91,141016.0
P14675,Dress,Rayon,Spring,1442.17,42.2,4.9,163,133,3.41,44,East,M,164.76,110865.38
P14676,Jeans,Wool,Spring,2242.42,36.8,4.3,15,122,16.33,20,South,XL,829.57,172899.55
P14677,Sweater,Rayon,Summer,1345.37,44.8,3.1,431,120,13.22,59,South,M,664.49,89117.31
P14678,Trousers,Rayon,Summer,2270.01,16.1,4.0,437,124,6.72,55,West,M,635.76,236162.76
P14679,Hoodie,Linen,Winter,1437.85,4.4,3.8,460,123,10.94,46,West,S,755.06,169073.91
P14680,Trousers,Cotton,Autumn,984.32,2.9,4.6,436,98,12.63,19,West,M,822.94,93665.92
P14681,T-Shirt,Cotton,Autumn,1907.62,42.6,4.3,399,111,1.04,57,North,L,713.99,121542.1
P14682,T-Shirt,Cotton,Summer,1317.2,36.5,4.6,343,104,13.74,31,East,S,458.86,86987.89
P14683,Trousers,Cotton,Autumn,1872.3,34.9,3.0,457,126,13.47,29,East,L,334.56,153577.28
P14684,Shirt,Denim,Spring,-137.64,17.0,4.1,347,115,2.57,41,North,L,1014.54,-13137.74
P14685,Jeans,Linen,Summer,1503.12,19.0,2.6,345,116,15.97,45,South,XL,455.2,141233.16
P14686,Sweater,Polyester,Summer,1224.24,47.9,2.7,97,114,16.68,56,Central,XL,376.08,72712.51
P14687,T-Shirt,Linen,Summer,862.04,3.2,4.3,278,127,6.51,35,Central,XL,756.36,105975.75
P14688,Sweater,Denim,Winter,1168.06,38.7,2.6,74,107,4.08,42,South,S,893.5,76614.22
P14689,Shirt,Cotton,Autumn,1155.78,15.5,3.9,175,131,14.04,54,Central,M,1130.36,127939.07
P14690,Sweater,Denim,Winter,1471.21,2.0,4.6,73,128,3.34,23,West,L,486.93,184548.58
P14691,Dress,Wool,Spring,679.6,37.1,3.4,279,119,17.3,47,East,XL,529.48,50868.74
P14692,T-Shirt,Wool,Autumn,1689.76,16.5,2.6,154,108,10.12,48,West,XL,811.98,152382.56
P14693,Shirt,Linen,Winter,2319.73,36.1,4.3,386,124,18.29,51,Central,M,942.16,183806.13
P14694,Shirt,Linen,Summer,1668.56,35.4,4.8,342,115,13.2,36,Central,XL,574.31,123957.32
P14695,Jeans,Polyester,Winter,1985.39,26.7,4.3,278,119,6.42,45,East,L,946.77,173179.61
P14696,Jeans,Polyester,Summer,2156.74,38.9,3.9,338,141,9.89,25,,S,569.79,185805.31
P14697,Dress,Wool,Winter,2241.89,29.1,3.1,399,101,11.06,28,East,XL,785.81,160539.5
P14698,Shirt,Cotton,Winter,2622.08,14.3,2.5,15,106,16.49,33,Central,M,356.42,238194.99
P14699,Jacket,Denim,Winter,1200.48,36.7,4.2,130,118,17.38,43,East,L,875.77,89668.65
P14700,Shirt,Polyester,Summer,1068.91,29.5,3.1,359,120,13.98,18,,L,902.99,90429.79
P14701,Jeans,Rayon,Winter,1970.08,0.6,4.6,430,120,6.59,48,Central,S,809.89,234991.14
P14702,Jacket,Polyester,Autumn,1924.96,45.1,3.7,322,121,11.04,44,East,L,186.54,127873.17
P14703,T-Shirt,Cotton,Autumn,1965.41,27.3,3.8,318,107,3.48,26,West,S,630.45,152887.28
P14704,T-Shirt,Cotton,Autumn,2633.57,43.4,4.4,311,103,5.37,43,Central,L,857.83,153531.86
P14705,Sweater,Linen,Summer,1506.82,44.1,4.4,343,134,6.76,23,,M,511.87,112869.86
P14706,Trousers,Denim,Summer,1755.69,22.2,4.1,141,119,2.38,24,South,S,1111.53,162545.29
P14707,Jeans,Cotton,Autumn,911.77,25.4,4.8,299,108,17.81,30,West,L,1432.8,73459.49
P14708,Trousers,Polyester,Autumn,2781.19,20.8,5.0,459,133,3.33,27,West,L,486.24,292959.43
P14709,Jacket,Polyester,Autumn,1298.07,22.5,4.9,456,139,14.24,48,West,XL,938.25,139834.59
P14710,Jeans,Wool,Spring,1315.07,44.8,4.6,198,133,10.61,54,North,M,703.57,96547.18
P14711,Dress,Cotton,Autumn,1291.95,39.4,4.3,218,119,16.8,35,Central,XL,883.78,93167.68
P14712,Shirt,Rayon,Winter,1113.06,6.3,4.2,51,103,15.08,28,North,XL,715.78,107422.53
P14713,Dress,Linen,Spring,1062.34,30.5,2.8,87,113,15.44,27,East,L,694.38,83430.87
P14714,Jacket,Denim,Spring,1185.78,49.8,3.2,329,112,8.95,45,Central,S,611.61,66669.29
P14715,Jeans,Rayon,Summer,680.52,29.8,2.5,154,118,16.85,38,West,L,904.34,56371.55
P14716,Hoodie,Linen,Winter,1028.81,39.3,2.8,454,127,2.8,42,West,L,296.25,79309.93
P14717,Jacket,Polyester,Summer,2669.38,38.5,3.6,383,115,9.44,23,West,M,539.78,188791.9
P14718,Hoodie,Rayon,Summer,1941.39,17.5,2.9,295,134,19.9,59,West,M,774.52,214620.66
P14719,Shirt,Linen,Winter,2055.54,18.6,4.8,180,137,19.01,28,East,L,570.38,229229.71
P14720,T-Shirt,Polyester,Summer,2206.33,36.2,4.5,102,137,2.56,50,South,M,1118.7,192846.48
P14721,T-Shirt,Polyester,Winter,2600.48,25.0,2.7,272,111,11.89,22,Central,XL,913.05,216489.96
P14722,Jacket,Polyester,Winter,437.15,28.5,3.1,466,124,7.0,51,South,L,427.81,38757.72
P14723,Trousers,Polyester,Summer,762.07,35.6,4.5,439,104,14.84,49,Central,XL,673.34,51040.4
P14724,Jeans,Polyester,Autumn,1017.77,38.9,4.5,32,133,14.98,41,West,L,985.48,82707.04
P14725,Jeans,Wool,Summer,1218.16,13.6,4.9,301,123,1.0,30,North,XL,841.86,129456.3
P14726,T-Shirt,Rayon,Spring,1319.66,7.3,5.0,151,102,17.07,23,East,S,712.41,124779.13
P14727,Sweater,Linen,Summer,1231.81,14.6,4.9,157,123,5.25,51,Central,L,704.98,129391.79
P14728,Dress,Wool,Winter,1631.59,25.4,3.5,449,127,19.35,42,,S,1101.71,154580.1
P14729,Sweater,Wool,Spring,1521.18,17.1,3.1,125,120,18.2,58,North,S,350.3,151326.99
P14730,Shirt,Cotton,Winter,1066.3,28.4,4.4,90,123,4.62,40,West,L,1299.74,93906.91
P14731,tshirt,Cotton,Autumn,194.67,2.7,3.2,425,124,13.09,30,East,M,811.64,23487.32
P14732,Dress,Cotton,Autumn,904.28,25.5,4.5,34,121,6.63,45,North,L,1264.0,81516.32
P14733,Jacket,Denim,Spring,1170.46,18.4,3.8,124,122,2.96,30,Central,L,740.18,116521.63
P14734,T-Shirt,Cotton,Autumn,1351.75,26.7,4.5,103,111,17.61,24,Central,M,1497.33,109982.44
P14735,Sweater,Linen,Autumn,822.2,21.1,3.2,314,117,4.44,34,Central,XL,560.23,75899.75
P14736,Sweater,Wool,Summer,1205.52,14.2,3.8,194,120,9.0,26,Central,M,773.15,124120.34
P14737,T-Shirt,Linen,Summer,821.41,45.2,3.9,292,120,18.56,31,North,XL,994.61,54015.92
P14738,Sweater,Rayon,Autumn,1424.51,9.2,4.9,164,113,2.43,47,East,S,985.34,146160.42
P14739,Hoodie,Cotton,Autumn,856.15,34.1,3.2,183,109,11.46,58,North,L,490.22,61498.11
P14740,T-Shirt,Denim,Summer,990.66,46.2,4.8,360,135,11.87,55,Central,M,315.81,71951.64
P14741,Jacket,Rayon,Autumn,714.79,26.9,4.5,182,116,15.5,47,,M,498.3,60611.33
P14742,Trousers,Denim,Autumn,1407.9,43.8,4.3,163,117,16.72,50,South,XL,677.32,92575.06
P14743,Dress,Rayon,Winter,980.13,6.2,4.5,23,126,9.06,42,South,S,706.53,115839.6
P14744,Jacket,Wool,Autumn,2044.07,24.7,4.0,387,124,15.13,48,North,L,781.74,190858.9
P14745,Jeans,Linen,Spring,1743.51,22.9,3.1,313,108,18.3,40,Central,M,966.91,145178.59
P14746,Shirt,Polyester,Winter,1458.09,0.4,3.0,137,110,17.84,44,South,XL,717.06,159748.34
P14747,Trousers,Linen,Spring,1021.51,22.2,4.7,350,121,10.53,50,South,S,152.5,96162.91
P14748,Jeans,Cotton,Autumn,1728.31,18.5,4.3,101,116,12.53,37,West,S,1041.53,163394.43
P14749,Dress,Polyester,Summer,1914.42,33.5,3.0,280,117,13.78,45,West,XL,1098.55,148951.45
P14750,Sweater,Denim,Winter,1585.61,46.9,4.0,231,117,16.56,25,East,S,847.21,98509.19
P14751,T-Shirt,Wool,Summer,2462.22,4.3,3.6,482,100,10.65,39,East,XL,665.25,235634.45
P14752,Dress,Wool,Winter,1775.78,16.4,2.9,316,116,3.13,52,Central,XL,826.06,172208.04
P14753,Jacket,Denim,Summer,2048.16,22.2,3.8,319,122,8.32,48,South,XL,1098.7,194403.15
P14754,Shirt,Cotton,Winter,1580.14,22.8,3.2,404,122,14.68,41,North,S,416.02,148823.91
P14755,Jacket,Denim,Winter,1905.4,38.7,2.7,117,125,12.85,32,North,L,564.45,146001.28
P14756,Trousers,Rayon,Spring,1021.93,22.2,3.7,340,135,15.32,48,West,L,560.09,107333.31
P14757,Trousers,Cotton,Summer,1224.96,1.4,4.0,37,102,10.5,22,East,M,413.27,123196.68
P14758,Shirt,Polyester,Spring,1709.62,35.5,2.6,448,127,4.31,39,Central,XL,1550.7,140043.52
P14759,Hoodie,Denim,Spring,1705.26,44.2,3.5,206,113,3.19,34,West,M,787.7,107523.46
P14760,Jeans,Cotton,Summer,1804.57,25.7,3.1,485,100,10.14,45,West,M,411.26,134079.55
P14761,Jeans,Polyester,Winter,2160.24,29.1,2.6,209,114,4.91,20,Central,M,336.77,174603.56
P14762,Trousers,Denim,Spring,645.02,8.1,2.8,163,108,19.66,36,Central,XL,1002.26,64019.53
P14763,Trousers,Wool,Summer,915.33,11.0,2.8,393,120,4.78,55,South,M,1093.17,97757.24
P14764,Sweater,Denim,Winter,1637.74,11.8,3.0,79,112,11.77,44,Central,XL,1036.57,161782.51
P14765,T-Shirt,Linen,Spring,1065.38,21.5,4.5,169,128,1.03,34,Central,S,1312.71,107049.38
P14766,Sweater,Denim,Spring,3526.66,46.4,3.6,441,111,5.82,49,West,XL,618.1,209822.16
P14767,Sweater,Linen,Spring,1809.43,26.1,2.9,361,121,5.92,54,West,XL,364.49,161797.42
P14768,Hoodie,Polyester,Winter,1453.0,9.6,2.8,405,133,15.02,38,North,XL,1521.15,174697.1
P14769,Jeans,Denim,Spring,1190.72,13.3,3.2,463,120,10.42,54,North,L,545.15,123882.51
P14770,Hoodie,Polyester,Winter,1211.9,19.2,4.5,470,110,1.23,28,North,S,941.3,107713.67
P14771,Hoodie,Polyester,Autumn,1518.08,31.2,3.4,112,119,8.2,18,Central,XL,498.11,124288.25
P14772,T-SHIRT,Cotton,Spring,1567.19,22.0,2.9,497,116,13.25,47,South,L,1071.54,141799.35
P14773,Jeans,Polyester,Autumn,1225.98,19.6,3.5,245,122,13.1,43,West,XL,366.53,120253.93
P14774,T-Shirt,Polyester,Summer,1336.11,28.2,3.9,198,110,2.02,53,East,S,1518.7,105525.97
P14775,Jacket,Denim,Spring,2306.57,12.1,2.6,427,140,18.65,43,South,S,866.56,283846.5
P14776,Trousers,Denim,Summer,2330.7,3.9,4.1,352,120,5.69,59,East,M,346.59,268776.32
P14777,Trousers,Wool,Summer,1651.22,1.2,3.5,370,122,17.94,44,Central,L,112.16,199031.45
P14778,T-Shirt,Cotton,Summer,695.24,12.6,2.5,118,122,5.05,43,East,XL,728.37,74132.05
P14779,Hoodie,Polyester,Autumn,1823.1,4.6,4.2,346,114,11.79,35,North,XL,1080.04,198273.06
P14780,Sweater,Cotton,Winter,2432.57,16.8,4.3,310,112,8.72,50,West,L,611.43,226676.6
P14781,Shirt,Linen,Autumn,2321.87,38.6,4.1,377,136,12.05,53,South,L,1137.93,193885.43
P14782,Hoodie,Polyester,Autumn,1940.66,35.8,3.4,264,124,10.46,54,North,M,445.22,154492.06
P14783,Trousers,Cotton,Summer,2353.45,30.5,3.8,325,143,1.04,51,West,M,978.81,233897.63
P14784,Dress,Wool,Spring,1532.03,42.6,3.5,202,114,7.68,43,North,M,666.53,100249.92
P14785,Sweater,Wool,Winter,1876.86,14.1,4.3,80,99,1.21,39,South,M,968.11,159610.05
P14786,Trousers,Polyester,Summer,1091.53,44.3,4.0,278,115,13.98,41,Central,S,503.33,69917.95
P14787,Dress,Linen,Winter,1675.36,20.0,2.7,343,137,17.22,29,East,L,576.38,183619.46
P14788,Hoodie,Wool,Autumn,2297.72,20.0,4.1,218,113,8.31,28,Central,M,335.33,207713.89
P14789,T-Shirt,Wool,Winter,1146.35,20.3,4.2,487,125,10.97,38,East,XL,1100.19,114205.12
P14790,T-Shirt,Linen,Winter,983.13,4.9,3.4,185,121,2.25,33,East,XL,602.68,113129.75
P14791,Sweater,Cotton,Spring,1558.49,48.8,4.7,248,127,8.32,53,South,M,604.28,101339.25
P14792,Trousers,Wool,Summer,1364.0,6.9,4.6,390,103,3.64,24,South,M,596.71,130798.05
P14793,Jeans,Denim,Winter,1889.49,17.0,2.9,442,117,2.23,45,Central,XL,913.45,183488.37
P14794,Dress,Rayon,Winter,1228.04,16.0,4.8,107,118,4.27,41,West,M,76.38,121723.32
P14795,Shirt,Rayon,Autumn,2531.06,3.7,3.6,356,99,17.55,30,West,L,366.0,241303.67
P14796,Trousers,Wool,Autumn,726.19,7.6,4.3,451,121,19.66,31,Central,S,1156.49,81190.95
P14797,Shirt,Cotton,Winter,2252.24,2.2,4.5,98,117,17.71,48,East,XL,819.32,257714.81
P14798,Trousers,Cotton,Summer,1041.09,14.6,3.8,261,123,19.42,25,South,S,568.5,109358.18
P14799,Jeans,Polyester,Winter,422.41,43.3,3.5,108,108,14.89,18,Central,M,1014.95,25866.7
P14800,Jeans,,Winter,1642.73,17.0,4.8,338,124,4.03,57,West,S,811.39,169069.77
P14801,Sweater,Cotton,Spring,1347.24,6.2,3.1,335,118,11.7,34,East,M,1155.68,149117.91
P14802,Sweater,Linen,Summer,834.23,32.3,3.1,454,143,14.9,58,West,M,567.35,80762.64
P14803,Jeans,Denim,Spring,491.17,49.8,3.4,163,118,10.76,30,East,XL,510.36,29094.95
P14804,Jacket,Rayon,Summer,1494.98,11.6,4.6,495,126,11.54,44,West,L,334.42,166516.85
P14805,Jeans,Denim,Summer,2085.5,14.0,4.8,304,117,12.14,30,North,S,1075.74,209843.01
P14806,T-Shirt,Linen,Summer,1850.97,48.6,3.1,451,133,9.87,57,East,S,1070.59,126536.01
P14807,T-Shirt,Wool,Spring,1534.02,8.9,4.7,292,106,6.52,44,East,M,959.87,148134.18
P14808,Jacket,Linen,Spring,1787.31,25.6,3.1,305,116,13.1,49,East,L,453.8,154252.0
P14809,Hoodie,Linen,Spring,1483.67,12.0,4.9,388,121,2.02,29,North,M,320.91,157981.18
P14810,Dress,Wool,Autumn,642.17,46.6,4.0,40,126,4.25,30,North,XL,1019.57,43207.77
P14811,Hoodie,Wool,Spring,647.46,49.1,2.5,140,129,18.58,33,West,XL,823.64,42512.87
P14812,Shirt,Wool,Autumn,1378.1,40.7,2.6,225,132,10.29,51,South,L,474.43,107872.16
P14813,Hoodie,Wool,Autumn,1403.61,15.7,2.9,24,115,16.61,23,West,S,937.78,136072.97
P14814,Trousers,Wool,Autumn,2010.59,20.2,3.0,447,140,14.8,35,East,L,1311.0,224623.11
P14815,Hoodie,Linen,Winter,1954.38,12.1,4.4,335,113,7.09,34,East,S,645.59,194122.7
P14816,Trousers,Polyester,Winter,1863.08,44.5,3.1,276,118,16.27,56,West,S,724.75,122013.11
P14817,Jacket,Polyester,Winter,1331.83,45.7,4.9,295,112,2.74,31,Central,S,1032.78,80996.57
P14818,T-Shirt,Cotton,Autumn,671.61,20.9,4.1,300,119,17.62,24,South,M,1121.56,63217.98
P14819,Sweater,Polyester,Autumn,1747.24,32.8,4.2,377,108,13.93,23,North,M,767.04,126807.69
P14820,Trousers,Rayon,Summer,1815.1,8.3,3.0,495,141,18.61,29,South,L,221.54,234686.98
P14821,T-Shirt,Polyester,Autumn,66.88,21.7,4.7,52,117,18.01,51,Central,M,1068.9,6126.94
P14822,Dress,Linen,Winter,999.4,31.6,4.2,454,103,8.22,18,West,M,554.02,70409.73
P14823,Shirt,Wool,Autumn,1085.37,19.3,4.7,177,106,17.28,46,West,XL,876.03,92844.72
P14824,Dress,Wool,Autumn,1571.01,17.9,4.9,358,148,11.7,45,East,L,1091.63,190890.28
P14825,Jacket,Linen,Summer,1017.98,0.0,2.8,480,116,3.99,22,West,S,956.85,118085.68
P14826,Hoodie,Rayon,Autumn,1477.12,40.2,2.7,435,119,16.76,38,Central,L,781.87,105114.81
P14827,Hoodie,Polyester,Spring,1373.68,44.5,4.5,264,128,18.25,56,West,M,738.8,97586.23
P14828,Jeans,Linen,Summer,1404.51,48.5,4.7,179,107,2.61,55,West,S,526.66,77395.52
P14829,Jeans,Cotton,Autumn,1070.16,36.0,4.0,384,141,18.68,51,Central,XL,827.67,96571.24
P14830,Jeans,Wool,Autumn,1116.61,27.4,3.4,268,91,12.42,38,North,L,430.32,73769.96
P14831,Dress,Denim,Summer,851.84,13.5,4.1,355,120,1.49,41,,XL,1003.47,88420.99
P14832,Trousers,Cotton,Autumn,1728.04,50.0,3.3,87,146,11.29,30,West,S,1029.7,126146.92
P14833,Shirt,Rayon,Winter,1842.66,29.5,3.1,348,108,16.14,40,South,M,731.27,140300.13
P14834,Jeans,Cotton,Spring,1037.63,34.1,3.7,94,115,11.13,49,South,XL,540.67,78636.79
P14835,Jacket,Linen,Spring,2412.38,34.1,3.0,389,119,14.44,25,East,M,226.2,189181.25
P14836,Jacket,Polyester,Winter,1311.24,42.3,3.7,158,110,17.71,28,North,L,504.42,83224.4
P14837,Jeans,Wool,Autumn,2418.11,0.5,4.9,210,126,17.53,30,South,S,539.73,303158.45
P14838,Hoodie,Rayon,Autumn,1114.72,11.0,4.6,86,133,4.4,37,,M,770.34,131949.41
P14839,Jeans,Rayon,Spring,284.05,33.3,4.9,370,123,9.12,18,Central,S,484.21,23303.75
P14840,Shirt,Denim,Autumn,1741.32,44.8,4.5,259,113,3.11,19,Central,L,1016.5,108616.58
P14841,Jeans,Cotton,Spring,1649.13,34.3,3.4,62,101,12.31,28,Central,L,1178.1,109431.32
P14842,Shirt,Denim,Spring,1520.64,20.7,4.5,309,120,19.14,47,Central,L,786.36,144704.1
P14843,Jacket,Polyester,Winter,1114.66,18.1,4.8,311,104,4.46,22,Central,M,343.59,94942.28
P14844,Jeans,Polyester,Spring,1479.26,36.9,4.9,302,114,8.67,24,East,M,75.9,106409.09
P14845,Dress,Denim,Autumn,1193.24,37.1,4.2,303,118,19.13,41,North,XL,766.97,88564.66
P14846,Sweater,Wool,Autumn,1318.59,30.4,3.0,118,99,15.25,48,North,M,630.63,90856.13
P14847,Dress,Polyester,Summer,2004.98,14.6,2.6,374,101,2.35,47,East,M,441.05,172937.54
P14848,Jacket,Denim,Autumn,1610.53,46.3,2.9,97,105,9.14,32,East,XL,664.93,90809.73
P14849,Shirt,Cotton,Summer,1865.97,27.6,4.9,175,111,19.77,53,West,XL,1483.75,149956.81
P14850,Dress,Denim,Spring,1360.88,39.5,3.7,276,107,9.61,27,South,L,1294.88,88096.57
P14851,Shirt,Denim,Autumn,1294.79,10.7,4.6,102,120,12.96,18,Central,M,1279.95,138749.7
P14852,Dress,Linen,Winter,807.91,17.2,3.7,182,121,14.32,24,South,M,615.53,80942.89
P14853,Dress,Polyester,Winter,1277.98,43.7,4.2,73,128,13.61,43,West,M,661.75,92096.35
P14854,Shirt,Wool,Winter,-492.67,2.5,2.6,437,129,10.86,47,North,L,1044.02,-61965.57
P14855,Trousers,,Spring,1145.87,25.6,3.1,135,120,3.52,18,Central,L,766.3,102303.27
P14856,Dress,Linen,Spring,1450.88,24.1,3.6,377,146,14.46,32,,XL,926.91,160777.82
P14857,Jeans,Rayon,Summer,1838.2,37.6,4.1,239,142,18.73,37,East,M,371.42,162879.23
P14858,Sweater,Wool,Winter,1338.79,14.1,2.9,114,125,18.89,39,South,S,881.5,143752.58
P14859,Jacket,Denim,Summer,1708.6,11.0,4.4,218,132,12.27,42,North,S,300.83,200726.33
P14860,Trousers,Linen,Summer,192.13,46.3,3.4,71,126,10.35,53,West,XL,42.59,12999.9
P14861,Shirt,Cotton,Autumn,1465.9,28.6,4.5,249,117,7.35,54,North,XL,634.66,122458.35
P14862,Trousers,Polyester,Autumn,492.3,5.2,2.7,483,109,2.97,44,Central,M,1035.58,50870.34
P14863,T-Shirt,Polyester,Winter,775.02,9.7,4.2,70,128,17.78,36,Central,XL,863.08,89579.91
P14864,T-Shirt,Polyester,Spring,1387.7,49.9,3.2,355,114,3.6,36,South,XL,696.48,79257.1
P14865,Dress,Denim,Autumn,2265.76,9.8,4.5,21,129,6.47,33,East,M,117.22,263639.3
P14866,Dress,Cotton,Spring,1722.72,30.5,3.5,475,123,15.07,38,Central,M,264.61,147266.72
P14867,Jeans,Linen,Summer,1510.94,21.0,4.2,146,117,14.39,50,West,L,664.5,139656.18
P14868,Sweater,Linen,Summer,1488.28,44.3,4.8,204,101,13.94,59,South,XL,646.25,83726.17
P14869,Jacket,Polyester,Summer,1071.82,37.8,2.6,83,130,15.09,48,Central,S,732.89,86667.37
P14870,Trousers,Cotton,Summer,1173.61,29.8,2.5,372,105,11.3,51,West,L,1289.74,86506.79
P14871,T-Shirt,Cotton,Winter,1756.43,0.5,4.4,395,122,3.94,32,North,S,792.61,213213.04
P14872,Dress,Cotton,Summer,668.78,44.0,4.1,145,113,19.97,53,West,XL,1152.69,42320.4
P14873,Hoodie,Wool,Autumn,1855.83,22.2,3.2,381,112,17.95,43,South,L,533.79,161709.6
P14874,Hoodie,Wool,Summer,1266.9,46.6,3.7,52,110,9.19,47,Central,L,76.78,74417.71
P14875,Jacket,Polyester,Spring,1995.33,24.8,2.6,411,118,11.08,48,East,M,1072.41,177057.6
P14876,Trousers,Cotton,Autumn,2076.66,34.7,3.0,445,141,8.48,42,East,XL,1148.3,191204.32
P14877,Dress,Rayon,Spring,496.15,3.5,3.6,48,114,13.12,21,West,M,1189.05,54581.46
P14878,Dress,Cotton,Spring,1151.05,37.3,4.6,40,112,14.89,29,West,XL,466.92,80831.34
P14879,T-Shirt,Linen,Winter,986.68,16.9,3.7,151,120,5.4,36,West,XL,574.79,98391.73
P14880,T-Shirt,Linen,Winter,412.36,17.6,4.0,329,150,9.22,26,Central,XL,583.2,50967.7
P14881,Dress,Polyester,Spring,880.48,5.9,4.7,368,128,13.16,42,East,XL,902.47,106052.06
P14882,Shirt,Rayon,Spring,2964.75,7.3,3.3,362,125,19.77,58,East,M,466.17,343540.41
P14883,Dress,Cotton,Summer,1865.71,9.3,4.3,486,127,7.17,24,South,XL,848.38,214909.27
P14884,Jacket,Rayon,Autumn,2650.37,16.4,4.7,53,120,15.16,44,South,XL,1024.85,265885.12
P14885,Dress,Polyester,Summer,1997.46,44.6,3.0,197,93,7.59,23,North,L,962.49,102913.13
P14886,Jeans,Linen,Winter,1054.89,18.4,3.4,362,121,2.75,52,Central,M,449.44,104155.62
P14887,Sweater,Linen,Winter,1270.94,36.2,4.9,492,127,15.63,49,West,L,1038.86,102979.18
P14888,Jeans,Wool,Summer,1853.06,4.1,5.0,11,108,13.34,31,South,L,770.93,191925.13
P14889,Jeans,Polyester,Autumn,1762.5,29.6,3.1,492,125,10.77,23,North,XL,577.14,155100.0
P14890,Shirt,Polyester,Spring,1153.59,24.1,2.7,425,119,13.83,35,North,M,1058.09,104193.4
P14891,Shirt,Cotton,Summer,594.0,48.9,3.2,301,127,17.71,48,East,M,769.96,38548.82
P14892,Hoodie,Cotton,Winter,3472.66,42.3,3.5,320,127,15.37,33,Central,XL,1174.43,254473.05
P14893,Dress,Wool,Autumn,1415.31,22.7,3.6,379,115,17.3,20,Central,L,1066.89,125813.98
P14894,Jeans,Denim,Winter,1304.56,38.8,4.0,352,117,6.51,48,West,XL,956.65,93411.71
P14895,Shirt,Rayon,Autumn,1568.0,9.7,4.7,456,104,16.21,55,Central,S,738.03,147254.02
P14896,T-Shirt,Denim,Autumn,1354.36,28.1,3.3,334,118,7.84,34,West,S,322.24,114906.61
P14897,Dress,Denim,Autumn,1573.64,3.7,4.6,376,110,1.39,22,Central,XL,306.5,166695.69
P14898,Jacket,Polyester,Summer,2272.17,17.4,2.7,345,120,1.82,33,East,XL,1525.16,225217.49
P14899,Sweater,Rayon,Summer,1425.27,11.3,2.6,305,120,14.88,34,North,L,910.0,151705.74
P14900,Trousers,Polyester,Summer,802.37,35.9,3.8,33,116,6.17,48,Central,M,1146.95,59661.02
P14901,Dress,Rayon,Autumn,1403.01,24.5,2.6,382,129,6.84,33,Central,M,796.62,136646.16
P14902,Trousers,Linen,Autumn,1221.36,37.6,,451,125,12.83,38,East,XL,718.96,95266.08
P14903,Jeans,Polyester,Winter,2354.34,25.8,4.7,113,104,15.09,58,South,XL,778.19,181679.71
P14904,Sweater,Polyester,Spring,2202.67,4.3,3.1,421,126,11.62,56,West,XL,818.03,265602.35
P14905,Trousers,Polyester,Summer,1564.52,36.8,4.3,71,126,14.42,54,,M,763.52,124585.86
P14906,Jeans,Wool,Autumn,732.76,41.7,3.3,162,109,18.88,58,North,XL,1239.89,46564.7
P14907,T-Shirt,Polyester,Winter,764.46,45.2,2.6,272,116,17.23,27,South,L,1009.47,48595.19
P14908,Trousers,Cotton,Winter,1509.07,28.6,3.9,303,116,5.58,49,North,M,868.88,124987.21
P14909,Sweater,Cotton,Winter,1701.79,37.7,4.6,464,123,18.23,42,West,S,1008.16,130406.47
P14910,Hoodie,Rayon,Summer,1275.23,37.6,3.5,384,120,6.65,50,East,S,1040.52,95489.22
P14911,Dress,Linen,Summer,1211.9,7.8,4.0,252,117,13.55,56,North,XL,856.3,130732.5
P14912,Jeans,Wool,Spring,1144.32,8.2,4.8,351,140,17.62,54,West,XL,933.29,147068.01
P14913,Dress,Rayon,Winter,1485.96,3.5,4.5,351,120,12.85,55,East,M,973.54,172074.17
P14914,Sweater,Cotton,Summer,70.34,16.0,3.0,356,135,16.32,55,South,L,959.81,7976.56
P14915,Shirt,Wool,Winter,839.2,23.7,4.3,130,124,18.62,45,South,S,746.15,79398.39
P14916,Jeans,Wool,Autumn,1123.77,49.9,3.8,362,129,19.37,32,North,XL,994.69,72628.13
P14917,Trousers,Linen,Winter,2224.5,21.5,4.4,182,110,8.8,25,Central,M,432.59,192085.58
P14918,Jeans,Wool,Spring,1011.71,36.3,3.7,425,116,19.86,18,Central,XL,797.61,74757.28
P14919,Dress,Polyester,Summer,1608.28,34.7,2.8,112,100,6.16,27,East,M,752.28,105020.68
P14920,T-Shirt,Wool,Autumn,1635.93,10.2,3.9,169,120,9.78,52,South,S,975.89,176287.82
P14921,Jeans,Linen,Summer,2278.75,2.9,3.7,266,114,15.45,50,West,L,543.66,252243.95
P14922,Trousers,Rayon,Autumn,2257.55,27.3,3.8,211,119,19.43,33,East,L,589.15,195307.42
P14923,Shirt,Linen,Winter,1465.5,35.0,4.7,54,94,2.01,31,North,S,501.3,89542.05
P14924,Hoodie,Linen,Winter,1214.71,49.9,4.7,73,833,18.97,22,North,L,944.17,79114.06
P14925,Jacket,Cotton,Spring,1101.7,17.9,3.6,205,115,19.97,33,East,M,240.22,104017.01
P14926,T-Shirt,Polyester,Spring,1355.36,44.8,3.6,486,112,18.28,38,West,L,476.28,83793.78
P14927,Hoodie,Cotton,Autumn,1239.58,19.1,3.8,400,135,3.06,28,South,XL,147.54,135380.73
P14928,Shirt,Rayon,Spring,1832.18,34.5,3.8,431,117,16.97,24,South,S,544.08,140409.11
P14929,Jeans,Denim,Spring,1752.19,29.9,4.9,79,146,13.16,25,West,S,760.12,179329.64
P14930,Dress,Rayon,Spring,1855.08,2.6,4.1,190,113,1.18,34,South,XL,1111.49,204173.81
P14931,Sweater,Polyester,Spring,2255.57,3.9,3.2,340,123,19.7,47,Central,S,1150.47,266615.14
P14932,Dress,Wool,Winter,2617.72,1.0,3.8,256,109,3.86,31,,M,331.22,282478.17
P14933,Hoodie,Linen,Spring,1574.8,18.5,4.1,338,119,8.54,50,,M,636.49,152731.98
P14934,Trousers,Denim,Winter,2159.68,37.3,4.1,167,105,1.58,41,Central,M,876.75,142182.53
P14935,Dress,Polyester,Winter,1289.0,8.6,4.0,415,110,6.88,24,East,XL,652.66,129596.06
P14936,T-Shirt,Cotton,Summer,2211.0,30.3,2.9,195,97,11.8,55,South,S,501.24,149483.5
P14937,Dress,Linen,Winter,2136.91,14.4,2.6,240,131,18.69,32,East,L,223.3,239624.54
P14938,Trousers,Rayon,Winter,2105.05,39.8,3.3,82,126,19.82,42,West,XL,416.6,159672.25
P14939,Jacket,Cotton,Spring,1556.44,39.9,3.6,64,116,9.04,34,Central,M,1133.59,108508.77
P14940,Jeans,Polyester,Winter,1098.99,38.8,2.7,495,100,9.14,50,East,S,1090.28,67258.19
P14941,Sweater,Polyester,Autumn,663.28,26.2,4.5,252,1211,4.05,19,East,S,1558.53,56782.07
P14942,Hoodie,Rayon,Spring,1475.98,14.2,3.4,311,120,10.47,56,North,XL,1017.47,151966.9
P14943,Jeans,Denim,Spring,2419.81,40.5,4.8,362,119,18.86,27,East,M,456.18,171334.65
P14944,tshirt,Rayon,Spring,1314.09,9.3,2.9,419,150,4.14,31,Central,XL,891.05,178781.94
P14945,Shirt,Wool,Summer,1971.08,14.5,2.6,457,131,6.06,29,South,XL,916.25,220770.82
P14946,Jeans,Cotton,Spring,2006.37,9.2,3.7,473,98,17.94,34,South,L,948.24,178534.83
P14947,Jacket,Denim,Winter,1329.79,33.7,3.0,402,123,12.9,31,South,M,702.06,108443.04
P14948,Dress,Linen,Autumn,2289.81,34.3,4.8,224,115,7.28,27,Central,L,665.0,173006.59
P14949,Sweater,Wool,Spring,-245.2,32.6,2.5,24,113,16.44,56,South,XL,895.44,-18674.92
P14950,Trousers,Denim,Spring,,20.8,3.5,156,119,3.07,57,South,XL,495.93,72226.95
P14951,Jacket,Cotton,Autumn,950.62,5.0,4.8,499,122,17.31,46,West,S,1079.14,110176.86
P14952,Dress,Polyester,Spring,1008.17,45.6,3.5,153,114,10.84,23,West,S,427.01,62522.67
P14953,Jacket,Linen,Summer,1701.76,25.4,2.7,34,123,15.38,57,North,S,395.61,156150.09
P14954,Jeans,Rayon,Winter,1674.02,20.3,3.3,108,98,10.85,48,North,L,630.46,130751.01
P14955,Sweater,Cotton,Autumn,1736.39,29.4,3.7,188,122,5.68,54,East,XL,916.28,149558.74
P14956,Trousers,Wool,Autumn,1857.65,9.6,3.0,342,120,13.18,26,East,M,1054.09,201517.87
P14957,Dress,Wool,Summer,929.94,6.6,3.7,183,132,3.94,50,East,XL,887.37,114650.44
P14958,T-Shirt,Polyester,Winter,769.09,20.3,4.6,272,141,5.37,24,North,M,566.9,86428.03
P14959,Hoodie,Polyester,Summer,1737.79,11.4,4.7,299,115,11.44,55,South,L,702.96,177063.42
P14960,Trousers,Linen,Winter,1121.86,12.2,2.6,67,104,8.41,25,East,M,616.1,102439.28
P14961,T-Shirt,Rayon,Summer,557.71,44.6,2.9,343,113,15.16,51,South,L,1068.42,34913.76
P14962,Jacket,Linen,Spring,2082.81,26.5,3.2,288,120,12.09,34,South,M,812.86,183703.84
P14963,Shirt,Polyester,Summer,2337.06,24.2,4.0,416,145,8.25,34,North,M,1167.53,256866.26
P14964,Trousers,Polyester,Autumn,2434.3,34.5,3.4,154,133,7.21,47,West,L,980.72,212064.04
P14965,Jacket,Wool,Autumn,1612.2,47.6,4.6,406,98,18.35,35,West,M,668.66,82789.69
P14966,T-Shirt,Polyester,Autumn,1875.56,5.6,4.3,131,96,1.76,56,Central,XL,711.47,169970.75
P14967,Jeans,Denim,Summer,2321.92,41.7,2.8,36,123,14.13,32,West,S,774.54,166502.56
P14968,Jeans,Cotton,Autumn,1115.15,29.2,4.1,75,113,8.45,37,East,S,732.45,89216.46
P14969,Shirt,Polyester,Autumn,,7.3,2.8,110,133,8.17,42,North,L,979.0,267098.86
P14970,Hoodie,Linen,Spring,1665.24,14.9,3.1,423,112,13.39,31,South,M,876.91,158717.35
P14971,Trousers,Rayon,Spring,2048.23,24.1,2.9,397,131,17.16,44,North,L,585.74,203653.46
P14972,Trousers,Rayon,Winter,1611.66,34.6,2.9,103,127,14.76,52,Central,L,1363.88,133861.26
P14973,Trousers,Rayon,Winter,2277.75,12.1,4.0,76,114,13.73,45,Central,M,812.6,228244.22
P14974,Hoodie,Denim,Winter,1634.11,26.7,3.9,259,105,10.43,23,Central,S,460.02,125769.28
P14975,Jacket,Linen,Summer,609.61,34.2,2.9,151,101,9.91,58,South,XL,935.82,40513.46
P14976,Sweater,Denim,Winter,2371.16,22.4,5.0,276,127,9.75,48,Central,S,433.38,233682.56
P14977,Sweater,Polyester,Summer,931.48,43.2,3.6,49,121,3.76,31,Central,M,844.71,64018.76
P14978,Shirt,Cotton,Summer,2251.83,43.5,2.7,224,120,11.63,33,Central,S,733.53,152674.07
P14979,Trousers,Rayon,Winter,1445.85,23.5,2.8,498,112,6.99,53,South,L,769.02,123880.43
P14980,Jacket,Linen,Winter,2205.61,48.6,4.0,489,127,12.75,22,Central,L,497.46,143977.81
P14981,Jeans,Rayon,Summer,2180.86,3.8,4.9,140,103,11.15,49,East,L,713.96,216092.69
P14982,T-Shirt,Denim,Spring,1758.09,0.2,3.9,499,113,18.86,28,North,XL,719.01,198266.84
P14983,Jacket,Wool,Autumn,1805.12,19.0,4.9,10,111,9.26,39,Central,S,746.75,162298.34
P14984,Hoodie,Polyester,Autumn,1753.58,30.1,3.6,18,127,13.62,57,Central,M,1305.69,155670.56
P14985,Sweater,Cotton,Autumn,291.71,31.5,3.6,377,139,12.26,45,North,XL,582.81,27775.17
P14986,Sweater,Polyester,Spring,1571.0,23.8,3.8,338,141,14.0,23,Central,M,815.68,168791.38
P14987,Jeans,Wool,Summer,830.36,6.2,4.2,389,116,6.07,56,Central,L,356.82,90349.81
P14988,Jeans,Cotton,Winter,1602.71,8.5,3.4,341,122,5.89,23,East,L,129.11,178910.52
P14989,Hoodie,Wool,Summer,814.23,42.6,4.7,394,101,11.63,37,West,L,653.62,47204.17
P14990,T-Shirt,Polyester,Summer,789.03,43.4,2.6,153,149,17.13,55,South,S,1175.24,66542.06
P14991,Jeans,Denim,Winter,2462.96,33.7,3.6,359,114,14.68,21,South,M,372.29,186155.44
P14992,Shirt,Polyester,Spring,2141.67,33.2,3.8,337,115,10.29,42,North,M,965.96,164523.09
P14993,T-Shirt,Polyester,Autumn,1497.51,29.9,4.0,311,125,5.85,30,East,XL,1105.76,131219.31
P14994,Jeans,Polyester,Autumn,1610.86,10.1,3.2,147,130,15.43,29,South,S,1179.14,188261.21
P14995,Dress,Linen,Summer,1351.25,21.4,3.6,426,112,18.6,26,North,M,950.44,118953.24
P14996,Jacket,Wool,Spring,1841.93,34.8,3.7,367,105,5.05,20,North,XL,510.47,126098.53
P14997,Jeans,Wool,Autumn,1094.37,26.9,4.2,306,122,16.18,49,North,XL,384.62,97598.11
P14998,Shirt,Rayon,Spring,2096.24,0.9,,188,98,4.28,28,South,XL,184.36,203582.64
P14999,Trousers,Wool,Winter,1348.15,47.7,4.3,287,109,18.11,22,West,XL,1310.5,76853.99
P11501,Jacket,Denim,Spring,1023.06,45.5,4.6,27,127,8.82,32,East,S,910.27,70811.1
P12586,Jacket,Denim,Summer,2338.71,14.6,4.1,164,107,1.27,41,East,S,854.66,213706.64
P12653,Dress,Cotton,Spring,1608.52,45.3,4.4,132,121,16.31,53,South,S,1360.94,106463.11
P11055,Dress,Cotton,Spring,1795.2,18.2,3.8,187,132,17.89,27,Central,S,844.58,193838.52
P10705,Dress,Denim,Winter,1459.66,32.8,3.1,177,130,16.38,28,South,XL,798.6,127515.9
P10106,Jacket,Linen,Winter,1108.23,37.0,3.6,91,123,14.19,18,Central,S,884.16,85876.74
P10589,Dress,Linen,Spring,1465.64,4.0,3.3,206,121,3.55,18,Central,L,633.9,170248.74
P12468,T-Shirt,Wool,Summer,1630.01,18.6,4.4,430,125,19.61,43,East,M,303.06,165853.52
P12413,Sweater,Denim,Summer,2500.0,15.0,3.2,412,130,16.64,29,North,M,949.42,276250.0
P11600,Hoodie,Denim,Spring,1657.5,14.6,3.2,497,123,18.85,57,Central,L,953.02,174107.12
P12464,Dress,Denim,Autumn,1519.81,42.5,4.9,275,105,17.23,20,West,M,441.45,91758.53
P10228,T-Shirt,Rayon,Spring,930.63,1.6,4.7,199,140,8.52,47,Central,M,1036.03,128203.59
P10915,Jacket,Cotton,Spring,1776.65,14.6,,280,130,13.04,18,Central,S,837.57,197243.68
P10794,T-SHIRT,Rayon,Winter,2536.78,25.4,3.6,182,115,3.28,47,North,M,1490.63,217630.36
P13021,Jacket,Polyester,Summer,2181.87,5.6,4.3,216,98,19.69,55,East,S,1024.62,201849.16
P13543,Shirt,Cotton,Summer,1574.05,42.6,3.1,44,107,4.08,34,North,L,379.63,96675.0
P11073,Jeans,Wool,Summer,1168.46,19.2,4.4,278,135,5.36,20,South,M,1186.86,127455.62
P13351,Jacket,Polyester,Autumn,2128.17,31.3,3.2,249,126,13.33,26,Central,L,1233.51,184218.65
P11744,Jacket,Denim,Spring,1387.36,26.1,2.9,450,137,1.09,29,Central,L,600.21,140460.49
P11084,Jacket,Linen,Spring,2411.97,6.8,3.4,115,125,8.07,35,South,S,943.07,280994.5
P10926,Dress,Denim,Autumn,-164.29,39.2,2.5,434,126,1.54,28,South,M,770.49,-12585.93
P13049,Trousers,Linen,Autumn,1194.06,30.7,2.8,164,112,13.69,48,West,S,1003.68,92678.16
P11117,Dress,Rayon,Winter,1382.34,44.0,3.4,109,124,11.07,49,West,L,1111.63,95989.69
P10642,Hoodie,Rayon,Winter,1508.4,2.5,3.5,169,119,18.72,30,Central,XL,443.61,175012.11
P14767,Sweater,Linen,Spring,1809.43,26.1,2.9,361,121,5.92,54,West,XL,364.49,161797.42
P10501,Dress,Rayon,Summer,2207.97,8.8,4.2,368,106,7.83,29,Central,XL,597.62,213448.88
P14066,T-Shirt,Cotton,Autumn,1223.76,0.2,2.7,219,109,16.56,59,Central,S,1055.25,133123.06
P10333,Jeans,Cotton,Winter,,23.4,3.3,77,137,15.78,46,South,M,815.38,175519.69
P14684,Shirt,Denim,Spring,-137.64,17.0,4.1,347,115,2.57,41,North,L,1014.54,-13137.74
P10486,Jeans,Wool,Winter,,2.4,3.6,265,115,6.56,28,East,L,814.81,299889.57
P11962,Shirt,Cotton,Winter,2259.8,42.3,3.1,118,114,5.1,54,,L,813.95,148645.12
P10393,Hoodie,Denim,Summer,1822.49,1.4,4.2,445,112,2.11,50,North,XL,876.91,201261.22
P14842,Shirt,Denim,Spring,1520.64,20.7,4.5,309,120,19.14,47,Central,L,786.36,144704.1
P14866,Dress,Cotton,Spring,1722.72,30.5,3.5,475,123,15.07,38,Central,M,264.61,147266.72
P11755,Hoodie,Cotton,Spring,1353.95,33.1,3.2,54,118,12.82,20,East,M,603.13,106883.52
P12515,Trousers,Wool,Winter,2695.26,20.2,4.1,489,124,5.88,24,Central,L,9.48,266701.37
P13585,Sweater,Cotton,Winter,1126.4,39.4,2.8,92,127,9.74,50,West,XL,677.59,86690.0
P14315,Jeans,Denim,Spring,993.18,3.0,4.8,254,131,4.18,27,South,M,1336.61,126203.38
P14966,T-Shirt,Polyester,Autumn,1875.56,5.6,4.3,131,96,1.76,56,Central,XL,711.47,169970.75
P12099,Jeans,Wool,Winter,2441.78,15.7,2.6,116,151,19.96,46,East,XL,821.62,310821.5
P13599,T-Shirt,Linen,Summer,2045.98,36.0,3.9,468,127,19.75,30,West,L,888.98,166297.25
P14121,Sweater,Denim,Summer,1446.86,41.5,3.5,246,110,18.13,58,Central,M,988.26,93105.44
P10029,Trousers,Linen,Autumn,1535.07,2.8,3.9,306,113,14.36,40,East,M,1051.21,168605.95
P10065,Shirt,Denim,Autumn,,21.7,4.2,158,108,6.61,18,East,M,584.13,60268.76
P10838,Trousers,Denim,Summer,2131.33,23.2,4.9,484,119,9.86,26,South,M,1274.38,194786.51
P13906,Jeans,Cotton,Spring,2640.39,36.0,3.7,418,135,11.9,21,South,XL,1360.86,228129.7
P13773,Hoodie,Linen,Winter,1095.95,3.1,4.9,438,128,6.23,41,South,S,915.66,135932.87
P14635,Hoodie,Linen,Summer,1146.25,48.6,,450,126,5.34,47,Central,L,1147.42,74235.74
P13161,T-Shirt,Cotton,Summer,752.91,0.5,4.7,456,123,12.89,29,North,L,322.51,92144.89
P12659,Trousers,Linen,Winter,1892.09,0.7,4.7,392,106,4.64,30,West,XL,725.69,199157.61
