Product_ID,Category,Material,Season,Price,Discount_Percentage,Customer_Rating,Stock_Level,Units_Sold,Return_Rate,Customer_Age,Region,Size,Production_Cost,Revenue
P10000,Sweater,Denim,Winter,0.9055162840648905,0.524,0.8399999999999999,0.3619631901840491,0.2860169491525424,0.3543970510795156,0.1951219512195122,East,S,0.6446105202644437,0.5735631455145418
P10001,Trousers,Wool,Summer,0.4117946485092231,0.022000000000000002,0.28000000000000025,0.29243353783231085,0.48940677966101687,0.3543970510795156,0.43902439024390244,North,S,0.3642857142857142,0.3835064941765587
P10002,Dress,Linen,Spring,0.530562344300656,0.716,0.6000000000000001,0.6687116564417179,0.5063559322033897,0.30963665086887837,0.4634146341463415,North,XL,0.3828351058733352,0.3327398417084462
P10003,Sweater,Denim,Winter,0.7190077601655332,0.11,0.9199999999999999,0.7505112474437629,0.3707627118644068,0.764612954186414,0.6585365853658538,South,XL,0.4674571236945482,0.603793712769104
P10004,Jeans,Cotton,Winter,0.3855788944913533,0.79,0.08000000000000007,0.6257668711656442,0.40466101694915246,0.6898367561874672,0.7560975609756098,Central,S,0.4638545559068697,0.22204864299625807
P10005,Hoodie,Wool,Spring,0.3101125444461591,0.168,0.52,0.8139059304703478,0.5063559322033897,0.3417588204318062,0.8048780487804879,South,M,0.6389048577177349,0.2719944384531374
P10006,Dress,Linen,Spring,0.5485108765144763,0.34600000000000003,0.44000000000000017,0.17995910020449898,0.4555084745762712,0.14639283833596628,0.3658536585365854,East,M,0.5242358915397145,0.42444759339468574
P10007,Dress,Cotton,Summer,0.16173402221599342,0.762,0.52,0.4867075664621677,0.5911016949152543,0.5186940494997367,0.902439024390244,West,L,0.5964645012934751,0.10929505716679214
P10008,Sweater,Cotton,Autumn,0.4461610958714281,0.9540000000000001,0.52,0.07566462167689163,0.48940677966101687,0.9194312796208532,0.39024390243902446,North,L,0.7081057775222763,0.23279090093943625
P10009,Shirt,Cotton,Winter,0.5468668804071567,0.37200000000000005,0.40000000000000013,0.736196319018405,0.7097457627118642,0.12374934175882045,0.2439024390243903,West,L,0.3856136820925553,0.4668644343682005
P10010,Jeans,Cotton,Autumn,0.44955301887446103,0.8300000000000001,0.08000000000000007,0.15950920245398773,0.5911016949152543,0.7535545023696684,0.07317073170731708,South,M,0.7095717160103476,0.2705911033705343
P10011,Sweater,Denim,Winter,0.20890600247544244,0.19,0.08000000000000007,0.703476482617587,0.48940677966101687,0.5997893628225384,0.9512195121951221,South,L,0.5054134329788252,0.1812075587506106
P10012,Jeans,Rayon,Summer,0.8018091043370632,0.8079999999999999,0.040000000000000036,0.6666666666666667,0.5911016949152543,0.5887309110057926,0.9512195121951221,North,S,0.170465651049152,0.48184931652962726
P10013,Jeans,Denim,Spring,0.520128323029488,0.658,0.40000000000000013,0.7055214723926382,0.48940677966101687,0.93522906793049,1.0,South,M,0.5352256395515952,0.33729325153934253
P10014,Hoodie,Denim,Summer,0.7710014991228871,0.192,0.72,0.5132924335378324,0.23516949152542366,0.956292785676672,0.4146341463414634,West,M,0.3023186739484526,0.5779564619346289
P10015,Dress,Linen,Spring,0.4514269224833789,0.302,0.20000000000000018,0.6687116564417179,0.5741525423728815,0.243812532912059,0.12195121951219517,South,L,0.3114688128772635,0.3788548305495336
P10016,Trousers,Linen,Autumn,0.3342717286209644,0.132,0.6399999999999999,0.9509202453987732,0.5911016949152543,0.8088467614533966,0.7560975609756098,West,S,0.35821117179266065,0.3093776389739297
P10017,Hoodie,Rayon,Autumn,0.5514303868429921,0.38200000000000006,0.6800000000000002,0.30265848670756645,0.9809322033898304,0.6213796735123751,0.09756097560975613,East,S,0.4906486538277282,0.5213540400046
P10018,Hoodie,Linen,Summer,0.45978862682233185,0.204,0.2400000000000002,0.030674846625766878,0.3368644067796609,0.40916271721958924,0.34146341463414637,Central,M,0.32143336207722517,0.36370402573162985
P10019,Jeans,Polyester,Spring,0.278007379085976,0.644,0.6000000000000001,0.7484662576687118,0.40466101694915246,0.6661400737230122,0.3658536585365854,North,M,0.6831273354412186,0.17999073472407723
P10020,Jacket,Rayon,Summer,0.7783018496530915,0.9940000000000001,0.6800000000000002,0.6584867075664623,0.5572033898305082,0.956292785676672,0.39024390243902446,South,L,0.6617897863370699,0.393428143161511
P10021,Dress,Linen,Spring,0.38297747536367904,0.012,0.4800000000000002,0.6543967280163601,0.8622881355932202,0.5171142706687731,0.878048780487805,North,S,0.8747676535402893,0.41957089607958176
P10022,Shirt,Rayon,Spring,0.15281802033894037,0.54,0.32000000000000006,0.5480572597137016,0.3877118644067796,0.9404949973670353,0.34146341463414637,South,M,0.48946536361023274,0.10888385969685344
P10023,Hoodie,Denim,Autumn,0.751541246350612,0.574,0.6000000000000001,0.2392638036809816,0.4216101694915253,0.6429699842022119,0.8292682926829269,East,XL,0.4318721854939158,0.4950564523994713
P10024,Trousers,Denim,Autumn,0.4052690547652266,0.914,0.9600000000000002,0.39059304703476483,0.43855932203389836,0.48341232227488157,0.17073170731707316,West,S,0.532092555331992,0.21497675098385263
P10025,Jacket,Rayon,Spring,0.3857080206223879,0.506,0.44000000000000017,0.6462167689161555,0.47245762711864403,0.6445497630331755,0.8292682926829269,North,XL,0.6253616939733639,0.2761216932177644
P10026,Jacket,Polyester,Spring,0.16696835464964305,0.544,0.40000000000000013,0.5869120654396729,0.6419491525423728,0.6029489204844656,0.853658536585366,East,M,0.6867921816613969,0.1297696004292706
P10027,Shirt,Polyester,Spring,0.8295397283312178,0.47200000000000003,0.4800000000000002,0.8077709611451944,0.5572033898305082,0.4218009478672986,0.6341463414634148,East,L,0.4139743221232154,0.6210253846533177
P10028,Hoodie,Rayon,Autumn,0.2568968313707211,0.268,0.08000000000000007,0.7157464212678938,0.5741525423728815,0.5629278567667194,0.3170731707317073,Central,M,0.6456692536169397,0.22135414418686292
P10029,Trousers,Linen,Autumn,0.5116091477990293,0.055999999999999994,0.56,0.605316973415133,0.3877118644067796,0.7035281727224856,0.5365853658536586,East,M,0.6448404713998275,0.44611963735444127
P10030,Dress,Wool,Winter,0.49831545513811765,0.408,0.32000000000000006,0.3946830265848671,0.6927966101694913,0.8393891521853609,0.4634146341463415,Central,XL,0.9261617322985531,0.41403030969616383
P10031,T-Shirt,Polyester,Spring,0.5802538588241962,0.052000000000000005,0.11999999999999988,0.997955010224949,0.5911016949152543,0.30437072143233285,0.12195121951219517,East,M,0.7041726549774838,0.5573105140442155
P10032,Trousers,Cotton,Winter,0.4892923730548408,0.55,0.4800000000000002,0.7995910020449899,0.40466101694915246,0.014744602422327543,0.5609756097560976,West,L,0.770494394941075,0.32807371659110474
P10033,Shirt,Denim,Spring,0.17900857901416928,0.308,0.0,0.9038854805725973,0.777542372881356,0.5513428120063193,0.5365853658536586,East,XL,0.7868927852831273,0.16459403496019395
P10034,Jacket,Rayon,Autumn,0.3475559730283857,0.534,0.40000000000000013,0.572597137014315,0.6419491525423728,0.4897314375987362,0.853658536585366,West,XL,0.40601226406055374,0.2639186015049277
P10035,Dress,Cotton,Winter,0.5360517795785449,0.134,0.11999999999999988,0.7934560327198366,0.777542372881356,0.05423907319641916,0.26829268292682934,South,L,0.3913337165852256,0.5354777317358322
P10036,Trousers,Rayon,Winter,0.35181713535253006,0.932,0.040000000000000036,0.6134969325153375,0.4216101694915253,0.6329647182727752,0.024390243902439046,East,XL,0.6444188943182907,0.18443639032867123
P10037,T-Shirt,Denim,Summer,0.5389933358318714,0.8940000000000001,0.8399999999999999,0.7873210633946831,0.4555084745762712,0.9420747761979991,0.6341463414634148,East,L,0.44955446967519397,0.2882100108041968
P10038,T-Shirt,Denim,Spring,0.6293910758096365,0.19,0.9199999999999999,0.8691206543967281,0.2521186440677965,0.4023170089520801,0.7560975609756098,South,XL,0.6134665133659096,0.47787421747958103
P10039,Jeans,Polyester,Autumn,0.6824430191579086,0.344,0.20000000000000018,0.5092024539877301,0.6080508474576272,0.8946814112690891,0.6829268292682928,Central,M,0.49058158474657465,0.5655211181912054
P10040,Jeans,Polyester,Summer,0.26885832028949447,0.614,0.52,0.8609406952965236,0.5911016949152543,0.8135860979462876,0.9512195121951221,West,M,0.5601513844974608,0.1921150199965451
P10041,Sweater,Cotton,Summer,0.9156542600600277,0.096,0.28000000000000025,0.47034764826175873,0.1673728813559321,0.16166403370194843,0.9512195121951221,South,S,0.5489173134042349,0.6933458838232827
P10042,Shirt,Rayon,Spring,0.6455916811277435,0.354,0.4800000000000002,0.0040899795501022525,0.21822033898305082,0.7877830437072145,0.7804878048780488,South,XL,0.6051164127622879,0.4401237744817155
P10043,Hoodie,Denim,Summer,0.5002397494323174,0.252,0.44000000000000017,0.35378323108384463,0.31991525423728806,0.5171142706687731,0.6829268292682928,North,L,0.3311775414391108,0.3821093852244349
P10044,Trousers,Cotton,Spring,0.7064478818590382,0.9159999999999999,0.28000000000000025,0.48875255623721886,0.7605932203389831,0.9189046866771986,0.7804878048780488,South,L,0.31643192488262906,0.41878851208975626
P10045,Trousers,Wool,Summer,0.947542115589933,0.8520000000000001,0.72,0.9918200408997957,0.5911016949152543,0.18957345971563982,0.853658536585366,Central,XL,0.4873191530133179,0.5474481001173688
P10046,Hoodie,Cotton,Spring,0.22869694411987948,0.58,0.11999999999999988,0.8282208588957056,0.6419491525423728,0.12532912058978413,0.39024390243902446,Central,M,0.5176918654785857,0.17143494001234907
P10047,Sweater,Polyester,Autumn,0.4579966080769969,0.52,0.040000000000000036,0.21063394683026587,0.4555084745762712,0.24117956819378622,0.21951219512195125,Central,L,0.7417313404234933,0.32100641355933146
P10048,Jacket,Cotton,Spring,0.05112331860455602,0.93,0.7600000000000002,0.5889570552147241,0.5911016949152543,0.059505002632964724,0.0,West,S,0.5626712656893743,0.03998718657386309
P10049,Jacket,Linen,Spring,0.5369682601671081,0.932,0.6800000000000002,0.4969325153374234,0.01483050847457612,0.3201685097419695,0.39024390243902446,West,L,0.5355897288492861,0.22262891339586452
P10050,Sweater,Linen,Winter,0.5696119759762407,0.97,0.4800000000000002,0.5869120654396729,0.43855932203389836,0.28330700368615064,1.0,East,L,0.46464022228609747,0.28265630241670103
P10051,Jacket,Linen,Autumn,0.493163007568051,0.126,0.4800000000000002,0.7484662576687118,0.5402542372881354,0.4165350184307531,0.6585365853658538,South,L,0.5754143911085561,0.4465628336623012
P10052,Jeans,Wool,Autumn,0.3768802024445781,0.16,0.4800000000000002,0.556237218813906,0.3707627118644068,0.46340179041600854,0.902439024390244,Central,S,0.4675960525055092,0.3109014285968008
P10053,Trousers,Cotton,Autumn,0.11327707948185783,0.6759999999999999,0.44000000000000017,0.24335378323108386,0.625,0.14481305950500267,0.853658536585366,South,S,0.3305403851681517,0.08425596649339669
P10054,Sweater,Cotton,Summer,0.5711488918773364,0.542,0.52,0.6891615541922291,0.5233050847457625,0.6197998946814114,0.6341463414634148,East,L,0.65439302481556,0.4051337149579237
P10055,Trousers,Wool,Winter,0.7755902009013633,0.018000000000000002,0.4800000000000002,0.8977505112474439,0.3368644067796609,0.22380200105318587,0.878048780487805,East,S,0.4293954201398869,0.6696231360428858
P10056,Hoodie,Polyester,Autumn,0.388882633795143,0.062000000000000006,0.52,0.5276073619631902,0.7097457627118642,0.12216956292785676,0.5853658536585367,Central,M,0.4395036887994634,0.3912964252287371
P10057,T-Shirt,Polyester,Summer,0.5837213678551519,0.888,0.6800000000000002,0.1411042944785276,0.2521186440677965,0.7093206951026858,0.8048780487804879,South,L,0.29643575740155215,0.283344054184302
P10058,Jeans,Cotton,Summer,0.20423856525121337,0.868,0.72,0.883435582822086,0.48940677966101687,0.022643496577145872,0.04878048780487804,East,S,0.5554038516815176,0.12130002894282488
P10059,Dress,Polyester,Summer,0.5869621188023393,0.358,0.3600000000000001,0.37218813905930476,0.40466101694915246,0.36861506055818855,0.6829268292682928,North,S,0.746354316374437,0.43982080253879274
P10060,Jeans,Rayon,Winter,0.426228430424636,0.892,0.40000000000000013,0.9406952965235175,0.43855932203389836,0.14428646656134808,0.8292682926829269,West,S,0.2549391587620964,0.22937543427880228
P10061,Sweater,Rayon,Summer,0.3564940208302495,0.594,0.3600000000000001,0.5030674846625768,0.6758474576271185,0.883096366508689,0.9756097560975612,South,M,0.2696081249401169,0.26422903984336543
P10062,Dress,Wool,Winter,0.35688139922335355,0.8059999999999999,0.52,0.2392638036809816,0.6927966101694913,0.8246445497630334,0.21951219512195125,Central,S,0.5587237711986203,0.23037541036649234
P10063,T-Shirt,Rayon,Spring,0.42618433857501437,0.428,0.44000000000000017,0.06134969325153375,0.23516949152542366,0.06055818852027384,0.902439024390244,East,XL,0.5387850915013892,0.2841523597133737
P10064,Sweater,Rayon,Summer,0.5728306809986173,0.114,0.8800000000000001,0.948875255623722,0.6588983050847457,0.5508162190626648,0.902439024390244,West,XL,0.4324853885216058,0.5497504041031539
P10065,Shirt,Denim,Autumn,0.49831545513811765,0.434,0.6800000000000002,0.30265848670756645,0.3029661016949152,0.2954186413902054,0.0,East,M,0.4210788540768419,0.34103510634677353
P10066,Trousers,Denim,Summer,0.4255229608306904,0.45799999999999996,0.8800000000000001,0.030674846625766878,0.3877118644067796,0.19273301737756715,0.0,West,M,0.5424930535594519,0.30056151263120634
P10067,T-Shirt,Denim,Spring,0.49272838790749524,0.55,0.72,0.556237218813906,0.8961864406779663,0.31174302264349657,0.7560975609756098,South,S,0.2276851585704704,0.40724258720873985
P10068,Trousers,Rayon,Spring,0.292885228915435,0.106,0.9600000000000002,0.7177914110429449,0.6080508474576272,0.8162190626645605,0.5121951219512195,East,M,0.31296828590591164,0.276683905358451
P10069,Jacket,Wool,Summer,0.8400713815551194,0.9920000000000001,0.6399999999999999,0.785276073619632,0.6588983050847457,0.05792522380200106,0.43902439024390244,West,S,0.35548050205997883,0.4436522540924033
P10070,Shirt,Linen,Spring,0.33928245238867594,0.244,0.52,0.7505112474437629,0.3368644067796609,0.648762506582412,0.8292682926829269,North,S,0.44441410366963685,0.26455830540504527
P10071,Shirt,Linen,Winter,0.3740646229044561,0.198,0.15999999999999992,0.2065439672801636,0.48940677966101687,0.9136387572406532,0.12195121951219517,South,S,0.4482849477819296,0.3200019725175128
P10072,T-Shirt,Polyester,Winter,0.3156996116767815,0.526,0.040000000000000036,0.14519427402862986,0.6588983050847457,0.44813059505002634,0.8048780487804879,Central,XL,0.12693302673181947,0.24320632424040464
P10073,Shirt,Linen,Summer,0.8404146680986019,0.538,0.56,0.39263803680981596,0.6927966101694913,0.9020537124802529,0.34146341463414637,South,XL,0.3136677206093705,0.6405194984050687
P10074,Dress,Linen,Winter,0.6050429265650243,0.44,1.0,0.6564417177914111,0.5911016949152543,0.9073196419167985,1.0,East,L,0.5833716585225639,0.47089690807879864
P10075,Shirt,Denim,Winter,0.323579455087727,0.772,0.40000000000000013,0.22494887525562374,0.2860169491525424,0.6097946287519749,0.04878048780487804,Central,M,0.5734741784037558,0.18075600305640993
P10076,Trousers,Denim,Autumn,0.7096035985248125,0.516,0.20000000000000018,0.5971370143149285,0.5911016949152543,0.4560294892048447,0.878048780487805,South,XL,0.6248395132700968,0.5256973489384472
P10077,Trousers,Rayon,Summer,0.5384894289790532,0.61,0.52,0.8323108384458079,0.3877118644067796,0.7382833070036863,0.5121951219512195,Central,M,0.5758311775414391,0.3435589712785376
P10078,Sweater,Polyester,Spring,0.5491754036766303,0.7240000000000001,0.6399999999999999,0.7075664621676893,0.3368644067796609,0.9167983149025805,0.6829268292682928,South,S,0.4854316374437098,0.3158827050597158
P10079,Trousers,Cotton,Summer,0.43546882233819073,0.026000000000000002,0.32000000000000006,0.6932515337423314,0.4555084745762712,0.6803580832016852,0.3170731707317073,North,M,0.36062086806553606,0.3983550464052604
P10080,Sweater,Polyester,Winter,0.3589505667377385,0.5700000000000001,0.72,0.7484662576687118,0.3877118644067796,0.2095839915745129,0.7073170731707319,North,S,0.3587668870365047,0.2383928060262196
P10081,T-Shirt,Polyester,Autumn,0.5643902412139116,0.8840000000000001,0.9600000000000002,0.6482617586912066,0.3877118644067796,0.8204318062137967,0.34146341463414637,North,M,0.3785666379227747,0.2941960259725389
P10082,Dress,Wool,Summer,0.3975624293349374,0.018000000000000002,0.8800000000000001,0.5644171779141105,0.2860169491525424,0.9520800421274355,0.6829268292682928,South,XL,0.6188272492095429,0.3364061643752026
P10083,Hoodie,Rayon,Summer,0.843866430040407,0.406,0.28000000000000025,0.2147239263803681,0.5233050847457625,0.41074249605055296,0.3170731707317073,Central,M,0.576497077704321,0.6474659996223641
P10084,Sweater,Wool,Winter,0.2607139257808194,0.9259999999999999,0.32000000000000006,0.0736196319018405,0.47245762711864403,0.6977356503422856,0.04878048780487804,North,S,0.3617179266072626,0.14395488372217627
P10085,Jeans,Polyester,Winter,0.7908428314526059,0.354,0.3600000000000001,0.5930470347648262,0.5911016949152543,0.5186940494997367,0.5121951219512195,West,XL,0.554948740059404,0.6458653383725798
P10086,Jacket,Polyester,Summer,0.47952917778148707,0.45799999999999996,0.40000000000000013,0.8609406952965236,0.43855932203389836,0.11216429699842022,0.7804878048780488,West,S,0.5907205135575356,0.3458432666160043
P10087,T-Shirt,Polyester,Winter,0.5570804424302167,0.9820000000000001,0.11999999999999988,0.3680981595092025,0.31991525423728806,0.3501843075302791,0.5365853658536586,North,S,0.5741736131072146,0.2590172725262145
P10088,Trousers,Linen,Winter,0.6580003873783931,0.2,0.52,0.2903885480572597,0.4216101694915253,0.16377040547656663,0.14634146341463422,North,XL,0.629141515761234,0.5413290045106951
P10089,Shirt,Wool,Winter,0.3814689042230543,0.066,0.3600000000000001,0.23108384458077713,0.47245762711864403,0.6740389678778306,0.4634146341463415,East,M,0.5077368975759318,0.34541971610630995
P10090,Hoodie,Polyester,Winter,0.663877201049386,0.86,0.8800000000000001,0.4846625766871166,0.879237288135593,0.582411795681938,0.14634146341463422,West,L,0.46264731244610513,0.4331600831910253
P10091,Trousers,Denim,Winter,0.0,0.868,0.9199999999999999,0.8691206543967281,0.5741525423728815,0.033701948393891526,0.39024390243902446,West,L,0.5111143048768803,0.01232595236727403
P10092,T-Shirt,Rayon,Autumn,0.36451243862572,0.47200000000000003,0.040000000000000036,0.1901840490797546,0.26906779661016955,0.061611374407582936,0.7560975609756098,North,M,0.6464453386988598,0.24243282054823484
P10093,Jacket,Rayon,Winter,0.32594781729597283,0.514,1.0,0.5296523517382414,0.5572033898305082,0.2611901000526593,0.34146341463414637,East,M,0.6095860879563092,0.24223948803446865
P10094,Jacket,Denim,Spring,0.2636964244659375,0.836,0.72,0.21676891615541924,0.7097457627118642,0.7451290152711955,0.2926829268292683,Central,XL,0.5141228322314841,0.1704105058981548
P10095,Jacket,Rayon,Summer,0.45994609771383754,0.738,0.52,0.4969325153374234,0.35381355932203395,0.1269088994207478,0.04878048780487804,East,S,0.6655121203410941,0.2660886188220042
P10096,Shirt,Linen,Autumn,0.57345741514681,0.266,0.40000000000000013,0.8629856850715748,0.5402542372881354,0.20484465508162192,0.5853658536585367,East,XL,0.767461914343202,0.4821777139057821
P10097,Trousers,Linen,Autumn,0.6333435951864297,0.016,0.52,0.6830265848670758,0.5572033898305082,0.9078462348604529,0.7560975609756098,West,XL,0.8683386030468525,0.6094873478579284
P10098,Jacket,Cotton,Winter,0.5460826753674582,0.48,0.32000000000000006,0.04498977505112475,0.5741525423728815,0.5466034755134282,0.3658536585365854,North,S,0.866321739963591,0.41232132369816077
P10099,Dress,Cotton,Summer,0.37477009249840165,0.858,0.6399999999999999,0.736196319018405,0.5572033898305082,0.6213796735123751,0.0,North,S,0.9626233592028359,0.21962514031118346
P10100,Sweater,Cotton,Spring,0.5702953996453756,0.8959999999999999,0.08000000000000007,0.5521472392638038,0.5063559322033897,0.4560294892048447,0.04878048780487804,North,M,0.6944380569129058,0.3107329261890495
P10101,Shirt,Rayon,Winter,0.52404934822798,0.956,0.6399999999999999,0.9672801635991821,0.47245762711864403,0.3001579778830964,0.4634146341463415,East,S,0.11649899396378266,0.26846719910748545
P10102,Shirt,Linen,Summer,0.6774448930615176,0.88,0.28000000000000025,0.2842535787321064,0.3029661016949152,0.2490784623486046,0.6585365853658538,East,S,0.5310338219794959,0.3371783037758331
P10103,Trousers,Linen,Winter,0.6473774010374181,0.58,0.0,0.9509202453987732,0.6080508474576272,0.5897840968931017,0.5121951219512195,South,M,0.28958992047523235,0.4641945654364329
P10104,Shirt,Linen,Winter,0.5063244246800979,0.444,0.56,0.9263803680981596,0.15042372881355925,0.4713006845708268,0.853658536585366,Central,XL,0.7414582734502251,0.3179649860281663
P10105,Shirt,Denim,Winter,0.49831545513811765,0.774,0.56,0.7832310838445808,0.5911016949152543,0.4033701948393892,0.9756097560975612,South,L,0.4555763150330554,0.3116363352410594
P10106,Jacket,Linen,Winter,0.37717939713843895,0.74,0.44000000000000017,0.16564417177914112,0.5572033898305082,0.6945760926803581,0.0,Central,S,0.5648126856376352,0.2409073441649152
P10107,Trousers,Denim,Winter,0.39667429350684524,0.538,0.08000000000000007,0.768916155419223,0.3368644067796609,0.40442338072669826,0.3170731707317073,South,XL,0.4795774647887323,0.2612809546587877
P10108,Jacket,Cotton,Winter,0.44098975179438077,0.08800000000000001,0.8800000000000001,0.8936605316973416,0.48940677966101687,0.03686150605581885,0.34146341463414637,South,XL,0.7590112101178499,0.397800027801781
P10109,Sweater,Cotton,Winter,0.5512162264305442,0.9259999999999999,0.6000000000000001,0.7014314928425359,0.5402542372881354,0.8399157451290153,0.7560975609756098,South,L,0.3301858771677685,0.2977880815689571
P10110,Hoodie,Rayon,Spring,0.6357056585590153,0.456,0.11999999999999988,0.8609406952965236,0.40466101694915246,0.3185887309110058,0.4146341463414634,South,S,0.6021318386509533,0.4490225520864185
P10111,Sweater,Cotton,Autumn,0.49090487498385915,0.364,0.52,0.3169734151329244,0.5741525423728815,0.9468141126908901,0.902439024390244,East,XL,0.350665900162882,0.39757846685580206
P10112,Hoodie,Rayon,Spring,0.5036096265105395,0.63,0.4800000000000002,0.6830265848670758,0.5402542372881354,0.8799368088467616,0.5121951219512195,Central,XL,0.19352304302002488,0.3408389212234252
P10113,Jacket,Polyester,Winter,0.5276428339721402,0.674,0.08000000000000007,0.036809815950920255,0.6588983050847457,0.23380726698262244,0.3658536585365854,South,S,0.5274983232729711,0.36435680202522375
P10114,Sweater,Polyester,Winter,0.4030770599554672,0.21,0.6000000000000001,0.1390593047034765,0.5741525423728815,0.9657714586624541,0.2439024390243903,South,S,0.32458560889144383,0.355608319737548
P10115,Trousers,Wool,Spring,0.3256958638695637,0.836,0.8,0.9141104294478529,0.6080508474576272,0.8541337546076884,0.14634146341463422,North,XL,0.28567116987640123,0.1997414593117164
P10116,T-Shirt,Rayon,Spring,0.1688485570942212,0.29,0.7600000000000002,0.26789366053169733,0.43855932203389836,0.9857819905213271,0.1951219512195122,East,M,0.2749209542972118,0.13779401598909993
P10117,Jacket,Wool,Autumn,0.36920507119259005,0.18600000000000003,0.20000000000000018,0.5214723926380369,0.7266949152542375,0.6782517114270671,0.0,West,M,0.4446201015617514,0.35192540232461383
P10118,Hoodie,Wool,Spring,0.5899729622479284,0.406,0.8800000000000001,0.42535787321063395,0.4555084745762712,0.9310163243812534,1.0,North,XL,0.6346603430104436,0.44051366419834076
P10119,Dress,Polyester,Autumn,0.36773744248375684,0.73,0.3600000000000001,0.018404907975460124,0.35381355932203395,0.6903633491311217,0.17073170731707316,West,S,0.2905145156654211,0.21640890982588565
P10120,Hoodie,Rayon,Winter,0.4556282458687511,0.966,0.9600000000000002,0.2842535787321064,0.8453389830508473,0.8557135334386521,0.2439024390243903,South,S,0.6559595669253617,0.27158177747045664
P10121,Dress,Polyester,Summer,0.5887037468623924,0.81,0.08000000000000007,0.9243353783231085,0.5063559322033897,0.610847814639284,0.09756097560975613,Central,M,0.4232106927277953,0.34311823069544833
P10122,Shirt,Wool,Summer,0.5989551018994138,0.9400000000000001,0.4800000000000002,0.2740286298568507,0.5402542372881354,0.9294365455502897,0.6829268292682928,West,M,0.3475759317811631,0.31858189385692753
P10123,Sweater,Rayon,Summer,0.29657004777666846,0.14,0.6000000000000001,0.5194274028629858,0.3707627118644068,0.5181674565560822,0.12195121951219517,West,L,0.6750311392162498,0.24809279484399002
P10124,Dress,Wool,Summer,0.6889749117375652,0.07200000000000001,0.2400000000000002,0.6114519427402864,0.6080508474576272,0.7367035281727227,0.26829268292682934,West,M,0.6390916930152342,0.6600769400895431
P10125,Hoodie,Linen,Winter,0.7135939109155671,0.5579999999999999,0.7600000000000002,0.8302658486707568,0.5233050847457625,0.9173249078462351,0.9268292682926831,Central,S,0.6174379610999329,0.49887116037509976
P10126,Shirt,Rayon,Summer,0.287061955347554,0.29,0.6399999999999999,0.5255623721881392,0.5911016949152543,0.4228541337546077,0.14634146341463422,North,M,0.533841142090639,0.24582903829551467
P10127,T-Shirt,Rayon,Spring,0.3448884161262791,0.828,0.0,0.1901840490797546,0.5233050847457625,0.026329647182727747,0.26829268292682934,East,XL,0.34640701350962916,0.2047745044372218
P10128,Trousers,Wool,Spring,0.7256372846979235,0.672,0.6000000000000001,0.7586912065439674,0.6927966101694913,0.11321748288572935,0.7804878048780488,Central,L,0.6790504934368111,0.5057346382509048
P10129,Trousers,Linen,Summer,0.4728146189676838,0.97,0.4800000000000002,0.49079754601226994,0.3029661016949152,0.9726171669299631,0.43902439024390244,North,L,0.5046756730861358,0.22268184790758858
P10130,Trousers,Denim,Spring,0.08110262692941216,0.254,0.20000000000000018,0.4826175869120655,0.9809322033898304,0.873617693522907,0.853658536585366,South,S,0.5199913768324231,0.0817722365381881
P10131,Dress,Polyester,Autumn,0.23607288067800672,0.48600000000000004,0.52,0.3353783231083845,0.5233050847457625,0.48341232227488157,0.43902439024390244,North,XL,0.5569991376832423,0.17788868393095753
P10132,T-Shirt,Wool,Winter,0.453442549894652,0.502,0.8800000000000001,0.6625766871165645,0.48940677966101687,0.9615587151132178,0.48780487804878053,West,M,0.6430056529654116,0.3264458935370384
P10133,Dress,Rayon,Summer,0.2807883150299667,0.24,0.28000000000000025,0.3006134969325154,0.48940677966101687,0.18588730911005796,0.43902439024390244,North,L,0.2665564817476286,0.23626007107611646
P10134,Sweater,Polyester,Summer,0.42244283019283885,0.59,0.56,0.4437627811860941,0.21822033898305082,0.11111111111111112,0.1951219512195122,North,L,0.4944524288588674,0.2533933651376977
P10135,Dress,Polyester,Winter,0.506686607730561,0.444,0.32000000000000006,0.8732106339468304,0.7436440677966103,0.6018957345971565,0.5121951219512195,West,XL,0.435316661876018,0.4208150307422014
P10136,T-Shirt,Polyester,Spring,0.7768783127938799,0.446,0.7600000000000002,0.21881390593047037,0.6080508474576272,0.382306477093207,0.43902439024390244,South,L,0.7138401839609083,0.6052242344612899
P10137,T-Shirt,Denim,Winter,0.44567923494342065,0.36200000000000004,0.9199999999999999,0.47034764826175873,0.777542372881356,0.34017904160084256,0.878048780487805,North,XL,0.7498514898917312,0.39417525401372083
P10138,Sweater,Cotton,Winter,0.703238625090152,0.016,0.3600000000000001,0.1411042944785276,0.6927966101694913,0.7345971563981043,0.2439024390243903,Central,S,0.5426463543163744,0.7188540675384837
P10139,T-Shirt,Wool,Spring,0.7705511323731807,0.522,0.8,0.4498977505112475,0.47245762711864403,0.1500789889415482,0.5853658536585367,South,L,0.31178499568841617,0.5377797876686103
P10140,Hoodie,Cotton,Winter,0.7715998885106088,0.336,0.4800000000000002,0.14928425357873212,0.43855932203389836,0.778830963665087,0.8292682926829269,West,M,0.41567021174667046,0.5930149166179739
P10141,T-Shirt,Cotton,Spring,0.5543719430963185,0.002,0.40000000000000013,0.36400817995910023,0.5911016949152543,0.3596629805160611,0.09756097560975613,Central,XL,0.1375347322027402,0.5454436333772585
P10142,Trousers,Cotton,Spring,0.1295721673348682,0.308,0.9199999999999999,0.16155419222903886,0.6758474576271185,0.9873617693522908,0.7317073170731709,North,S,0.646493245185398,0.11574009442484991
P10143,Hoodie,Polyester,Winter,0.587642393053644,0.278,0.52,0.7218813905930471,0.625,0.8093733543970513,0.3170731707317073,West,M,0.4184296253712752,0.5097400245731231
P10144,Hoodie,Linen,Autumn,0.6986751186543166,0.394,0.4800000000000002,0.3231083844580777,0.879237288135593,0.6466561348077936,0.2926829268292683,West,XL,0.6746526779725974,0.6300756730347827
P10145,Sweater,Polyester,Spring,0.4852453711431441,0.132,0.6800000000000002,0.7259713701431494,0.6758474576271185,0.22959452343338604,0.8048780487804879,Central,M,0.42010635240011496,0.46501676193390457
P10146,Jeans,Polyester,Winter,0.8302294508360128,0.508,0.28000000000000025,0.34355828220858897,0.20127118644067798,0.9568193786203266,0.8048780487804879,North,L,0.4721711219699147,0.5085827332683037
P10147,Jeans,Rayon,Spring,0.6630426053244057,0.6920000000000001,0.32000000000000006,0.6400817995910022,0.8114406779661016,0.03317535545023696,0.4146341463414634,West,S,0.4462920379419373,0.479192693628441
P10148,T-Shirt,Rayon,Autumn,0.6079466898043896,0.63,0.9199999999999999,0.7934560327198366,0.40466101694915246,0.22327540810953134,0.12195121951219517,South,XL,0.271131551212034,0.3844899251286725
P10149,Hoodie,Cotton,Autumn,0.7058526418891466,0.804,0.6800000000000002,0.32719836400818,0.43855932203389836,0.03686150605581885,1.0,South,XL,0.26654210980166715,0.3981516181341036
P10150,Jeans,Polyester,Summer,0.5635587949067614,0.452,0.8399999999999999,0.8711656441717792,0.3368644067796609,0.9668246445497631,0.48780487804878053,Central,S,0.7842723004694834,0.3869186865374985
P10151,Jeans,Cotton,Spring,0.029508864036482927,0.52,0.28000000000000025,0.8220858895705523,0.3029661016949152,0.8720379146919431,0.9512195121951221,South,M,0.39123790361214905,0.028741951548103776
P10152,T-Shirt,Rayon,Spring,0.40624537429256197,0.81,0.56,0.06339468302658488,0.5233050847457625,0.9526066350710901,0.09756097560975613,East,S,0.6080291271438152,0.24228329419552988
P10153,Jeans,Linen,Winter,0.7267868222059152,0.428,0.9600000000000002,0.245398773006135,0.7097457627118642,0.7156398104265403,0.024390243902439046,North,S,0.8787295199770049,0.598789094518217
P10154,Dress,Wool,Spring,0.34795909851064033,0.7020000000000001,0.32000000000000006,0.43762781186094074,0.2860169491525424,0.02738283307003686,0.12195121951219517,West,S,0.4409792085848423,0.20280429381739787
P10155,Shirt,Cotton,Summer,0.4583367452026493,0.434,0.15999999999999992,0.0040899795501022525,0.13347457627118642,0.9320695102685626,0.17073170731707316,West,S,0.5667385263964739,0.2878780910753405
P10156,Sweater,Linen,Autumn,0.30312713569896604,0.418,0.52,0.785276073619632,0.5063559322033897,0.42127435492364407,0.024390243902439046,Central,L,0.5420618951806073,0.23346056964281656
P10157,Shirt,Wool,Autumn,0.8376620769150821,0.76,0.40000000000000013,0.46421267893660534,0.7944915254237288,0.36861506055818855,0.5365853658536586,Central,XL,0.5485675960525054,0.5694505506826368
P10158,T-Shirt,Denim,Summer,0.818308904349031,0.174,0.15999999999999992,0.8670756646216771,0.40466101694915246,0.28436018957345977,0.4634146341463415,West,M,0.5708393216441505,0.6756316248136749
P10159,Trousers,Cotton,Spring,0.33354421310220805,0.33799999999999997,0.8800000000000001,0.9713701431492844,0.40466101694915246,0.2869931542917325,0.07317073170731708,South,M,0.3281067356520072,0.25575314300523755
P10160,Sweater,Cotton,Spring,0.5283986942513677,0.22399999999999998,1.0,0.09611451942740287,0.47245762711864403,0.8009478672985784,0.34146341463414637,Central,S,0.29272300469483564,0.44073902035532897
P10161,T-Shirt,Denim,Summer,0.37197340946526036,0.36,0.56,0.3394683026584867,0.777542372881356,0.2564507635597683,0.7073170731707319,East,S,0.49559739388713225,0.3298830648357973
P10162,Hoodie,Denim,Winter,0.6167682091465392,0.23,0.7600000000000002,0.7934560327198366,0.20127118644067798,0.2222222222222222,0.4634146341463415,Central,M,0.7017629587046086,0.4463824991261093
P10163,Trousers,Cotton,Autumn,0.5968764861315385,0.58,0.8399999999999999,0.6789366053169735,0.35381355932203395,0.6982622432859401,0.5609756097560976,South,M,0.6327201303056433,0.3809063529450986
P10164,Shirt,Denim,Summer,0.6539470866310362,0.798,0.72,0.02044989775051125,0.625,0.28751974723538704,0.1951219512195122,North,L,0.2970393791319344,0.40409283492935594
P10165,T-Shirt,Polyester,Summer,0.5632847955555416,0.7859999999999999,0.040000000000000036,0.4846625766871166,0.6080508474576272,0.01316482359136388,0.48780487804878053,East,S,0.5832375203602567,0.3502432804672842
P10166,Hoodie,Wool,Spring,0.9999999999999999,0.364,0.15999999999999992,0.5664621676891617,0.5741525423728815,0.9320695102685626,0.902439024390244,Central,M,0.5368352974992814,0.8042915601154974
P10167,Sweater,Wool,Autumn,0.3063237947965319,0.988,0.08000000000000007,0.49079754601226994,0.3877118644067796,0.3138493944181148,0.9756097560975612,North,XL,0.5204129539139599,0.15316040367551056
P10168,Sweater,Wool,Spring,0.1773204910572281,0.594,0.0,0.9611451942740288,0.43855932203389836,0.764612954186414,0.2926829268292683,North,L,0.5181182332087764,0.1236964690448203
P10169,Jacket,Polyester,Summer,0.42628511994557805,0.4,0.32000000000000006,0.39059304703476483,0.3877118644067796,0.46919431279620855,0.09756097560975613,West,L,0.5448165181565583,0.311360401075915
P10170,Hoodie,Denim,Winter,0.2042700594295145,0.836,0.40000000000000013,0.022494887525562373,0.6758474576271185,0.1342812006319115,0.3170731707317073,South,S,0.49621538756347605,0.13283831379122132
P10171,Dress,Linen,Autumn,0.21854007161776148,0.73,0.2400000000000002,0.10633946830265849,0.6080508474576272,0.6624539231174303,0.14634146341463422,West,L,0.41466417552936663,0.1478649184684493
P10172,Jeans,Denim,Summer,0.31135026565339396,0.75,0.08000000000000007,0.11042944785276075,0.4216101694915253,0.23170089520800424,0.12195121951219517,South,L,0.4684248347226214,0.18820595265699994
P10173,Trousers,Cotton,Summer,0.32630370151077576,0.196,0.52,0.6298568507157465,0.23516949152542366,0.2880463401790416,0.26829268292682934,North,XL,0.2348375970106352,0.24817619026499108
P10174,Hoodie,Rayon,Winter,0.3201749344133737,0.46799999999999997,0.28000000000000025,0.040899795501022504,0.3877118644067796,0.03264876250658243,0.3658536585365854,Central,L,0.5756491328925936,0.22697279285162827
P10175,Jacket,Wool,Summer,0.598488988060557,0.8620000000000001,0.8,0.036809815950920255,0.048728813559322015,0.016324381253291206,0.7560975609756098,South,XL,0.5721519593752993,0.26559417476286873
P10176,Jeans,Denim,Summer,0.4049131705504237,0.504,0.0,0.9243353783231085,0.35381355932203395,0.5139547130068458,1.0,South,L,0.7387515569608125,0.2742675714052828
P10177,Jeans,Linen,Autumn,0.4666417600206601,0.684,0.8399999999999999,0.7014314928425359,0.31991525423728806,0.05792522380200106,0.2439024390243903,North,L,0.5885359777713901,0.2755878335357942
P10178,T-Shirt,Cotton,Autumn,0.6695430037257611,0.588,0.9600000000000002,0.7137014314928426,0.5911016949152543,0.2095839915745129,0.07317073170731708,East,S,0.47304302002491133,0.4736999318648
P10179,Jeans,Polyester,Autumn,0.3557570570580028,0.8420000000000001,0.72,0.9304703476482619,0.6419491525423728,0.9241706161137443,0.6829268292682928,North,S,0.5704896042924211,0.2191166316465431
P10180,Dress,Polyester,Spring,0.49831545513811765,0.284,0.72,0.6564417177914111,0.3877118644067796,0.08267509215376513,0.8048780487804879,North,S,0.45477148605921236,0.38691633003393067
P10181,Sweater,Polyester,Winter,0.5696812631685032,0.5760000000000001,0.9199999999999999,0.6421267893660533,0.7944915254237288,0.29120589784096895,0.1951219512195122,South,S,0.40408642330171496,0.44392947813318484
P10182,Jacket,Cotton,Autumn,0.13367585876750687,0.12400000000000001,0.20000000000000018,0.883435582822086,0.6080508474576272,0.726698262243286,0.21951219512195125,North,M,0.15698955638593462,0.1261166726248999
P10183,Jeans,Wool,Spring,0.04990134448647174,0.6900000000000001,1.0,0.9836400817995912,0.6080508474576272,0.8846761453396527,0.17073170731707316,West,S,0.5563236562230526,0.04202533891234313
P10184,T-Shirt,Denim,Spring,0.5659680995467987,0.7320000000000001,0.7600000000000002,0.11860940695296525,0.43855932203389836,0.04634017904160084,0.853658536585366,North,S,0.572219028456453,0.339414501635215
P10185,Dress,Cotton,Winter,0.5935381032316176,0.042,0.72,0.3067484662576687,0.5572033898305082,0.18536071616640337,0.7560975609756098,Central,S,0.6866580434990897,0.5641131197120679
P10186,Shirt,Polyester,Winter,0.8906289859819412,0.6759999999999999,0.3600000000000001,0.5276073619631902,0.4555084745762712,0.38809899947340704,0.12195121951219517,North,L,0.7081967998466991,0.554032989660853
P10187,Sweater,Linen,Summer,0.5304395170052815,0.414,0.52,0.8977505112474439,0.43855932203389836,0.36124275934702477,0.12195121951219517,North,L,0.5504311583788444,0.3918010642664661
P10188,Sweater,Linen,Spring,0.6554651060251512,0.12400000000000001,0.6399999999999999,0.7586912065439674,0.6758474576271185,0.2885729331226962,0.6341463414634148,Central,L,0.32148126856376347,0.6303709801397848
P10189,Jacket,Denim,Autumn,0.46362776715724097,0.42,0.6399999999999999,0.11656441717791412,0.4216101694915253,0.2422327540810953,0.024390243902439046,East,S,0.3278336686787391,0.3394919685893453
P10190,Sweater,Linen,Winter,0.49831545513811765,0.19399999999999998,0.72,0.4396728016359919,0.4216101694915253,0.2685624012638231,0.1951219512195122,East,XL,0.532394366197183,0.41243428703761303
P10191,Jeans,Linen,Spring,0.8156161521042834,0.41600000000000004,0.08000000000000007,0.12474437627811862,0.3877118644067796,0.13375460768825698,0.902439024390244,East,M,0.6295103957075787,0.5829589965402558
P10192,T-Shirt,Cotton,Autumn,0.0992023311990779,0.384,0.3600000000000001,0.2965235173824131,0.625,0.16324381253291204,0.09756097560975613,West,XL,0.6383012359873526,0.0853122010031065
P10193,Sweater,Wool,Spring,0.5787232417587609,0.738,0.44000000000000017,0.9079754601226995,0.6758474576271185,0.607161664033702,0.8048780487804879,Central,XL,0.43814314458177633,0.3836014488676926
P10194,Sweater,Denim,Winter,0.9041147931304897,0.774,0.28000000000000025,0.7791411042944787,0.6588983050847457,0.292259083728278,0.3170731707317073,West,XL,0.1986777809715435,0.5734573012963944
P10195,T-Shirt,Cotton,Summer,0.49831545513811765,0.608,0.15999999999999992,0.4867075664621677,0.47245762711864403,0.39968404423380727,0.21951219512195125,West,XL,0.3271725591645108,0.33201441068906046
P10196,Shirt,Wool,Spring,0.8124635848563392,0.022000000000000002,0.11999999999999988,0.5971370143149285,0.6419491525423728,0.4123222748815166,0.14634146341463422,West,M,0.22270288397048957,0.8098922745478464
P10197,Trousers,Cotton,Autumn,0.38166416812852144,0.932,0.3600000000000001,0.3701431492842536,0.625,0.11005792522380199,0.4634146341463415,Central,XL,0.5487400594040432,0.21671456074128556
P10198,Dress,Rayon,Winter,0.4945078089815097,0.6859999999999999,0.4800000000000002,0.752556237218814,0.31991525423728806,0.8199052132701423,0.2439024390243903,South,S,0.4627431254191817,0.2909288205942735
P10199,Jeans,Cotton,Summer,0.5068976187251786,0.034,0.08000000000000007,0.19222903885480574,0.3368644067796609,0.9568193786203266,0.2926829268292683,South,XL,0.4576123407109322,0.4356109709280883
P10200,Sweater,Linen,Autumn,0.08151835008298722,0.818,0.9600000000000002,0.15746421267893662,0.35381355932203395,0.2638230647709321,0.39024390243902446,East,M,0.5691769665612723,0.055461303681275304
P10201,Hoodie,Wool,Autumn,0.49831545513811765,0.2,0.7600000000000002,0.916155419222904,0.18432203389830515,0.2943654555028963,0.878048780487805,West,M,0.448831081728466,0.3644978449650845
P10202,Sweater,Denim,Autumn,0.2932915038155197,0.58,0.72,0.2883435582822086,0.4555084745762712,0.6935229067930491,0.853658536585366,East,XL,0.7770048864616268,0.20136124544835135
P10203,T-Shirt,Denim,Spring,0.6559060245213671,0.466,0.15999999999999992,0.21267893660531698,0.6927966101694913,0.0805687203791469,0.7804878048780488,West,S,0.4731579955926032,0.5246751224960166
P10204,Trousers,Wool,Winter,0.66537002510086,0.42,0.6000000000000001,0.5316973415132925,0.4216101694915253,0.9078462348604529,0.21951219512195125,East,XL,0.2519545846507617,0.48384837571418177
P10205,Dress,Linen,Autumn,0.5617951209218975,0.89,0.52,0.19222903885480574,0.35381355932203395,0.12058978409689312,0.8048780487804879,North,L,0.13450225160486726,0.2868169947266907
P10206,Hoodie,Polyester,Spring,0.656290253496641,0.438,1.0,0.45398773006134974,0.5572033898305082,0.7324907846234862,0.2926829268292683,Central,M,0.5772635814889335,0.5031417153619525
P10207,Trousers,Cotton,Winter,0.46954552326002535,0.076,0.7600000000000002,0.9754601226993866,0.777542372881356,0.2917324907846235,0.5853658536585367,West,XL,0.5916882245856088,0.48272335610559153
P10208,Jacket,Linen,Winter,0.7276875557053277,0.946,0.56,0.9877300613496933,0.6080508474576272,0.3233280674038968,0.7804878048780488,West,L,0.5889958800421576,0.3937395737119773
P10209,Dress,Rayon,Spring,0.5022238826652893,0.92,0.8399999999999999,0.3865030674846626,0.48940677966101687,0.14112690889942076,0.21951219512195125,West,S,0.31207722525629966,0.26782583325222
P10210,Sweater,Wool,Spring,0.5114989181749754,0.684,0.15999999999999992,0.261758691206544,0.31991525423728806,0.6466561348077936,0.5609756097560976,Central,L,0.37333524959279485,0.3009273660114396
P10211,Sweater,Cotton,Autumn,0.4503750169281208,0.46799999999999997,0.0,0.6503067484662578,0.6588983050847457,0.7951553449183782,0.09756097560975613,North,M,0.7413145539906103,0.3564932488405258
P10212,Dress,Denim,Winter,0.629901281498115,0.092,0.6800000000000002,0.3967280163599182,0.48940677966101687,0.950500263296472,0.21951219512195125,South,L,0.4740203123502922,0.5659410719322961
P10213,Sweater,Polyester,Summer,0.42097205206617555,0.79,0.08000000000000007,0.03885480572597137,0.48940677966101687,0.3317535545023697,0.9268292682926831,Central,L,0.4115167193638018,0.25063394907035186
P10214,Jeans,Rayon,Spring,0.685075932463884,0.076,0.11999999999999988,0.6094069529652353,0.5741525423728815,0.6213796735123751,0.6341463414634148,North,L,0.6995688416211554,0.6450882131065057
P10215,Dress,Denim,Winter,0.2866273356869983,0.068,0.7600000000000002,0.48875255623721886,0.6758474576271185,0.4149552395997894,0.853658536585366,East,S,0.3526013222190284,0.2835427446430224
P10216,Trousers,Wool,Winter,0.29290727484024576,0.538,0.28000000000000025,0.4785276073619632,0.8453389830508473,0.5581885202738284,0.7804878048780488,West,S,0.4407875826386892,0.24129276892741183
P10217,Dress,Cotton,Autumn,0.6304650272897054,0.16,0.6399999999999999,0.17177914110429449,0.26906779661016955,0.16324381253291204,0.6585365853658538,West,S,0.6784085465171983,0.4905140561220921
P10218,Hoodie,Polyester,Summer,0.48383128253742286,0.008,0.9199999999999999,0.1901840490797546,0.5063559322033897,0.5818852027382835,0.9512195121951221,South,S,0.6910271150713805,0.4568453253567423
P10219,Sweater,Cotton,Autumn,0.4147960437013218,0.424,0.32000000000000006,0.08384458077709613,0.5233050847457625,0.8493944181147973,0.04878048780487804,East,XL,0.6948740059404044,0.3182481385358185
P10220,Jeans,Linen,Summer,0.6687524998504025,0.138,0.20000000000000018,0.7423312883435584,0.3707627118644068,0.864139020537125,0.7317073170731709,North,L,0.6067835584938199,0.5539890346679874
P10221,Jeans,Polyester,Summer,0.38581195141078173,0.16,0.11999999999999988,0.7137014314928426,0.6927966101694913,0.48341232227488157,0.6829268292682928,East,M,0.7903707962058062,0.36739103601918177
P10222,Jacket,Linen,Spring,0.4627333324934886,0.076,0.11999999999999988,0.9243353783231085,0.7436440677966103,0.2359136387572407,1.0,East,L,0.6359011210117849,0.46911816957518737
P10223,Trousers,Linen,Winter,0.7649703639782185,0.20600000000000002,0.08000000000000007,0.14928425357873212,0.7266949152542375,0.8372827804107426,0.48780487804878053,South,XL,0.5481124844303917,0.7202269169065092
P10224,Shirt,Wool,Winter,0.7914097266620264,0.716,0.08000000000000007,0.9631901840490799,0.5572033898305082,1.0,0.7560975609756098,North,L,0.5022324422726836,0.5025947584812052
P10225,Shirt,Polyester,Winter,0.7976928152331041,0.8079999999999999,0.44000000000000017,0.7443762781186095,0.40466101694915246,0.377567140600316,0.6585365853658538,South,L,0.45694644054805017,0.43969789227375405
P10226,Dress,Cotton,Summer,0.44725079444064764,0.452,0.32000000000000006,0.2331288343558282,0.2860169491525424,0.9246972090573987,0.48780487804878053,West,M,0.3223148414295295,0.3012606996424365
P10227,Jacket,Cotton,Winter,0.7331234508801048,0.506,0.72,0.8629856850715748,0.47245762711864403,0.9842022116903636,0.8292682926829269,Central,M,0.1823177158187218,0.5173153649688231
P10228,T-Shirt,Rayon,Spring,0.3212457364756125,0.032,0.8800000000000001,0.3865030674846626,0.8453389830508473,0.3959978936282254,0.7073170731707319,Central,M,0.6375682667433169,0.3459003684182483
P10229,Dress,Denim,Summer,0.32919171766099037,0.07,0.8,0.8813905930470349,0.7944915254237288,0.7166929963138495,0.39024390243902446,West,L,0.4861550253904378,0.341350778603662
P10230,Jacket,Rayon,Summer,0.056411191141317596,0.258,0.52,0.25357873210633947,0.5233050847457625,0.5813586097946288,0.6829268292682928,South,XL,0.37733065057008713,0.05134521130196971
P10231,Trousers,Rayon,Summer,0.8166775059130318,0.544,0.11999999999999988,0.010224948875255626,0.5741525423728815,0.7224855186940496,0.024390243902439046,Central,S,0.7924930535594519,0.5885265214802493
P10232,Trousers,Cotton,Summer,0.33730146857353416,0.74,0.72,0.9345603271983641,0.31991525423728806,0.15429173249078465,0.7804878048780488,East,S,0.6724777234837596,0.19509299556848342
P10233,Trousers,Wool,Spring,0.47665375930259285,0.606,0.3600000000000001,0.7730061349693252,0.2521186440677965,0.3670352817272249,0.07317073170731708,East,L,0.47797259748970006,0.2864115520865177
P10234,Trousers,Linen,Winter,0.32854608700581694,0.392,0.08000000000000007,0.08384458077709613,0.5063559322033897,0.06266456029489205,0.9268292682926831,Central,S,0.5823752036025678,0.2561547904344013
P10235,Trousers,Linen,Spring,0.6319263571628784,0.11800000000000001,0.8399999999999999,0.11656441717791412,0.2860169491525424,0.6134807793575567,0.5853658536585367,South,S,0.496660917888282,0.5066969102815094
P10236,Jacket,Linen,Winter,0.42958256041370746,0.78,0.32000000000000006,0.8711656441717792,0.3877118644067796,0.9273301737756715,0.09756097560975613,West,L,0.44822266934942984,0.2458257888011211
P10237,Jacket,Polyester,Spring,0.2539993669670162,0.364,0.20000000000000018,0.018404907975460124,1.0,0.5608214849921013,0.07317073170731708,East,L,0.6800804828973843,0.24487467915583794
P10238,Jeans,Cotton,Autumn,0.5840237119668429,0.736,0.8800000000000001,0.17995910020449898,0.6080508474576272,0.07056345444971038,0.6829268292682928,West,XL,0.5392976909073488,0.3765272003517193
P10239,Hoodie,Wool,Autumn,0.2296386200510836,0.512,0.9199999999999999,0.6809815950920246,0.8114406779661016,0.9310163243812534,0.878048780487805,East,S,0.32100699434703456,0.1908222173339243
P10240,Shirt,Polyester,Autumn,0.34232479001256616,0.738,0.32000000000000006,0.22494887525562374,0.5911016949152543,0.13322801474460244,0.17073170731707316,North,L,0.552721088435374,0.22306191472513096
P10241,Sweater,Denim,Autumn,0.10243678331060509,0.908,0.3600000000000001,0.07770961145194276,0.5572033898305082,0.8836229594523435,0.4634146341463415,Central,S,0.5917265497748394,0.06718049358778015
P10242,Trousers,Wool,Summer,0.23148732831736057,0.922,0.56,0.8098159509202455,0.47245762711864403,0.7145866245392313,0.9756097560975612,South,M,0.7444428475615597,0.12974640747310287
P10243,T-Shirt,Rayon,Summer,0.5343007032650013,0.536,0.52,0.9366053169734153,0.5063559322033897,0.6366508688783571,0.12195121951219517,East,M,0.5422870556673373,0.3780624996341218
P10244,Sweater,Wool,Spring,0.12933596099760963,0.512,0.08000000000000007,0.3394683026584867,0.7097457627118642,0.587151132174829,0.853658536585366,Central,XL,0.5089201877934272,0.10615386271615464
P10245,Jacket,Wool,Spring,0.22067852632440896,0.266,0.6000000000000001,0.02044989775051125,0.5402542372881354,0.13112164296998424,0.7560975609756098,West,L,0.5744275174858675,0.188280318948541
P10246,T-Shirt,Linen,Autumn,0.5001169221369429,0.9359999999999999,0.9600000000000002,0.2229038854805726,0.7605932203389831,0.5013164823591365,0.09756097560975613,South,S,0.3492287055667337,0.29486204829671425
P10247,T-Shirt,Wool,Winter,0.39784272752181754,0.45799999999999996,0.28000000000000025,0.030674846625766878,0.2860169491525424,0.1969457609268036,0.9512195121951221,South,M,0.8919469196129155,0.2680977737639494
P10248,T-Shirt,Rayon,Autumn,0.8769888573597169,0.128,0.9199999999999999,0.065439672801636,0.5911016949152543,0.5718799368088469,0.4634146341463415,Central,L,0.7829069656031427,0.8100996964724183
P10249,Jeans,Rayon,Spring,0.8471071809875944,0.43200000000000005,0.9600000000000002,0.474437627811861,0.6758474576271185,0.4476040021063718,0.07317073170731708,Central,M,0.6397001053942704,0.6852940832114649
P10250,Jacket,Cotton,Autumn,0.33655820596562724,0.128,0.28000000000000025,0.997955010224949,0.23516949152542366,0.6798314902580307,0.9268292682926831,Central,M,0.5460812494011689,0.2643418295457127
P10251,T-Shirt,Wool,Spring,0.6058428786938733,0.502,0.7600000000000002,0.38241308793456036,1.0,0.9831490258030545,0.5121951219512195,North,L,0.3025821596244131,0.5360965743780493
P10252,Trousers,Linen,Autumn,0.6421525168572588,0.562,0.2400000000000002,0.45603271983640087,0.9131355932203391,0.36124275934702477,0.7804878048780488,West,M,0.5046373478969052,0.5285841898355617
P10253,Dress,Wool,Winter,0.38766065967705865,0.33799999999999997,0.72,0.11860940695296525,0.4555084745762712,0.6171669299631386,0.7317073170731709,South,L,0.5722238191051068,0.30319060164859996
P10254,T-Shirt,Denim,Autumn,0.2179605787370205,0.07200000000000001,0.8,0.9345603271983641,0.7944915254237288,0.8646656134807795,0.9756097560975612,Central,XL,0.3531570374628724,0.22532465425627707
P10255,Jeans,Denim,Winter,0.4982398691101949,0.9440000000000001,0.2400000000000002,0.10224948875255625,0.31991525423728806,0.09320695102685626,0.6829268292682928,North,L,0.4221423780779917,0.24097315262770985
P10256,Sweater,Linen,Winter,0.4679015271527058,0.774,0.72,0.5521472392638038,0.3029661016949152,0.8004212743549237,0.09756097560975613,South,M,0.430837405384689,0.2571876583508384
P10257,Jacket,Cotton,Spring,0.4182194608826558,0.838,0.8,0.9468302658486709,0.5911016949152543,0.23959978936282256,0.21951219512195125,East,M,0.4106879371466896,0.2510086331376393
P10258,Hoodie,Cotton,Winter,0.5841465392622174,0.36600000000000005,0.3600000000000001,0.08588957055214726,0.3877118644067796,0.5408109531332281,0.2439024390243903,Central,S,0.7428044457219507,0.43217067416143945
P10259,Jeans,Rayon,Summer,0.3587017627291595,0.76,0.15999999999999992,0.05316973415132925,0.6758474576271185,0.9921011058451817,0.878048780487805,North,XL,0.4768084698668199,0.23772680850734498
P10260,T-Shirt,Rayon,Summer,0.28287637905133234,0.48600000000000004,0.08000000000000007,0.11247443762781188,0.43855932203389836,0.984728804634018,0.5121951219512195,South,M,0.694629682859059,0.20406058307736746
P10261,Jacket,Polyester,Summer,0.521177079166916,0.20199999999999999,0.56,0.245398773006135,0.15042372881355925,0.315955766192733,0.5609756097560976,Central,XL,0.43059787295199764,0.3734913788185156
P10262,Dress,Linen,Spring,0.5734983575786015,0.12400000000000001,0.9600000000000002,0.22903885480572597,0.7097457627118642,0.13164823591363878,0.48780487804878053,South,S,0.4508958512982657,0.5597064828454974
P10263,T-Shirt,Wool,Summer,0.2782183900805936,0.34600000000000003,0.8399999999999999,0.6441717791411044,0.18432203389830515,0.9389152185360716,0.853658536585366,East,XL,0.5072099262240106,0.19239941276923303
P10264,Jeans,Linen,Spring,0.6759394713387229,0.138,0.44000000000000017,0.2331288343558282,0.5402542372881354,0.8941548183254346,0.3658536585365854,South,L,0.5301954584650761,0.607391771248295
P10265,Shirt,Polyester,Spring,0.16600463279362815,0.998,0.52,0.22085889570552147,0.4555084745762712,0.6161137440758294,0.024390243902439046,South,XL,0.349415540864233,0.09153108833455326
P10266,Trousers,Rayon,Summer,0.3913202831956513,0.05,0.28000000000000025,0.9795501022494888,0.5741525423728815,0.03264876250658243,0.34146341463414637,East,M,0.5516096579476861,0.37370668882871455
P10267,Hoodie,Linen,Winter,0.4518080020408227,0.44200000000000006,0.15999999999999992,0.9263803680981596,0.5572033898305082,0.7514481305950501,0.9756097560975612,West,M,0.34078758263868925,0.34760816376181713
P10268,Sweater,Linen,Autumn,0.3803414126398735,0.452,0.4800000000000002,0.3558282208588957,0.6588983050847457,0.16113744075829384,0.6097560975609757,Central,L,0.7665373191530132,0.3048505723723918
P10269,Jeans,Rayon,Spring,0.39378627735663063,0.3,0.4800000000000002,0.22699386503067487,0.6588983050847457,0.9436545550289629,0.7073170731707319,East,M,0.42396761521510007,0.34365715065876423
P10270,Jacket,Polyester,Summer,0.8541303827487488,0.5720000000000001,0.52,0.20245398773006135,0.777542372881356,0.43549236440231703,0.024390243902439046,East,S,0.624858675864712,0.6596011992271461
P10271,Hoodie,Rayon,Spring,0.3397769109880039,0.15,0.9600000000000002,0.014314928425357875,0.5233050847457625,0.6155871511321749,0.6829268292682928,Central,M,0.4199243077512695,0.30259735807671995
P10272,Hoodie,Cotton,Winter,0.9618688172991221,0.784,0.6000000000000001,0.9120654396728017,0.5572033898305082,0.2812006319115324,0.12195121951219517,South,S,0.682394366197183,0.5778566702098558
P10273,Hoodie,Wool,Winter,0.5831670703170518,0.332,0.6000000000000001,0.965235173824131,0.3368644067796609,0.4755134281200632,0.0,North,XL,0.432423110089106,0.42891869923781245
P10274,T-Shirt,Rayon,Summer,0.5179583741445394,0.5920000000000001,0.11999999999999988,0.2740286298568507,0.6758474576271185,0.755134281200632,0.9512195121951221,Central,XL,0.4928044457219507,0.38095288768923835
P10275,Trousers,Polyester,Spring,0.5905556045464995,0.716,1.0,0.5112474437627813,0.13347457627118642,0.492364402317009,0.2439024390243903,East,M,0.465766024719747,0.3065790801420569
P10276,T-Shirt,Denim,Autumn,0.9786331684088195,0.89,0.7600000000000002,0.687116564417178,0.5911016949152543,0.8478146392838338,0.5365853658536586,South,M,0.4580722429816997,0.5472384953263341
P10277,Jacket,Cotton,Autumn,0.3128084461087368,0.836,0.8800000000000001,0.48875255623721886,0.5233050847457625,0.7135334386519222,0.6097560975609757,West,L,0.28955159528600166,0.18577379292197613
P10278,T-Shirt,Denim,Spring,0.28884452583939857,0.608,0.40000000000000013,0.4519427402862986,0.8283898305084745,0.0774091627172196,0.7317073170731709,South,XL,0.39609083069847656,0.2265279841992219
P10279,Shirt,Rayon,Spring,0.3579207071072912,0.38799999999999996,0.52,0.7873210633946831,0.7266949152542375,0.607161664033702,0.34146341463414637,North,S,0.5509772923253808,0.306314308362234
P10280,Trousers,Cotton,Spring,0.5066393664631093,0.504,0.52,0.294478527607362,0.2521186440677965,0.6129541864139022,0.1951219512195122,South,L,0.5791702596531569,0.3238768581526738
P10281,Trousers,Wool,Summer,0.1744545208318243,0.768,0.20000000000000018,0.768916155419223,0.5063559322033897,0.3812532912058979,0.8048780487804879,North,L,0.3370700392833189,0.1130659341760587
P10282,Jacket,Rayon,Winter,0.504784359361172,0.878,0.6800000000000002,0.006134969325153377,0.625,0.32280147446024227,0.9268292682926831,West,XL,0.40653444476382095,0.29535118402149685
P10283,Sweater,Wool,Autumn,0.8205859334402035,0.10400000000000001,0.9199999999999999,0.5746421267893661,0.5741525423728815,0.06266456029489205,0.39024390243902446,West,L,0.4891779246910031,0.761569043421282
P10284,Shirt,Linen,Summer,0.5291734510375756,0.384,0.15999999999999992,0.6809815950920246,0.8453389830508473,0.44655081621906273,0.8292682926829269,South,S,0.5122401073105298,0.4742733311961086
P10285,Jeans,Denim,Spring,0.4452572129541854,0.7759999999999999,0.08000000000000007,0.6687116564417179,0.625,0.33701948393891523,0.853658536585366,Central,L,0.5556385934655552,0.2832255592627904
P10286,T-Shirt,Cotton,Spring,0.383752232149887,0.43200000000000005,0.72,0.4008179959100205,0.6927966101694913,0.951553449183781,0.04878048780487804,Central,S,0.6503113921624988,0.3155374400790753
P10287,Dress,Wool,Winter,0.6703524041081005,0.332,0.28000000000000025,0.7934560327198366,0.5063559322033897,0.6745655608214851,0.9512195121951221,Central,S,0.5488789882150042,0.5340995244228526
P10288,T-Shirt,Polyester,Spring,0.34451048598666534,0.41200000000000003,0.6399999999999999,0.25971370143149286,0.48940677966101687,0.4602422327540811,0.2439024390243903,West,M,0.35613682092555327,0.26331756906862347
P10289,Hoodie,Wool,Summer,0.8494692443601799,0.6020000000000001,0.6800000000000002,0.5316973415132925,0.625,0.755134281200632,0.6585365853658538,North,XL,0.6004024144869216,0.6021445571564235
P10290,T-Shirt,Polyester,Summer,0.8659029065977153,1.0,0.32000000000000006,0.18404907975460125,0.5741525423728815,0.7793575566087416,0.6585365853658538,East,XL,0.6416259461531091,0.4369796033949923
P10291,Jeans,Rayon,Winter,0.5490809211417269,0.49200000000000005,0.8,0.6625766871165645,0.777542372881356,0.4807793575566088,0.43902439024390244,South,XL,0.2734023186739484,0.448617407109854
P10292,T-Shirt,Cotton,Summer,0.49838789174821024,0.20800000000000002,0.56,0.5276073619631902,0.5911016949152543,0.07582938388625592,0.024390243902439046,North,XL,0.5680607454249305,0.4426968283247958
P10293,Shirt,Wool,Autumn,0.6953241380830752,0.162,0.8800000000000001,0.8609406952965236,0.4555084745762712,0.7809373354397052,0.7560975609756098,East,S,0.6897001053942702,0.5928945116883073
P10294,Shirt,Wool,Summer,0.7074430978933544,0.042,0.7600000000000002,0.1901840490797546,0.6080508474576272,0.09057398630858347,0.2439024390243903,West,XL,0.40738238957554845,0.6878567932441474
P10295,Trousers,Cotton,Summer,0.34825829320450113,0.5579999999999999,0.8800000000000001,0.523517382413088,0.4555084745762712,0.8478146392838338,0.3658536585365854,East,XL,0.6007665037846124,0.24056927272148182
P10296,Jacket,Wool,Summer,0.40106458196202427,0.544,0.040000000000000036,0.27607361963190186,0.35381355932203395,0.33438651922064244,0.2439024390243903,West,S,0.3999185589728849,0.2652304050278955
P10297,Sweater,Polyester,Autumn,0.25068617940973614,0.20600000000000002,0.2400000000000002,0.024539877300613498,0.3368644067796609,0.6387572406529755,0.04878048780487804,West,M,0.4578854076842004,0.20082817953600396
P10298,Dress,Wool,Spring,0.5778634506911396,0.696,0.08000000000000007,0.9550102249488754,0.6080508474576272,0.7409162717219591,1.0,North,XL,0.37394366197183093,0.383574163036907
P10299,Hoodie,Denim,Summer,0.626534553837723,0.742,0.44000000000000017,0.4028629856850716,0.6419491525423728,0.03528172722485519,0.6829268292682928,Central,L,0.5900546133946536,0.40733714501506224
P10300,T-Shirt,Rayon,Winter,0.49831545513811765,0.26,0.8800000000000001,0.3619631901840491,0.8114406779661016,0.38493944181147977,0.09756097560975613,Central,M,0.6105298457411132,0.4724797839279709
P10301,T-Shirt,Linen,Autumn,0.4145472396927428,0.344,0.4800000000000002,0.22699386503067487,0.7266949152542375,0.6045286993154293,0.6585365853658538,North,M,0.5608412379036121,0.3630292719416031
P10302,Jeans,Polyester,Winter,0.24598094917154567,0.99,0.8399999999999999,0.537832310838446,0.6927966101694913,0.8483412322274883,0.7317073170731709,South,M,0.5859633994442847,0.14138691496574238
P10303,Jacket,Denim,Summer,0.3307223347264258,0.374,0.32000000000000006,0.8445807770961147,0.8622881355932202,0.7182727751448132,0.2926829268292683,West,XL,0.6046325572482514,0.3010688306414125
P10304,Shirt,Rayon,Winter,0.6046870423502214,0.76,0.32000000000000006,0.752556237218814,0.3029661016949152,0.8967877830437074,0.5853658536585367,South,S,0.6960525055092459,0.33194505506826366
P10305,Dress,Cotton,Summer,0.3619614101833276,0.452,0.8800000000000001,0.8650306748466259,0.31991525423728806,0.08267509215376513,0.12195121951219517,West,XL,0.41790265401935417,0.24969742494188862
P10306,Trousers,Polyester,Autumn,0.4437171476352596,0.794,0.44000000000000017,0.15950920245398773,0.5233050847457625,0.07161664033701949,0.04878048780487804,West,XL,0.13683529749928136,0.26669974701569904
P10307,Shirt,Linen,Winter,0.1930581319543083,0.77,0.8,0.7709611451942742,0.43855932203389836,0.7140600315955767,0.5121951219512195,Central,M,0.4417696656127239,0.12054607182761784
P10308,Hoodie,Rayon,Winter,0.5358974581048693,0.668,0.2400000000000002,0.5214723926380369,0.6419491525423728,0.3986308583464982,0.9756097560975612,Central,S,0.44296732777618086,0.36880156463899205
P10309,Jacket,Linen,Summer,0.4921992857120361,0.8540000000000001,0.9600000000000002,0.14928425357873212,0.777542372881356,0.48183254344391796,0.9268292682926831,West,XL,0.6185829261281977,0.31270750254179913
P10310,Hoodie,Polyester,Summer,0.36281490241528846,0.9400000000000001,0.56,0.7811860940695298,0.5741525423728815,0.6045286993154293,0.7560975609756098,Central,XL,0.17676056338028165,0.20111629310379897
P10311,Sweater,Cotton,Spring,0.46484659185749505,0.58,0.7600000000000002,0.32719836400818,0.2860169491525424,0.9863085834649817,0.7073170731707319,Central,XL,0.5393120628533102,0.2891846606798577
P10312,Trousers,Polyester,Summer,0.5346345415549936,0.23800000000000002,0.08000000000000007,0.40899795501022496,0.47245762711864403,0.06740389678778304,0.14634146341463422,East,XL,0.6936188559931014,0.44259041358473206
P10313,Sweater,Wool,Summer,0.34658280291888044,0.39799999999999996,0.4800000000000002,0.752556237218814,0.5233050847457625,0.10900473933649289,0.5853658536585367,East,S,0.5024815560026827,0.27096675484454963
P10314,Jeans,Cotton,Spring,0.2216013057486324,0.758,0.9199999999999999,0.6278118609406954,0.6927966101694913,0.8299104791995789,0.024390243902439046,West,S,0.5823847848998753,0.15183721451951487
P10315,Hoodie,Rayon,Summer,0.8417531706764004,0.65,0.8800000000000001,0.768916155419223,0.6080508474576272,0.020537124802527645,0.17073170731707316,Central,S,0.39872089680942796,0.5728923853779301
P10316,Jeans,Wool,Summer,0.38089885959580366,0.17800000000000002,0.040000000000000036,0.065439672801636,0.48940677966101687,0.4507635597682991,0.7804878048780488,East,L,0.6040528887611383,0.32907947231386125
P10317,T-Shirt,Denim,Spring,0.48227861954717666,0.052000000000000005,0.32000000000000006,0.147239263803681,0.5741525423728815,0.7746182201158506,0.6585365853658538,South,S,0.48766407971639353,0.45987616102450257
P10318,Sweater,Linen,Autumn,0.6915763308652395,0.682,0.44000000000000017,0.9427402862985687,0.8453389830508473,0.19536598209583994,0.21951219512195125,West,S,0.4190811535881958,0.509967836454882
P10319,Jacket,Wool,Autumn,0.9999999999999999,0.252,0.15999999999999992,0.7177914110429449,0.3707627118644068,0.18694049499736703,0.902439024390244,West,M,0.5088866532528504,0.7771642600067806
P10320,Hoodie,Linen,Summer,0.2654002595120292,0.5,0.72,0.5971370143149285,0.777542372881356,0.3101632438125329,0.4146341463414634,South,XL,0.6212082015904953,0.21848553518577335
P10321,Dress,Wool,Summer,0.5855669267035988,0.746,0.20000000000000018,0.4028629856850716,0.31991525423728806,0.1500789889415482,0.2926829268292683,West,XL,0.4847609466321739,0.3279331201466568
P10322,Trousers,Denim,Spring,0.3668619043269851,0.562,0.3600000000000001,0.6625766871165645,0.7605932203389831,0.6787783043707216,0.48780487804878053,Central,M,0.4766887036504742,0.28683128257990204
P10323,Shirt,Cotton,Spring,0.39875290927472057,0.084,0.6800000000000002,0.7914110429447854,0.5233050847457625,0.20010531858873093,0.7804878048780488,East,S,0.4937482035067548,0.366242203321906
P10324,Jacket,Denim,Autumn,0.3644683467760984,0.18600000000000003,0.4800000000000002,0.6441717791411044,0.7944915254237288,0.2269615587151132,0.5365853658536586,North,XL,0.5394605729615789,0.3570351454399274
P10325,Jacket,Cotton,Winter,0.2878556086407428,0.22,0.72,0.48875255623721886,0.6927966101694913,0.5750394944707742,0.0,East,L,0.5303008527354602,0.2663688443041721
P10326,Jeans,Cotton,Summer,0.4927630315036265,0.258,0.52,0.9468302658486709,0.6758474576271185,0.9678778304370722,0.9512195121951221,South,L,0.5286001724633516,0.4422359706428274
P10327,Sweater,Linen,Winter,0.2219351440386245,0.5660000000000001,0.11999999999999988,0.14928425357873212,0.31991525423728806,0.9141653501843077,0.48780487804878053,North,M,0.32528025294624885,0.14717009719014484
P10328,Hoodie,Rayon,Winter,0.679476267561941,0.504,0.72,0.06134969325153375,0.48940677966101687,0.8651922064244341,0.09756097560975613,Central,L,0.47949123311296343,0.48451325699452424
P10329,Hoodie,Denim,Spring,0.5109572183081957,0.204,0.2400000000000002,0.9775051124744377,0.3707627118644068,0.5313322801474462,0.8292682926829269,Central,M,0.6820494394941075,0.41034310096620613
P10330,T-Shirt,Wool,Summer,0.5803892837908912,0.068,0.40000000000000013,0.026584867075664622,0.6080508474576272,0.2980516061084782,0.4146341463414634,East,L,0.5835584938200631,0.557292505395897
P10331,T-Shirt,Denim,Summer,0.4124717733426976,0.172,0.040000000000000036,0.4171779141104295,0.5572033898305082,0.7061611374407584,0.902439024390244,West,L,0.6738957554852927,0.36818507850034293
P10332,Trousers,Linen,Spring,0.43117616583574525,0.9840000000000001,0.11999999999999988,0.6441717791411044,0.31991525423728806,0.38967877830437075,0.853658536585366,West,L,0.5599693398486154,0.20365399939336157
P10333,Jeans,Cotton,Winter,0.49831545513811765,0.46799999999999997,0.32000000000000006,0.13701431492842536,0.7944915254237288,0.7783043707214324,0.6829268292682928,South,M,0.5318626041966081,0.41649655191436885
P10334,Jacket,Linen,Spring,0.2805993499601599,0.868,0.3600000000000001,0.25971370143149286,0.40466101694915246,0.016324381253291206,0.6097560975609757,West,XL,0.7075548529270861,0.15618176371839793
P10335,Hoodie,Polyester,Autumn,0.4329177938957983,0.848,0.8800000000000001,0.05112474437627813,0.7605932203389831,0.5297525013164824,0.853658536585366,Central,M,0.4369981795535115,0.27578654879981535
P10336,Dress,Polyester,Summer,0.3381266160450241,0.512,0.7600000000000002,0.8323108384458079,0.7436440677966103,0.3375460768825698,0.902439024390244,North,S,0.4289786337070039,0.2712865199760559
P10337,Jeans,Wool,Autumn,0.33227814713450216,0.706,0.9600000000000002,0.37423312883435583,0.625,0.2490784623486046,0.4146341463414634,East,S,0.7500143719459613,0.22471092150600722
P10338,Trousers,Linen,Spring,0.10187933635467489,0.192,0.6000000000000001,0.278118609406953,0.5402542372881354,0.6619273301737758,0.6829268292682928,East,L,0.6305835010060361,0.09193087536616344
P10339,Trousers,Wool,Summer,0.7536513562967884,0.688,0.2400000000000002,0.5930470347648262,0.5402542372881354,0.6587677725118485,0.7317073170731709,East,L,0.4600220369838075,0.4852022986377623
P10340,Jeans,Wool,Autumn,0.370833320210759,0.272,0.32000000000000006,0.2147239263803681,0.8114406779661016,0.03686150605581885,1.0,West,XL,0.40941841525342526,0.3496964724183412
P10341,Trousers,Polyester,Autumn,0.7204029522642739,0.8320000000000001,0.52,0.9447852760736197,0.5402542372881354,0.9483938915218538,0.2926829268292683,North,XL,0.3522947207051834,0.41635151532109316
P10342,Jeans,Wool,Winter,0.7025300060783763,0.084,0.32000000000000006,0.047034764826175884,0.26906779661016955,0.3622959452343339,0.7073170731707319,West,XL,0.45477148605921236,0.5672606643196884
P10343,Shirt,Polyester,Summer,0.257555059697215,0.774,0.6800000000000002,0.8466257668711658,0.20127118644067798,0.9178515007898895,0.14634146341463422,West,L,0.6331369167385263,0.14086062090048995
P10344,Jeans,Cotton,Autumn,0.2948914080732177,0.1,0.52,0.6912065439672803,0.7944915254237288,0.5839915745129016,0.9512195121951221,Central,M,0.18824374820350673,0.30131767741817694
P10345,Sweater,Linen,Autumn,0.9844092007092488,0.882,0.40000000000000013,0.9182004089979552,0.6080508474576272,0.6529752501316484,0.12195121951219517,Central,L,0.6578422918463158,0.5583705685702354
P10346,Jeans,Wool,Winter,0.8314293790292863,0.304,0.15999999999999992,0.3946830265848671,0.5402542372881354,0.9610321221695631,0.024390243902439046,West,S,0.6022899300565296,0.6824268136966138
P10347,Trousers,Polyester,Autumn,0.49460859035207333,0.654,0.040000000000000036,0.34355828220858897,0.48940677966101687,0.8225381779884151,0.17073170731707316,South,L,0.35216058254287624,0.3221181871373403
P10348,Hoodie,Denim,Autumn,0.5491974496014411,0.488,0.20000000000000018,0.07157464212678938,0.5741525423728815,0.14007372301211168,0.21951219512195125,South,XL,0.508977675577273,0.4125977539693194
P10349,Sweater,Wool,Autumn,0.3813555251811702,0.36600000000000005,0.11999999999999988,0.20449897750511248,0.6419491525423728,0.005265929436545552,0.5121951219512195,South,S,0.4278863658139312,0.3188064066336915
P10350,Trousers,Rayon,Winter,0.5822631873998091,0.6459999999999999,0.8,0.06748466257668713,0.625,0.3085834649815693,0.21951219512195125,West,L,0.37068123023857424,0.40312302208733425
P10351,T-Shirt,Cotton,Autumn,0.3650415408211792,0.948,0.11999999999999988,0.768916155419223,0.8114406779661016,0.48867825171142704,0.8292682926829269,North,XL,0.5424259844782983,0.22049238323475212
P10352,T-Shirt,Cotton,Autumn,0.11652097984687534,0.042,0.72,0.07770961145194276,0.5402542372881354,0.7324907846234862,0.43902439024390244,South,L,0.5780109226789307,0.11101778530139085
P10353,Hoodie,Denim,Summer,0.2508373514655816,0.918,0.40000000000000013,0.4294478527607362,0.7097457627118642,0.6614007372301213,0.07317073170731708,Central,L,0.6111238861741879,0.15313760760415424
P10354,Hoodie,Polyester,Summer,0.5045513024417436,0.61,0.08000000000000007,0.4683026584867076,0.3029661016949152,0.31279620853080575,0.43902439024390244,East,XL,0.24374341285810094,0.30952753740614536
P10355,Sweater,Wool,Winter,0.2868320478459557,0.8079999999999999,0.8,0.5685071574642128,0.48940677966101687,0.5423907319641919,0.9756097560975612,East,S,0.436873622688512,0.17238865421420727
P10356,Shirt,Polyester,Spring,0.48784993968864854,0.384,0.56,0.16155419222903886,0.5063559322033897,0.6513954713006846,0.4634146341463415,West,S,0.5898629874485004,0.3789463124985675
P10357,Hoodie,Cotton,Summer,0.2974896777830618,0.47200000000000003,0.2400000000000002,0.4846625766871166,0.6080508474576272,0.5139547130068458,0.07317073170731708,East,M,0.6400689853406151,0.2320970718731604
P10358,T-Shirt,Polyester,Winter,0.35272731710543304,0.868,0.8800000000000001,0.34969325153374237,0.4216101694915253,0.6893101632438127,0.6097560975609757,West,S,0.5368305068506275,0.19428419393339738
P10359,Jeans,Cotton,Autumn,0.6617828381923601,0.414,0.040000000000000036,0.6646216768916157,0.18432203389830515,0.4855186940494998,0.04878048780487804,East,L,0.6560553798984381,0.427597916195986
P10360,Trousers,Polyester,Autumn,0.5473298448281835,0.534,0.20000000000000018,0.9018404907975461,0.5402542372881354,0.5297525013164824,0.7073170731707319,North,XL,0.5286911947877742,0.3935619677588639
P10361,T-Shirt,Denim,Winter,0.498737477127353,0.02,0.7600000000000002,0.11860940695296525,0.40466101694915246,0.94102159031069,0.853658536585366,North,S,0.5764395899204751,0.44619271377034514
P10362,T-Shirt,Linen,Autumn,0.6666581369933767,0.158,0.72,0.8364008179959102,0.5741525423728815,0.3891521853607162,0.9756097560975612,North,L,0.3804972693302673,0.6022168149974039
P10363,Shirt,Denim,Autumn,0.5913839014358195,0.642,0.28000000000000025,0.04294478527607362,0.5911016949152543,0.7561874670879412,0.12195121951219517,North,L,0.6049343681134425,0.40440195858685585
P10364,Sweater,Denim,Spring,0.7739147106157426,0.716,0.08000000000000007,0.7443762781186095,0.3368644067796609,0.33491311216429703,0.9268292682926831,South,S,0.3128772635814889,0.4426914703798416
P10365,Sweater,Linen,Autumn,0.41366540270031077,0.5820000000000001,0.8399999999999999,0.7484662576687118,0.2521186440677965,0.33228014744602424,0.6341463414634148,Central,XL,0.35340136054421767,0.2539298789868443
P10366,Jacket,Linen,Summer,0.4193784466441378,0.14400000000000002,0.32000000000000006,0.7014314928425359,0.6588983050847457,0.9273301737756715,0.3658536585365854,North,XL,0.39022228609753756,0.3967637615591461
P10367,Shirt,Wool,Autumn,0.2546985377253015,0.446,0.20000000000000018,0.4846625766871166,0.5233050847457625,0.6987888362295946,0.3658536585365854,South,M,0.7416594806936858,0.1956438964920443
P10368,Jeans,Wool,Winter,0.4195012739395122,0.35600000000000004,0.52,0.6032719836400819,0.43855932203389836,0.9294365455502897,0.853658536585366,West,XL,0.44919038037750303,0.32179398185700614
P10369,Sweater,Denim,Spring,0.6828713399828041,0.49600000000000005,0.52,0.6952965235173825,0.3029661016949152,0.9952606635071092,0.8048780487804879,East,XL,0.5648558014755197,0.4466919948631199
P10370,Trousers,Denim,Autumn,0.7462155807998889,0.87,0.040000000000000036,0.1901840490797546,0.3029661016949152,0.0,0.9268292682926831,East,S,0.581254191817572,0.37299122954021585
P10371,Hoodie,Cotton,Winter,0.6820272960043334,0.7759999999999999,0.7600000000000002,0.4969325153374234,0.3877118644067796,0.983675618746709,0.5609756097560976,South,S,0.5767270288397048,0.3840427599726982
P10372,Shirt,Cotton,Summer,0.16152301122137577,0.084,0.56,0.02044989775051125,0.40466101694915246,0.10110584518167458,0.9268292682926831,East,L,0.3551259940595956,0.14260979148564998
P10373,Hoodie,Wool,Autumn,0.7052416548301045,0.89,0.44000000000000017,0.23721881390593047,0.40466101694915246,0.07056345444971038,0.12195121951219517,North,S,0.5534157324901792,0.36529798955022136
P10374,T-Shirt,Rayon,Spring,0.15314870921110238,0.47200000000000003,0.7600000000000002,0.539877300613497,0.8453389830508473,0.7682991047919959,0.4634146341463415,East,M,0.36116221136341853,0.13318935840692817
P10375,Trousers,Rayon,Autumn,0.6702768180801778,0.7440000000000001,0.9600000000000002,0.022494887525562373,0.5911016949152543,0.3501843075302791,0.1951219512195122,North,L,0.2643575740155217,0.42489954597369783
P10376,Trousers,Wool,Winter,0.4310659362116912,0.14,0.2400000000000002,0.3128834355828221,0.23516949152542366,0.9183780937335442,0.48780487804878053,North,XL,0.7447159145348279,0.33482036150054606
P10377,T-Shirt,Cotton,Spring,0.6333183998437888,0.67,0.15999999999999992,0.07566462167689163,0.4216101694915253,0.5450236966824645,0.2439024390243903,East,S,0.4649084986107118,0.39239703642142454
P10378,Shirt,Cotton,Autumn,0.248777632204687,0.23600000000000002,0.9199999999999999,0.26584867075664625,0.4216101694915253,0.38651922064244343,0.7073170731707319,South,M,0.47216633132126085,0.20414097705698203
P10379,T-Shirt,Rayon,Summer,0.721873730390937,0.438,0.6800000000000002,0.7791411042944787,0.43855932203389836,0.07372301211163772,0.0,West,L,0.6540480981124843,0.5228916957905703
P10380,Hoodie,Polyester,Spring,0.22373661103744977,0.016,0.44000000000000017,0.458077709611452,0.5063559322033897,0.46498156924697215,0.6341463414634148,South,M,0.6214237807799176,0.21126371993585152
P10381,Jacket,Polyester,Summer,0.37425043855643286,0.152,0.56,0.2903885480572597,0.5233050847457625,0.27804107424960506,0.12195121951219517,Central,M,0.41831464980358335,0.33265726486236874
P10382,Trousers,Cotton,Winter,0.311958103294606,0.092,0.7600000000000002,0.8793456032719837,0.3707627118644068,0.07688256977356504,0.14634146341463422,Central,XL,0.552251604867299,0.2667253708913368
P10383,Dress,Polyester,Autumn,0.16906586692449907,0.24,0.7600000000000002,0.7934560327198366,0.6419491525423728,0.6708794102159032,0.5121951219512195,North,L,0.5853310338219795,0.1529025525745868
P10384,Dress,Linen,Summer,0.5184276374012263,0.1,0.9199999999999999,0.10838445807770962,0.5911016949152543,0.9778830963665089,0.8048780487804879,North,S,0.3233496215387563,0.4864395374267834
P10385,Hoodie,Wool,Winter,0.8418508026291339,0.6920000000000001,0.44000000000000017,0.047034764826175884,0.777542372881356,0.3791469194312796,0.4634146341463415,South,XL,0.40455111622113626,0.5979137402613149
P10386,Jeans,Wool,Autumn,0.9999999999999999,0.03,0.28000000000000025,0.8057259713701432,0.11652542372881358,0.2975250131648236,0.34146341463414637,South,M,0.4657181182332087,0.759229928369237
P10387,Sweater,Cotton,Winter,0.5189220960005543,0.618,0.6399999999999999,0.245398773006135,0.5741525423728815,0.09004739336492891,0.1951219512195122,North,L,0.5172846603430103,0.35908917317086453
P10388,T-Shirt,Denim,Summer,0.7115782835042942,0.14,0.40000000000000013,0.24130879345603273,0.3707627118644068,0.22327540810953134,0.4146341463414634,West,XL,0.7017725400019161,0.588557354469037
P10389,T-Shirt,Rayon,Winter,0.5444229321709881,0.946,0.6000000000000001,0.32719836400818,0.40466101694915246,0.2848867825171143,0.853658536585366,West,S,0.41583309380090056,0.27217869222684227
P10390,Jeans,Cotton,Spring,0.5948356633776245,0.934,0.40000000000000013,0.9611451942740288,0.48940677966101687,0.344391785150079,1.0,West,M,0.7261808948931685,0.31098073114318403
P10391,Jeans,Polyester,Autumn,0.43590974083440676,0.226,0.15999999999999992,0.14928425357873212,0.3029661016949152,0.634544497103739,0.7073170731707319,West,L,0.5826243173325667,0.33554279107854534
P10392,Hoodie,Rayon,Winter,0.5374280751703047,0.614,0.4800000000000002,0.37627811860940696,0.31991525423728806,0.11479726171669301,0.2439024390243903,East,XL,0.28348663409025576,0.330877087651316
P10393,Hoodie,Denim,Summer,0.6021297150721688,0.027999999999999997,0.6800000000000002,0.8895705521472393,0.3707627118644068,0.05845181674565561,0.7804878048780488,North,XL,0.5613394653636101,0.5271220165796645
P10394,Jeans,Polyester,Autumn,0.3912541454212189,0.932,0.8,0.39059304703476483,0.6927966101694913,0.9310163243812534,0.9512195121951221,South,M,0.7233304589441409,0.2279456567456378
P10395,Trousers,Linen,Spring,0.48591934655878855,0.522,0.4800000000000002,0.8711656441717792,0.5572033898305082,0.7993680884676146,0.12195121951219517,North,XL,0.486844878796589,0.35561213975385797
P10396,Hoodie,Polyester,Autumn,0.4895222805564391,0.044000000000000004,0.15999999999999992,0.44785276073619634,0.06567796610169485,0.27856766719325965,0.9268292682926831,East,S,0.40918367346938767,0.36195254825350337
P10397,Jacket,Linen,Spring,0.6567248731571967,0.342,0.40000000000000013,0.9938650306748467,0.5233050847457625,0.63928383359663,0.5121951219512195,West,S,0.4334435182523713,0.5244913896336266
P10398,Hoodie,Rayon,Autumn,0.2991210762190609,0.076,0.8,0.245398773006135,0.5402542372881354,0.5929436545550291,0.9268292682926831,North,S,0.5856855418223628,0.2783655807203677
P10399,T-Shirt,Linen,Winter,0.4908229901202762,0.392,0.40000000000000013,0.42535787321063395,0.21822033898305082,0.7435492364402317,0.43902439024390244,East,L,0.31670978250455106,0.32966041245658695
P10400,Hoodie,Rayon,Winter,0.8618653529395089,0.67,0.6800000000000002,0.7832310838445808,0.7097457627118642,0.8599262769878884,0.5121951219512195,West,XL,0.7686739484526204,0.6042913071014301
P10401,Trousers,Rayon,Summer,0.7205320783953085,0.47000000000000003,0.52,0.6114519427402864,0.9639830508474576,0.35808320168509744,0.7317073170731709,Central,S,0.6751509054325955,0.641137968967775
P10402,Jeans,Rayon,Spring,0.755512662234386,0.384,0.2400000000000002,0.7055214723926382,0.26906779661016955,0.6614007372301213,1.0,Central,S,0.6159528600172463,0.5185485356885272
P10403,T-Shirt,Rayon,Summer,0.5051811860077665,0.12,0.8,0.965235173824131,0.3877118644067796,0.8025276461295419,0.5853658536585367,Central,L,0.3501820446488454,0.4269730210603948
P10404,Hoodie,Rayon,Winter,0.5612219268768167,0.244,0.08000000000000007,0.33333333333333337,0.2521186440677965,0.6998420221169037,0.9756097560975612,East,XL,0.7280971543546995,0.41495138012228217
P10405,Trousers,Polyester,Spring,0.6899512312649007,0.1,0.52,0.5460122699386504,0.5233050847457625,0.9225908372827806,0.7073170731707319,East,S,0.7002634856759604,0.6270571407961767
P10406,Jacket,Rayon,Summer,0.7953968896349509,0.8079999999999999,0.20000000000000018,0.8977505112474439,0.48940677966101687,0.4949973670352818,0.07317073170731708,South,S,0.7274312541918175,0.45647721469414415
P10407,Hoodie,Polyester,Summer,0.1317799092337782,0.136,0.08000000000000007,0.0040899795501022525,0.5063559322033897,0.8030542390731965,0.6097560975609757,South,S,0.5661588579093608,0.11917059309771671
P10408,Trousers,Polyester,Summer,0.25199318780923347,0.596,0.52,0.10020449897750512,0.21822033898305082,0.9104791995787257,0.14634146341463422,Central,L,0.5245568649995209,0.15536385853794976
P10409,Jacket,Linen,Summer,0.7480044501273939,0.342,0.4800000000000002,0.8425357873210635,0.6758474576271185,0.5571353343865193,0.9512195121951221,North,XL,0.5616604388234167,0.6389081956812781
P10410,Jeans,Rayon,Summer,0.4482428610571335,0.226,0.72,0.7423312883435584,0.31991525423728806,0.01737756714060032,0.26829268292682934,West,S,0.5923014276132987,0.34778299152125053
P10411,Hoodie,Denim,Spring,0.37363315266173047,0.64,0.7600000000000002,0.9631901840490799,0.5741525423728815,0.8183254344391786,0.0,South,M,0.708311775414391,0.25732788271577556
P10412,Jacket,Rayon,Summer,0.2635704477527329,0.45799999999999996,0.72,0.4294478527607362,0.5911016949152543,0.8462348604528701,0.12195121951219517,West,L,0.32833189613873714,0.2065856634688665
P10413,T-Shirt,Rayon,Spring,0.3956853763081894,0.4,0.40000000000000013,0.9406952965235175,0.4216101694915253,0.40021063717746186,0.0,North,M,0.5572817859538182,0.2942048566595932
P10414,Jeans,Linen,Summer,0.23556582440735835,0.5920000000000001,0.6399999999999999,0.030674846625766878,0.5063559322033897,0.22906793048973145,0.17073170731707316,Central,XL,0.597551978537894,0.165896362858289
P10415,T-Shirt,Wool,Winter,0.8957089969419151,0.49200000000000005,0.56,0.34151329243353784,0.43855932203389836,0.9784096893101634,0.7804878048780488,West,L,0.6743700297020214,0.6255304985637234
P10416,Dress,Polyester,Winter,0.49632502306948556,0.304,0.44000000000000017,0.5766871165644173,0.47245762711864403,0.5518694049499738,0.07317073170731708,Central,L,0.48137395803391775,0.3968642230270385
P10417,Shirt,Denim,Summer,0.4896136136735124,0.56,0.6000000000000001,0.7730061349693252,0.777542372881356,0.5165876777251186,0.9512195121951221,West,L,0.537012551499473,0.383782353925801
P10418,T-Shirt,Wool,Autumn,0.6116913476043953,0.67,0.9600000000000002,0.6646216768916157,0.5741525423728815,0.9468141126908901,0.12195121951219517,North,XL,0.5079812206572769,0.4068778004564374
P10419,Jacket,Cotton,Winter,0.6824146743974375,0.026000000000000002,0.20000000000000018,0.6073619631901842,0.5233050847457625,0.4081095313322802,0.04878048780487804,South,M,0.5680032576410845,0.6433041414632409
P10420,Shirt,Cotton,Spring,0.6793030495812848,0.466,0.9199999999999999,0.37627811860940696,0.5741525423728815,0.8483412322274883,0.34146341463414637,East,S,0.4437002970202165,0.5156555678821364
P10421,Shirt,Denim,Summer,0.7034401878312794,0.057999999999999996,0.040000000000000036,0.2801635991820041,0.5741525423728815,0.7008952080042129,0.12195121951219517,Central,XL,0.618630832614736,0.6682776221162474
P10422,Jacket,Linen,Spring,0.3813555251811702,0.18600000000000003,0.32000000000000006,0.25357873210633947,0.625,0.9684044233807269,0.12195121951219517,South,S,0.5817955351154546,0.3483305933398164
P10423,Jeans,Polyester,Autumn,0.44427774400901987,0.56,0.28000000000000025,0.8609406952965236,0.4555084745762712,0.42864665613480785,0.878048780487805,West,S,0.3168151767749353,0.3039819899625847
P10424,Hoodie,Denim,Summer,0.645884576985944,0.866,0.6399999999999999,0.7995910020449899,0.21822033898305082,0.9078462348604529,0.6341463414634148,South,S,0.35694164989939636,0.3120294744520782
P10425,Dress,Wool,Winter,0.4009071110705186,0.882,0.11999999999999988,0.8200408997955011,0.3877118644067796,0.5692469720905741,1.0,West,L,0.49887898821500426,0.21333831126108066
P10426,T-Shirt,Wool,Spring,0.49831545513811765,0.07,0.8800000000000001,0.9795501022494888,0.6927966101694913,0.47604002106371773,0.9756097560975612,Central,L,0.9687410175337738,0.496012895184408
P10427,Trousers,Rayon,Winter,0.5759171104721291,0.42,0.8399999999999999,0.81799591002045,0.40466101694915246,0.30595050026329645,0.09756097560975613,Central,M,0.484564530037367,0.4164321821590157
P10428,T-Shirt,Cotton,Winter,0.6489363628633246,0.584,0.6399999999999999,0.11656441717791412,0.9639830508474576,0.5529225908372829,0.9268292682926831,South,XL,0.3779725974897,0.5367564449876474
P10429,Trousers,Wool,Summer,0.16464408429101884,0.14800000000000002,0.44000000000000017,0.7382413087934562,0.5741525423728815,0.572933122696156,0.39024390243902446,North,S,0.42257832710549004,0.15132754000574095
P10430,T-Shirt,Denim,Spring,0.6356269231132624,0.766,0.9199999999999999,0.1329243353783231,0.6419491525423728,0.8988941548183256,0.5365853658536586,West,XL,0.5970872856184726,0.40575374825457494
P10431,Jacket,Wool,Autumn,0.45639985323712906,0.7440000000000001,0.8399999999999999,0.8732106339468304,0.8283898305084745,0.7045813586097948,0.39024390243902446,South,XL,0.7540912139503688,0.32231908526782427
P10432,Dress,Denim,Winter,0.6342474781036724,0.904,0.4800000000000002,0.6932515337423314,0.35381355932203395,0.8267509215376515,0.9756097560975612,North,XL,0.4313164702500718,0.31826247599963126
P10433,Hoodie,Polyester,Summer,0.6473774010374181,0.008,0.72,0.4110429447852761,0.5911016949152543,0.769352290679305,0.5365853658536586,Central,L,0.5516623550828782,0.6350888243091153
P10434,Trousers,Rayon,Summer,0.8044042246290772,0.21600000000000003,0.56,0.016359918200409,0.2860169491525424,0.27698788836229593,0.9268292682926831,West,S,0.44587046086040044,0.6114212931281081
P10435,Hoodie,Cotton,Autumn,0.7563189131988951,0.828,0.6000000000000001,0.8813905930470349,0.7605932203389831,0.20589784096893105,0.7804878048780488,Central,S,0.6144294337453291,0.48159595518813275
P10436,Hoodie,Wool,Summer,0.755018203635058,0.67,0.32000000000000006,0.8629856850715748,0.5911016949152543,0.25855713533438657,0.024390243902439046,East,XL,0.4459566925361693,0.5037710258410709
P10437,Hoodie,Denim,Winter,0.7733667119133026,0.8940000000000001,0.4800000000000002,0.21267893660531698,0.43855932203389836,0.14691943127962087,0.21951219512195125,North,M,0.6346124365239052,0.4043997261097916
P10438,Sweater,Linen,Summer,0.5556254113927039,0.057999999999999996,0.08000000000000007,0.17995910020449898,0.3368644067796609,0.3859926276987889,0.43902439024390244,East,L,0.14367634377694738,0.47162603508799084
P10439,Jeans,Cotton,Spring,0.5066456652987695,0.596,0.3600000000000001,0.17995910020449898,0.6758474576271185,0.6540284360189574,0.9512195121951221,East,XL,0.6127862412570662,0.37181853414365307
P10440,T-Shirt,Polyester,Spring,0.6654960018140647,0.5700000000000001,0.6800000000000002,0.7014314928425359,0.4216101694915253,0.5371248025276462,0.1951219512195122,East,XL,0.4836830506850627,0.44064252773555085
P10441,Hoodie,Denim,Winter,0.6389023176565811,0.036000000000000004,0.9600000000000002,0.010224948875255626,0.6758474576271185,0.6798314902580307,0.34146341463414637,North,S,0.5936523905336781,0.6419790919096916
P10442,T-Shirt,Rayon,Spring,0.4421613352271832,0.514,0.9600000000000002,0.3210633946830266,0.09957627118644075,0.3565034228541338,0.5609756097560976,West,M,0.5029366676247964,0.26047426147426234
P10443,Hoodie,Rayon,Autumn,0.5770603491444606,0.61,0.56,0.7730061349693252,0.6419491525423728,0.2053712480252765,0.26829268292682934,Central,XL,0.33275845549487393,0.41248746960234417
P10444,Trousers,Polyester,Summer,0.49393146551859884,0.192,0.6000000000000001,0.6728016359918202,0.3877118644067796,0.20273828330700366,0.5121951219512195,West,M,0.5312398198716106,0.40263775598946305
P10445,Jeans,Polyester,Winter,0.1856223564574089,0.27399999999999997,0.20000000000000018,0.20858895705521474,0.6927966101694913,0.601369141653502,0.4146341463414634,West,S,0.6179553511545463,0.16810319124162537
P10446,Jeans,Rayon,Autumn,0.7444172632188939,0.64,0.6800000000000002,0.45398773006134974,0.4555084745762712,0.16429699842022122,0.024390243902439046,West,S,0.5388234166906198,0.47671888579351807
P10447,Jacket,Wool,Summer,0.5109950113221571,0.46799999999999997,0.08000000000000007,0.8200408997955011,0.6588983050847457,0.3975776724591891,0.34146341463414637,Central,XL,0.29359969339848613,0.40367223625044657
P10448,Sweater,Wool,Autumn,0.8876968779821048,0.858,0.28000000000000025,0.34764826175869123,0.3877118644067796,0.21274354923644023,1.0,Central,M,0.5326195266839129,0.4647025531897582
P10449,Jacket,Denim,Winter,0.19340141849779074,0.342,0.6800000000000002,0.065439672801636,0.6588983050847457,0.6629805160610849,0.9268292682926831,North,XL,0.5749592794864424,0.16707486269521896
P10450,Jacket,Linen,Winter,0.39535153801819733,0.266,0.32000000000000006,0.3680981595092025,0.5572033898305082,0.6155871511321749,0.1951219512195122,South,XL,0.4421481268563763,0.3363065462875345
P10451,Jacket,Denim,Autumn,0.5067306995801826,0.9840000000000001,0.040000000000000036,0.37423312883435583,0.43855932203389836,0.3812532912058979,0.5121951219512195,West,XL,0.06967040337261662,0.25000858263404707
P10452,Jacket,Linen,Summer,0.7154898604492959,0.912,0.8399999999999999,0.8220858895705523,0.4216101694915253,0.129015271195366,0.39024390243902446,Central,XL,0.4307176391683433,0.3665612739049923
P10453,Jacket,Polyester,Spring,0.576049386020994,0.027999999999999997,0.32000000000000006,0.17586912065439675,0.5063559322033897,0.2116903633491311,0.3170731707317073,South,M,0.3191482226693494,0.5384771886981891
P10454,Dress,Cotton,Spring,0.5592314948081847,0.77,0.08000000000000007,0.1390593047034765,0.47245762711864403,0.472353870458136,0.7317073170731709,Central,XL,0.4863418606879371,0.33143825796937254
P10455,Jeans,Denim,Autumn,0.2875501151112217,0.11,0.08000000000000007,0.7750511247443764,0.6758474576271185,0.9726171669299631,0.9756097560975612,West,S,0.3206908115358819,0.27887788459601737
P10456,Jacket,Denim,Winter,0.2819441513736186,0.027999999999999997,0.2400000000000002,0.05112474437627813,0.3707627118644068,0.2706687730384413,0.14634146341463422,Central,S,0.3150091022324423,0.24863116909069027
P10457,Hoodie,Linen,Summer,0.561505374481527,0.27399999999999997,0.15999999999999992,0.8425357873210635,0.8961864406779663,0.1911532385466035,0.8292682926829269,North,M,0.6117658330938007,0.5463012766494508
P10458,Jeans,Polyester,Summer,0.2427968877453003,0.27,0.7600000000000002,0.8323108384458079,0.8283898305084745,0.2206424433912586,0.8048780487804879,Central,XL,0.5239771965124077,0.23115444564072143
P10459,Jeans,Polyester,Winter,0.40005676825638775,0.8200000000000001,0.32000000000000006,0.010224948875255626,0.6080508474576272,0.7082675092153766,0.04878048780487804,South,XL,0.5713615023474178,0.24564302334545918
P10460,Shirt,Polyester,Spring,0.5952198923528985,0.71,0.8,0.5214723926380369,0.0,0.9152185360716167,0.024390243902439046,West,L,0.41853501964165946,0.28751739719765584
P10461,Dress,Polyester,Summer,0.31494060197972407,0.9820000000000001,0.15999999999999992,0.3701431492842536,0.4216101694915253,0.07530279094260138,0.6341463414634148,South,XL,0.43157037462872466,0.16010611112318301
P10462,Jacket,Rayon,Autumn,0.8039192142832396,0.7120000000000001,0.4800000000000002,0.6012269938650308,0.5063559322033897,0.7498683517640865,0.024390243902439046,Central,M,0.4088100028743891,0.5000734484954146
P10463,T-Shirt,Wool,Spring,0.7318447872410784,0.418,0.6800000000000002,0.5296523517382414,0.6758474576271185,0.4949973670352818,0.9756097560975612,Central,M,0.4276899492191242,0.5978122121654917
P10464,Trousers,Rayon,Autumn,0.20362127935651098,0.698,0.6399999999999999,0.7832310838445808,0.15042372881355925,0.8256977356503424,0.09756097560975613,North,L,0.4343249976046756,0.11695778663690826
P10465,Sweater,Cotton,Spring,0.32437940721657604,1.0,0.6000000000000001,0.6400817995910022,0.8622881355932202,0.4218009478672986,0.48780487804878053,West,S,0.35764587525150904,0.1923736648670917
P10466,Hoodie,Denim,Winter,0.0686309323221603,0.71,0.9199999999999999,0.6196319018404909,0.5911016949152543,0.005265929436545552,0.14634146341463422,Central,M,0.3983136916738526,0.053592571546673004
P10467,T-Shirt,Cotton,Autumn,0.35268322525581147,0.762,0.2400000000000002,0.6441717791411044,0.5063559322033897,0.682991047919958,0.5853658536585367,North,XL,0.5285474753281594,0.21775181919594908
P10468,T-Shirt,Denim,Autumn,0.6453838195509559,0.938,0.4800000000000002,0.4764826175869121,0.8114406779661016,0.8083201685097422,0.0,North,XL,0.3567883491424738,0.3841224345985922
P10469,Trousers,Wool,Winter,0.4223514970757655,0.114,0.8800000000000001,0.5746421267893661,0.6419491525423728,0.9025803054239074,0.1951219512195122,South,S,0.5475376065919325,0.4026469091454266
P10470,Dress,Polyester,Autumn,0.5876392436358139,0.7040000000000001,0.08000000000000007,0.42126789366053174,0.7436440677966103,0.5692469720905741,0.024390243902439046,West,L,0.274916163648558,0.4105224432903695
P10471,Hoodie,Rayon,Spring,0.21289631486619703,0.85,0.040000000000000036,0.1554192229038855,0.5911016949152543,0.12216956292785676,0.04878048780487804,East,M,0.5441745712369455,0.13247131936715525
P10472,Jeans,Linen,Summer,0.6513551157568522,0.9540000000000001,0.2400000000000002,0.34151329243353784,0.4555084745762712,0.37019483938915215,0.878048780487805,North,XL,0.4896713615023473,0.32824035860130246
P10473,Trousers,Rayon,Summer,0.3956664798012087,0.21,0.6399999999999999,0.6973415132924337,0.3877118644067796,0.7846234860452871,0.07317073170731708,East,S,0.5468477531857813,0.32063339144719183
P10474,Jeans,Wool,Winter,0.5028632144848024,0.504,0.2400000000000002,0.7730061349693252,0.7097457627118642,0.49447077409162726,0.48780487804878053,South,S,0.546967519402127,0.39705182551633966
P10475,Hoodie,Cotton,Spring,0.48301558331942335,0.68,0.20000000000000018,0.9406952965235175,0.4216101694915253,0.6998420221169037,0.6097560975609757,North,S,0.353559451949794,0.2998053230389351
P10476,T-Shirt,Linen,Autumn,0.26028560495592395,0.24800000000000003,0.44000000000000017,0.11247443762781188,0.31991525423728806,0.0047393364928910026,0.878048780487805,West,XL,0.5086279582255437,0.2024632209325781
P10477,Hoodie,Polyester,Autumn,0.28267166689237494,0.6,0.6000000000000001,0.6012269938650308,0.06567796610169485,0.07319641916798315,0.3170731707317073,East,S,0.3381910510683146,0.15979284498046384
P10478,T-Shirt,Wool,Summer,0.6834445340278849,0.258,0.2400000000000002,0.16359918200409,0.5063559322033897,0.6814112690889943,0.21951219512195125,West,S,0.44145348280157126,0.5673350058059287
P10479,Trousers,Linen,Autumn,0.5759612023217507,0.334,0.32000000000000006,0.9877300613496933,0.6080508474576272,0.2901527119536598,0.6097560975609757,East,S,0.6354555906869789,0.480742876091272
P10480,Trousers,Wool,Summer,0.6989869110194981,0.44200000000000006,0.6000000000000001,0.3394683026584867,0.5233050847457625,0.3886255924170617,0.21951219512195125,South,M,0.3592172080099645,0.5259146929833047
P10481,Jacket,Wool,Winter,0.5619116493816118,0.53,0.9600000000000002,0.35787321063394684,0.7266949152542375,0.6424433912585572,0.878048780487805,North,XL,0.4924164031809906,0.4388473433175661
P10482,Dress,Polyester,Autumn,0.527582995033368,0.45,0.6800000000000002,0.572597137014315,0.3707627118644068,0.11216429699842022,0.4146341463414634,North,M,0.3841285810098687,0.3693239642720324
P10483,Jacket,Denim,Spring,0.17440727956437257,0.494,0.8,0.8527607361963191,0.2860169491525424,0.8330700368615062,0.6341463414634148,South,L,0.544462010156175,0.12069993910794781
P10484,Dress,Linen,Autumn,0.44947428342870815,0.298,0.3600000000000001,0.7811860940695298,0.6080508474576272,0.14428646656134808,0.39024390243902446,Central,S,0.6331896138737185,0.3837066481480213
P10485,Jacket,Polyester,Summer,0.49538964597394164,0.158,0.28000000000000025,0.30265848670756645,0.879237288135593,0.7335439705107952,0.21951219512195125,East,XL,0.43326626425217973,0.5091704948687259
P10486,Jeans,Wool,Winter,0.49831545513811765,0.048,0.44000000000000017,0.5214723926380369,0.4216101694915253,0.2927856766719326,0.2439024390243903,East,L,0.5315895372233399,0.4435216789894439
P10487,Trousers,Polyester,Summer,0.6303736941726321,0.196,0.8,0.572597137014315,0.5572033898305082,0.26013691416535023,0.5609756097560976,Central,M,0.4685877167768515,0.5541260343438318
P10488,T-Shirt,Denim,Autumn,0.7908270843634553,0.5820000000000001,0.44000000000000017,0.703476482617587,0.5402542372881354,0.821484992101106,0.43902439024390244,South,L,0.36037175433553703,0.5474767502396936
P10489,Dress,Rayon,Summer,0.6134770675140699,0.7859999999999999,0.8399999999999999,0.5664621676891617,0.47245762711864403,0.5523959978936284,0.3658536585365854,West,M,0.551528216920571,0.358091578392043
P10490,Hoodie,Linen,Summer,0.36615328531520946,0.17,1.0,0.5685071574642128,0.6080508474576272,0.2053712480252765,0.5365853658536586,West,XL,0.5703650474274216,0.3348072891070697
P10491,T-Shirt,Denim,Winter,0.5226950985610309,0.10800000000000001,0.08000000000000007,0.8343558282208591,0.6588983050847457,0.002632964718272776,0.26829268292682934,South,M,0.35872377119862026,0.5032223821998749
P10492,T-Shirt,Cotton,Spring,0.5452008383750263,0.75,0.040000000000000036,0.4192229038854806,0.48940677966101687,0.9736703528172722,0.43902439024390244,West,L,0.6246670499185589,0.3307693334250137
P10493,Jacket,Linen,Autumn,0.32309759415971956,0.306,0.15999999999999992,0.9427402862985687,0.4216101694915253,0.4318062137967351,0.5853658536585367,South,M,0.6831991951710261,0.25416334647716604
P10494,Dress,Denim,Winter,0.4279291160528976,0.9520000000000001,0.40000000000000013,0.8364008179959102,0.47245762711864403,0.3975776724591891,0.04878048780487804,East,M,0.37242981699722133,0.2225785834407155
P10495,Sweater,Wool,Spring,0.46168142693823044,0.7140000000000001,0.11999999999999988,0.9959100204498978,0.35381355932203395,0.05055292259083728,0.2926829268292683,East,L,0.6986586183769281,0.27159410570491155
P10496,Jeans,Linen,Summer,0.8039696049685214,0.326,0.8800000000000001,0.05930470347648263,0.4216101694915253,0.8946814112690891,0.48780487804878053,Central,L,0.5011162211363418,0.6160501606837769
P10497,Trousers,Linen,Spring,0.10737821988605412,0.29,0.040000000000000036,0.4437627811860941,0.15042372881355925,0.14060031595576622,0.5121951219512195,South,S,0.4906103286384976,0.08070617912939546
P10498,T-Shirt,Polyester,Summer,0.7284213700597443,0.524,0.32000000000000006,0.8609406952965236,0.7266949152542375,0.33543970510795157,0.6829268292682928,West,L,0.739570757880617,0.5692494044991457
P10499,Trousers,Wool,Summer,0.32354166207376567,0.08,0.20000000000000018,0.9591002044989776,0.47245762711864403,0.42127435492364407,0.5853658536585367,South,M,0.620935134617227,0.2914378253649281
P10500,Sweater,Cotton,Winter,0.24128831660467567,0.11800000000000001,0.9199999999999999,0.47034764826175873,0.35381355932203395,0.8104265402843603,0.5365853658536586,North,XL,0.4109466321739963,0.20322925822923293
P10501,Dress,Rayon,Summer,0.7235334735874072,0.17600000000000002,0.6800000000000002,0.7321063394683027,0.26906779661016955,0.3596629805160611,0.26829268292682934,Central,XL,0.42754143911085557,0.5573538737098639
P10502,Dress,Denim,Winter,0.6388676740604499,0.774,0.9199999999999999,0.3292433537832311,0.26906779661016955,0.5318588730911007,0.5365853658536586,North,S,0.5473603525917409,0.34043786912147855
P10503,Hoodie,Polyester,Spring,0.7376239689593378,0.514,0.9600000000000002,0.441717791411043,0.3707627118644068,0.4291732490784624,0.09756097560975613,Central,M,0.5458512982657852,0.492891445753139
P10504,Sweater,Denim,Spring,0.6518684708631609,0.01,0.4800000000000002,0.46421267893660534,0.26906779661016955,0.31226961558715116,0.6829268292682928,Central,L,0.49501293475136526,0.5460079787738065
P10505,T-Shirt,Cotton,Summer,0.9999999999999999,0.674,0.2400000000000002,0.6789366053169735,0.40466101694915246,0.9468141126908901,0.09756097560975613,Central,M,0.39942991281019447,0.6064245629628483
P10506,Hoodie,Cotton,Winter,0.6061420733877342,0.424,0.20000000000000018,0.4498977505112475,0.4555084745762712,0.7972617166929965,0.9268292682926831,North,L,0.4219459614831848,0.4475953543045283
P10507,Jeans,Linen,Summer,0.4709942554618778,0.51,0.2400000000000002,0.4764826175869121,0.4555084745762712,0.17430226434965773,0.8292682926829269,Central,L,0.497106448213088,0.33191015401015883
P10508,Hoodie,Cotton,Winter,0.5653665607412469,0.214,0.72,0.147239263803681,0.13347457627118642,0.555028962611901,0.8292682926829269,South,L,0.2726597681326051,0.3981757784969992
P10509,Shirt,Denim,Winter,0.735535904937972,0.552,0.040000000000000036,0.8139059304703478,0.7266949152542375,0.7967351237493419,0.39024390243902446,South,S,0.5720561464022228,0.5643754109618195
P10510,T-Shirt,Wool,Winter,0.3532879134791933,0.98,0.040000000000000036,0.19222903885480574,0.47245762711864403,0.5803054239073198,0.7073170731707319,North,L,0.5375826386892785,0.18199795485256673
P10511,Shirt,Wool,Spring,0.3773809598795662,0.07400000000000001,0.6000000000000001,0.8732106339468304,0.6588983050847457,0.4939441811479727,0.024390243902439046,East,M,0.36603430104436135,0.3695844695401325
P10512,Sweater,Linen,Winter,0.4421802317341639,0.284,0.6399999999999999,0.9693251533742333,0.13347457627118642,0.07214323328067405,0.34146341463414637,East,S,0.5702261186164606,0.30208160626427105
P10513,Jacket,Rayon,Spring,0.10287140297116083,0.242,0.6800000000000002,0.19222903885480574,0.2860169491525424,0.10637177461822013,0.5365853658536586,North,S,0.2542109801667145,0.08323822981039522
P10514,Shirt,Denim,Winter,0.5266570661913145,0.24800000000000003,0.3600000000000001,0.8036809815950922,0.5572033898305082,0.24539231174302267,1.0,Central,XL,0.5535546613011402,0.45093923286730125
P10515,Jeans,Denim,Spring,0.14415082247046637,0.378,0.8,0.4948875255623722,0.3707627118644068,0.5134281200631913,0.6097560975609757,Central,S,0.6295918367346938,0.11087423702615798
P10516,Hoodie,Cotton,Autumn,0.5105918858399024,0.818,0.52,0.7607361963190186,0.5233050847457625,0.9878883622959455,0.2439024390243903,Central,M,0.5572147168726644,0.2996132307902046
P10517,Jacket,Denim,Spring,0.6640724649548531,0.912,0.11999999999999988,0.5971370143149285,0.8453389830508473,0.8025276461295419,0.5609756097560976,North,XL,0.587151480310434,0.4093433977368238
P10518,Hoodie,Polyester,Spring,0.41044984709576426,0.20199999999999999,0.8,0.5357873210633948,0.3368644067796609,0.11005792522380199,0.1951219512195122,Central,L,0.596272875347322,0.3256493457205052
P10519,Shirt,Rayon,Summer,0.817480607459711,0.542,0.9600000000000002,0.25153374233128833,0.47245762711864403,0.7177461822011587,0.3170731707317073,South,XL,0.5573871802242023,0.5626758013674864
P10520,Hoodie,Polyester,Winter,0.22458065501592037,0.636,0.08000000000000007,0.5869120654396729,0.8283898305084745,0.8109531332280148,0.5609756097560976,Central,S,0.49290025869502724,0.17455011370253742
P10521,Sweater,Polyester,Autumn,0.7256719282940548,0.522,0.40000000000000013,0.5439672801635993,0.6080508474576272,0.41442864665613477,0.14634146341463422,North,L,0.4546517198428667,0.5394352190223715
P10522,Jacket,Linen,Summer,0.6281407569310812,0.434,0.4800000000000002,0.8813905930470349,0.2860169491525424,0.330173775671406,0.21951219512195125,Central,L,0.6652294720705183,0.42380369739874746
P10523,Sweater,Wool,Winter,0.17629378084461092,0.192,0.15999999999999992,0.22085889570552147,0.4555084745762712,0.5850447604002107,0.7804878048780488,South,M,0.5877838459327392,0.15129673182225395
P10524,Shirt,Linen,Autumn,0.9999999999999999,0.488,0.8800000000000001,0.7096114519427404,0.5063559322033897,0.5192206424433913,0.7804878048780488,North,S,0.6708968094279963,0.7222973161359175
P10525,Sweater,Wool,Autumn,0.4885176162686327,0.402,0.28000000000000025,0.9222903885480573,0.23516949152542366,0.26540284360189575,0.6341463414634148,East,M,0.6430008623167576,0.3291865319917436
P10526,Jeans,Linen,Autumn,0.49831545513811765,0.7959999999999999,0.8,0.09611451942740287,0.4555084745762712,0.3975776724591891,0.17073170731707316,North,S,0.33219315895372226,0.28871053216200715
P10527,Shirt,Denim,Winter,0.23467453916143605,0.7640000000000001,0.6800000000000002,0.6134969325153375,0.23516949152542366,0.54449710373881,0.3170731707317073,West,S,0.4048241831944045,0.1324328215404469
P10528,Shirt,Polyester,Autumn,0.45898867469348287,0.134,0.6000000000000001,0.19222903885480574,0.5063559322033897,0.5803054239073198,0.14634146341463422,East,L,0.23583405193063137,0.40780589078265783
P10529,Shirt,Wool,Autumn,0.47648998957542693,0.08800000000000001,0.20000000000000018,0.9734151329243356,0.6080508474576272,0.5318588730911007,0.4146341463414634,East,L,0.2767318194883587,0.4532397260661343
P10530,T-Shirt,Cotton,Summer,0.5199614038844919,0.908,0.2400000000000002,0.065439672801636,0.20127118644067798,0.8467614533965245,0.6097560975609757,North,XL,0.24107981220657274,0.2436144210477541
P10531,Hoodie,Polyester,Spring,0.4442903416803403,0.536,0.040000000000000036,0.2392638036809816,0.4216101694915253,0.03159557661927331,0.9756097560975612,West,S,0.17587908402797736,0.3037936929248634
P10532,T-Shirt,Cotton,Winter,0.6202231205061743,0.858,0.2400000000000002,0.26789366053169733,0.9131355932203391,0.33333333333333337,0.34146341463414637,East,S,0.4663409025582063,0.41131839577968565
P10533,T-Shirt,Polyester,Spring,0.4273149795760254,0.057999999999999996,0.3600000000000001,0.5112474437627813,0.48940677966101687,0.750394944707741,0.7804878048780488,Central,L,0.6693877551020408,0.39115892944687847
P10534,Jeans,Polyester,Summer,0.13492302822823204,0.526,0.8399999999999999,0.6175869120654398,0.8622881355932202,0.6519220642443393,0.2439024390243903,West,S,0.5515713327584555,0.11527643374390076
P10535,Jacket,Linen,Spring,0.47233905687533656,0.54,0.3600000000000001,0.24744376278118613,0.6927966101694913,0.9189046866771986,0.43902439024390244,West,S,0.6005078087573057,0.362448108551171
P10536,Hoodie,Wool,Autumn,0.49831545513811765,0.86,0.7600000000000002,0.4437627811860941,0.13347457627118642,0.588204318062138,1.0,North,S,0.5083021941170833,0.23474178823000388
P10537,Sweater,Wool,Autumn,0.5674136823308211,0.098,0.44000000000000017,0.10633946830265849,0.5911016949152543,0.6382306477093208,0.4146341463414634,North,M,0.5212369454824183,0.5327867782984576
P10538,Dress,Polyester,Winter,0.3155106466069747,0.24,0.8,0.2556237218813906,0.7605932203389831,0.7051079515534493,0.5121951219512195,North,XL,0.6122017821212992,0.2967658055159249
P10539,Shirt,Denim,Winter,0.5314347330395975,0.406,0.9600000000000002,0.3231083844580777,0.8453389830508473,0.1864139020537125,0.853658536585366,West,XL,0.4770815368400881,0.47018355724086075
P10540,Sweater,Denim,Winter,0.49831545513811765,0.866,0.2400000000000002,0.3231083844580777,0.3368644067796609,0.7535545023696684,0.4146341463414634,South,S,0.5185972980741592,0.258848869339666
P10541,Shirt,Cotton,Summer,0.32128352948957384,0.938,0.8800000000000001,0.5766871165644173,0.6927966101694913,0.3001579778830964,0.4146341463414634,North,S,0.44205231388329974,0.18848669905048285
P10542,Jeans,Cotton,Winter,0.7011033198013347,0.9920000000000001,0.6399999999999999,0.17995910020449898,0.40466101694915246,0.42496050552922593,0.5121951219512195,South,L,0.3254766695410558,0.3324199773557371
P10543,Shirt,Linen,Summer,0.41866982763236216,0.96,0.8,0.35787321063394684,0.3707627118644068,0.014218009478672994,0.5853658536585367,East,XL,0.4820877646833381,0.20702109571760297
P10544,T-Shirt,Polyester,Autumn,0.8318576998541819,0.006,0.6399999999999999,0.5950920245398774,0.7097457627118642,0.8441284886782519,0.7317073170731709,Central,XL,0.3315751652773785,0.8609558712708083
P10545,Hoodie,Cotton,Spring,0.4315635442288493,0.048,0.44000000000000017,0.883435582822086,0.5741525423728815,0.9541864139020538,0.1951219512195122,Central,L,0.6270623742454728,0.4124213882812417
P10546,Dress,Cotton,Autumn,0.34173899829616494,0.14800000000000002,0.2400000000000002,0.3231083844580777,0.5572033898305082,0.06003159557661929,0.902439024390244,South,XL,0.5707962058062661,0.30920005782611704
P10547,Trousers,Rayon,Autumn,0.630427234275744,0.348,0.08000000000000007,0.507157464212679,0.23516949152542366,0.635597682991048,0.43902439024390244,West,M,0.7146498035834052,0.43538318385163016
P10548,Shirt,Polyester,Autumn,0.4182163114648257,0.8300000000000001,0.52,0.7280163599182006,0.7436440677966103,0.9610321221695631,0.5853658536585367,Central,L,0.3879179840950464,0.2687181295295099
P10549,Sweater,Linen,Winter,0.34155948147984844,0.892,0.52,0.24744376278118613,0.5233050847457625,0.607161664033702,0.34146341463414637,South,S,0.30323847848998753,0.19335756711991903
P10550,T-Shirt,Cotton,Winter,0.4102703302794478,0.18600000000000003,0.72,0.4826175869120655,0.26906779661016955,0.7983149025803056,0.09756097560975613,North,M,0.281172750790457,0.31723908370806697
P10551,Trousers,Linen,Winter,0.4921362973554338,0.62,0.32000000000000006,0.8732106339468304,0.35381355932203395,0.11795681937862036,0.2439024390243903,South,XL,0.7268851202452811,0.3077792350065104
P10552,Dress,Wool,Spring,0.7541899067457379,0.918,0.8399999999999999,0.25357873210633947,0.6758474576271185,0.24486571879936814,0.2926829268292683,East,S,0.44351825237137105,0.4300619259371269
P10553,Trousers,Linen,Winter,0.1350899473732281,0.46399999999999997,0.7600000000000002,0.6421267893660533,0.5741525423728815,0.3459715639810427,0.8048780487804879,South,XL,0.2850196416594807,0.10809800296492798
P10554,T-Shirt,Denim,Summer,0.5049260831635272,0.10400000000000001,0.28000000000000025,0.5685071574642128,0.3368644067796609,0.9815692469720908,0.17073170731707316,North,XL,0.5681373958033917,0.4194746019022093
P10555,Hoodie,Denim,Autumn,0.6186484115911173,0.45799999999999996,0.0,0.7239263803680983,0.4216101694915253,0.7819905213270143,0.5853658536585367,South,S,0.45253425313787476,0.4402546968588849
P10556,Hoodie,Linen,Spring,0.5371194322229536,0.376,0.11999999999999988,0.6605316973415134,0.5402542372881354,0.8862559241706162,0.6341463414634148,North,S,0.3645923157995592,0.4250063824038737
P10557,Jacket,Denim,Spring,0.7480831855731467,0.578,0.8800000000000001,0.18609406952965235,0.48940677966101687,0.48709847288046343,0.2439024390243903,North,M,0.7142473890964836,0.5076453657596162
P10558,Hoodie,Wool,Spring,0.4865145865286802,0.438,0.8399999999999999,0.8691206543967281,0.5741525423728815,0.7172195892575041,0.4146341463414634,East,XL,0.4802242023569991,0.37750777869425095
P10559,Jacket,Polyester,Spring,0.46569063583596565,0.018000000000000002,0.28000000000000025,0.21267893660531698,0.6419491525423728,0.7319641916798316,0.21951219512195125,East,L,0.5820446488454536,0.46502169818874667
P10560,Trousers,Denim,Spring,0.6124944491510744,0.9940000000000001,0.28000000000000025,0.08384458077709613,0.4216101694915253,0.5692469720905741,0.7804878048780488,Central,L,0.5627814506084123,0.2941119111978172
P10561,Jeans,Denim,Summer,0.5193315203184691,0.544,0.8,0.8098159509202455,0.48940677966101687,0.8783570300157979,0.853658536585366,North,L,0.8909504646929194,0.3630329183208081
P10562,Sweater,Linen,Autumn,0.4267890267983963,0.474,0.9199999999999999,0.261758691206544,0.7605932203389831,0.15850447604002105,0.39024390243902446,North,XL,0.471605825428763,0.35129549651827835
P10563,Sweater,Wool,Spring,0.5980984602496228,0.9540000000000001,0.7600000000000002,0.9386503067484664,0.8961864406779663,0.0573986308583465,0.09756097560975613,North,XL,0.35697997508862694,0.363614627427856
P10564,Trousers,Polyester,Autumn,0.3772581325841918,0.156,0.6000000000000001,0.10633946830265849,0.6588983050847457,0.30437072143233285,0.5365853658536586,Central,S,0.4029079237328734,0.3549215601819757
P10565,Shirt,Linen,Winter,0.38507183822070484,0.19,0.2400000000000002,0.34151329243353784,0.5233050847457625,0.08846761453396527,0.04878048780487804,West,M,0.6427948644246431,0.3357235721101502
P10566,Shirt,Linen,Spring,0.40079058261080436,0.8079999999999999,0.52,0.18200408997955012,0.5911016949152543,0.06055818852027384,0.9268292682926831,East,XL,0.5365526492287055,0.24654226510694904
P10567,Hoodie,Rayon,Spring,0.7562464765888025,0.26,0.2400000000000002,0.5030674846625768,0.35381355932203395,0.41916798314902587,0.878048780487805,East,L,0.43293570949506555,0.5816767361304386
P10568,Sweater,Wool,Autumn,0.0,0.8,0.8,0.35378323108384463,0.5741525423728815,0.20063191153238547,0.21951219512195125,North,XL,0.5498371179457697,0.011391139804560028
P10569,Sweater,Polyester,Spring,0.5753187210844074,0.272,0.40000000000000013,0.7586912065439674,0.5911016949152543,0.7904160084254873,0.6341463414634148,Central,M,0.6914630640988788,0.4933214704463198
P10570,Jacket,Wool,Spring,0.5070393425275338,0.034,0.8399999999999999,0.17586912065439675,0.31991525423728806,0.5803054239073198,0.14634146341463422,North,XL,0.739015042636773,0.43202400041831657
P10571,Jeans,Polyester,Spring,0.1829390524661517,0.518,0.40000000000000013,0.752556237218814,0.5572033898305082,0.3607161664033702,0.6829268292682928,East,M,0.5535786145444093,0.13900275348760047
P10572,T-Shirt,Wool,Summer,0.5590929204236595,0.196,0.8399999999999999,0.3047034764826176,0.5741525423728815,0.28646656134807796,0.9268292682926831,Central,S,0.6636916738526395,0.49561087567573353
P10573,Shirt,Linen,Summer,0.5904642714294263,0.758,0.32000000000000006,0.507157464212679,0.43855932203389836,0.563454449710374,0.12195121951219517,South,M,0.29612436523905333,0.3469250505854497
P10574,Sweater,Linen,Spring,0.49831545513811765,0.642,0.44000000000000017,0.2331288343558282,0.43855932203389836,0.4344391785150079,0.1951219512195122,East,L,0.5899540097729232,0.3195572382810085
P10575,Jacket,Cotton,Summer,0.0,0.924,0.6000000000000001,0.36605316973415136,0.625,0.05581885202738285,0.17073170731707316,South,XL,0.4745951901887515,0.012737918801534872
P10576,Dress,Denim,Winter,0.7587628614350636,0.782,0.08000000000000007,0.24335378323108386,0.31991525423728806,0.6656134807793577,0.3170731707317073,West,XL,0.3354460093896713,0.4098708824565106
P10577,T-Shirt,Rayon,Spring,0.36115830863664844,0.18,0.9600000000000002,0.05521472392638038,0.5233050847457625,0.5002632964718273,0.902439024390244,South,L,0.36658522563955154,0.3166854790067283
P10578,Shirt,Wool,Winter,0.6303012575625395,0.8,0.56,0.6298568507157465,0.47245762711864403,0.27698788836229593,0.1951219512195122,Central,M,0.38322793906294905,0.36366532946251573
P10579,Shirt,Rayon,Autumn,0.6405998538670127,0.642,0.52,0.23721881390593047,0.2860169491525424,0.29067930489731436,0.2439024390243903,South,XL,0.5426894701542588,0.3783465451325997
P10580,Jacket,Cotton,Winter,0.33489846276915713,0.668,0.8399999999999999,0.38854805725971375,0.6927966101694913,0.4528699315429174,0.2439024390243903,West,XL,0.34141994826099453,0.2386726842341775
P10581,T-Shirt,Denim,Autumn,0.6253692692405808,0.8320000000000001,0.8800000000000001,0.294478527607362,0.6419491525423728,0.8278041074249606,0.9512195121951221,East,M,0.6023713710836447,0.37950443176463616
P10582,Trousers,Wool,Spring,0.42771810505827995,0.574,0.52,0.6523517382413089,0.11652542372881358,0.4233807266982622,0.8292682926829269,West,M,0.6390725304206188,0.24554052784290822
P10583,Shirt,Polyester,Autumn,0.10914504328874813,0.466,0.9199999999999999,0.5337423312883437,0.4216101694915253,0.8399157451290153,0.2439024390243903,Central,M,0.4834099837117945,0.08415505853009146
P10584,Jacket,Denim,Autumn,0.7212280997357637,0.636,0.08000000000000007,0.2883435582822086,0.40466101694915246,0.42496050552922593,0.853658536585366,South,XL,0.4708632748874197,0.4522966285329818
P10585,Sweater,Linen,Winter,0.354106762115023,0.298,0.11999999999999988,0.23108384458077713,0.5911016949152543,0.8304370721432334,0.04878048780487804,South,L,0.5230094854843346,0.30098129273519214
P10586,Jacket,Cotton,Winter,0.33909348731886907,0.182,0.6000000000000001,0.7832310838445808,0.21822033898305082,0.9320695102685626,0.43902439024390244,Central,L,0.4296109993293092,0.25718259806949273
P10587,Jeans,Denim,Winter,0.42439861866533973,0.616,0.3600000000000001,0.556237218813906,0.13347457627118642,0.020537124802527645,0.17073170731707316,North,S,0.7105298457411133,0.23953471804459617
P10588,Trousers,Denim,Spring,0.5520067303059029,0.23399999999999999,0.4800000000000002,0.07566462167689163,0.40466101694915246,0.062137967351237514,0.6585365853658538,Central,M,0.20009581297307652,0.44321538313622544
P10589,Dress,Linen,Spring,0.48974273980454713,0.08,0.32000000000000006,0.4008179959100205,0.5233050847457625,0.1342812006319115,0.0,Central,L,0.4449219124269425,0.45019462735046345
P10590,T-Shirt,Wool,Winter,0.6041295953942912,0.0,0.40000000000000013,0.024539877300613498,0.6080508474576272,0.12216956292785676,0.9512195121951221,West,M,0.2756347609466321,0.5994855777516693
P10591,Hoodie,Polyester,Spring,0.24744857788037883,0.608,0.8399999999999999,0.22699386503067487,0.48940677966101687,0.45497630331753564,0.7073170731707319,West,XL,0.583338123981987,0.17094260440377435
P10592,Dress,Linen,Spring,0.36027962106204664,0.36200000000000004,0.6000000000000001,0.8916155419222905,0.6080508474576272,0.764612954186414,0.9756097560975612,Central,L,0.5312446105202644,0.29783193734061975
P10593,Trousers,Polyester,Autumn,0.478644191371225,0.752,1.0,0.278118609406953,0.5402542372881354,0.9620853080568722,0.902439024390244,East,XL,0.6088387467663121,0.29800108468618963
P10594,Trousers,Wool,Autumn,0.8591977960374023,0.376,0.8,0.34969325153374237,0.26906779661016955,0.4181147972617167,0.2439024390243903,South,S,0.5235125035929864,0.5912674079879616
P10595,Trousers,Denim,Winter,0.47905676510696993,0.48600000000000004,0.28000000000000025,0.25766871165644173,0.7605932203389831,0.6887835703001581,0.6829268292682928,Central,L,0.5568697901695889,0.39082279281690085
P10596,Dress,Polyester,Spring,0.7056321826410388,0.408,0.28000000000000025,0.7382413087934562,0.5402542372881354,0.635597682991048,0.7317073170731709,North,L,0.375026348567596,0.5460715795648377
P10597,Sweater,Cotton,Autumn,0.5078487429098731,0.65,0.32000000000000006,0.8364008179959102,0.7944915254237288,0.39336492890995267,0.21951219512195125,South,S,0.5218214046181853,0.3772737654873135
P10598,Trousers,Cotton,Summer,0.4091680340389079,0.35600000000000004,0.8399999999999999,0.6789366053169735,0.26906779661016955,0.7214323328067405,0.8292682926829269,East,M,0.38812877263581486,0.28936586340157466
P10599,Jacket,Linen,Spring,0.4539433073296401,0.9640000000000001,0.040000000000000036,0.036809815950920255,0.43855932203389836,0.5924170616113745,0.9512195121951221,West,L,0.5885263964740826,0.22939875126147358
P10600,Dress,Wool,Summer,0.46873927229551615,0.9359999999999999,0.2400000000000002,0.8813905930470349,0.6080508474576272,0.7604002106371776,0.6829268292682928,East,S,0.36432403947494485,0.2604977768993394
P10601,Hoodie,Linen,Winter,0.6146329038577218,0.848,0.9199999999999999,0.948875255623722,0.5402542372881354,0.19378620326487628,0.878048780487805,South,XL,0.4264347992718213,0.35248922680984685
P10602,Trousers,Linen,Spring,0.76031867384314,0.92,0.6399999999999999,0.4233128834355829,0.6080508474576272,0.3607161664033702,0.024390243902439046,North,S,0.4884449554469675,0.4202511814516677
P10603,Jacket,Rayon,Winter,0.5685317256605116,0.45,0.2400000000000002,0.3210633946830266,0.6588983050847457,0.6714060031595578,0.0,South,XL,0.7207243460764585,0.453392923603345
P10604,Sweater,Linen,Winter,0.7248814244186961,0.536,0.52,0.32515337423312884,0.6927966101694913,0.12480252764612955,0.7560975609756098,South,S,0.5050780875730574,0.5540999143621798
P10605,Jeans,Rayon,Winter,0.31825378953700406,0.742,0.8800000000000001,0.6809815950920246,0.7266949152542375,0.7709320695102687,0.5609756097560976,Central,L,0.7910606496119574,0.21903460051708137
P10606,Sweater,Cotton,Winter,0.4222129226912405,0.696,0.8800000000000001,0.48875255623721886,0.3707627118644068,0.13375460768825698,0.024390243902439046,South,M,0.6992191242694261,0.25453128350265924
P10607,Hoodie,Cotton,Winter,0.36369673940772046,0.89,0.2400000000000002,0.7668711656441719,0.7436440677966103,0.32438125329120593,0.04878048780487804,Central,L,0.4568985340615119,0.2244330277221064
P10608,Trousers,Linen,Spring,0.559984205669582,0.716,0.44000000000000017,0.15950920245398773,0.18432203389830515,0.2374934175882043,0.1951219512195122,Central,L,0.5585465171984286,0.2994974644517716
P10609,Hoodie,Cotton,Summer,0.43273197824382154,0.998,0.8399999999999999,0.6768916155419225,0.4216101694915253,0.0610847814639284,0.5609756097560976,East,XL,0.5802529462489221,0.21147992293687617
P10610,Dress,Wool,Spring,0.6384645485781952,0.348,0.7600000000000002,0.7280163599182006,0.5233050847457625,0.2706687730384413,0.26829268292682934,North,L,0.07724441889431827,0.5083199459125378
P10611,Shirt,Rayon,Spring,0.32463765947864537,0.8320000000000001,0.8,0.6748466257668713,0.3029661016949152,0.9120589784096894,0.8048780487804879,Central,S,0.25403851681517675,0.1751714120695251
P10612,Trousers,Rayon,Spring,0.5086959363061737,0.698,0.52,0.4008179959100205,0.6419491525423728,0.02685624012638231,0.8048780487804879,West,M,0.5650617993676343,0.34327085771074256
P10613,Shirt,Linen,Autumn,0.6303547976656514,0.6920000000000001,0.9199999999999999,0.24335378323108386,0.43855932203389836,0.01685097419694577,0.5365853658536586,East,L,0.5741257066206764,0.38771396928369534
P10614,Jacket,Cotton,Autumn,0.11029458079673977,0.326,0.32000000000000006,0.5051124744376279,0.6419491525423728,0.7045813586097948,0.43902439024390244,West,M,0.5223483759701063,0.09720148085660839
P10615,Jeans,Polyester,Spring,0.9014787304066842,0.7859999999999999,0.15999999999999992,0.28220858895705525,0.5063559322033897,0.3670352817272249,0.7560975609756098,Central,XL,0.3404426559356136,0.5289145468304729
P10616,T-Shirt,Rayon,Summer,0.44705867995301063,0.9,0.72,0.4601226993865031,0.40466101694915246,0.23012111637704058,0.6585365853658538,East,L,0.8471783079428954,0.23475850700268522
P10617,Hoodie,Linen,Spring,0.11790357427429544,0.218,0.52,0.16768916155419222,0.4216101694915253,0.5092153765139548,0.6097560975609757,South,M,0.582030276899492,0.10032017689949815
P10618,Sweater,Linen,Winter,0.5304395170052815,0.626,0.8399999999999999,0.8364008179959102,0.47245762711864403,0.2669826224328594,0.26829268292682934,Central,S,0.6470585417265498,0.3485925621206587
P10619,Jeans,Wool,Autumn,0.5068850210538581,0.392,0.08000000000000007,0.05112474437627813,0.7944915254237288,0.3923117430226435,0.7317073170731709,North,M,0.6346268084698667,0.44320928103224977
P10620,Trousers,Denim,Autumn,0.4850879002516384,0.99,0.8399999999999999,0.25971370143149286,0.7605932203389831,0.7156398104265403,0.2439024390243903,Central,S,0.5217351729424163,0.27324264118507424
P10621,Shirt,Denim,Spring,0.6878631672435349,0.478,0.28000000000000025,0.81799591002045,0.7605932203389831,0.11690363349131123,0.9512195121951221,East,S,0.5127335441218741,0.5616976539444248
P10622,Sweater,Rayon,Spring,0.6418060808959463,0.228,0.6399999999999999,0.45398773006134974,0.5402542372881354,0.9599789362822541,0.07317073170731708,West,XL,0.6303727124652677,0.5503219182316083
P10623,Shirt,Wool,Summer,0.5568536843464486,0.38200000000000006,0.040000000000000036,0.6912065439672803,0.47245762711864403,0.04265402843601897,0.4146341463414634,East,M,0.4253425313787486,0.42540465631214036
P10624,Dress,Wool,Summer,0.5856267656423709,0.654,0.6000000000000001,0.08793456032719837,0.5741525423728815,0.8067403896787785,0.6829268292682928,East,L,0.6403803775031138,0.39430533301066595
P10625,Shirt,Wool,Winter,0.48084248501664467,0.076,0.72,0.16973415132924335,0.625,0.7251184834123223,0.9268292682926831,North,L,0.525831177541439,0.4634945350449784
P10626,Dress,Rayon,Spring,0.8360684714930444,0.604,0.3600000000000001,0.8302658486707568,0.35381355932203395,0.2822538177988415,0.7317073170731709,South,L,0.5855849382006323,0.520901640930175
P10627,Jacket,Denim,Spring,0.22104700821053233,0.932,0.20000000000000018,0.049079754601227,0.43855932203389836,0.1184834123222749,0.6585365853658538,West,L,0.5261617322985532,0.12199747958300504
P10628,Sweater,Wool,Spring,0.5269531114673452,0.85,0.52,0.44785276073619634,0.4555084745762712,0.8530805687203793,0.6341463414634148,North,M,0.3730765545654881,0.29218667258818803
P10629,T-Shirt,Cotton,Autumn,0.5128500184240943,0.068,0.8399999999999999,0.5971370143149285,0.5741525423728815,0.6798314902580307,0.7073170731707319,Central,XL,0.4763773114879754,0.48517017577333743
P10630,T-Shirt,Linen,Winter,0.654246281324897,0.9940000000000001,0.32000000000000006,0.41513292433537835,0.35381355932203395,0.29120589784096895,1.0,West,L,0.6760419660822075,0.30321228148142415
P10631,Trousers,Linen,Summer,0.341105965312312,0.698,0.2400000000000002,0.7505112474437629,0.31991525423728806,0.01685097419694577,0.2439024390243903,East,L,0.593130209830411,0.2027927841578665
P10632,Dress,Polyester,Autumn,0.17107204608228174,0.162,0.28000000000000025,0.39263803680981596,0.47245762711864403,0.9389152185360716,0.3170731707317073,North,S,0.6593513461722718,0.14995682389357692
P10633,T-Shirt,Polyester,Autumn,0.5301970118323627,0.012,0.9600000000000002,0.0020449897750511245,0.8961864406779663,0.40442338072669826,0.07317073170731708,North,M,0.6356711698764012,0.5899437227259517
P10634,Shirt,Rayon,Autumn,0.5537074159341645,0.172,0.3600000000000001,0.4110429447852761,0.4216101694915253,0.17640863612427593,0.853658536585366,South,S,0.4186883203985819,0.46297560815403815
P10635,Shirt,Rayon,Autumn,0.7820465074530972,0.838,0.0,0.7218813905930471,0.26906779661016955,0.9120589784096894,0.0,South,S,0.276444380569129,0.39357246040106597
P10636,T-Shirt,Linen,Winter,0.260509213621862,0.022000000000000002,0.8,0.06339468302658488,0.3877118644067796,0.35913638757240657,0.9268292682926831,West,XL,0.6223100507808756,0.23241237205053814
P10637,Sweater,Cotton,Spring,0.7187621055747845,0.23399999999999999,0.6800000000000002,0.17995910020449898,0.43855932203389836,0.46340179041600854,0.878048780487805,East,L,0.4761186164606687,0.5850298670703779
P10638,Shirt,Denim,Summer,0.9479231951473768,0.758,0.11999999999999988,0.4110429447852761,0.2860169491525424,0.6987888362295946,0.7804878048780488,North,L,0.59977483951327,0.5092471184426319
P10639,Hoodie,Denim,Summer,0.4291794349314529,0.5860000000000001,1.0,0.8957055214723928,0.5402542372881354,0.8199052132701423,0.48780487804878053,Central,M,0.701806074542493,0.30032578785851965
P10640,Jacket,Rayon,Autumn,0.25661968260167106,0.782,0.6000000000000001,0.3619631901840491,0.4555084745762712,0.10005265929436545,0.5609756097560976,South,S,0.44964070135096285,0.1561037758529526
P10641,Jacket,Cotton,Autumn,0.423661654893093,0.746,0.52,0.39263803680981596,1.0,0.8988941548183256,0.9512195121951221,North,L,0.39098399923349614,0.3191535816224869
P10642,Hoodie,Rayon,Winter,0.5032096504461151,0.05,0.40000000000000013,0.32515337423312884,0.48940677966101687,0.9331226961558716,0.2926829268292683,Central,XL,0.3537606591932547,0.46201030987674635
P10643,T-Shirt,Denim,Autumn,0.6070994964080889,0.892,0.8800000000000001,0.5971370143149285,0.7944915254237288,0.25961032122169564,0.8048780487804879,North,S,0.49740346842962535,0.3739735938643989
P10644,Hoodie,Rayon,Summer,0.38881019718505033,0.228,0.2400000000000002,0.41513292433537835,0.3877118644067796,0.4976303317535545,0.902439024390244,West,XL,0.2975903037271246,0.31228308384657977
P10645,Dress,Wool,Summer,0.7944426160324263,0.554,0.28000000000000025,0.49079754601226994,0.4216101694915253,0.8583464981569249,0.6829268292682928,West,XL,0.5512024528121107,0.5297031073401762
P10646,Dress,Rayon,Spring,0.28995627033342886,0.644,0.11999999999999988,0.2331288343558282,0.3368644067796609,0.48762506582411796,0.853658536585366,Central,XL,0.5580291271438151,0.18167258372309902
P10647,T-Shirt,Linen,Spring,0.1719160900607523,0.168,0.7600000000000002,0.4274028629856851,0.8453389830508473,0.4823591363875725,0.9512195121951221,South,L,0.5572530420618951,0.17309525801035094
P10648,Hoodie,Rayon,Summer,0.709694931641886,0.976,0.6000000000000001,0.4519427402862986,0.6080508474576272,0.6187467087941023,0.09756097560975613,West,XL,0.25766982849477815,0.3741841412568607
P10649,Dress,Linen,Summer,0.07074104226833676,0.488,0.6000000000000001,0.8098159509202455,0.2521186440677965,0.7677725118483414,0.4634146341463415,South,XL,0.6715818721854938,0.05451490704312778
P10650,Sweater,Cotton,Winter,0.4619900698855816,0.057999999999999996,0.20000000000000018,0.3701431492842536,0.26906779661016955,0.6661400737230122,0.6829268292682928,Central,L,0.5188703650474273,0.37958356067391436
P10651,Hoodie,Denim,Winter,0.9999999999999999,0.938,0.6399999999999999,0.5276073619631902,0.5402542372881354,0.6266456029489206,0.2439024390243903,Central,L,0.4358244706333237,0.5237567310423753
P10652,Sweater,Polyester,Summer,0.4982871103776466,0.5860000000000001,0.7600000000000002,0.9570552147239265,0.7266949152542375,0.3717746182201159,0.17073170731707316,North,L,0.5938967136150234,0.3760712293139915
P10653,Dress,Polyester,Autumn,0.2887783880649662,0.7000000000000001,0.52,0.8691206543967281,0.47245762711864403,0.6303317535545025,0.6585365853658538,Central,M,0.5920283606400306,0.18533250662227113
P10654,Jacket,Denim,Spring,0.48971754446190613,0.526,0.8,0.9427402862985687,0.6419491525423728,0.1032122169562928,0.9756097560975612,North,S,0.3358867490658235,0.3708333668204893
P10655,Dress,Polyester,Summer,0.49096471392263136,0.8340000000000001,0.3600000000000001,0.07975460122699388,0.4216101694915253,0.4096893101632438,0.4146341463414634,South,S,0.4934320206956021,0.27227917850003536
P10656,Sweater,Rayon,Autumn,0.530921377933289,0.034,0.7600000000000002,0.6728016359918202,0.13347457627118642,0.1885202738283307,0.7073170731707319,North,M,0.414347992718214,0.4093598684564981
P10657,Jeans,Cotton,Summer,0.6257094063662331,0.268,0.040000000000000036,0.6564417177914111,0.15042372881355925,0.5376513954713008,0.3170731707317073,South,M,0.44031330842196026,0.43139101875469255
P10658,Trousers,Cotton,Spring,0.30420738601469516,0.47000000000000003,0.56,0.12065439672801638,0.5572033898305082,0.26224328593996843,0.1951219512195122,West,M,0.5757353645683625,0.23247441010762424
P10659,Shirt,Denim,Spring,0.49831545513811765,0.076,0.9600000000000002,0.9897750511247445,0.5233050847457625,0.5060558188520274,0.21951219512195125,West,L,0.375414391108556,0.4589339068715743
P10660,Hoodie,Polyester,Winter,0.5468826274963072,0.706,1.0,0.02044989775051125,0.5741525423728815,0.7777777777777779,0.5853658536585367,East,XL,0.5803248059787294,0.35566755479565343
P10661,Jeans,Rayon,Winter,0.6379039522044349,0.394,0.28000000000000025,0.24335378323108386,0.35381355932203395,0.4344391785150079,0.6341463414634148,North,L,0.367600843154163,0.455949159452541
P10662,Dress,Cotton,Winter,0.3818657308696487,0.272,0.44000000000000017,0.785276073619632,0.11652542372881358,0.21906266456029488,0.024390243902439046,West,XL,0.6740586375395228,0.2613688894498194
P10663,Jacket,Cotton,Winter,0.7436456558505159,0.004,0.08000000000000007,0.8364008179959102,0.5233050847457625,0.22327540810953134,0.04878048780487804,West,S,0.4068362556290121,0.7084002208267091
P10664,T-Shirt,Wool,Spring,0.4519906682749693,0.72,0.8800000000000001,0.08384458077709613,0.7266949152542375,0.9067930489731438,0.6829268292682928,Central,XL,0.8303775031139216,0.312037040068796
P10665,Dress,Wool,Autumn,0.5530113945937093,0.8340000000000001,0.56,0.3865030674846626,0.4216101694915253,0.7814639283833598,0.878048780487805,North,M,0.617490658235125,0.3050433343642416
P10666,Jacket,Cotton,Autumn,0.32424083283205096,0.396,0.40000000000000013,0.24948875255623726,0.47245762711864403,0.0363349131121643,0.6341463414634148,South,S,0.4729376257545271,0.24858297239140265
P10667,Trousers,Denim,Autumn,0.312178562542714,0.564,0.11999999999999988,0.3844580777096115,0.3707627118644068,0.9431279620853082,0.07317073170731708,West,XL,0.3638737185014851,0.2077814277950935
P10668,Dress,Linen,Summer,0.6306099005098907,0.228,0.9600000000000002,0.5132924335378324,0.777542372881356,0.11269088994207478,0.8292682926829269,Central,M,0.5753760659193254,0.5996477300024378
P10669,Sweater,Linen,Winter,0.41673923450250216,0.622,0.52,0.9406952965235175,0.3029661016949152,0.6535018430753029,0.6341463414634148,North,XL,0.6463159911852063,0.25563117534162605
P10670,T-Shirt,Rayon,Winter,0.3392226134499038,0.012,0.28000000000000025,0.18609406952965235,0.5572033898305082,0.5518694049499738,0.43902439024390244,West,XL,0.5899635910702308,0.3274348312659107
P10671,Jacket,Cotton,Spring,0.3790249559868858,0.488,0.3600000000000001,0.9877300613496933,0.3877118644067796,0.04686677198525539,0.21951219512195125,Central,XL,0.41739484526204845,0.26397066783112666
P10672,Jacket,Cotton,Spring,0.6326412750103142,0.644,0.28000000000000025,0.4335378323108385,0.6927966101694913,0.2954186413902054,0.6097560975609757,East,S,0.7056050589249783,0.4507548798723936
P10673,Jacket,Cotton,Summer,0.38169881172465264,0.918,0.6000000000000001,0.6482617586912066,0.3029661016949152,0.7761979989468143,0.14634146341463422,Central,XL,0.5423876592890677,0.19058572359691547
P10674,Trousers,Denim,Summer,0.47833239900604374,0.38200000000000006,0.9199999999999999,0.4110429447852761,0.15042372881355925,0.3070036861506056,0.6341463414634148,North,M,0.4070518348184344,0.31186573466206396
P10675,Dress,Wool,Autumn,0.5034049143515821,0.766,0.8399999999999999,0.5460122699386504,0.2860169491525424,0.4807793575566088,0.7073170731707319,East,XL,0.8190045032097346,0.2750078111891949
P10676,Trousers,Cotton,Spring,0.13825196287466265,0.598,0.4800000000000002,0.31492842535787324,0.7605932203389831,0.6982622432859401,0.26829268292682934,South,M,0.5943422439398294,0.10995200075090605
P10677,Hoodie,Cotton,Winter,0.22257132644030755,0.9279999999999999,0.8399999999999999,0.3967280163599182,0.40466101694915246,0.07161664033701949,0.9512195121951221,East,L,0.5591645108747724,0.1214548884351834
P10678,Shirt,Polyester,Autumn,0.5641099430270314,0.39799999999999996,0.44000000000000017,0.05521472392638038,0.3368644067796609,0.8330700368615062,0.09756097560975613,East,S,0.4310577752227651,0.39982550463159616
P10679,Shirt,Denim,Winter,0.3612905841855133,0.32,0.2400000000000002,0.3946830265848671,0.5572033898305082,0.041600842548709854,0.2926829268292683,East,L,0.4954536744275174,0.2989842179746948
P10680,Hoodie,Rayon,Autumn,0.7002466781515436,0.888,1.0,0.8404907975460124,0.7605932203389831,0.26276987888362296,0.9756097560975612,Central,L,0.38362077225256297,0.42521953435291054
P10681,Dress,Cotton,Winter,0.683255568958078,0.05,0.32000000000000006,0.45398773006134974,0.6419491525423728,0.7635597682991049,0.07317073170731708,East,S,0.5271486059212416,0.6718181819083829
P10682,Sweater,Polyester,Summer,0.6364615188382426,0.136,0.32000000000000006,0.21676891615541924,0.6080508474576272,0.912585571353344,0.024390243902439046,East,L,0.5793187697614257,0.5905211157106753
P10683,Trousers,Linen,Autumn,0.8444364746676576,0.08199999999999999,1.0,0.30265848670756645,0.31991525423728806,0.7609268035808321,0.878048780487805,South,M,0.22285618472741206,0.699936825860141
P10684,T-Shirt,Rayon,Winter,0.4848642915857004,0.8440000000000001,0.11999999999999988,0.2740286298568507,0.8961864406779663,0.2269615587151132,0.8048780487804879,East,M,0.31524384401647976,0.32520557889072876
P10685,Jacket,Cotton,Winter,0.49831545513811765,0.01,0.7600000000000002,0.19222903885480574,0.6758474576271185,0.9863085834649817,0.12195121951219517,Central,M,0.3696656127239628,0.506881436913522
P10686,Jacket,Cotton,Spring,0.3901329526736982,0.8620000000000001,0.9199999999999999,0.5501022494887526,0.48940677966101687,0.4133754607688257,0.6097560975609757,West,M,0.2842723004694835,0.22093304940193922
P10687,Dress,Polyester,Autumn,0.9639757778274685,0.452,0.52,0.8629856850715748,0.777542372881356,0.3765139547130069,0.2439024390243903,West,L,0.381757209926224,0.8037565097790929
P10688,Sweater,Denim,Winter,0.8754015507733394,0.004,0.0,0.7627811860940696,0.6758474576271185,0.8657187993680887,1.0,Central,S,0.7123646641755292,0.8936519117792534
P10689,Shirt,Cotton,Spring,0.5028096743816906,0.402,0.3600000000000001,0.2556237218813906,0.3029661016949152,0.06635071090047392,0.0,Central,L,0.664597106448213,0.35048853047544515
P10690,Shirt,Linen,Winter,0.5736148860383158,0.18600000000000003,0.11999999999999988,0.7321063394683027,0.3707627118644068,0.5566087414428648,0.8048780487804879,East,S,0.41137299990418696,0.4643080248818995
P10691,Jacket,Cotton,Autumn,0.7574243588572651,0.624,0.40000000000000013,0.670756646216769,0.31991525423728806,0.9662980516061087,0.48780487804878053,Central,S,0.580003832518923,0.45863150545056797
P10692,Dress,Linen,Summer,0.47276107886457186,0.68,0.8,0.9611451942740288,0.5402542372881354,0.10005265929436545,0.21951219512195125,East,L,0.33520168630832614,0.3098535534734317
P10693,Trousers,Rayon,Autumn,0.3764865252158138,0.488,0.44000000000000017,0.6482617586912066,0.4555084745762712,0.5413375460768827,0.09756097560975613,North,L,0.7816901408450703,0.2705591789485152
P10694,Shirt,Rayon,Autumn,0.6657164610621726,0.04,0.44000000000000017,0.022494887525562373,0.31991525423728806,0.1327014218009479,0.6097560975609757,South,M,0.4722621442943374,0.5642905768333771
P10695,Trousers,Wool,Winter,0.5153852997773362,0.6559999999999999,0.56,0.9734151329243356,0.3368644067796609,0.8904686677198527,0.43902439024390244,South,S,0.20975855130784704,0.31155765282719405
P10696,Sweater,Wool,Winter,0.5351447472434719,0.8420000000000001,0.6000000000000001,0.5991820040899797,0.5063559322033897,0.588204318062138,0.48780487804878053,South,S,0.8214046181853021,0.3053320680645545
P10697,Shirt,Linen,Autumn,0.34291688056462766,0.72,0.8399999999999999,0.9018404907975461,0.2521186440677965,0.23486045286993157,0.8048780487804879,North,XL,0.45747820254862503,0.19448578661230137
P10698,Shirt,Denim,Spring,0.17598513789725972,0.8300000000000001,0.32000000000000006,0.8977505112474439,0.5911016949152543,0.3070036861506056,0.6829268292682928,South,S,0.7928619335057967,0.11303140519746457
P10699,Jeans,Cotton,Spring,0.5451882407037059,0.2,0.8399999999999999,0.6012269938650308,0.31991525423728806,0.5171142706687731,0.902439024390244,East,M,0.6324087381431445,0.42737635525000717
P10700,Shirt,Cotton,Spring,0.6715712288083547,0.888,0.56,0.6973415132924337,0.5572033898305082,0.7256450763559769,0.34146341463414637,West,S,0.5430343968573345,0.37445556085727516
P10701,Hoodie,Wool,Winter,0.45789582670643325,0.322,0.32000000000000006,0.006134969325153377,0.7605932203389831,0.48762506582411796,0.9512195121951221,South,XL,0.23667720609370504,0.41125928474808376
P10702,T-Shirt,Linen,Winter,0.7719998645750332,0.013999999999999999,0.28000000000000025,0.6196319018404909,0.6927966101694913,0.18957345971563982,0.3658536585365854,South,XL,0.5161876018012839,0.7900001845514373
P10703,Hoodie,Cotton,Autumn,0.36754847741395,0.8440000000000001,0.3600000000000001,0.7975460122699388,0.6080508474576272,0.7082675092153766,0.4146341463414634,East,S,0.276334195650091,0.22256717300238696
P10704,Dress,Polyester,Summer,0.3012626803435385,0.9420000000000001,0.6399999999999999,0.6441717791411044,0.3707627118644068,0.1184834123222749,0.0,East,M,0.4528695985436428,0.15533386892938636
P10705,Dress,Denim,Winter,0.4878593879421389,0.6559999999999999,0.2400000000000002,0.34151329243353784,0.6758474576271185,0.8098999473407057,0.2439024390243903,South,XL,0.5238238957554853,0.3441945326934359
P10706,Trousers,Polyester,Autumn,0.48495562470277365,0.23199999999999998,0.9199999999999999,0.014314928425357875,0.6758474576271185,0.3959978936282254,0.853658536585366,Central,XL,0.6915445051259941,0.44135357168052236
P10707,Hoodie,Wool,Autumn,0.6460609443844305,0.252,0.56,0.25153374233128833,0.7266949152542375,0.6529752501316484,0.7560975609756098,North,XL,0.4138497652582159,0.5936083090216581
P10708,Hoodie,Wool,Summer,0.49831545513811765,0.466,0.9199999999999999,0.7586912065439674,0.18432203389830515,0.34491837809373355,0.6585365853658538,West,L,0.810060362173038,0.3147543367355291
P10709,Hoodie,Polyester,Spring,0.7590872514715654,0.898,0.040000000000000036,0.6400817995910022,0.5741525423728815,0.6692996313849396,0.12195121951219517,West,M,0.279783462680847,0.42122625301744077
P10710,Sweater,Cotton,Autumn,0.872242684689735,0.15,0.3600000000000001,0.37627811860940696,0.5741525423728815,0.8894154818325436,0.14634146341463422,North,M,0.38344351825237133,0.7904352199153624
P10711,Shirt,Denim,Autumn,0.4931661569858811,0.826,0.040000000000000036,0.06952965235173825,0.5911016949152543,0.701948393891522,0.9512195121951221,South,L,0.5261808948931684,0.2966254571244842
P10712,T-Shirt,Denim,Autumn,0.7367169366242649,0.292,0.28000000000000025,0.147239263803681,0.3707627118644068,0.6719325961032123,0.5609756097560976,South,S,0.1662307176391683,0.5616770903501327
P10713,Trousers,Wool,Spring,0.3009225432178862,0.8079999999999999,0.8800000000000001,0.7566462167689163,0.5572033898305082,0.7577672459189049,0.21951219512195125,South,XL,0.3309427996550732,0.1853814722858809
P10714,Hoodie,Denim,Spring,0.7037425319429703,0.92,0.040000000000000036,0.024539877300613498,0.5233050847457625,0.5002632964718273,0.7073170731707319,South,XL,0.5675673086135862,0.37556552364833184
P10715,Hoodie,Rayon,Summer,0.698464107659699,0.428,0.44000000000000017,0.07770961145194276,0.31991525423728806,0.2206424433912586,0.39024390243902446,South,L,0.6345549487400594,0.4802021701463046
P10716,Jeans,Polyester,Winter,0.6637228795757103,0.36600000000000005,0.11999999999999988,0.16973415132924335,0.2521186440677965,0.8156924697209058,0.17073170731707316,West,S,0.3604052888761138,0.4573150881416672
P10717,Trousers,Cotton,Spring,0.4976225832154926,0.802,0.40000000000000013,0.040899795501022504,0.40466101694915246,0.648762506582412,0.26829268292682934,South,M,0.42457602759413615,0.28038366557057004
P10718,Hoodie,Rayon,Winter,0.0,0.53,0.8399999999999999,0.5153374233128836,0.35381355932203395,0.3138493944181148,0.6097560975609757,East,S,0.5730430200249113,0.00979804417149353
P10719,Trousers,Polyester,Winter,0.37929895533810576,0.684,0.6399999999999999,0.6175869120654398,0.7436440677966103,0.27593470247498686,0.39024390243902446,Central,M,0.2517150522180703,0.2717440785530294
P10720,Shirt,Linen,Spring,0.382287752858884,0.622,0.72,0.9529652351738243,0.4216101694915253,0.5002632964718273,0.8292682926829269,South,XL,0.4744370987831752,0.248892319296609
P10721,Jeans,Wool,Autumn,0.3157090599302719,0.152,0.3600000000000001,0.5255623721881392,0.21822033898305082,0.2074776197998947,0.09756097560975613,East,S,0.4667241544505125,0.2434376088642635
P10722,Trousers,Denim,Summer,0.5236651192527061,0.8440000000000001,0.9600000000000002,0.6114519427402864,0.7266949152542375,0.8788836229594525,0.2439024390243903,West,M,0.7541774456261376,0.327906900943802
P10723,T-Shirt,Linen,Winter,0.4213940740554108,0.196,0.72,0.9959100204498978,0.5572033898305082,0.7888362295945236,0.3658536585365854,East,S,0.5774360448404714,0.3715138258296803
P10724,T-Shirt,Denim,Autumn,0.3447403934882637,0.932,0.44000000000000017,0.05930470347648263,0.7436440677966103,0.3085834649815693,1.0,North,S,0.5032432691386413,0.20631263152390572
P10725,Dress,Rayon,Spring,0.30048792355733045,0.25,0.44000000000000017,0.9611451942740288,1.0,0.04949973670352817,0.7073170731707319,North,S,0.6109274695793809,0.3077717934162961
P10726,Jeans,Cotton,Winter,0.3653564826041906,0.7340000000000001,0.9199999999999999,0.25971370143149286,0.8961864406779663,0.05213270142180096,0.9512195121951221,East,L,0.5322506467375683,0.2682950007099277
P10727,Jeans,Cotton,Winter,0.7124884652571971,0.284,0.56,0.6339468302658487,0.777542372881356,0.2975250131648236,0.12195121951219517,South,M,0.36653731915301324,0.6568292812882404
P10728,Dress,Cotton,Winter,0.37565192949083365,0.318,0.72,0.07975460122699388,0.4216101694915253,0.1474460242232754,0.4634146341463415,South,M,0.6038804254096004,0.2925933058827953
P10729,Trousers,Denim,Autumn,0.4032597261896138,0.31,0.40000000000000013,0.9406952965235175,0.6080508474576272,0.873617693522907,0.4634146341463415,South,XL,0.6239484526204848,0.3424436009319252
P10730,Jeans,Linen,Autumn,0.4142637920880325,0.748,0.2400000000000002,0.19631901840490798,0.6588983050847457,0.42074776197998953,0.5609756097560976,East,M,0.4545511162211363,0.273466905908831
P10731,T-Shirt,Cotton,Autumn,0.56462329813334,0.556,0.72,0.45603271983640087,0.35381355932203395,0.3480779357556609,0.6341463414634148,West,XL,0.5292564913289259,0.36651429266543967
P10732,T-Shirt,Linen,Winter,0.5867794525681927,0.882,0.6000000000000001,0.18609406952965235,0.47245762711864403,0.21800947867298576,0.04878048780487804,North,L,0.781196704033726,0.31810977456843487
P10733,Hoodie,Denim,Winter,0.0,0.308,0.52,0.570552147239264,0.2860169491525424,0.8414955239599791,0.5609756097560976,West,XL,0.5304158283031521,0.007816497529243217
P10734,Shirt,Rayon,Summer,0.6936171536191534,0.6920000000000001,0.6399999999999999,0.3456032719836401,0.5063559322033897,0.7930489731437599,0.21951219512195125,North,XL,0.4710884353741496,0.43922554973755495
P10735,Jeans,Linen,Summer,0.7719872669037128,0.752,0.20000000000000018,0.5787321063394684,0.4555084745762712,0.38441284886782523,0.5853658536585367,North,L,0.35605537989843816,0.45560964930166625
P10736,Trousers,Rayon,Autumn,0.3021161725754994,0.152,0.8,0.4519427402862986,0.6419491525423728,0.16956292785676674,0.6585365853658538,Central,L,0.3713088052122257,0.28309344623118676
P10737,Dress,Denim,Autumn,0.3168334020956226,0.4,0.9600000000000002,0.23721881390593047,0.9978813559322033,0.9526066350710901,0.4146341463414634,North,L,0.5143096675289833,0.298912952345743
P10738,Dress,Denim,Spring,0.41548261678828663,0.48200000000000004,0.8800000000000001,0.5051124744376279,0.5233050847457625,0.315955766192733,1.0,East,S,0.4103813356328446,0.3080588899667619
P10739,Trousers,Wool,Autumn,0.3577065466948435,0.35600000000000004,0.32000000000000006,0.736196319018405,0.43855932203389836,0.7714586624539232,0.3170731707317073,South,M,0.5865334866340901,0.27538569514027444
P10740,Sweater,Denim,Summer,0.5428797174342322,0.322,0.40000000000000013,0.7116564417177915,0.6080508474576272,0.46340179041600854,0.0,East,S,0.4400114975567691,0.4564604215055607
P10741,Jacket,Denim,Summer,0.13273733225413287,0.6859999999999999,0.8,0.7218813905930471,0.4555084745762712,0.7819905213270143,0.4634146341463415,South,XL,0.9128485196895659,0.09120715591252698
P10742,Shirt,Polyester,Summer,0.28931378909608557,0.21600000000000003,0.6000000000000001,0.8875255623721883,1.0,0.48183254344391796,0.5853658536585367,South,L,0.5338842579285235,0.30150260093500103
P10743,Dress,Cotton,Winter,0.7914191749155167,0.71,0.56,0.8282208588957056,0.47245762711864403,0.9262769878883624,0.26829268292682934,West,L,0.2735364568362556,0.4854314748110604
P10744,Jeans,Wool,Winter,0.32516361225627444,0.9359999999999999,0.9199999999999999,0.17995910020449898,0.6927966101694913,0.8009478672985784,0.9268292682926831,North,S,0.527752227651624,0.19091893320140882
P10745,Shirt,Wool,Autumn,0.7355296061023119,0.5660000000000001,0.52,0.15746421267893662,0.43855932203389836,0.26066350710900477,0.1951219512195122,West,XL,0.44733639934847175,0.49127359442995977
P10746,Jeans,Wool,Spring,0.5677097276068518,0.612,0.52,0.9345603271983641,0.3707627118644068,0.43075302790942605,0.1951219512195122,South,M,0.6036313116796014,0.35820384718307524
P10747,Sweater,Polyester,Spring,0.15867593750295264,0.068,0.040000000000000036,0.14928425357873212,0.3877118644067796,0.10057925223802004,1.0,Central,XL,0.5012886844878796,0.14010529949374365
P10748,T-Shirt,Rayon,Spring,0.6206199471527688,0.8640000000000001,0.08000000000000007,0.7995910020449899,0.47245762711864403,0.9041600842548713,0.9756097560975612,Central,L,0.560146593848807,0.34064650650578543
P10749,Shirt,Denim,Winter,0.4783292495882136,0.28600000000000003,0.0,0.026584867075664622,0.5402542372881354,0.06951026856240126,0.5853658536585367,West,XL,0.8904330746383058,0.39860146226255494
P10750,Hoodie,Cotton,Summer,0.414496849007461,0.616,0.9199999999999999,0.0899795501022495,0.48940677966101687,0.018430753027909433,0.7073170731707319,West,S,0.4700344926703075,0.27846554608224583
P10751,Dress,Linen,Summer,0.5468511333180062,0.98,0.40000000000000013,0.07566462167689163,0.26906779661016955,0.4965771458662454,0.9512195121951221,North,XL,0.6063476094663216,0.24874199917428114
P10752,Shirt,Rayon,Winter,0.5902532604348085,0.596,0.4800000000000002,0.8486707566462169,0.5911016949152543,0.6034755134281202,0.6585365853658538,West,S,0.6596579476861166,0.4163743361977502
P10753,Shirt,Denim,Spring,0.6342758228641435,0.7240000000000001,0.8399999999999999,0.49897750511247446,0.48940677966101687,0.22327540810953134,0.024390243902439046,West,XL,0.5453913959950176,0.39033373150802037
P10754,Shirt,Polyester,Spring,0.7232122329687356,0.446,0.6000000000000001,0.12474437627811862,0.3368644067796609,0.5708267509215378,0.5853658536585367,East,XL,0.268908690236658,0.4957849840814463
P10755,Jacket,Denim,Autumn,0.5776870832926533,0.06,0.6000000000000001,0.19427402862985685,0.7436440677966103,0.8962611901000528,0.4146341463414634,West,S,0.6123311296349525,0.5904704880919177
P10756,Shirt,Denim,Autumn,0.24061749060686136,0.798,0.28000000000000025,0.6584867075664623,0.5233050847457625,0.6266456029489206,0.5609756097560976,West,S,0.21447254958321355,0.14957993215452592
P10757,Jeans,Polyester,Spring,0.49831545513811765,0.034,0.8399999999999999,0.5132924335378324,0.48940677966101687,0.4560294892048447,0.4146341463414634,East,M,0.745990227076746,0.46106316907957745
P10758,T-Shirt,Wool,Winter,0.49831545513811765,0.7000000000000001,0.15999999999999992,0.9550102249488754,0.6419491525423728,0.14428646656134808,0.6341463414634148,South,M,0.3130880521222573,0.33598410218355107
P10759,Sweater,Wool,Spring,0.6374661831260491,0.022000000000000002,0.040000000000000036,0.12269938650306751,0.5233050847457625,0.1690363349131122,0.8292682926829269,South,XL,0.782585992143336,0.6021858331768118
P10760,Trousers,Cotton,Autumn,0.9482759299443497,0.8620000000000001,0.20000000000000018,0.5480572597137016,0.23516949152542366,0.48446550816219064,0.8048780487804879,East,L,0.5125850340136053,0.45673848892656643
P10761,Shirt,Cotton,Spring,0.7642522967129526,0.158,0.28000000000000025,0.24130879345603273,0.4555084745762712,0.46340179041600854,0.902439024390244,North,L,0.6261761042445146,0.6526242122952731
P10762,Dress,Wool,Winter,0.5462558933481145,0.514,0.28000000000000025,0.17586912065439675,0.6927966101694913,0.5229067930489733,0.12195121951219517,West,M,0.5740107310529845,0.42507139709704556
P10763,Shirt,Rayon,Summer,0.5575182115086026,0.598,0.6800000000000002,0.16768916155419222,0.3368644067796609,0.5081621906266457,0.3658536585365854,North,M,0.6402414486921528,0.3493879440880584
P10764,Dress,Linen,Winter,0.49365116733171865,0.45799999999999996,0.20000000000000018,0.16155419222903886,0.7605932203389831,0.3412322274881517,0.5365853658536586,Central,XL,0.21725591645108744,0.40949927424651167
P10765,Jeans,Denim,Winter,0.1721806411584819,0.34,0.6800000000000002,0.46421267893660534,0.40466101694915246,0.6961558715113219,0.6585365853658538,North,S,0.4081297307655456,0.13522406280860894
P10766,Dress,Linen,Autumn,0.5039749589788327,0.46799999999999997,0.08000000000000007,0.9856850715746424,0.3877118644067796,0.2122169562927857,0.2926829268292683,West,S,0.5590495353070806,0.3522773895417478
P10767,Hoodie,Denim,Winter,0.7293378506483076,0.312,0.15999999999999992,0.6175869120654398,0.6927966101694913,0.8525539757767248,0.26829268292682934,South,S,0.5080387084411229,0.6384940215752537
P10768,Trousers,Wool,Winter,0.38725438477697394,0.438,0.52,0.22494887525562374,0.6080508474576272,0.19431279620853087,0.2439024390243903,West,L,0.44283798026252746,0.30621411975264945
P10769,T-Shirt,Cotton,Autumn,0.5784082999757495,0.358,0.9199999999999999,0.7546012269938651,0.4216101694915253,0.41600842548709854,0.5121951219512195,West,L,0.5281258982466226,0.4370734170422933
P10770,T-Shirt,Rayon,Autumn,0.6614836434984992,0.5660000000000001,0.8399999999999999,0.6319018404907977,0.7436440677966103,0.21063717746182203,0.7317073170731709,West,L,0.4688368305068506,0.5071458862244358
P10771,Dress,Cotton,Summer,0.3286657648833613,0.23800000000000002,0.9600000000000002,0.14314928425357873,0.4555084745762712,0.6187467087941023,0.6341463414634148,North,L,0.8179409792085848,0.27186014255507096
P10772,T-Shirt,Linen,Spring,0.41528420346498945,0.988,0.6399999999999999,0.8895705521472393,1.0,0.478146392838336,0.6341463414634148,South,S,0.6935278336686785,0.2579655029706332
P10773,Trousers,Cotton,Winter,0.30821344549460034,0.5,0.6800000000000002,0.9897750511247445,0.6080508474576272,0.3744075829383886,0.9512195121951221,South,XL,0.7138785091501387,0.2363366698447218
P10774,Shirt,Wool,Autumn,0.34520335790929046,0.19399999999999998,0.6399999999999999,0.6687116564417179,0.6927966101694913,0.4755134281200632,0.6097560975609757,North,XL,0.760290313308422,0.323282820811171
P10775,Dress,Rayon,Summer,0.25725271558552404,0.478,0.6399999999999999,0.049079754601227,0.40466101694915246,0.42127435492364407,0.14634146341463422,North,L,0.5711075979687649,0.18442961848157627
P10776,T-Shirt,Linen,Spring,0.3304105423612445,0.866,0.15999999999999992,0.5685071574642128,0.40466101694915246,0.8557135334386521,0.2439024390243903,North,L,0.36627862412570655,0.18176726555592498
P10777,Hoodie,Rayon,Autumn,0.7687906078061469,0.022000000000000002,0.56,0.4110429447852761,0.625,0.12427593470247499,0.5121951219512195,Central,S,0.46040049822745993,0.7605785677637654
P10778,Hoodie,Denim,Spring,0.3275697674784816,0.68,0.40000000000000013,0.8445807770961147,0.5063559322033897,0.7935755660874145,0.9512195121951221,Central,S,0.5511832902174953,0.21466207093899276
P10779,Jeans,Cotton,Spring,0.524461921963725,0.5479999999999999,0.44000000000000017,0.458077709611452,0.7097457627118642,0.655608214849921,0.43902439024390244,West,XL,0.5223914918079908,0.40249648980189595
P10780,T-Shirt,Rayon,Winter,0.40553990469861645,0.17,0.52,0.5439672801635993,0.777542372881356,0.34860452869931546,0.902439024390244,Central,M,0.3099885024432308,0.3977691700076926
P10781,Jeans,Polyester,Winter,0.7233287614284499,0.818,0.11999999999999988,0.8548057259713703,0.5402542372881354,0.9194312796208532,0.4634146341463415,North,XL,0.5518443997317236,0.4226693013864873
P10782,Hoodie,Cotton,Autumn,0.7483288401638956,0.368,0.3600000000000001,0.5766871165644173,0.1673728813559321,0.17693522906793052,0.43902439024390244,North,XL,0.33957554852927085,0.4907413222872352
P10783,Trousers,Denim,Spring,0.6638425574532547,0.294,0.08000000000000007,0.23721881390593047,0.48940677966101687,0.3106898367561875,0.43902439024390244,North,XL,0.7797068123023856,0.5361128714606185
P10784,Shirt,Rayon,Autumn,0.558412646172355,0.828,0.9600000000000002,0.13496932515337423,0.7097457627118642,0.37493417588204314,0.853658536585366,South,S,0.6125802433649515,0.35094187215129724
P10785,T-Shirt,Linen,Autumn,0.4569006106721172,0.638,0.11999999999999988,0.09406952965235175,0.3707627118644068,0.6482359136387573,0.6341463414634148,South,L,0.4731867394845261,0.2854499994096338
P10786,Sweater,Denim,Spring,0.27534297160169946,0.898,0.2400000000000002,0.49079754601226994,0.8114406779661016,0.9468141126908901,0.39024390243902446,Central,S,0.5097202261186164,0.17592730399818782
P10787,Hoodie,Polyester,Autumn,0.8678240514740848,0.63,0.8800000000000001,0.3619631901840491,0.6588983050847457,0.5939968404423381,0.4146341463414634,East,L,0.7485580147551978,0.6122797797805246
P10788,Hoodie,Rayon,Spring,0.35701367477221835,0.74,0.4800000000000002,0.014314928425357875,0.9809322033898304,0.8567667193259612,0.4634146341463415,East,M,0.2856903324710165,0.2693949173541952
P10789,Sweater,Wool,Spring,0.6259708080461326,0.836,0.11999999999999988,0.37218813905930476,0.4555084745762712,0.9052132701421803,1.0,North,M,0.4315943278719938,0.34850929072616127
P10790,Jacket,Cotton,Spring,0.7007852286004931,0.054000000000000006,0.40000000000000013,0.1554192229038855,0.3707627118644068,0.46656134807793576,0.9756097560975612,South,M,0.5772396282456644,0.6052169913134813
P10791,Hoodie,Linen,Spring,0.39563498562290755,0.7759999999999999,0.11999999999999988,0.8691206543967281,0.5572033898305082,0.4728804634017905,0.17073170731707316,West,L,0.204948740059404,0.24576313061151714
P10792,Dress,Wool,Summer,0.6967130313461556,0.614,0.20000000000000018,0.13496932515337423,0.26906779661016955,0.25013164823591366,0.9512195121951221,Central,XL,0.4804014563571907,0.414694868507597
P10793,Trousers,Rayon,Spring,0.6449743952330411,0.07,0.040000000000000036,0.3006134969325154,0.43855932203389836,0.6018957345971565,0.2439024390243903,South,L,0.43669636868832035,0.5717135878773916
P10794,T-Shirt,Rayon,Winter,0.8270894812593892,0.508,0.44000000000000017,0.3517382413087935,0.4216101694915253,0.12006319115323856,0.7073170731707319,North,M,0.8553511545463255,0.5677261605928903
P10795,Sweater,Denim,Winter,0.4118733839549759,0.08199999999999999,0.8,0.06952965235173825,0.48940677966101687,0.634544497103739,0.26829268292682934,North,XL,0.48116796014180313,0.372790058551424
P10796,Dress,Rayon,Winter,0.25758025503985593,0.736,0.6000000000000001,0.1554192229038855,0.3029661016949152,0.89362822538178,0.5365853658536586,East,M,0.3523090926511449,0.15122722736965286
P10797,Sweater,Linen,Spring,0.40504544609928855,0.546,0.6000000000000001,0.8241308793456034,0.48940677966101687,0.7609268035808321,0.12195121951219517,North,L,0.3732969244035642,0.2846991925676175
P10798,T-Shirt,Wool,Winter,0.540029494297979,0.9540000000000001,0.20000000000000018,0.570552147239264,0.5402542372881354,0.6492890995260665,0.8292682926829269,North,XL,0.11354795439302479,0.28512971336681253
P10799,Jeans,Linen,Summer,0.5115650559494077,0.184,0.3600000000000001,0.37627811860940696,0.6588983050847457,0.8388625592417063,0.34146341463414637,West,L,0.7428427709111813,0.47386057099222495
P10800,T-Shirt,Polyester,Autumn,0.4262189821711456,0.606,0.52,0.11042944785276075,0.4555084745762712,0.7303844128488679,0.902439024390244,Central,L,0.516125323368784,0.28356328343201376
P10801,Jacket,Polyester,Spring,0.13979202819358846,0.212,0.08000000000000007,0.801635991820041,0.5233050847457625,0.5297525013164824,0.6585365853658538,West,L,0.4754910414870173,0.1230047236238044
P10802,T-Shirt,Cotton,Winter,0.5894690553951102,0.614,0.8399999999999999,0.1901840490797546,0.7605932203389831,0.5213270142180096,0.14634146341463422,East,XL,0.6357190763629395,0.4414964006020346
P10803,T-Shirt,Cotton,Summer,0.8732693949023521,0.7220000000000001,0.4800000000000002,0.965235173824131,0.35381355932203395,0.10689836756187467,0.12195121951219517,South,M,0.5793666762479639,0.5000107406952092
P10804,Jacket,Polyester,Autumn,0.5882911731266475,0.7220000000000001,0.8399999999999999,0.29243353783231085,0.3707627118644068,0.4344391785150079,0.6341463414634148,East,M,0.5028504359490275,0.343627409103208
P10805,Trousers,Rayon,Summer,0.6156690623238293,0.816,0.32000000000000006,0.5030674846625768,0.6927966101694913,0.5229067930489733,0.024390243902439046,North,XL,0.3565583980070901,0.3867500104926422
P10806,Hoodie,Linen,Winter,0.6087371936797482,0.8540000000000001,0.32000000000000006,0.8957055214723928,0.48940677966101687,0.4702474986835176,0.12195121951219517,Central,S,0.42268851202452806,0.3396918497025001
P10807,T-Shirt,Polyester,Summer,0.5755927204356274,0.078,0.7600000000000002,0.4069529652351739,0.47245762711864403,0.7761979989468143,0.7560975609756098,North,XL,0.5184439973172367,0.5168292802960285
P10808,Jacket,Cotton,Autumn,0.6766165961721975,0.344,0.8,0.48057259713701433,0.5063559322033897,0.16113744075829384,0.6829268292682928,Central,S,0.5967040337261664,0.5353599065574399
P10809,Dress,Polyester,Winter,0.5752746292347859,0.688,0.2400000000000002,0.6400817995910022,0.6080508474576272,0.7951553449183782,0.8048780487804879,Central,L,0.3090830698476573,0.3840709387943096
P10810,Jeans,Rayon,Autumn,0.4414779115580485,0.498,0.9600000000000002,0.6523517382413089,0.7097457627118642,0.7419694576092681,0.0,Central,M,0.4882006323656222,0.35060409837147244
P10811,Jeans,Polyester,Summer,0.3501510933203997,0.19,0.08000000000000007,0.44785276073619634,0.7097457627118642,0.9015271195365984,0.34146341463414637,South,L,0.6863753952285139,0.3308522575453012
P10812,T-Shirt,Linen,Spring,0.4535181359225746,0.552,0.08000000000000007,0.6768916155419225,0.4216101694915253,0.37388098999473407,0.21951219512195125,East,S,0.3223819105106831,0.30682961367927003
P10813,Trousers,Wool,Spring,0.5599243667308098,0.408,0.6000000000000001,0.7566462167689163,0.31991525423728806,0.17640863612427593,0.21951219512195125,South,XL,0.6074973651432403,0.3912833776405614
P10814,Trousers,Rayon,Spring,0.44083543032070516,0.39,0.72,0.4396728016359919,0.5233050847457625,0.758820431806214,0.21951219512195125,South,L,0.31370604579860106,0.3444890708341159
P10815,Dress,Cotton,Spring,0.559962159744771,0.81,0.9600000000000002,0.098159509202454,0.7436440677966103,0.5887309110057926,0.878048780487805,South,XL,0.42406821883683044,0.3618464311770482
P10816,T-Shirt,Linen,Autumn,0.5835481498744957,0.408,0.40000000000000013,0.5807770961145196,0.40466101694915246,0.7130068457082676,0.7560975609756098,West,XL,0.2159720226118616,0.42483716064240173
P10817,Jeans,Polyester,Spring,0.6580066862140532,0.026000000000000002,0.040000000000000036,0.9447852760736197,0.3368644067796609,0.9973670352817275,0.853658536585366,West,S,0.5438871323177157,0.5664855730882729
P10818,Trousers,Polyester,Autumn,0.7429685310170413,0.057999999999999996,0.6000000000000001,0.2392638036809816,0.3877118644067796,0.1948393891521854,0.5853658536585367,West,XL,0.38989652198907726,0.6456290430779766
P10819,T-Shirt,Wool,Winter,0.5153034149137532,0.856,0.28000000000000025,0.16564417177914112,0.6588983050847457,0.41126908899420755,0.34146341463414637,South,S,0.2135527450416786,0.31100350240923963
P10820,Sweater,Cotton,Spring,0.25343877059325587,0.96,0.52,0.5357873210633948,0.31991525423728806,0.19273301737756715,0.1951219512195122,North,XL,0.5204225352112675,0.1284603518522763
P10821,Trousers,Cotton,Autumn,0.43535229387847657,0.688,0.4800000000000002,0.1554192229038855,0.6419491525423728,0.8609794628751977,0.3658536585365854,West,XL,0.6528839704896041,0.29718771887577217
P10822,Jacket,Denim,Spring,0.5088912002116409,0.364,0.08000000000000007,0.4294478527607362,0.35381355932203395,0.01685097419694577,0.9756097560975612,West,XL,0.5593609274695792,0.3716832708388587
P10823,Sweater,Cotton,Spring,0.15366836315307122,0.938,0.4800000000000002,0.24744376278118613,0.48940677966101687,0.13533438651922064,0.43902439024390244,South,M,0.5522803487592219,0.09035554032840828
P10824,Hoodie,Wool,Spring,0.7629736330739261,0.662,0.44000000000000017,0.6625766871165645,0.6080508474576272,0.2480252764612954,0.26829268292682934,East,XL,0.6132748874197567,0.5157451646283159
P10825,Trousers,Denim,Autumn,0.527469615991484,0.8440000000000001,0.72,0.18200408997955012,0.5911016949152543,0.7719852553975778,0.8292682926829269,North,L,0.39719267988885687,0.3120255800198661
P10826,Jeans,Denim,Summer,0.5726259688396599,0.766,0.6399999999999999,0.5255623721881392,0.4555084745762712,0.6287519747235388,0.09756097560975613,West,M,0.5162834147743605,0.3374603152396524
P10827,Shirt,Polyester,Spring,0.7586022411257278,0.38,0.20000000000000018,0.32719836400818,0.06567796610169485,0.3886255924170617,0.902439024390244,Central,S,0.8165516910989747,0.46593180467194933
P10828,Sweater,Polyester,Spring,0.3814878007300351,0.478,0.20000000000000018,0.35787321063394684,0.43855932203389836,0.15903106898367564,0.12195121951219517,North,XL,0.521663313212609,0.27355357562952626
P10829,Hoodie,Cotton,Winter,0.6090395377914392,0.18600000000000003,0.2400000000000002,0.5971370143149285,0.48940677966101687,0.32174828857293314,0.3170731707317073,South,S,0.38044457219507516,0.5216986848527224
P10830,Dress,Denim,Summer,0.4798031771327069,0.292,0.15999999999999992,0.17995910020449898,0.625,0.7435492364402317,0.26829268292682934,East,L,0.5507329692440356,0.41370283011613546
P10831,Dress,Polyester,Autumn,0.4657788195352089,0.778,0.6399999999999999,0.25766871165644173,0.3707627118644068,0.382306477093207,0.5121951219512195,East,L,0.4458465076171313,0.2637603436863713
P10832,Jeans,Wool,Winter,0.3546453125639725,0.8940000000000001,1.0,0.965235173824131,0.31991525423728806,0.4628751974723539,0.9756097560975612,Central,L,0.49515186356232627,0.18289077204117163
P10833,Trousers,Polyester,Spring,0.8153043597391022,0.7240000000000001,0.6399999999999999,0.7321063394683027,0.6419491525423728,0.6087414428646657,0.07317073170731708,East,L,0.6075165277378556,0.5341828950385529
P10834,T-Shirt,Rayon,Winter,0.4296077557563484,0.466,0.6000000000000001,0.5828220858895706,0.4216101694915253,0.9131121642969986,0.4146341463414634,Central,XL,0.4231244610520264,0.30678568349170526
P10835,Trousers,Rayon,Winter,0.6327389069630478,0.086,0.40000000000000013,0.605316973415133,0.2521186440677965,0.25013164823591366,0.7317073170731709,West,S,0.0900881479352304,0.5063793776270674
P10836,Jeans,Polyester,Spring,0.1462546335809826,0.055999999999999994,0.32000000000000006,0.5296523517382414,0.3029661016949152,0.44813059505002634,0.8292682926829269,South,S,0.4756491328925936,0.12553605495108344
P10837,Dress,Denim,Summer,0.7235397724230674,0.374,0.9199999999999999,0.6912065439672803,0.4555084745762712,0.3106898367561875,0.07317073170731708,East,S,0.5713375491041486,0.5488638626556297
P10838,Trousers,Denim,Summer,0.6993963353374127,0.46399999999999997,0.9600000000000002,0.9693251533742333,0.48940677966101687,0.46656134807793576,0.1951219512195122,South,M,0.7517533774073009,0.5110613037209638
P10839,Dress,Linen,Winter,0.5189756361036663,0.61,0.4800000000000002,0.4969325153374234,0.48940677966101687,0.6966824644549764,0.34146341463414637,West,M,0.6544217687074829,0.3476090567526428
P10840,Sweater,Rayon,Spring,0.4576785168761554,0.006,0.28000000000000025,0.22494887525562374,0.7266949152542375,0.4823591363875725,1.0,North,XL,0.4526731819488358,0.4764795146416264
P10841,Hoodie,Wool,Autumn,0.5761501673915576,0.99,0.7600000000000002,0.8629856850715748,0.3368644067796609,0.8351764086361244,0.48780487804878053,North,M,0.5694979400210788,0.267648103272603
P10842,T-Shirt,Denim,Winter,0.9330642418248986,0.364,0.11999999999999988,0.047034764826175884,0.3707627118644068,0.5534491837809374,0.7560975609756098,North,L,0.46521030947590297,0.6808560428341901
P10843,Sweater,Cotton,Autumn,0.1673746295497278,0.848,0.7600000000000002,0.10020449897750512,0.6419491525423728,0.3859926276987889,0.1951219512195122,Central,XL,0.6277570183002777,0.10873344035332273
P10844,Dress,Rayon,Winter,0.648341122893433,0.534,0.8,0.0736196319018405,0.7266949152542375,0.7825171142706688,0.7560975609756098,Central,XL,0.47775222765162395,0.5040929490337392
P10845,Dress,Wool,Winter,0.32830043241506807,0.13,0.11999999999999988,0.3680981595092025,0.777542372881356,0.4318062137967351,0.3658536585365854,North,XL,0.6089393503880425,0.3284962252781691
P10846,Shirt,Wool,Spring,0.4968005851618328,0.798,0.9600000000000002,0.5153374233128836,0.48940677966101687,0.5160610847814641,0.09756097560975613,West,S,0.7403133084219602,0.2918750684006167
P10847,Shirt,Denim,Spring,0.45372284808153207,0.71,1.0,0.049079754601227,0.5233050847457625,0.9952606635071092,1.0,Central,M,0.8666235508287821,0.28948388702237265
P10848,Sweater,Wool,Autumn,0.41962725065271683,0.528,0.9199999999999999,0.7116564417177915,0.625,0.7867298578199053,0.7317073170731709,North,L,0.28626041966082205,0.31609193777123973
P10849,Jacket,Denim,Autumn,0.4985863050715075,0.514,0.4800000000000002,0.25357873210633947,0.6080508474576272,0.8557135334386521,0.5853658536585367,South,XL,0.24267030755964353,0.3747625512589136
P10850,Sweater,Polyester,Summer,0.28624625612955445,0.08800000000000001,0.2400000000000002,0.06134969325153375,0.8622881355932202,0.5929436545550291,0.0,North,L,0.36592411612532333,0.30190005626834415
P10851,Shirt,Rayon,Spring,0.6950438398961951,0.6559999999999999,0.6000000000000001,0.4826175869120655,0.5233050847457625,0.34860452869931546,0.04878048780487804,North,XL,0.49237807799176003,0.45498262091021363
P10852,Dress,Linen,Winter,0.1615324594748661,0.912,0.40000000000000013,0.4621676891615542,0.47245762711864403,0.9915745129015271,0.48780487804878053,South,L,0.4247005844591357,0.09532307465472759
P10853,Jeans,Polyester,Winter,0.6025611853148944,0.094,0.20000000000000018,0.7096114519427404,0.8622881355932202,0.24433912585571355,0.6585365853658538,Central,S,0.6800086231675768,0.6358097159584704
P10854,Sweater,Rayon,Summer,0.4388607453412236,0.264,0.44000000000000017,0.07566462167689163,0.43855932203389836,0.8730911005792523,0.04878048780487804,South,L,0.3867011593369742,0.35359403009835494
P10855,Dress,Denim,Spring,0.2793017898141529,0.902,0.6800000000000002,0.7811860940695298,0.31991525423728806,0.9115323854660349,1.0,Central,M,0.3405193063140749,0.14625892407901142
P10856,T-Shirt,Rayon,Winter,0.5388075201798948,0.284,0.08000000000000007,0.11656441717791412,0.7436440677966103,0.8177988414955242,0.7560975609756098,West,L,0.6927230046948356,0.4903055675695895
P10857,Jeans,Denim,Summer,0.20635497403305006,0.654,0.32000000000000006,0.48057259713701433,0.3368644067796609,0.11427066877303844,0.7560975609756098,Central,XL,0.5786911947877742,0.13179291919792357
P10858,Shirt,Polyester,Summer,0.508069202157981,0.534,0.0,0.3680981595092025,0.3029661016949152,0.854660347551343,0.7073170731707319,East,XL,0.5432835105873335,0.32712000238924654
P10859,Sweater,Cotton,Winter,0.23168889105848786,0.596,0.7600000000000002,0.23108384458077713,0.5233050847457625,0.664033701948394,0.2926829268292683,Central,S,0.3405193063140749,0.164057372279243
P10860,Trousers,Cotton,Winter,0.587727427335057,0.41600000000000004,0.6399999999999999,0.6237218813905931,0.3877118644067796,0.6814112690889943,0.8048780487804879,East,S,0.6546325572482514,0.42232381315814044
P10861,T-Shirt,Rayon,Autumn,0.3258942771928609,0.3,0.08000000000000007,0.26789366053169733,0.40466101694915246,0.7867298578199053,0.07317073170731708,Central,XL,0.46751461147839407,0.25512462629574206
P10862,Shirt,Cotton,Spring,0.4153408929859316,0.048,0.9600000000000002,0.7096114519427404,0.3368644067796609,0.4907846234860453,0.4146341463414634,South,XL,0.5200009581297307,0.35528865382724456
P10863,Shirt,Polyester,Autumn,0.5561104217385415,0.7440000000000001,0.040000000000000036,0.36605316973415136,0.5063559322033897,0.26750921537651395,0.7560975609756098,Central,L,0.5495113538373095,0.34125594793903175
P10864,Trousers,Wool,Summer,0.35457917478954015,0.746,0.6000000000000001,0.8466257668711658,0.6419491525423728,0.5750394944707742,0.3170731707317073,North,XL,0.6997700488646161,0.23422529225853356
P10865,T-Shirt,Denim,Winter,0.4896104642556823,0.67,0.7600000000000002,0.9611451942740288,1.0,0.10847814639283836,0.7560975609756098,Central,S,0.5643575740155217,0.38831626679033593
P10866,Dress,Wool,Autumn,0.21450251795955524,0.644,0.8,0.15746421267893662,0.3707627118644068,0.6750921537651396,0.12195121951219517,South,S,0.40208872281306884,0.13934102337343954
P10867,Jacket,Polyester,Summer,0.49831545513811765,0.244,0.040000000000000036,0.44785276073619634,0.5741525423728815,0.48341232227488157,0.39024390243902446,South,M,0.49961195745903986,0.4310496730115649
P10868,Sweater,Linen,Spring,0.834071740588752,0.022000000000000002,0.9199999999999999,0.2883435582822086,0.5911016949152543,0.5023696682464456,0.17073170731707316,Central,M,0.5981316470250071,0.8126036675530096
P10869,Jacket,Wool,Winter,0.9999999999999999,0.8079999999999999,0.9199999999999999,0.785276073619632,0.47245762711864403,0.18588730911005796,0.8292682926829269,Central,XL,0.744682379994251,0.5662082002156871
P10870,Dress,Cotton,Autumn,0.5177914549995434,0.49200000000000005,0.56,0.08588957055214726,0.3368644067796609,0.041074249605055305,0.5609756097560976,Central,L,0.4421960333429146,0.34774397278322716
P10871,Hoodie,Denim,Spring,0.6495064074905753,0.306,0.4800000000000002,0.9795501022494888,0.47245762711864403,0.6113744075829385,0.04878048780487804,West,XL,0.42969244035642423,0.5170119713357882
P10872,Shirt,Polyester,Autumn,0.16408663733508866,0.102,0.040000000000000036,0.2392638036809816,0.47245762711864403,0.659294365455503,0.39024390243902446,East,S,0.6101082686595765,0.14778063005662256
P10873,T-Shirt,Cotton,Summer,0.784528248703227,0.062000000000000006,0.56,0.11860940695296525,0.3707627118644068,0.49868351764086366,0.853658536585366,Central,S,0.3735747820254862,0.6744257399247565
P10874,Shirt,Polyester,Spring,0.6472451254885534,0.348,0.40000000000000013,0.12269938650306751,0.4555084745762712,0.7661927330173778,0.9512195121951221,Central,S,0.40978250455111614,0.4991213714434035
P10875,Jeans,Linen,Autumn,0.4091176433536261,0.804,0.7600000000000002,0.08179959100204501,0.31991525423728806,0.5639810426540286,0.39024390243902446,East,XL,0.5042301427613298,0.22346924256815828
P10876,Shirt,Denim,Spring,0.7343485744160191,0.918,0.40000000000000013,0.5582822085889572,0.18432203389830515,0.8488678251711429,0.7073170731707319,North,XL,0.563346747149564,0.33180716240159364
P10877,Shirt,Rayon,Summer,0.4524756786208069,0.8959999999999999,0.6800000000000002,0.38241308793456036,0.7097457627118642,0.2880463401790416,0.5853658536585367,West,M,0.6469579381048194,0.27140213748268466
P10878,Dress,Denim,Spring,0.4140118386616234,0.92,0.11999999999999988,0.9243353783231085,0.5063559322033897,0.24328593996840442,0.5121951219512195,West,S,0.5241400785666379,0.2248209082093738
P10879,Dress,Linen,Autumn,0.5903855359836734,0.908,0.11999999999999988,1.0000000000000002,0.31991525423728806,0.2611901000526593,0.878048780487805,North,M,0.5131167960141803,0.2914299124740003
P10880,Dress,Denim,Summer,0.29962813248970926,0.528,0.11999999999999988,0.6830265848670758,0.5063559322033897,0.0305423907319642,0.2439024390243903,East,S,0.5828494778192966,0.21673264380550622
P10881,Jacket,Rayon,Winter,0.6936140042013232,0.22,0.040000000000000036,0.3803680981595092,0.48940677966101687,0.9010005265929437,0.26829268292682934,East,M,0.28025294624892205,0.5829920620061079
P10882,Jeans,Wool,Autumn,0.3010201751706197,0.798,0.56,0.8691206543967281,0.47245762711864403,0.9994734070563457,0.48780487804878053,South,XL,0.5119430870939925,0.18030134669962
P10883,Hoodie,Polyester,Autumn,0.30214136791814034,0.214,0.8,0.9468302658486709,0.3029661016949152,0.8167456556082151,0.34146341463414637,East,L,0.7323847848998755,0.23601239014848552
P10884,Hoodie,Rayon,Summer,0.3286657648833613,0.268,0.6000000000000001,0.46421267893660534,0.43855932203389836,0.41284886782517116,0.26829268292682934,West,L,0.613011401743796,0.2656565104835634
P10885,Dress,Cotton,Summer,0.6440831099871188,0.23399999999999999,0.56,0.33333333333333337,0.5572033898305082,0.353870458135861,0.5121951219512195,South,S,0.4968860783750119,0.5547685164376294
P10886,T-Shirt,Linen,Winter,0.38401363382978654,0.514,0.6800000000000002,0.8650306748466259,0.5063559322033897,0.7751448130595051,0.9268292682926831,Central,XL,0.6062661684392066,0.277787418771322
P10887,Jacket,Wool,Autumn,0.24583922536919056,0.322,0.32000000000000006,0.5828220858895706,0.2521186440677965,0.510268562401264,0.8292682926829269,Central,S,0.3232394366197182,0.178930109676141
P10888,Trousers,Cotton,Summer,0.38611114610464253,0.154,0.3600000000000001,0.2065439672801636,0.5233050847457625,0.9399684044233809,1.0,Central,M,0.5628341477436044,0.34276048864854863
P10889,T-Shirt,Cotton,Winter,0.4945078089815097,0.454,0.32000000000000006,0.9611451942740288,0.48940677966101687,0.2796208530805687,0.3658536585365854,South,XL,0.49561655648174757,0.36576445323015117
P10890,Sweater,Linen,Winter,0.27740269086259406,0.8740000000000001,0.72,0.5439672801635993,0.6080508474576272,0.3238546603475514,0.7804878048780488,West,M,0.5153827728274407,0.16714880729664788
P10891,Sweater,Wool,Summer,0.28293621799010454,0.5700000000000001,0.15999999999999992,0.25153374233128833,0.6080508474576272,0.9994734070563457,0.3170731707317073,East,M,0.4474897001053942,0.2086732775769706
P10892,T-Shirt,Cotton,Autumn,0.8995260913520136,0.878,0.0,0.310838445807771,0.40466101694915246,0.978936282253818,0.4146341463414634,South,S,0.7022851394078757,0.46680899452110436
P10893,Dress,Cotton,Spring,0.3379470992287075,0.196,0.6000000000000001,0.8752556237218815,0.6927966101694913,0.8857293312269617,0.3658536585365854,West,M,0.4295008144102711,0.3162025694124249
P10894,Trousers,Wool,Spring,0.4395189736677175,0.166,0.9600000000000002,0.36400817995910023,0.8114406779661016,0.40494997367035285,0.9512195121951221,East,S,0.3475184439973172,0.43789578717687
P10895,Trousers,Denim,Winter,0.431169867000085,0.5760000000000001,0.6000000000000001,0.8711656441717792,0.3029661016949152,0.8378093733543972,0.04878048780487804,North,M,0.2877598926894701,0.27197350277933474
P10896,Jacket,Cotton,Spring,0.4209437073057045,0.46399999999999997,0.8,0.1329243353783231,0.4555084745762712,0.28330700368615064,0.6097560975609757,West,S,0.19098399923349618,0.3058743119381661
P10897,Trousers,Polyester,Spring,0.617977585593303,0.66,0.6800000000000002,0.20040899795501024,0.3877118644067796,0.25487098472880465,0.34146341463414637,North,M,0.531948835872377,0.3796029832243736
P10898,Sweater,Wool,Summer,0.6797313704061803,0.794,0.4800000000000002,0.8793456032719837,0.5402542372881354,0.5466034755134282,0.853658536585366,Central,M,0.3879036121490849,0.4054240858080837
P10899,Jeans,Cotton,Winter,0.44275027636141456,0.752,0.72,0.047034764826175884,0.7097457627118642,0.860452869931543,0.6341463414634148,Central,M,0.3133419565009102,0.2968556255098109
P10900,Dress,Linen,Autumn,0.266911980070484,0.9420000000000001,0.8399999999999999,0.6789366053169735,0.3707627118644068,0.09741969457609269,0.39024390243902446,West,S,0.4626616843920666,0.1393042371124804
P10901,Trousers,Rayon,Winter,0.7413875232663241,0.39799999999999996,0.2400000000000002,0.507157464212679,0.7097457627118642,0.5655608214849922,0.3170731707317073,North,XL,0.5987640126473124,0.6218430665860594
P10902,Jacket,Polyester,Summer,0.4825494694805665,0.20600000000000002,0.32000000000000006,1.0000000000000002,0.3029661016949152,0.6103212216956294,0.024390243902439046,South,L,0.4863274887419756,0.3745978688674723
P10903,Sweater,Rayon,Spring,0.8275335491734351,0.55,0.2400000000000002,0.3353783231083845,0.6758474576271185,0.5803054239073198,0.6341463414634148,East,L,0.5197853789403084,0.6212908509815606
P10904,Jeans,Rayon,Autumn,0.07622732812839553,0.11,0.44000000000000017,0.7832310838445808,0.6080508474576272,0.21853607161664035,0.5609756097560976,Central,S,0.6689326434799272,0.07297372195897184
P10905,Shirt,Cotton,Winter,0.5374879141090769,0.28800000000000003,0.8800000000000001,0.8977505112474439,0.2860169491525424,0.06424433912585573,0.9512195121951221,Central,S,0.6188991089393503,0.39531912565085386
P10906,Shirt,Polyester,Spring,0.8631125224002342,0.20800000000000002,0.3600000000000001,0.1901840490797546,0.26906779661016955,0.8952080042127437,0.8292682926829269,Central,L,0.5165612723962825,0.6524764719242196
P10907,Jeans,Polyester,Winter,0.4338090791417206,0.396,0.3600000000000001,0.9366053169734153,0.40466101694915246,0.5750394944707742,0.07317073170731708,Central,XL,0.35899204752323455,0.3200019725175128
P10908,Sweater,Denim,Autumn,0.4579525162273754,0.11199999999999999,0.8800000000000001,0.6993865030674847,0.6758474576271185,0.7682991047919959,0.6097560975609757,West,XL,0.42192679888856943,0.4433167127896428
P10909,Jacket,Rayon,Winter,0.5564064670145723,0.032,0.52,0.25153374233128833,0.6927966101694913,0.3644023170089521,0.853658536585366,West,L,0.5046565104915205,0.5642078015448939
P10910,Jeans,Polyester,Winter,0.3949704584607535,0.6559999999999999,0.52,0.6155419222903886,0.5233050847457625,0.04265402843601897,0.07317073170731708,North,M,0.6036744275174858,0.26280786974954884
P10911,Dress,Denim,Winter,0.44159444001776266,0.61,0.8800000000000001,0.3169734151329244,0.5741525423728815,0.25961032122169564,0.8048780487804879,South,M,0.5495353070805786,0.3085189538791075
P10912,Dress,Wool,Spring,0.43672858947023635,0.708,0.4800000000000002,0.7116564417177915,0.1673728813559321,0.07319641916798315,0.2926829268292683,North,S,0.4116891827153396,0.2357713818467467
P10913,Shirt,Denim,Autumn,0.3820043052541737,0.66,0.6800000000000002,0.507157464212679,0.3029661016949152,0.0784623486045287,0.9512195121951221,South,L,0.5581632653061224,0.22955480140826637
P10914,Trousers,Linen,Autumn,0.732773865500962,0.114,0.08000000000000007,0.8895705521472393,0.47245762711864403,0.2143233280674039,0.9756097560975612,West,L,0.7456932068602089,0.645426458187044
P10915,Jacket,Cotton,Spring,0.5876927837389259,0.292,0.52,0.5521472392638038,0.6758474576271185,0.6340179041600843,0.0,Central,S,0.5424930535594519,0.5171563877965462
P10916,Shirt,Wool,Spring,0.547925084798075,0.13,0.40000000000000013,0.8752556237218815,0.18432203389830515,0.8183254344391786,0.0,North,XL,0.5891060649611957,0.4144871489194166
P10917,Trousers,Wool,Spring,0.6533549960789747,0.8420000000000001,0.4800000000000002,0.11656441717791412,0.6927966101694913,0.8220115850447605,0.1951219512195122,South,XL,0.45074734118999704,0.4013831038793407
P10918,Trousers,Linen,Summer,0.4506112232653794,0.746,0.9600000000000002,0.3967280163599182,0.47245762711864403,0.9383886255924172,0.2439024390243903,East,L,0.4729663696464501,0.27406543300976305
P10919,T-Shirt,Denim,Winter,0.35426738242435885,0.20199999999999999,0.9600000000000002,0.40899795501022496,0.6927966101694913,0.6566614007372302,0.3658536585365854,South,M,0.2580291271438152,0.3303818002119563
P10920,Dress,Cotton,Winter,0.38669063898538353,0.342,0.8399999999999999,0.14519427402862986,0.35381355932203395,0.020010531858873082,0.6829268292682928,North,L,0.5201925840758839,0.2877408681517898
P10921,Sweater,Denim,Autumn,0.5009011271766414,0.966,0.32000000000000006,0.5030674846625768,0.6080508474576272,0.377567140600316,0.853658536585366,West,L,0.1040480981124844,0.2704404359739965
P10922,T-Shirt,Polyester,Winter,0.3004091881115776,0.594,0.9600000000000002,0.98159509202454,0.3029661016949152,0.11163770405476568,0.34146341463414637,Central,M,0.2816757688991089,0.19069466847765207
P10923,Sweater,Denim,Summer,0.4060312138801142,0.802,0.6800000000000002,0.1983640081799591,0.625,0.7777777777777779,0.9268292682926831,East,L,0.5488119191338506,0.2542989570561704
P10924,T-Shirt,Wool,Spring,0.4030361175236757,0.264,0.40000000000000013,0.670756646216769,0.2521186440677965,0.119536598209584,0.024390243902439046,North,XL,0.3584411229280444,0.2969919802478367
P10925,Jeans,Cotton,Autumn,0.9020298785269542,0.21,0.72,0.16359918200409,0.3707627118644068,0.10584518167456557,0.21951219512195125,West,XL,0.21578997796301616,0.717819512861598
P10926,Dress,Denim,Autumn,0.0,0.784,0.0,0.8670756646216771,0.6080508474576272,0.028436018957345974,0.2439024390243903,South,M,0.5103573823895755,0.01090158238966528
P10927,Trousers,Cotton,Winter,0.4666228635136795,0.6859999999999999,0.15999999999999992,0.130879345603272,0.5911016949152543,0.9557661927330175,0.7073170731707319,West,XL,0.27916067835584935,0.3115036020769379
P10928,Jacket,Cotton,Autumn,0.8266611604344936,0.68,0.8399999999999999,0.8650306748466259,0.5402542372881354,0.7862032648762508,0.5365853658536586,West,M,0.6516575644342244,0.5342927329101151
P10929,T-Shirt,Polyester,Spring,0.5235895332247833,0.552,0.6399999999999999,0.008179959100204501,0.7097457627118642,0.33333333333333337,0.5121951219512195,Central,M,0.5685589728849285,0.4008078689557792
P10930,Sweater,Polyester,Autumn,0.6429335724791272,0.564,0.3600000000000001,0.9754601226993866,0.3707627118644068,0.3765139547130069,1.0,North,L,0.7631934463926415,0.41727132067687506
P10931,Trousers,Wool,Spring,0.5194291522712027,0.736,0.52,0.9366053169734153,0.8961864406779663,0.059505002632964724,0.853658536585366,West,M,0.5567691865478586,0.3775864859134169
P10932,T-Shirt,Linen,Summer,0.37446144955105043,0.27,0.9199999999999999,0.5787321063394684,0.5063559322033897,0.1579778830963665,0.6829268292682928,South,XL,0.7716824758072243,0.3110114401054681
P10933,T-Shirt,Cotton,Summer,0.07692020005102063,0.35200000000000004,0.6399999999999999,0.5991820040899797,0.9131355932203391,0.31174302264349657,0.7560975609756098,South,XL,0.3616364855801475,0.07346447002830087
P10934,Hoodie,Linen,Spring,0.5393870130606356,0.872,0.40000000000000013,0.16359918200409,0.5063559322033897,0.38809899947340704,0.7804878048780488,Central,S,0.41360065152821684,0.3004057601480221
P10935,T-Shirt,Wool,Winter,0.3540028313266293,0.308,0.11999999999999988,0.17586912065439675,0.40466101694915246,0.6203264876250659,0.9268292682926831,West,XL,0.5425744945865669,0.2754067548405808
P10936,Jacket,Cotton,Autumn,0.3493290952667399,0.546,0.28000000000000025,0.8200408997955011,0.48940677966101687,0.35071090047393366,0.1951219512195122,South,L,0.4824758072242981,0.24673465501928812
P10937,Dress,Cotton,Winter,0.406273719053033,0.7020000000000001,0.9600000000000002,0.5971370143149285,0.40466101694915246,0.9552395997893629,0.0,South,M,0.521409408833956,0.24822885191840724
P10938,Jacket,Rayon,Autumn,0.8302829909391248,1.0,0.44000000000000017,0.8384458077709612,0.48940677966101687,0.34281200631911535,0.4146341463414634,Central,XL,0.4962680846986682,0.40379135130447597
P10939,Shirt,Linen,Summer,0.954993638175983,0.436,0.4800000000000002,0.572597137014315,0.6419491525423728,0.9420747761979991,0.5121951219512195,West,S,0.47078183386030464,0.7585835022326259
P10940,Trousers,Denim,Summer,0.5416073526308661,0.428,0.4800000000000002,0.4008179959100205,0.43855932203389836,0.7303844128488679,0.878048780487805,Central,S,0.36581393120628525,0.39660852998727686
P10941,Dress,Polyester,Summer,0.4127394738582573,0.8420000000000001,0.8800000000000001,0.5132924335378324,0.48940677966101687,0.9004739336492893,0.3170731707317073,West,M,0.3951662355082878,0.23659377678662413
P10942,Hoodie,Denim,Autumn,0.27810816045653963,0.8059999999999999,0.6000000000000001,0.16768916155419222,0.4555084745762712,0.7035281727224856,0.5121951219512195,South,XL,0.37211842483472257,0.16539906618957143
P10943,Dress,Linen,Summer,0.5891005735089868,0.7320000000000001,0.6800000000000002,0.05316973415132925,0.23516949152542366,0.5687203791469195,0.7804878048780488,North,XL,0.3594519497940021,0.31920078610974595
P10944,Dress,Polyester,Summer,0.8374699624274451,0.46399999999999997,0.40000000000000013,0.6789366053169735,0.3877118644067796,0.5092153765139548,0.12195121951219517,South,S,0.5099645491999616,0.5810762742160508
P10945,Sweater,Polyester,Summer,0.45382677886992584,0.324,0.040000000000000036,0.3701431492842536,0.625,0.2917324907846235,0.6341463414634148,North,XL,0.39751844399731723,0.38470029888402935
P10946,Dress,Rayon,Summer,0.05101623839833214,0.608,0.9199999999999999,0.2740286298568507,0.7436440677966103,0.29857819905213273,0.12195121951219517,West,XL,0.42515090543259554,0.04468310285736228
P10947,Hoodie,Polyester,Winter,0.6271801844928964,0.876,0.9600000000000002,0.18200408997955012,0.47245762711864403,0.22327540810953134,0.9756097560975612,West,M,0.7017821212992239,0.3407692183284184
P10948,Jacket,Cotton,Summer,0.6867703192564852,0.8840000000000001,0.9600000000000002,0.4192229038854806,0.5063559322033897,0.3859926276987889,0.3658536585365854,East,XL,0.5692823608316566,0.37523472015800774
P10949,Dress,Denim,Summer,0.20089388351563217,0.10800000000000001,0.9600000000000002,0.05316973415132925,0.2860169491525424,0.1269088994207478,0.024390243902439046,West,XL,0.6168391300182043,0.16560467732719114
P10950,Jeans,Polyester,Winter,0.5339133248718974,0.428,0.8,0.7709611451942742,0.18432203389830515,0.3875724065297525,0.878048780487805,West,S,0.6617849956884161,0.344118330809642
P10951,Trousers,Rayon,Winter,0.5858314778013284,0.46399999999999997,0.6800000000000002,0.11860940695296525,0.6080508474576272,0.8341232227488153,0.6829268292682928,East,L,0.7367490658235123,0.4529287420110808
P10952,Dress,Polyester,Autumn,0.4867507928659387,0.978,0.8399999999999999,0.14519427402862986,0.7605932203389831,0.8709847288046341,0.5365853658536586,North,XL,0.4988167097825045,0.27706126839821554
P10953,Trousers,Polyester,Spring,0.3511368611012254,0.6779999999999999,0.6000000000000001,0.8466257668711658,0.5911016949152543,0.6429699842022119,0.48780487804878053,West,M,0.5398965219890772,0.23807581908839331
P10954,Jeans,Rayon,Summer,0.6925400527212544,0.408,0.11999999999999988,0.4621676891615542,0.2860169491525424,0.25697735650342285,0.2926829268292683,Central,S,0.42638210213662925,0.47357784017468485
P10955,Jeans,Polyester,Summer,0.4243387797265675,0.026000000000000002,0.40000000000000013,0.18404907975460125,0.4555084745762712,0.24065297525013168,0.0,West,S,0.37997029797834625,0.3882319287679078
P10956,Trousers,Wool,Summer,0.21991636720952135,0.5660000000000001,0.9600000000000002,0.13701431492842536,0.7097457627118642,0.27804107424960506,0.6829268292682928,West,M,0.2863226980933218,0.1708349742039756
P10957,T-Shirt,Denim,Autumn,0.11328652773534817,0.096,0.3600000000000001,0.7382413087934562,0.5911016949152543,0.5002632964718273,0.14634146341463422,South,L,0.35491999616748104,0.1076813979394336
P10958,Shirt,Linen,Summer,0.7388207477347812,0.8340000000000001,0.8800000000000001,0.5296523517382414,0.3707627118644068,0.9768299104791999,0.7317073170731709,West,XL,0.4251700680272108,0.3933714878546798
P10959,Sweater,Rayon,Spring,0.6170925991830409,0.752,0.08000000000000007,0.2965235173824131,0.43855932203389836,0.10900473933649289,0.5121951219512195,West,XL,0.5292517006802719,0.3636472960088965
P10960,T-Shirt,Denim,Winter,0.5171867667761614,0.46,0.32000000000000006,0.12678936605316973,0.5063559322033897,0.500789889415482,0.3658536585365854,Central,M,0.3364951614448596,0.38378619874741166
P10961,T-Shirt,Polyester,Autumn,0.417369118068525,0.43,0.3600000000000001,0.6993865030674847,0.777542372881356,0.6824644549763035,0.6585365853658538,East,S,0.3608172846603429,0.3551643792706666
P10962,Jacket,Rayon,Winter,0.4006016175409975,0.898,0.040000000000000036,0.9795501022494888,0.5063559322033897,0.2459189046866772,0.9268292682926831,East,M,0.19982753664846217,0.22184886110430618
P10963,Sweater,Cotton,Summer,0.2972881150419345,0.28800000000000003,0.11999999999999988,0.9386503067484664,0.3707627118644068,0.9694576092680359,0.5853658536585367,East,L,0.401806074542493,0.23111331845213734
P10964,Sweater,Denim,Summer,0.4190351601006554,0.25,0.20000000000000018,0.36605316973415136,0.4555084745762712,0.34913112164297,0.3170731707317073,South,S,0.5095142282265018,0.34306534579432574
P10965,T-Shirt,Polyester,Summer,0.09994244438915471,0.9400000000000001,0.8399999999999999,0.9550102249488754,0.3877118644067796,0.9325961032122171,0.48780487804878053,West,L,0.5080578710357382,0.061751531057575984
P10966,T-Shirt,Denim,Spring,0.3614732504196599,0.81,0.08000000000000007,0.22494887525562374,0.26906779661016955,0.59768299104792,0.43902439024390244,North,L,0.45423014276132984,0.19346480043490638
P10967,Jacket,Rayon,Spring,0.4418086004302105,0.8200000000000001,0.28000000000000025,0.38854805725971375,0.35381355932203395,0.004212743549236446,0.2926829268292683,North,S,0.46462105969148215,0.2412557346134456
P10968,Jacket,Polyester,Autumn,0.6158107861261846,0.196,0.0,0.8752556237218815,0.3877118644067796,0.31121642969984203,0.024390243902439046,Central,L,0.5013318003257641,0.49965153513556737
P10969,Jeans,Cotton,Winter,0.49301813434786573,0.14400000000000002,0.6800000000000002,0.8077709611451944,0.5063559322033897,0.02159031068983676,0.853658536585366,South,S,0.6795151863562325,0.435616725757854
P10970,Hoodie,Cotton,Summer,0.6507756228761112,0.026000000000000002,0.6399999999999999,0.7995910020449899,0.3877118644067796,0.38177988414955244,0.3170731707317073,South,L,0.44894605729615783,0.574822585047702
P10971,Sweater,Linen,Summer,0.7555032139808955,0.23800000000000002,0.6399999999999999,0.5010224948875257,0.47245762711864403,0.9331226961558716,0.8048780487804879,West,L,0.48034396857334477,0.6234352940336009
P10972,T-Shirt,Rayon,Summer,0.7005206775027636,0.774,0.3600000000000001,0.5664621676891617,0.879237288135593,0.7793575566087416,0.4146341463414634,North,S,0.3143336207722525,0.4888555985216438
P10973,Jeans,Denim,Summer,0.5894753542307704,0.24,0.20000000000000018,0.7075664621676893,0.3877118644067796,0.6203264876250659,0.5609756097560976,South,L,0.5681517677493532,0.46751907105934803
P10974,Trousers,Cotton,Spring,0.5028065249638604,0.73,0.52,0.8670756646216771,0.43855932203389836,0.5387045813586099,0.7073170731707319,Central,L,0.4914439015042636,0.3032622145517618
P10975,Shirt,Cotton,Winter,0.3152303484200945,0.252,0.8,0.7586912065439674,0.4216101694915253,0.372827804107425,0.43902439024390244,North,XL,0.4243364951614448,0.25514841457912696
P10976,Hoodie,Wool,Winter,0.640388842872395,0.396,0.11999999999999988,0.605316973415133,0.6758474576271185,0.2116903633491311,0.853658536585366,South,L,0.3311104723579572,0.530637150938568
P10977,Hoodie,Wool,Autumn,0.817978215476869,0.9840000000000001,0.4800000000000002,0.687116564417178,0.5741525423728815,0.06266456029489205,0.48780487804878053,West,M,0.5506227843249976,0.4197479811213801
P10978,Hoodie,Cotton,Spring,0.5652090898497412,0.244,0.2400000000000002,0.24948875255623726,0.5402542372881354,0.19010005265929442,0.43902439024390244,West,L,0.3437386222094471,0.4809826937385765
P10979,Jacket,Rayon,Summer,0.8628605689738251,0.376,0.15999999999999992,0.11451942740286301,0.5911016949152543,0.3517640863612428,0.6097560975609757,West,M,0.5768755389479735,0.6951787226877515
P10980,Trousers,Linen,Winter,0.21228532780715487,0.302,0.72,0.32515337423312884,0.2860169491525424,0.5202738283307005,0.8292682926829269,West,S,0.7580147551978538,0.15963409105589318
P10981,Hoodie,Cotton,Winter,0.28246695473341754,0.11,0.52,0.25766871165644173,0.5402542372881354,0.20431806213796733,0.9512195121951221,North,S,0.6660822075308996,0.2588165976434369
P10982,Trousers,Polyester,Spring,0.662167067167634,0.49,0.20000000000000018,0.458077709611452,0.5233050847457625,0.9747235387045815,0.07317073170731708,North,XL,0.5048816709782504,0.4840782712412006
P10983,Dress,Denim,Autumn,0.5505044580009385,0.378,0.32000000000000006,0.19222903885480574,0.35381355932203395,0.07688256977356504,0.48780487804878053,South,S,0.5902510299894606,0.3982458534715167
P10984,Hoodie,Linen,Autumn,0.7488232987632235,0.6940000000000001,0.9600000000000002,0.6339468302658487,0.6588983050847457,0.0947867298578199,0.04878048780487804,Central,M,0.40065631886557435,0.5060270431357234
P10985,Shirt,Polyester,Summer,0.49764147972247325,0.818,0.8399999999999999,0.010224948875255626,0.48940677966101687,0.682991047919958,0.09756097560975613,East,S,0.3117227172559164,0.2879483892975645
P10986,Trousers,Linen,Autumn,0.3365456082943068,0.544,0.8800000000000001,0.8629856850715748,0.47245762711864403,0.7556608741442866,0.6829268292682928,East,S,0.519632078183386,0.23654488553891648
P10987,Trousers,Polyester,Winter,0.4602012005580768,0.032,0.4800000000000002,0.539877300613497,0.40466101694915246,0.9731437598736178,0.43902439024390244,West,L,0.41425217974513745,0.40961012913540323
P10988,Shirt,Denim,Autumn,0.21094052639369618,0.618,0.6399999999999999,0.4764826175869121,0.5233050847457625,0.5308056872037916,0.39024390243902446,South,M,0.3033678260036409,0.1482601661300288
P10989,Hoodie,Denim,Summer,0.2873013111026427,0.055999999999999994,0.3600000000000001,0.5869120654396729,0.5911016949152543,0.16587677725118488,0.8048780487804879,East,M,0.2547523234645971,0.27588167712805417
P10990,Shirt,Wool,Winter,0.6843232216024866,0.616,0.08000000000000007,0.8568507157464214,0.625,0.9383886255924172,0.4634146341463415,East,M,0.45743029606208674,0.48208169258671757
P10991,Trousers,Rayon,Autumn,0.6654897029784044,0.6859999999999999,0.40000000000000013,0.7832310838445808,0.4555084745762712,0.9805160610847817,0.6585365853658538,East,S,0.6432739292900258,0.4137525399387666
P10992,Shirt,Polyester,Autumn,0.5691584598087043,0.198,0.6000000000000001,0.030674846625766878,0.43855932203389836,0.9241706161137443,0.1951219512195122,East,M,0.47800613203027686,0.47323587429903935
P10993,Trousers,Wool,Spring,0.17533950724208636,0.8200000000000001,0.28000000000000025,0.2842535787321064,0.5741525423728815,0.8720379146919431,0.04878048780487804,East,S,0.47123215483376446,0.11270013040642692
P10994,Trousers,Polyester,Summer,0.4328390584500455,0.912,0.8399999999999999,0.605316973415133,0.7944915254237288,0.0774091627172196,0.21951219512195125,South,S,0.49296732777618085,0.26543671071393526
P10995,Dress,Wool,Autumn,0.2690819289554326,0.8140000000000001,0.15999999999999992,0.3967280163599182,0.625,0.8551869404949974,0.48780487804878053,East,XL,0.3632221902845645,0.17079808872181362
P10996,T-Shirt,Denim,Spring,0.7228878429322338,0.306,0.3600000000000001,0.3783231083844581,0.6758474576271185,0.9536598209583992,0.9756097560975612,East,XL,0.43732394366197175,0.630393007246819
P10997,Trousers,Linen,Winter,0.3902620788047329,0.5860000000000001,0.11999999999999988,0.9693251533742333,0.4555084745762712,0.5523959978936284,0.07317073170731708,South,S,0.6806793139791127,0.26380531569656607
P10998,Hoodie,Wool,Spring,0.2953953149260359,0.914,0.40000000000000013,0.9693251533742333,0.7266949152542375,0.7730384412848869,0.5121951219512195,North,S,0.7200632365622304,0.17989793809410556
P10999,Jeans,Polyester,Spring,0.5061952985490632,0.32,0.040000000000000036,0.801635991820041,0.23516949152542366,0.6614007372301213,0.14634146341463422,North,L,0.6505605058924979,0.3568107566896671
P11000,Jacket,Polyester,Autumn,0.3795981500319666,0.8200000000000001,0.28000000000000025,0.25357873210633947,0.3707627118644068,0.2880463401790416,0.26829268292682934,North,XL,0.6112196991472645,0.2108001336708045
P11001,Sweater,Rayon,Autumn,0.7809410617947271,0.01,0.40000000000000013,0.032719836400818006,0.40466101694915246,0.5876777251184835,0.2439024390243903,East,M,0.7229663696464501,0.7004238531343631
P11002,T-Shirt,Denim,Autumn,0.36170945675691846,0.004,0.4800000000000002,0.7464212678936607,0.3368644067796609,0.889942074776198,0.5121951219512195,South,XL,0.34414103669636864,0.3162965070862295
P11003,T-Shirt,Polyester,Spring,0.2361579149594198,0.76,0.56,0.7934560327198366,0.6419491525423728,0.4965771458662454,0.6829268292682928,North,XL,0.8919085944236849,0.1579022841812331
P11004,T-Shirt,Cotton,Winter,0.09373809126382994,0.762,0.28000000000000025,0.05112474437627813,0.6758474576271185,0.5903106898367564,0.6341463414634148,West,XL,0.20495832135671166,0.06945593343289189
P11005,Dress,Linen,Summer,0.4947471647365984,0.788,0.52,0.4335378323108385,0.5402542372881354,0.5318588730911007,0.4634146341463415,West,M,0.45384210022036975,0.299586118596524
P11006,Trousers,Wool,Spring,0.394378367908692,0.93,0.52,0.785276073619632,0.3368644067796609,0.28278041074249605,0.3170731707317073,South,S,0.001992909839992313,0.19763794500585455
P11007,Dress,Rayon,Autumn,0.23055195122181668,0.11800000000000001,0.32000000000000006,0.0,0.23516949152542366,0.6440231700895209,0.14634146341463422,East,XL,0.6086614927661205,0.18389618048971815
P11008,Trousers,Linen,Summer,0.7252876993187808,0.23199999999999998,0.8399999999999999,0.5930470347648262,0.3029661016949152,0.5097419694576093,0.34146341463414637,North,XL,0.33280157133275845,0.5521006319299189
P11009,Hoodie,Denim,Winter,0.6266510822974373,0.904,0.56,0.539877300613497,0.48940677966101687,0.23275408109531331,0.6585365853658538,East,S,0.34822266934942986,0.3352887351886309
P11010,Dress,Rayon,Summer,0.49523217508243594,0.17800000000000002,0.32000000000000006,0.6993865030674847,0.5402542372881354,0.8957345971563984,0.21951219512195125,North,S,0.6976477915109704,0.43675667815747415
P11011,Dress,Wool,Autumn,0.49831545513811765,0.682,0.9600000000000002,0.07566462167689163,0.11652542372881358,0.950500263296472,0.04878048780487804,Central,L,0.46546421385455583,0.26459975506253863
P11012,Jacket,Wool,Spring,0.625759797051515,0.53,0.8399999999999999,0.474437627811861,0.5741525423728815,0.05529225908372827,0.26829268292682934,Central,XL,0.5922535211267606,0.45687030429456155
P11013,Jeans,Cotton,Spring,0.34507423177825575,0.084,1.0,0.5296523517382414,0.5233050847457625,0.6224328593996842,0.2926829268292683,East,S,0.4335489125227555,0.3172341970638263
P11014,Dress,Denim,Autumn,0.3041884895077145,0.28600000000000003,0.6800000000000002,0.6278118609406954,0.4555084745762712,0.41548183254344395,0.9268292682926831,West,M,0.36404618185302284,0.2458833619040787
P11015,Jacket,Rayon,Spring,0.6551344171529891,0.52,0.3600000000000001,0.8220858895705523,0.4555084745762712,0.5260663507109006,0.8048780487804879,East,M,0.6289259365718117,0.45543812064722783
P11016,Shirt,Rayon,Autumn,0.5754635943045927,0.8520000000000001,0.28000000000000025,0.9897750511247445,0.3368644067796609,0.37388098999473407,0.0,North,L,0.525165277378557,0.30006602674944094
P11017,Jeans,Polyester,Spring,0.5326409600685312,0.708,0.6800000000000002,0.5316973415132925,0.5911016949152543,0.4744602422327541,0.902439024390244,East,XL,0.5312589824662259,0.34874255977407725
P11018,Hoodie,Cotton,Spring,0.34060520787732385,0.622,1.0,0.9713701431492844,0.5911016949152543,0.3238546603475514,0.5853658536585367,East,S,0.4149659863945578,0.23983543270515398
P11019,Dress,Cotton,Spring,0.6154454536578913,0.49600000000000005,0.6399999999999999,0.4846625766871166,0.40466101694915246,0.11743022643496577,0.43902439024390244,North,M,0.47702883970489596,0.42443248696655084
P11020,Sweater,Rayon,Winter,0.3578010292297469,0.298,0.8800000000000001,0.2147239263803681,0.3707627118644068,0.3022643496577146,0.5853658536585367,West,L,0.4146593848807128,0.2753528033115275
P11021,T-Shirt,Rayon,Winter,0.48129285176635095,0.12,0.32000000000000006,0.5030674846625768,0.6080508474576272,0.6708794102159032,0.12195121951219517,Central,XL,0.6097154354699625,0.45060123583977
P11022,Shirt,Linen,Autumn,0.7739871472258352,0.41000000000000003,0.40000000000000013,0.6196319018404909,0.5911016949152543,0.05055292259083728,0.07317073170731708,North,M,0.5050637156270958,0.6116477407183277
P11023,Shirt,Linen,Winter,0.375689722504795,0.027999999999999997,0.9199999999999999,0.6993865030674847,0.3029661016949152,0.3828330700368615,0.6097560975609757,East,L,0.5900306601513844,0.31937338139211513
P11024,Hoodie,Linen,Autumn,0.20332523408048028,0.212,0.7600000000000002,0.9120654396728017,0.47245762711864403,0.042127435492364404,0.6097560975609757,South,S,0.4548529270863274,0.17343437127641428
P11025,Jacket,Cotton,Summer,0.3016689552436232,0.43200000000000005,1.0,0.07566462167689163,0.20127118644067798,0.3565034228541338,0.6097560975609757,East,M,0.7580147551978538,0.20015985031886221
P11026,Shirt,Polyester,Summer,0.6884521083777663,0.418,0.7600000000000002,0.6278118609406954,0.23516949152542366,0.08741442864665615,0.3170731707317073,East,XL,0.4911420906390725,0.4557121199989165
P11027,Jeans,Wool,Winter,0.5486998415842831,0.044000000000000004,0.44000000000000017,0.6993865030674847,0.5063559322033897,0.339652448657188,0.7560975609756098,South,M,0.5515138449746095,0.5090540339818729
P11028,Dress,Linen,Summer,0.4762096913885468,0.59,0.52,0.09202453987730062,0.40466101694915246,0.8383359662980518,0.6585365853658538,East,S,0.5840615119287151,0.3115112917201593
P11029,Dress,Polyester,Summer,0.40436202243015373,0.55,0.9199999999999999,0.4274028629856851,0.40466101694915246,0.6134807793575567,0.024390243902439046,South,S,0.380420618951806,0.2727870918374586
P11030,Sweater,Denim,Spring,0.592281485517402,0.078,0.56,0.18813905930470348,0.5063559322033897,0.6824644549763035,0.9756097560975612,East,L,0.4507665037846124,0.5402744567614338
P11031,Hoodie,Linen,Spring,0.34011389869582603,0.9440000000000001,0.2400000000000002,0.44785276073619634,0.625,0.5039494470774093,0.48780487804878053,West,S,0.5821787870077608,0.19264840837780178
P11032,T-Shirt,Wool,Autumn,0.5583244624731118,0.1,0.44000000000000017,0.5214723926380369,0.625,0.9231174302264351,0.3170731707317073,Central,XL,0.2795391395995017,0.5316886476358414
P11033,Jacket,Denim,Summer,0.36238343217256286,0.8540000000000001,0.52,0.278118609406953,0.6588983050847457,0.5413375460768827,0.878048780487805,West,XL,0.5622784324997604,0.2224712509045253
P11034,T-Shirt,Denim,Autumn,0.3309364951388736,0.0,0.08000000000000007,0.47034764826175873,0.3029661016949152,0.1042654028436019,0.024390243902439046,North,M,0.2986586183769282,0.2854439221109588
P11035,Shirt,Wool,Autumn,0.3801020568847848,0.882,0.7600000000000002,0.6237218813905931,0.7266949152542375,0.9336492890995263,0.09756097560975613,North,M,0.2862700009581297,0.23397867795883334
P11036,Hoodie,Linen,Summer,0.4296266522633291,0.02,0.11999999999999988,0.4110429447852761,0.5402542372881354,0.13322801474460244,0.902439024390244,East,S,0.34239724058637533,0.40980358567567304
P11037,Sweater,Cotton,Winter,0.4913363452265848,0.758,0.40000000000000013,0.1329243353783231,0.35381355932203395,0.9994734070563457,0.024390243902439046,North,S,0.5678307942895467,0.27935575871427576
P11038,T-Shirt,Wool,Summer,0.5450559651548411,0.36200000000000004,0.8,0.9406952965235175,0.35381355932203395,0.43549236440231703,0.0,North,S,0.8812446105202645,0.3979979989067807
P11039,Jeans,Polyester,Spring,0.0,0.738,0.4800000000000002,0.07566462167689163,0.31991525423728806,0.07372301211163772,0.5121951219512195,East,S,0.3177206093705087,0.012637457333642507
P11040,Dress,Wool,Summer,0.34794650083931983,0.402,0.8399999999999999,0.31492842535787324,0.5741525423728815,0.8646656134807795,0.9756097560975612,East,M,0.5101992909839992,0.2774356796071951
P11041,Shirt,Denim,Winter,0.4265717169681184,0.07,0.3600000000000001,0.21267893660531698,0.47245762711864403,0.09268035808320167,0.5853658536585367,Central,XL,0.6421624988023378,0.38521376860881257
P11042,Sweater,Polyester,Autumn,0.7849691671994431,0.768,0.9600000000000002,0.5194274028629858,0.5063559322033897,0.17430226434965773,0.7073170731707319,West,L,0.5742311008910606,0.46851081178720105
P11043,T-Shirt,Cotton,Autumn,0.2964818640774253,0.07200000000000001,0.20000000000000018,0.8241308793456034,0.5233050847457625,0.41758820431806215,0.1951219512195122,East,M,0.40292229567883486,0.27440429822281925
P11044,Jacket,Linen,Spring,0.5313276528333737,0.922,0.040000000000000036,0.9959100204498978,0.5911016949152543,0.6766719325961033,0.878048780487805,Central,M,0.599276612053272,0.29490091820293335
P11045,Jeans,Linen,Spring,0.7830732176657144,0.05,0.8800000000000001,0.9100204498977507,0.6927966101694913,0.12111637704054766,0.21951219512195125,West,XL,0.42660726262335913,0.7873250568959183
P11046,Jeans,Polyester,Spring,0.2524593016480904,0.48,0.7600000000000002,0.9345603271983641,0.3707627118644068,0.6229594523433387,0.34146341463414637,North,L,0.4806122448979591,0.1782675848993664
P11047,T-Shirt,Wool,Autumn,0.5750132275548865,0.7240000000000001,0.2400000000000002,0.030674846625766878,0.8453389830508473,0.7809373354397052,0.04878048780487804,West,XL,0.3726741400785666,0.4126037072414908
P11048,Dress,Cotton,Spring,0.3489637627984467,0.394,1.0,0.15950920245398773,0.08262711864406769,0.12374934175882045,0.17073170731707316,West,S,0.6558733352495927,0.2206419343927578
P11049,T-Shirt,Linen,Summer,0.40520606640862433,0.218,0.52,0.024539877300613498,0.35381355932203395,0.6477093206951028,0.5853658536585367,East,L,0.542876305451758,0.3215977967336578
P11050,Shirt,Rayon,Autumn,0.3488031424891109,0.76,0.9600000000000002,0.7546012269938651,0.40466101694915246,0.9594523433385994,0.853658536585366,West,M,0.45862316757688987,0.20638999925683318
P11051,T-Shirt,Linen,Winter,0.3622700531306788,0.784,0.52,0.2065439672801636,0.5911016949152543,0.9678778304370722,0.48780487804878053,Central,S,0.5479064865382772,0.2278867937670431
P11052,Jeans,Wool,Autumn,0.9999999999999999,0.922,0.4800000000000002,0.8241308793456034,0.5233050847457625,0.16166403370194843,0.8048780487804879,East,S,0.5136868832039858,0.5271017010383796
P11053,Sweater,Rayon,Summer,0.6601356926672104,0.376,0.44000000000000017,0.30879345603271985,0.6927966101694913,0.759873617693523,0.6341463414634148,East,S,0.5448596339944427,0.5573653337587938
P11054,T-Shirt,Polyester,Summer,0.7087532557106818,0.506,0.32000000000000006,0.997955010224949,0.0,0.8472880463401792,0.1951219512195122,South,S,0.6115502539043787,0.38877613226027585
P11055,Dress,Cotton,Spring,0.5935349538137875,0.364,0.52,0.3619631901840491,0.7097457627118642,0.8894154818325436,0.21951219512195125,Central,S,0.5458512982657852,0.5087097860185616
P11056,Hoodie,Polyester,Autumn,0.19703899609157252,0.258,0.44000000000000017,0.7975460122699388,0.9639830508474576,0.3238546603475514,0.6341463414634148,North,S,0.38272492095429717,0.19820030597834537
P11057,Sweater,Polyester,Autumn,0.49831545513811765,0.752,0.040000000000000036,0.17586912065439675,0.3029661016949152,0.27014218009478674,0.5853658536585367,West,L,0.2508144102711507,0.2774457505592851
P11058,Jacket,Cotton,Autumn,0.7033110617002447,0.34,0.28000000000000025,0.17791411042944785,0.47245762711864403,0.047919957872564506,0.2926829268292683,South,S,0.6098112484430391,0.5486992298747898
P11059,Trousers,Cotton,Winter,0.33930134889565666,0.428,0.20000000000000018,0.0572597137014315,0.6927966101694913,0.39968404423380727,0.07317073170731708,South,L,0.41983807607550055,0.28022262955833366
P11060,T-Shirt,Linen,Spring,0.6829784201890279,0.40399999999999997,0.8800000000000001,0.7934560327198366,0.31991525423728806,0.12427593470247499,0.3658536585365854,East,L,0.6610855609849573,0.47649873874967985
P11061,Dress,Linen,Summer,0.6336585369694411,0.7120000000000001,0.6000000000000001,0.7402862985685073,0.5572033898305082,0.7867298578199053,0.26829268292682934,West,XL,0.2892354124748491,0.4056548495206276
P11062,Sweater,Cotton,Summer,0.8505337475867584,0.918,0.7600000000000002,0.8548057259713703,0.6080508474576272,0.143233280674039,0.5853658536585367,South,XL,0.36761042445147063,0.46941298057417524
P11063,Dress,Rayon,Spring,0.4216176827213489,0.6659999999999999,0.52,0.6543967280163601,0.48940677966101687,0.8193786203264877,0.3658536585365854,East,L,0.48283031522468134,0.2738644852686776
P11064,Jacket,Denim,Summer,0.29315292943099464,0.47200000000000003,0.6399999999999999,0.20245398773006135,0.625,0.10742496050552923,0.9268292682926831,East,S,0.5161636485580148,0.2304036139934044
P11065,Jeans,Linen,Summer,0.43222807139100333,0.78,1.0,0.2331288343558282,0.5063559322033897,0.4807793575566088,0.024390243902439046,Central,XL,0.6369933889048576,0.26085159970872623
P11066,Dress,Denim,Spring,0.7718360948478673,0.64,0.32000000000000006,0.4274028629856851,0.43855932203389836,0.38493944181147977,0.1951219512195122,East,S,0.650996454919996,0.4899172405869093
P11067,Sweater,Rayon,Summer,0.15506040583398165,0.06,0.20000000000000018,0.9263803680981596,0.48940677966101687,0.6018957345971565,0.2926829268292683,North,S,0.49333141707387174,0.14326606532664463
P11068,Dress,Cotton,Autumn,0.10971193849816867,0.096,0.40000000000000013,0.6993865030674847,0.625,0.5192206424433913,0.3170731707317073,Central,XL,0.6088052122257352,0.10555416976608899
P11069,Dress,Rayon,Winter,0.5174576167095513,0.038,0.4800000000000002,0.14928425357873212,0.3877118644067796,0.5987361769352292,0.26829268292682934,Central,XL,0.23584363322793903,0.4550984120539473
P11070,Dress,Linen,Spring,0.4169313489901392,0.456,0.8800000000000001,0.2740286298568507,0.6927966101694913,0.0010531858873091132,0.8292682926829269,North,XL,0.4528600172463351,0.33756283554750405
P11071,Shirt,Polyester,Winter,0.5020254693419921,0.826,0.56,0.8732106339468304,0.8283898305084745,0.12743549236440233,0.5121951219512195,North,S,0.6165564817476286,0.3324174472150642
P11072,Shirt,Cotton,Summer,0.679195969375061,0.314,0.28000000000000025,0.9304703476482619,0.5233050847457625,0.5176408636124277,0.48780487804878053,South,M,0.51078854076842,0.5509310371959453
P11073,Jeans,Wool,Summer,0.3961483407292162,0.384,0.7600000000000002,0.5480572597137016,0.7605932203389831,0.22959452343338604,0.04878048780487804,South,M,0.7098256203890005,0.34404500634073093
P11074,T-Shirt,Denim,Autumn,0.1466325637205963,0.91,0.52,0.7137014314928426,0.26906779661016955,0.07635597682991051,0.5121951219512195,North,XL,0.365766024719747,0.08179704183890227
P11075,Dress,Rayon,Spring,0.886900075271086,0.836,0.15999999999999992,0.9509202453987732,0.3877118644067796,0.21800947867298576,0.1951219512195122,South,S,0.628863658139312,0.4727048176160498
P11076,Jacket,Cotton,Summer,0.3121218730217719,0.6659999999999999,0.52,0.15746421267893662,0.40466101694915246,0.7804107424960507,0.9512195121951221,North,M,0.4305068506275749,0.19795369167864516
P11077,T-Shirt,Rayon,Spring,0.30044383170770883,0.266,0.9199999999999999,0.9366053169734153,0.625,0.5418641390205372,1.0,North,XL,0.5716249880233784,0.26402910911960925
P11078,Jacket,Cotton,Spring,0.7091280364324654,0.11800000000000001,0.8399999999999999,0.7750511247443764,0.40466101694915246,0.19010005265929442,0.04878048780487804,East,S,0.3759221998658618,0.6032490875866238
P11079,T-Shirt,Linen,Spring,0.4279102195459169,0.016,0.6000000000000001,1.0000000000000002,0.35381355932203395,0.015797788309636657,0.7317073170731709,South,S,0.5213423397528024,0.3745819190591131
P11080,Jeans,Linen,Spring,0.4885869034608952,0.10800000000000001,0.3600000000000001,0.25357873210633947,0.20127118644067798,0.3575566087414429,0.878048780487805,Central,S,0.626247963974322,0.377811941291608
P11081,Dress,Linen,Spring,0.5917933257537343,0.292,0.08000000000000007,0.07566462167689163,0.7097457627118642,0.3575566087414429,0.12195121951219517,Central,S,0.6120868065536074,0.5283243295052801
P11082,Dress,Rayon,Winter,0.7053235396936876,0.552,0.4800000000000002,0.5480572597137016,0.4555084745762712,0.7356503422854135,0.3170731707317073,South,S,0.517907444668008,0.47967862946943146
P11083,Trousers,Wool,Autumn,0.4375505875238962,0.064,0.7600000000000002,0.6319018404907977,0.4555084745762712,0.9199578725645077,0.43902439024390244,South,S,0.6184344160199291,0.39308042245609975
P11084,Jacket,Linen,Spring,0.7877815973217349,0.136,0.3600000000000001,0.2147239263803681,0.5911016949152543,0.37230121116377046,0.4146341463414634,South,S,0.5930343968573344,0.7249028153123319
P11085,T-Shirt,Cotton,Winter,0.09697254337535711,0.182,0.2400000000000002,0.08793456032719837,0.8114406779661016,0.6882569773565036,0.14634146341463422,South,XL,0.45746383060266355,0.09588278146004199
P11086,T-Shirt,Linen,Summer,0.6441366500902307,0.632,0.9199999999999999,0.458077709611452,0.31991525423728806,0.6350710900473935,0.853658536585366,East,XL,0.5276372520839321,0.3896029673489811
P11087,Hoodie,Polyester,Spring,0.34192166453031153,0.616,0.8399999999999999,0.4928425357873211,0.5402542372881354,0.42232754081095314,0.6829268292682928,North,L,0.6273929290025868,0.2365247436347366
P11088,Hoodie,Linen,Summer,0.759874605929094,0.55,0.6399999999999999,0.8098159509202455,0.23516949152542366,0.06582411795681939,0.04878048780487804,South,XL,0.7682284181278145,0.4624300899807322
P11089,Shirt,Rayon,Spring,0.49831545513811765,0.25,0.11999999999999988,0.310838445807771,0.4216101694915253,0.4739336492890996,0.2926829268292683,South,XL,0.5800325764108459,0.4005103541790135
P11090,Trousers,Wool,Winter,0.37340954399579235,0.37200000000000005,0.15999999999999992,0.047034764826175884,0.6419491525423728,0.3543970510795156,0.853658536585366,North,L,0.3350004790648653,0.31121742332259855
P11091,Sweater,Polyester,Winter,0.625816486572457,0.096,0.11999999999999988,0.25153374233128833,0.625,0.5502896261190101,0.9756097560975612,North,XL,0.5583165660630449,0.5970191370910585
P11092,Hoodie,Rayon,Winter,0.6693445904024641,0.226,0.6000000000000001,0.5807770961145196,0.8114406779661016,0.12532912058978413,0.5853658536585367,North,M,0.7656414678547474,0.6460544539852245
P11093,Sweater,Rayon,Autumn,0.49831545513811765,0.898,0.11999999999999988,0.9877300613496933,0.47245762711864403,0.7245918904686678,0.6585365853658538,West,M,0.4073488550349717,0.26865462795968165
P11094,Shirt,Rayon,Summer,0.3059868070887096,0.98,0.8399999999999999,0.9263803680981596,0.40466101694915246,0.7883096366508691,0.902439024390244,Central,XL,0.3123886174187984,0.15511377149614958
P11095,Shirt,Cotton,Autumn,0.40910189626447546,0.648,1.0,0.8200408997955011,0.4216101694915253,0.3886255924170617,0.2439024390243903,South,XL,0.5733639934847178,0.2611405070461441
P11096,Shirt,Rayon,Spring,0.4997956815182713,0.9159999999999999,0.3600000000000001,0.7096114519427404,0.23516949152542366,0.17535545023696686,0.9756097560975612,East,XL,0.5092267893072722,0.23728011465208435
P11097,Jacket,Cotton,Summer,0.49276618092145663,0.642,0.44000000000000017,0.5316973415132925,0.625,0.6240126382306478,0.1951219512195122,East,XL,0.513068889527642,0.34344657846100174
P11098,Jacket,Rayon,Winter,0.6422407005565021,0.034,0.72,0.2965235173824131,0.18432203389830515,0.956292785676672,0.5121951219512195,North,L,0.4719172175912618,0.5080857838737962
P11099,Jeans,Denim,Summer,0.11981842031500482,0.996,0.9199999999999999,0.38854805725971375,0.35381355932203395,0.7008952080042129,0.48780487804878053,East,L,0.4213135958608795,0.06811786109646771
P11100,Jeans,Polyester,Winter,0.5637414611409081,0.098,0.8800000000000001,0.7770961145194275,0.4216101694915253,0.12374934175882045,0.43902439024390244,Central,XL,0.3984047139982753,0.4892316716857712
P11101,Shirt,Denim,Autumn,0.44576741864266384,0.682,0.040000000000000036,0.3353783231083845,0.7605932203389831,0.3975776724591891,0.7804878048780488,South,XL,0.5423397528025293,0.32051187027899314
P11102,Trousers,Rayon,Autumn,0.3421169284357786,0.252,0.15999999999999992,0.14314928425357873,0.4555084745762712,0.9157451290152714,0.07317073170731708,East,L,0.6034301044361405,0.28075522416996745
P11103,T-Shirt,Polyester,Winter,0.36026072455506597,0.392,0.7600000000000002,0.8957055214723928,0.6080508474576272,0.634544497103739,0.7804878048780488,Central,M,0.4496215387563476,0.29287281201124254
P11104,Jacket,Polyester,Winter,0.4600248331595904,0.6459999999999999,0.6800000000000002,0.40899795501022496,0.5063559322033897,0.1474460242232754,0.3658536585365854,Central,S,0.6889096483663888,0.3042254787943949
P11105,Trousers,Wool,Spring,0.0,0.436,0.11999999999999988,0.7239263803680983,0.7605932203389831,0.7251184834123223,0.0,West,XL,0.5066494203315128,0.004479961335481668
P11106,Dress,Denim,Autumn,0.36804608543110806,0.25,0.52,0.022494887525562373,1.0,0.353870458135861,0.34146341463414637,West,M,0.6107693781738046,0.3772023262212567
P11107,Jacket,Wool,Autumn,0.33506538191415314,0.334,0.8,0.10429447852760737,0.43855932203389836,0.4897314375987362,0.5121951219512195,East,S,0.4394126664750406,0.2614664983081296
P11108,Jacket,Polyester,Spring,0.6012415792440767,0.342,0.20000000000000018,0.8997955010224951,0.6080508474576272,0.41548183254344395,0.7560975609756098,Central,S,0.5219267988885694,0.4993663485932566
P11109,Jeans,Cotton,Autumn,0.3483464769037443,0.96,0.8800000000000001,0.5214723926380369,0.48940677966101687,0.7261716692996315,0.878048780487805,North,M,0.5511593369742263,0.1839430128974665
P11110,T-Shirt,Polyester,Winter,0.4599146035355364,0.798,0.040000000000000036,0.6155419222903886,0.5063559322033897,0.21800947867298576,0.5365853658536586,West,XL,0.48546517198428657,0.27314116269985256
P11111,T-Shirt,Wool,Summer,0.7920018172140878,0.45799999999999996,0.8,0.7341513292433539,0.5911016949152543,0.3886255924170617,0.7804878048780488,Central,S,0.3332471016575644,0.6076990841188428
P11112,Hoodie,Denim,Summer,0.6884615566312566,0.2,0.6000000000000001,0.6114519427402864,0.4555084745762712,0.7451290152711955,0.9512195121951221,West,XL,0.6832854268467949,0.5755216480324287
P11113,Sweater,Rayon,Autumn,0.6710610231198761,0.812,0.32000000000000006,0.9938650306748467,0.20127118644067798,0.7051079515534493,0.5121951219512195,South,XL,0.4808996838171888,0.3346842300102267
P11114,Sweater,Rayon,Spring,0.40610679990803694,0.158,0.72,0.8323108384458079,0.20127118644067798,0.2016850974196946,0.9512195121951221,Central,M,0.2114592315799559,0.3075373089086451
P11115,Sweater,Denim,Winter,0.6031784712095968,0.21,0.8,0.016359918200409,0.5572033898305082,0.35071090047393366,0.26829268292682934,Central,L,0.4325141324135287,0.5264626172707799
P11116,Sweater,Rayon,Summer,0.45636520964099786,0.36600000000000005,0.9199999999999999,0.2842535787321064,0.5233050847457625,0.014218009478672994,0.4146341463414634,South,XL,0.7293762575452716,0.36130029287122445
P11117,Dress,Rayon,Winter,0.46350808927969656,0.88,0.3600000000000001,0.20245398773006135,0.5741525423728815,0.530279094260137,0.7560975609756098,West,L,0.6737855705662545,0.2659928207506461
P11118,Dress,Wool,Autumn,0.5779799791508539,0.132,0.6800000000000002,0.9897750511247445,0.48940677966101687,0.2812006319115324,0.04878048780487804,South,M,0.5401073105298457,0.5092090671113364
P11119,Jacket,Denim,Autumn,0.38775199279413197,0.122,0.6000000000000001,0.278118609406953,0.5233050847457625,0.012111637704054767,0.853658536585366,East,M,0.6222956788349141,0.34968709601467124
P11120,Shirt,Linen,Summer,0.7826889886904406,0.494,0.52,0.7321063394683027,0.26906779661016955,0.42496050552922593,0.0,North,M,0.7038468908690236,0.5022342134353248
P11121,Jeans,Cotton,Autumn,0.47030453295708285,0.276,0.8800000000000001,0.7464212678936607,0.15042372881355925,0.9273301737756715,0.5853658536585367,West,M,0.5169301523426271,0.3250741604075451
P11122,Jeans,Cotton,Spring,0.6174138398017126,0.568,0.0,0.7586912065439674,0.5911016949152543,0.9236440231700896,0.4634146341463415,Central,S,0.6530037367059498,0.44326787115253663
P11123,Sweater,Rayon,Autumn,0.7756216950796645,0.452,0.28000000000000025,0.04294478527607362,0.5572033898305082,0.37230121116377046,0.39024390243902446,East,L,0.3863322793906294,0.5883598546647508
P11124,Jacket,Cotton,Autumn,0.6955099537350519,0.434,0.52,0.294478527607362,0.3029661016949152,0.4491837809373354,0.5121951219512195,West,M,0.34738909648366384,0.4723743613999357
P11125,Hoodie,Denim,Autumn,0.23432810320012348,0.11199999999999999,0.15999999999999992,0.32719836400818,0.5911016949152543,0.24275934702474988,0.7804878048780488,North,M,0.5030228993005652,0.2195052314875312
P11126,Trousers,Denim,Winter,0.584634699025885,0.142,0.9199999999999999,0.507157464212679,0.43855932203389836,0.06845708267509215,0.6097560975609757,Central,XL,0.6068554182236274,0.500211489993889
P11127,Shirt,Polyester,Winter,0.6613198737713333,0.8220000000000001,0.6399999999999999,0.3558282208588957,0.6758474576271185,0.6940494997367036,0.6341463414634148,South,L,0.6816134904666091,0.4097369090273534
P11128,Jacket,Polyester,Summer,0.669095786393885,0.886,0.4800000000000002,0.17791411042944785,0.6758474576271185,0.8004212743549237,0.8048780487804879,North,M,0.48642330171505216,0.3934259602950481
P11129,Shirt,Cotton,Summer,0.2901893272528573,0.23399999999999999,0.8,0.8139059304703478,0.35381355932203395,0.880463401790416,0.5365853658536586,West,L,0.3817763725208393,0.23017170923702765
P11130,Shirt,Polyester,Summer,0.37640778977006095,0.114,0.44000000000000017,0.9734151329243356,0.08262711864406769,0.9357556608741444,0.3658536585365854,Central,L,0.8111813739580338,0.27361204172330955
P11131,Shirt,Polyester,Autumn,0.688499349645218,0.054000000000000006,0.56,0.9795501022494888,0.3029661016949152,0.9162717219589258,0.3170731707317073,West,M,0.4732106927277953,0.5744295946684875
P11132,Jacket,Polyester,Winter,0.356616848125624,0.608,0.0,0.065439672801636,0.4216101694915253,0.02738283307003686,0.9756097560975612,North,S,0.35617514611478385,0.23495451848892854
P11133,Sweater,Denim,Spring,0.44393130804770736,0.716,0.3600000000000001,0.9734151329243356,0.8283898305084745,0.9784096893101634,0.3170731707317073,Central,M,0.5838028169014083,0.32011930158989077
P11134,Jeans,Polyester,Autumn,0.798351043559598,0.37200000000000005,0.11999999999999988,0.5521472392638038,0.3877118644067796,0.37967351237493424,0.6097560975609757,North,S,0.9855466130114017,0.5858697001366573
P11135,Jeans,Rayon,Autumn,0.49153160913205185,0.68,0.6800000000000002,0.5766871165644173,0.48940677966101687,0.8867825171142708,0.6341463414634148,West,M,0.5139455782312925,0.3145312874715074
P11136,Sweater,Cotton,Autumn,0.3632306255688636,0.7120000000000001,0.4800000000000002,0.4601226993865031,0.4216101694915253,0.44075829383886256,0.9512195121951221,Central,S,0.511674810769378,0.22334186734899103
P11137,T-Shirt,Polyester,Spring,0.3347252447885008,0.9359999999999999,0.32000000000000006,0.9079754601226995,0.31991525423728806,0.42232754081095314,0.07317073170731708,Central,XL,0.6091453482801571,0.16790663403876632
P11138,Trousers,Linen,Summer,0.563435967611387,0.064,0.4800000000000002,0.9222903885480573,0.5063559322033897,0.011058451816745654,0.1951219512195122,Central,L,0.6352256395515953,0.5176161292399825
P11139,T-Shirt,Linen,Spring,0.24864535665582221,0.192,0.20000000000000018,0.22699386503067487,0.8453389830508473,0.05265929436545551,0.6341463414634148,West,L,0.3319248826291079,0.2476771572252235
P11140,Jacket,Polyester,Summer,0.45382677886992584,0.068,0.9199999999999999,0.16564417177914112,0.40466101694915246,0.6714060031595578,0.9268292682926831,East,M,0.7147504072051356,0.3970985338975845
P11141,T-Shirt,Linen,Spring,0.49831545513811765,0.868,0.040000000000000036,0.4335378323108385,0.7097457627118642,0.9383886255924172,0.34146341463414637,West,M,0.48340519306314067,0.3045523382419054
P11142,Hoodie,Linen,Winter,0.7460581099083833,0.792,0.8800000000000001,0.6196319018404909,0.6758474576271185,0.22432859399684046,0.5853658536585367,South,S,0.5101130593082303,0.47186654728371535
P11143,Sweater,Linen,Autumn,0.6267077718183793,0.574,0.52,0.014314928425357875,0.1673728813559321,0.0937335439705108,0.4146341463414634,East,S,0.33803775031139216,0.3640186561658883
P11144,Trousers,Polyester,Autumn,0.3656304819554105,0.084,0.6000000000000001,0.2719836400817996,0.4555084745762712,0.2137967351237493,0.7073170731707319,West,S,0.4538708441122928,0.32581621097840935
P11145,Jacket,Cotton,Autumn,0.7232437271470369,0.27399999999999997,0.32000000000000006,0.9120654396728017,0.40466101694915246,0.2122169562927857,0.878048780487805,South,S,0.7052936667624796,0.5664948998813413
P11146,Sweater,Linen,Summer,0.44396595164383856,0.298,0.9600000000000002,0.2392638036809816,0.6080508474576272,0.2933122696155872,0.3658536585365854,North,S,0.6653300756922487,0.3790547116626884
P11147,Shirt,Linen,Spring,0.2670600027084994,0.56,0.28000000000000025,0.16973415132924335,0.3877118644067796,0.0947867298578199,0.26829268292682934,South,M,0.5664942033151288,0.18098103674448884
P11148,Jeans,Polyester,Winter,0.4680558486263814,0.258,0.6000000000000001,0.5255623721881392,0.7097457627118642,0.2359136387572407,0.39024390243902446,Central,L,0.14538660534636386,0.4262372958412127
P11149,T-Shirt,Cotton,Spring,0.7723274040293651,0.07200000000000001,1.0,0.4948875255623722,0.4216101694915253,0.9215376513954714,0.5853658536585367,East,S,0.39740825907827915,0.6776650641450193
P11150,Dress,Denim,Autumn,0.5317874678365704,0.73,0.8800000000000001,0.4826175869120655,0.5741525423728815,0.8904686677198527,0.34146341463414637,West,L,0.5631694931493724,0.34022662718059676
P11151,Dress,Polyester,Winter,0.5029293522592349,0.3,0.52,0.3047034764826176,0.47245762711864403,0.31648235913638756,0.5853658536585367,West,L,0.43890006706908113,0.40295171668060226
P11152,Trousers,Cotton,Winter,0.8099409011744177,0.452,1.0,0.7627811860940696,0.5402542372881354,0.9973670352817275,0.48780487804878053,Central,M,0.5948356807511737,0.6093273784736226
P11153,Shirt,Linen,Autumn,0.23008898680078993,0.128,0.72,0.040899795501022504,0.20127118644067798,0.29857819905213273,0.43902439024390244,East,XL,0.6152438440164798,0.17973486804721064
P11154,Hoodie,Cotton,Spring,0.2576306457251377,0.802,0.20000000000000018,0.2719836400817996,0.5402542372881354,0.7219589257503951,0.5609756097560976,East,S,0.7026300661109512,0.15996965716395442
P11155,T-Shirt,Cotton,Autumn,0.1952249314214268,0.5660000000000001,0.40000000000000013,0.7730061349693252,0.21822033898305082,0.6445497630331755,0.14634146341463422,Central,S,0.24138162307176386,0.12506778048420145
P11156,Shirt,Rayon,Spring,0.5709819727323403,0.902,0.32000000000000006,0.19427402862985685,0.5911016949152543,0.06477093206951028,0.26829268292682934,West,S,0.4475759317811631,0.3212879785277379
P11157,T-Shirt,Cotton,Winter,0.5320268235916591,0.49600000000000005,0.3600000000000001,0.9263803680981596,0.5233050847457625,0.3422854133754608,0.9268292682926831,Central,S,0.3901983328542684,0.38899836294937407
P11158,Trousers,Denim,Winter,0.792086851495501,0.9420000000000001,0.7600000000000002,0.024539877300613498,0.18432203389830515,0.9520800421274355,0.2439024390243903,South,M,0.4194260802912714,0.34936301476084064
P11159,Trousers,Cotton,Autumn,0.546573984548956,0.892,0.6000000000000001,0.0,0.6588983050847457,0.051079515534491846,0.7804878048780488,Central,XL,0.48908211171792654,0.31969575108019643
P11160,Hoodie,Denim,Winter,0.4241939065063823,0.5760000000000001,0.040000000000000036,0.3047034764826176,0.625,0.17482885729331232,0.5853658536585367,West,M,0.535762192200824,0.3099463004928019
P11161,Dress,Linen,Summer,0.5009042765944715,0.934,0.8800000000000001,0.23721881390593047,0.26906779661016955,0.9715639810426541,0.9268292682926831,North,S,0.5948931685350196,0.238256352066991
P11162,Shirt,Denim,Winter,0.522805328185085,0.324,0.28000000000000025,0.30879345603271985,0.3707627118644068,0.04002106371774619,0.8048780487804879,South,S,0.3895276420427325,0.3935476799056525
P11163,Jacket,Linen,Summer,0.18465863460139398,0.36600000000000005,1.0,0.12883435582822086,0.879237288135593,0.44707740916271727,0.2439024390243903,West,L,0.4542924211938296,0.17089502783700458
P11164,Dress,Linen,Winter,0.9999999999999999,0.046,0.9600000000000002,0.8670756646216771,0.3707627118644068,0.9189046866771986,0.3658536585365854,South,L,0.5186547858580051,0.8654657477989512
P11165,Shirt,Denim,Autumn,0.5988007804257383,0.59,0.9600000000000002,0.9754601226993866,0.6080508474576272,0.9441811479726173,0.7560975609756098,West,XL,0.5106927277953435,0.42713589266488405
P11166,Dress,Polyester,Autumn,0.5402468041282569,0.7220000000000001,0.8,0.3047034764826176,0.6080508474576272,0.9799894681411271,0.34146341463414637,East,S,0.4186883203985819,0.35262798766204184
P11167,Jacket,Wool,Summer,0.6168091515783306,0.774,0.2400000000000002,0.6462167689161555,0.5063559322033897,0.48183254344391796,0.9512195121951221,Central,S,0.41194308709399247,0.3689380682088221
P11168,Jeans,Cotton,Autumn,0.634619109407626,0.15,0.52,0.7423312883435584,0.6927966101694913,0.08636124275934705,0.34146341463414637,West,XL,0.4726741400785666,0.6066959825632627
P11169,Jeans,Rayon,Winter,0.47400509890746695,0.444,0.2400000000000002,0.022494887525562373,0.3707627118644068,0.7730384412848869,0.14634146341463422,West,L,0.28809523809523807,0.3338753291539378
P11170,Hoodie,Wool,Winter,0.3812830885710776,0.17600000000000002,0.2400000000000002,0.18200408997955012,0.3368644067796609,0.7093206951026858,0.878048780487805,East,L,0.313959950177254,0.3069094371369682
P11171,Jeans,Cotton,Autumn,0.6138392505645331,0.662,0.6000000000000001,0.7914110429447854,0.26906779661016955,0.5797788309636652,0.9512195121951221,North,S,0.4741784037558685,0.3550114793970645
P11172,Jeans,Cotton,Winter,0.5734511163111499,0.158,0.040000000000000036,0.16768916155419222,0.7436440677966103,0.888888888888889,0.024390243902439046,North,L,0.5112676056338028,0.5579338712511624
P11173,Sweater,Linen,Spring,0.3475244788500846,0.904,0.9600000000000002,0.9468302658486709,0.2860169491525424,0.9120589784096894,0.12195121951219517,Central,XL,0.6690667816422342,0.17538233154149763
P11174,T-Shirt,Cotton,Spring,0.7687118723603941,0.23,0.9199999999999999,0.5092024539877301,0.7605932203389831,0.6835176408636126,0.853658536585366,East,M,0.27007760850819196,0.724757456250147
P11175,Sweater,Rayon,Winter,0.5559970426966575,0.292,0.40000000000000013,0.7832310838445808,0.6588983050847457,0.11216429699842022,0.9268292682926831,South,L,0.563734789690524,0.48589089378558753
P11176,Sweater,Cotton,Autumn,0.6384739968316856,0.85,0.52,0.8077709611451944,0.6927966101694913,0.09531332280147446,0.902439024390244,West,XL,0.7029127143815272,0.38997435231127353
P11177,Hoodie,Denim,Summer,0.7635877695507984,0.45799999999999996,0.4800000000000002,0.065439672801636,0.7097457627118642,0.4086361242759347,0.6585365853658538,Central,S,0.5414678547475327,0.6173926483637283
P11178,Sweater,Wool,Autumn,0.504699325079759,0.024,0.8800000000000001,0.30265848670756645,0.6080508474576272,0.2927856766719326,0.5121951219512195,North,M,0.4032911756251796,0.4951363502730716
P11179,Jeans,Denim,Summer,0.5604566183440991,0.494,0.52,0.25971370143149286,0.5741525423728815,0.13322801474460244,0.878048780487805,South,XL,0.4514851010826865,0.41935124514175776
P11180,Jacket,Rayon,Autumn,0.6536321448480248,0.084,0.28000000000000025,0.20245398773006135,0.5063559322033897,0.6113744075829385,0.09756097560975613,East,M,0.7616604388234165,0.5942244230807965
P11181,Hoodie,Cotton,Winter,0.36358965920149655,0.986,0.44000000000000017,0.932515337423313,0.5741525423728815,0.6840442338072671,0.4146341463414634,West,L,0.662096387850915,0.19398243745020954
P11182,Hoodie,Rayon,Spring,0.5107777014918792,0.588,0.52,0.9938650306748467,0.7605932203389831,0.6982622432859401,0.2439024390243903,West,S,0.40809140557631496,0.3901835602174968
P11183,Trousers,Linen,Autumn,0.5242887039830687,0.256,0.9600000000000002,0.7382413087934562,0.2860169491525424,0.17535545023696686,0.17073170731707316,North,L,0.3911037654498418,0.39248720368952056
P11184,Hoodie,Denim,Summer,0.3199009350621538,0.564,0.15999999999999992,0.6687116564417179,0.6758474576271185,0.30595050026329645,0.4634146341463415,North,L,0.5588100028743892,0.24237011274802944
P11185,Trousers,Denim,Spring,0.938515884088826,0.076,0.08000000000000007,0.43149284253578735,0.40466101694915246,0.1990521327014218,0.2439024390243903,Central,XL,0.565904953530708,0.8142257853879117
P11186,Hoodie,Polyester,Summer,0.23463359672964457,0.8,0.8800000000000001,0.14928425357873212,0.4555084745762712,0.6018957345971565,0.6341463414634148,West,XL,0.7036025677876783,0.14205271404221126
P11187,T-Shirt,Cotton,Winter,0.2552685823525521,0.9259999999999999,0.8800000000000001,0.19427402862985685,0.5572033898305082,0.5671406003159558,0.6829268292682928,West,L,0.47083932164415054,0.1460401661320132
P11188,Jeans,Linen,Spring,0.7489083330446366,0.8740000000000001,0.8800000000000001,0.18609406952965235,0.5402542372881354,0.5034228541337548,0.5853658536585367,West,XL,0.28527833668678737,0.41780366723550183
P11189,Hoodie,Denim,Summer,0.6353466249263823,0.342,0.52,0.6728016359918202,0.8453389830508473,0.2964718272775145,0.43902439024390244,West,XL,0.4611717926607262,0.5829285356309789
P11190,Jeans,Denim,Autumn,0.3066922766826552,0.326,0.6399999999999999,0.6687116564417179,0.3877118644067796,0.23696682464454977,0.024390243902439046,South,M,0.43137395803391776,0.23538218667854147
P11191,Jeans,Linen,Winter,0.6153194769446867,0.036000000000000004,0.56,0.8895705521472393,0.40466101694915246,0.8909952606635073,1.0,East,L,0.11086519114688126,0.5456051158849077
P11192,Dress,Rayon,Winter,0.7779365171847983,0.652,0.08000000000000007,0.3558282208588957,0.7097457627118642,0.04897314375987362,0.9268292682926831,South,L,0.46098974801188075,0.5532811658015074
P11193,Hoodie,Rayon,Winter,0.4948447966893319,0.534,0.6000000000000001,0.458077709611452,0.5911016949152543,0.6566614007372302,0.024390243902439046,East,XL,0.6383299798792755,0.3646779810588708
P11194,Shirt,Cotton,Autumn,0.9916497123006811,0.46,0.0,0.6421267893660533,0.5233050847457625,0.019483938915218546,0.14634146341463422,South,L,0.6081057775222765,0.7349230405623223
P11195,Dress,Polyester,Autumn,0.17477576145049592,0.908,0.32000000000000006,0.3558282208588957,0.5402542372881354,0.19378620326487628,0.7317073170731709,Central,L,0.45386126281498507,0.1048134090708619
P11196,Shirt,Denim,Spring,0.6316712543186391,0.168,0.9199999999999999,0.11247443762781188,0.2860169491525424,0.2896261190100053,0.7804878048780488,East,XL,0.43929769090734877,0.49377922746569897
P11197,Jeans,Polyester,Autumn,0.7209981922341654,0.01,0.32000000000000006,0.5480572597137016,0.48940677966101687,0.8867825171142708,0.2439024390243903,West,S,0.4257880617035546,0.6740197763732686
P11198,Jeans,Rayon,Spring,0.6689981544411514,0.07400000000000001,0.9199999999999999,0.8732106339468304,0.5741525423728815,0.13796735123749343,0.9512195121951221,East,XL,0.4227555811056817,0.6306085156994237
P11199,Dress,Rayon,Winter,0.46194912745379013,0.22399999999999998,0.2400000000000002,0.06952965235173825,0.7605932203389831,0.9383886255924172,0.9512195121951221,West,S,0.6163169493149372,0.43747637915239496
P11200,Dress,Wool,Spring,0.4456823843612508,0.034,0.32000000000000006,0.24130879345603273,0.5572033898305082,0.8156924697209058,0.2926829268292683,Central,S,0.6952907923732872,0.42550134737432416
P11201,Shirt,Cotton,Summer,0.5844929752235298,0.502,0.6399999999999999,0.7566462167689163,0.6588983050847457,0.6793048973143762,0.21951219512195125,East,M,0.6088483280636198,0.45126445516496466
P11202,Trousers,Wool,Winter,0.6547123951637539,0.314,0.7600000000000002,0.8425357873210635,0.31991525423728806,0.4117956819378621,0.902439024390244,North,S,0.3962297595094375,0.4813397908476576
P11203,Shirt,Wool,Winter,0.6144092951917838,0.18,0.52,0.11247443762781188,0.3707627118644068,0.9057398630858348,0.4634146341463415,West,L,0.38324710165756437,0.4984987335901773
P11204,Dress,Wool,Spring,0.6970972603214296,0.75,0.8800000000000001,0.7934560327198366,0.5233050847457625,0.5281727224855187,0.48780487804878053,East,XL,0.710568170930344,0.4263344830094108
P11205,Jacket,Cotton,Winter,0.3080339286782838,0.204,0.040000000000000036,0.9202453987730063,0.48940677966101687,0.37124802527646134,0.3170731707317073,South,L,0.5122544792564914,0.26345382458544636
P11206,Dress,Cotton,Autumn,0.4575241954024798,0.688,0.9199999999999999,0.6298568507157465,0.6758474576271185,0.5860979462875199,0.5609756097560976,East,S,0.39505125994059587,0.31628792445218235
P11207,Jacket,Linen,Summer,0.32293382443255364,0.35000000000000003,0.20000000000000018,0.7280163599182006,0.5233050847457625,0.23222748815165878,0.9512195121951221,West,XL,0.5137970681230237,0.25965633148851347
P11208,T-Shirt,Polyester,Spring,0.4276015765985657,0.512,0.8800000000000001,0.7668711656441719,0.5911016949152543,0.2727751448130595,0.14634146341463422,North,XL,0.30815368400881477,0.3204776637693083
P11209,Dress,Polyester,Spring,0.6924046277545595,0.934,0.40000000000000013,0.6441717791411044,0.1673728813559321,0.9199578725645077,0.09756097560975613,North,XL,0.33110089106064955,0.30674033940199974
P11210,T-Shirt,Linen,Winter,0.5209692175901284,0.038,0.8399999999999999,0.21267893660531698,0.3029661016949152,0.7941021590310691,0.12195121951219517,South,XL,0.4125706620676439,0.43912558437567684
P11211,Trousers,Linen,Autumn,0.9931708811126262,0.5,0.6800000000000002,0.7955010224948876,0.31991525423728806,0.5139547130068458,0.9512195121951221,Central,M,0.6291942128964261,0.6492399755082382
P11212,Shirt,Rayon,Winter,0.5371099839694632,0.8540000000000001,0.15999999999999992,0.35787321063394684,0.4555084745762712,0.4165350184307531,0.8292682926829269,North,M,0.45934655552361786,0.29663046779522845
P11213,Jacket,Wool,Winter,0.5118453541362878,0.588,0.9199999999999999,0.2147239263803681,0.6758474576271185,0.8077935755660876,0.1951219512195122,Central,M,0.6006994347034589,0.3775369745331915
P11214,Shirt,Linen,Spring,0.5206290804644761,0.276,0.2400000000000002,0.16155419222903886,0.5402542372881354,0.5708267509215378,1.0,West,XL,0.5264012647312446,0.4358007562838524
P11215,T-Shirt,Denim,Winter,0.38003906852818253,0.39799999999999996,0.2400000000000002,0.33128834355828224,0.7436440677966103,0.41548183254344395,0.0,East,L,0.30247197470537507,0.32536594515984585
P11216,Jacket,Polyester,Summer,0.48963565959832317,0.68,0.8,0.8200408997955011,0.3707627118644068,0.5155344918378094,0.9268292682926831,Central,S,0.7268803295966273,0.29656607323457446
P11217,Shirt,Linen,Winter,0.7136757957791502,0.89,0.11999999999999988,0.5439672801635993,0.35381355932203395,0.23275408109531331,0.4634146341463415,West,M,0.32630545175816805,0.36051111222900334
P11218,Dress,Denim,Winter,0.5220998585911394,0.042,0.2400000000000002,0.10224948875255625,0.9639830508474576,0.20221169036334913,0.12195121951219517,West,L,0.41641755293666755,0.5877686203222288
P11219,Jeans,Denim,Spring,0.3506266554127469,0.07200000000000001,0.52,0.768916155419223,0.35381355932203395,0.989468141126909,0.7560975609756098,West,M,0.43263389862987445,0.29966316386054215
P11220,T-Shirt,Denim,Winter,0.3257557028083359,0.326,0.8399999999999999,0.5685071574642128,0.6080508474576272,0.9699842022116906,0.2926829268292683,South,M,0.615152821692057,0.27508800672640377
P11221,Shirt,Rayon,Autumn,0.41549206504177705,0.23199999999999998,0.15999999999999992,0.6175869120654398,0.48940677966101687,0.42127435492364407,0.9268292682926831,South,S,0.41097058541726544,0.34881466878325335
P11222,T-Shirt,Rayon,Spring,0.5145223592918848,0.264,0.56,0.15132924335378323,0.4555084745762712,0.5155344918378094,0.9512195121951221,Central,XL,0.37524192775701826,0.4169213426890989
P11223,Sweater,Denim,Winter,0.7261096973724407,0.222,0.72,0.9038854805725973,0.5572033898305082,0.8278041074249606,0.48780487804878053,West,L,0.623105298457411,0.6289927480215044
P11224,T-Shirt,Rayon,Summer,0.24725961281057202,0.196,0.8800000000000001,0.8997955010224951,0.5741525423728815,0.7261716692996315,0.878048780487805,Central,M,0.46040528887611376,0.22090690461498652
P11225,Jacket,Wool,Summer,0.4401268113089295,0.13,0.9199999999999999,0.7116564417177915,0.4216101694915253,0.09952606635071092,0.26829268292682934,North,XL,0.5919421289642617,0.3767826205331731
P11226,Sweater,Denim,Spring,0.5278349484597772,0.934,0.8,0.25766871165644173,0.6080508474576272,0.37493417588204314,0.12195121951219517,Central,L,0.8474657468621252,0.2921934692405837
P11227,Hoodie,Wool,Spring,0.15405889096400535,0.14400000000000002,0.6399999999999999,0.5010224948875257,0.7266949152542375,0.25013164823591366,0.34146341463414637,East,M,0.4376065919325476,0.15028293918206603
P11228,Jacket,Wool,Winter,0.3430428572778322,0.204,0.44000000000000017,0.6359918200408999,0.03177966101694918,0.9931542917324908,0.48780487804878053,West,XL,0.5637874868257161,0.23278618793230058
P11229,Jeans,Denim,Autumn,0.3720899379249745,0.24600000000000002,0.11999999999999988,0.4764826175869121,0.4216101694915253,0.749341758820432,0.48780487804878053,Central,S,0.3250790457027881,0.30109487620716235
P11230,Sweater,Polyester,Winter,0.3501542427382298,0.934,0.72,0.31492842535787324,0.18432203389830515,0.047919957872564506,0.6585365853658538,South,M,0.41653731915301323,0.16441573445866053
P11231,Hoodie,Denim,Summer,0.5368233869469229,0.756,1.0,0.147239263803681,0.6080508474576272,0.9004739336492893,0.853658536585366,East,XL,0.5440308517773306,0.34187541071376654
P11232,Dress,Denim,Autumn,0.4702226480934999,0.79,0.72,0.8548057259713703,0.4555084745762712,0.9283833596629806,0.39024390243902446,Central,S,0.706697326818051,0.27434818863260385
P11233,T-Shirt,Rayon,Autumn,0.39563498562290755,0.10400000000000001,0.0,0.8957055214723928,0.6588983050847457,0.33333333333333337,0.14634146341463422,Central,XL,0.2785810098687362,0.38184419175449974
P11234,Shirt,Denim,Autumn,0.581434890510489,0.836,0.4800000000000002,0.278118609406953,0.7605932203389831,0.6424433912585572,0.5365853658536586,Central,M,0.555365526492287,0.3702755700233299
P11235,Trousers,Polyester,Winter,0.8261635524173356,0.408,0.6000000000000001,0.5582822085889572,0.5402542372881354,0.6824644549763035,0.5121951219512195,South,S,0.3366532528504359,0.6382622904559819
P11236,T-Shirt,Rayon,Summer,0.8103251301496918,0.262,0.6800000000000002,0.08793456032719837,0.4216101694915253,0.7298578199052134,0.21951219512195125,Central,M,0.4587620963878508,0.6435391220769061
P11237,Hoodie,Cotton,Spring,0.13722840207987558,0.5760000000000001,0.72,0.5030674846625768,0.47245762711864403,0.6940494997367036,0.4146341463414634,North,XL,0.41906199099358044,0.10006622023078653
P11238,T-Shirt,Cotton,Winter,0.6096095824186898,0.8220000000000001,0.56,0.30265848670756645,0.3707627118644068,0.5597682991047921,0.024390243902439046,North,XL,0.3916307368017629,0.3299981118205096
P11239,Jeans,Wool,Spring,0.46692520762537043,0.778,0.2400000000000002,0.11247443762781188,0.5741525423728815,0.9541864139020538,0.26829268292682934,North,M,0.5258455494874006,0.2897165111324701
P11240,Dress,Wool,Autumn,0.5298820700493513,0.89,0.9600000000000002,0.35787321063394684,0.13347457627118642,0.5129015271195367,0.9268292682926831,Central,M,0.35596914822266934,0.24282089947790794
P11241,Trousers,Polyester,Autumn,0.4253025015825824,0.9279999999999999,0.6800000000000002,0.7259713701431494,0.3029661016949152,0.11111111111111112,0.5121951219512195,East,L,0.033994442847561535,0.20896248257799704
P11242,Sweater,Linen,Winter,0.5227832822602742,0.23800000000000002,0.2400000000000002,0.523517382413088,0.47245762711864403,0.0805687203791469,0.5121951219512195,South,L,0.4377694739867778,0.43288672877715517
P11243,Sweater,Cotton,Summer,0.5291734510375756,0.424,0.32000000000000006,0.8384458077709612,0.4555084745762712,0.018430753027909433,1.0,North,M,0.38410941841525337,0.3917045716466879
P11244,Sweater,Wool,Autumn,0.39116281230414557,0.013999999999999999,0.9199999999999999,0.6134969325153375,0.5911016949152543,0.4281200631911533,0.5121951219512195,North,XL,0.4357478202548625,0.38277744158326876
P11245,Hoodie,Cotton,Spring,0.33118214972962245,0.88,0.8800000000000001,0.12678936605316973,0.7097457627118642,0.27330173775671407,0.12195121951219517,West,XL,0.3845309954967902,0.20431359714465192
P11246,Jacket,Polyester,Spring,0.41577551264648727,0.154,0.40000000000000013,0.6400817995910022,0.4555084745762712,0.8957345971563984,0.878048780487805,North,XL,0.5713567116987639,0.35758259842668905
P11247,Jacket,Polyester,Winter,0.49831545513811765,0.8620000000000001,0.040000000000000036,0.8650306748466259,0.40466101694915246,0.8678251711427069,0.4634146341463415,South,L,0.5822123215483376,0.2680917708811765
P11248,Shirt,Linen,Spring,0.61375421628312,0.33,0.040000000000000036,0.12678936605316973,0.5233050847457625,0.8383359662980518,0.12195121951219517,East,XL,0.31307847082494966,0.493891000150717
P11249,Trousers,Linen,Summer,0.6618174817884913,0.368,0.28000000000000025,0.5991820040899797,0.35381355932203395,0.8678251711427069,0.1951219512195122,West,L,0.6698189134808852,0.4799388618792238
P11250,Sweater,Rayon,Autumn,0.4071807513881059,0.04,0.6399999999999999,0.0572597137014315,0.11652542372881358,0.2975250131648236,0.6829268292682928,South,XL,0.5945721950752131,0.3116694751228135
P11251,Jacket,Polyester,Spring,0.5542018745334925,0.326,0.6000000000000001,0.07975460122699388,0.5063559322033897,0.4265402843601896,0.878048780487805,South,M,0.4327201303056433,0.4440359672891507
P11252,Hoodie,Wool,Spring,0.6824430191579086,0.888,0.6399999999999999,0.29856850715746425,0.18432203389830515,0.31174302264349657,0.09756097560975613,Central,XL,0.48038229376257535,0.31727629165913823
P11253,Shirt,Cotton,Autumn,0.720821824835679,0.026000000000000002,0.72,0.17791411042944785,0.13347457627118642,0.08636124275934705,0.2926829268292683,West,M,0.6352735460381336,0.5555838170615025
P11254,Dress,Denim,Winter,0.48944669452851636,0.406,0.0,0.11247443762781188,0.5063559322033897,0.9246972090573987,0.6341463414634148,West,M,0.4342531378748682,0.3753698594362985
P11255,Shirt,Linen,Spring,0.4588154567128266,0.032,0.11999999999999988,0.6114519427402864,0.48940677966101687,0.6161137440758294,0.5365853658536586,East,XL,0.6057871035738238,0.4250743241225298
P11256,Jacket,Denim,Winter,0.5366785137267376,0.37,0.3600000000000001,0.39263803680981596,0.5572033898305082,0.1327014218009479,0.878048780487805,North,L,0.5419373383156079,0.4293925300920544
P11257,Jeans,Wool,Winter,0.2833109987118881,0.172,0.15999999999999992,0.20245398773006135,0.7266949152542375,0.20642443391258558,0.8048780487804879,West,L,0.6192536169397336,0.27218772135630226
P11258,Hoodie,Linen,Spring,0.4639773525363836,0.252,0.08000000000000007,0.43762781186094074,0.5233050847457625,0.4507635597682991,0.5853658536585367,East,L,0.5832183577656413,0.3909020705579833
P11259,Jeans,Denim,Summer,0.6412643810291667,0.878,0.6399999999999999,0.28629856850715746,0.5402542372881354,0.05213270142180096,0.878048780487805,West,XL,0.41235508287822165,0.3583919953889922
P11260,Sweater,Wool,Winter,0.621870266031324,0.436,0.8,0.8445807770961147,0.13347457627118642,0.27224855186940494,0.5365853658536586,South,M,0.5207339273737663,0.3862543757790725
P11261,Jeans,Cotton,Spring,0.4494931799356888,0.27399999999999997,0.7600000000000002,0.098159509202454,0.35381355932203395,0.7040547656661401,0.6585365853658538,West,L,0.6191482226693494,0.3457816006384289
P11262,Sweater,Wool,Winter,0.5417049845835997,0.59,0.8,0.2331288343558282,0.7097457627118642,0.9210110584518169,0.6097560975609757,North,L,0.6060841237903611,0.4042990910047942
P11263,Sweater,Rayon,Autumn,0.34473409465260346,0.142,0.6800000000000002,0.46625766871165647,0.3877118644067796,0.9294365455502897,0.26829268292682934,East,S,0.5937577848040625,0.2896427897787476
P11264,Jacket,Linen,Summer,0.6335010660779354,0.26,0.72,0.5132924335378324,0.5911016949152543,0.5202738283307005,0.9268292682926831,North,XL,0.4674187985053176,0.5463886905291675
P11265,Jeans,Polyester,Summer,0.4858595076200164,0.546,0.28000000000000025,0.15132924335378323,0.8622881355932202,0.31226961558715116,0.04878048780487804,Central,XL,0.7094088339561175,0.3974231112574293
P11266,Sweater,Cotton,Autumn,0.44841922845562,0.23800000000000002,1.0,0.38854805725971375,0.3707627118644068,0.9210110584518169,0.1951219512195122,North,XL,0.5486969435661588,0.3545010855295698
P11267,Trousers,Denim,Autumn,0.4322123243018528,0.68,0.20000000000000018,0.40490797546012275,0.48940677966101687,0.7872564507635599,0.34146341463414637,North,S,0.7386270000958128,0.2778367813197432
P11268,Dress,Linen,Winter,0.4886782365779685,0.49200000000000005,0.20000000000000018,0.33128834355828224,0.5572033898305082,0.5876777251184835,0.17073170731707316,East,M,0.3308326147360352,0.36427943429229637
P11269,Shirt,Polyester,Autumn,0.4159298341201629,0.772,0.28000000000000025,0.28220858895705525,0.5233050847457625,0.8351764086361244,0.6585365853658538,South,M,0.4572051355753568,0.2547964025566923
P11270,Shirt,Wool,Summer,0.624931500162195,0.948,0.9600000000000002,0.098159509202454,0.35381355932203395,0.45918904686677203,0.6097560975609757,West,L,0.4757305739197087,0.3023210766373656
P11271,Jacket,Polyester,Autumn,0.4258693967920029,0.11599999999999999,1.0,0.7402862985685073,0.625,0.11216429699842022,0.3658536585365854,West,S,0.6198093321835776,0.40263954197111446
P11272,Jeans,Polyester,Spring,0.801579196835465,0.334,0.8,0.7484662576687118,0.40466101694915246,0.9389152185360716,0.8048780487804879,East,S,0.3878077991760084,0.6063614582778314
P11273,Jeans,Linen,Spring,0.7774389091676402,0.32,0.6399999999999999,0.2331288343558282,0.2860169491525424,0.5344918378093735,0.4634146341463415,East,M,0.3866101370125514,0.5583146326171249
P11274,Sweater,Rayon,Winter,0.3320923314825255,0.152,0.52,0.34151329243353784,0.3029661016949152,0.6956292785676673,0.0,South,L,0.6379802625275461,0.2667781069606551
P11275,Hoodie,Rayon,Summer,0.5137350048343563,0.81,0.9600000000000002,0.5644171779141105,0.6588983050847457,0.3923117430226435,0.5609756097560976,South,XL,0.4788061703554661,0.32143936527799644
P11276,T-Shirt,Polyester,Spring,0.37761401679899465,0.76,0.6800000000000002,0.09406952965235175,0.43855932203389836,0.13586097946287523,0.6829268292682928,Central,XL,0.5819344639264156,0.22584162152846093
P11277,Sweater,Wool,Autumn,0.43883869941641285,0.484,0.9600000000000002,0.5276073619631902,0.3029661016949152,0.27224855186940494,0.07317073170731708,West,XL,0.3812158666283414,0.29268773966261413
P11278,Dress,Polyester,Spring,0.8789540940857081,0.538,0.32000000000000006,0.8445807770961147,0.8283898305084745,0.04370721432332808,0.07317073170731708,West,M,0.6009725016767269,0.708774780867493
P11279,Trousers,Linen,Spring,0.49831545513811765,0.06,0.32000000000000006,0.4396728016359919,0.08262711864406769,0.08741442864665615,0.902439024390244,Central,XL,0.6224202356999137,0.3691267125207533
P11280,Shirt,Linen,Winter,0.5686356564489053,0.556,0.8399999999999999,0.4683026584867076,0.20127118644067798,0.20484465508162192,0.04878048780487804,East,L,0.6832183577656414,0.3413853571928575
P11281,Sweater,Denim,Autumn,0.602854081173095,0.792,0.15999999999999992,0.25766871165644173,0.7266949152542375,0.5613480779357558,0.9512195121951221,West,S,0.35639551595286,0.39150600521447104
P11282,T-Shirt,Rayon,Autumn,0.3114793917844286,0.574,0.9600000000000002,0.6584867075664623,0.18432203389830515,0.9931542917324908,0.024390243902439046,North,L,0.3286049631120053,0.18858701168657094
P11283,T-Shirt,Denim,Autumn,0.338980108276985,0.266,0.52,0.6482617586912066,0.2860169491525424,0.8441284886782519,0.6829268292682928,East,S,0.48718022420235696,0.25499849134161057
P11284,Sweater,Cotton,Winter,0.27266911586393255,0.668,0.9199999999999999,0.8588957055214725,0.5233050847457625,0.08583464981569248,0.6585365853658538,East,XL,0.6749880233783654,0.1830847494927564
P11285,Jacket,Polyester,Autumn,0.33314738645561365,0.36200000000000004,0.32000000000000006,0.458077709611452,0.9131355932203391,0.8425487098472881,0.26829268292682934,South,S,0.37197470537510774,0.3111927668536887
P11286,Shirt,Denim,Autumn,0.0,0.544,0.72,0.3047034764826176,0.3877118644067796,0.5365982095839916,0.34146341463414637,Central,XL,0.3450416786432883,0.009647500801459263
P11287,Jacket,Polyester,Spring,0.6034713670677975,0.488,0.4800000000000002,0.5848670756646218,0.6080508474576272,0.6608741442864667,0.9756097560975612,East,S,0.4289115646258503,0.4595218173038007
P11288,Trousers,Rayon,Spring,0.8887361858660425,0.38200000000000006,0.6399999999999999,0.09202453987730062,0.3707627118644068,0.13006845708267512,0.7317073170731709,South,M,0.5271869311104722,0.6420374091716706
P11289,T-Shirt,Rayon,Autumn,0.5284963262041011,0.718,0.52,0.9386503067484664,0.6758474576271185,0.39547130068457087,0.878048780487805,North,M,0.5171074063428187,0.35627382115040834
P11290,T-Shirt,Wool,Summer,0.23293920993704317,0.8840000000000001,0.9600000000000002,0.6134969325153375,0.6758474576271185,0.8846761453396527,0.7560975609756098,North,M,0.3729519977004886,0.14489016758560383
P11291,Dress,Polyester,Summer,0.37910054201480853,0.006,0.6800000000000002,0.026584867075664622,0.8114406779661016,0.4254870984728805,0.5121951219512195,West,L,0.39526683913001814,0.4081929775003023
P11292,Trousers,Wool,Autumn,0.41385121835228755,0.934,0.2400000000000002,0.245398773006135,0.40466101694915246,0.12743549236440233,0.04878048780487804,Central,M,0.4871993867969722,0.21247218457604417
P11293,T-Shirt,Denim,Summer,0.3082764338512026,0.512,0.9199999999999999,0.8077709611451944,0.9978813559322033,0.31121642969984203,0.39024390243902446,Central,S,0.3933026731819488,0.2724699312625273
P11294,Trousers,Polyester,Winter,0.663108743098838,0.7000000000000001,0.28000000000000025,0.7648261758691208,0.5911016949152543,0.22169562927856767,0.6829268292682928,South,XL,0.3491424738909648,0.43422050979655585
P11295,Shirt,Polyester,Spring,0.6536762366976464,0.856,0.3600000000000001,0.38854805725971375,0.6927966101694913,0.6872037914691944,0.26829268292682934,West,M,0.5766503784612436,0.39705720826659463
P11296,Jeans,Polyester,Winter,0.28222444956049875,0.46799999999999997,0.11999999999999988,0.9693251533742333,0.35381355932203395,0.9115323854660349,0.3170731707317073,Central,XL,0.4174283798026252,0.19803455695897335
P11297,T-Shirt,Polyester,Spring,0.6375795621679332,0.8340000000000001,0.8800000000000001,0.6789366053169735,0.5233050847457625,0.7340705634544498,0.17073170731707316,West,S,0.42879658905815843,0.3664903555502505
P11298,Dress,Wool,Summer,0.789079157467742,0.17800000000000002,0.28000000000000025,0.7014314928425359,0.40466101694915246,0.8441284886782519,0.9756097560975612,South,M,0.450804828973843,0.6503036268028616
P11299,Shirt,Denim,Summer,0.8600796330298344,0.16,0.2400000000000002,0.3374233128834356,0.48940677966101687,0.8062137967351238,0.024390243902439046,West,L,0.5425649132892594,0.7452436580039611
P11300,Sweater,Polyester,Autumn,0.9999999999999999,0.658,0.9199999999999999,0.23721881390593047,0.3368644067796609,0.014744602422327543,0.8048780487804879,West,L,0.5086758647120819,0.5928609005058396
P11301,Trousers,Polyester,Summer,0.33011764650304387,0.87,0.8,0.8793456032719837,0.6080508474576272,0.12427593470247499,0.5609756097560976,East,S,0.42037462872472925,0.19720097482847382
P11302,Sweater,Rayon,Summer,0.9999999999999999,0.892,0.15999999999999992,0.25153374233128833,0.5233050847457625,0.4233807266982622,0.4634146341463415,East,M,0.4797163935996933,0.5409945050305646
P11303,Jacket,Cotton,Autumn,0.43363271174323426,0.644,0.7600000000000002,0.10838445807770962,0.31991525423728806,0.11216429699842022,0.21951219512195125,East,M,0.47008239915684574,0.26390337105028916
P11304,Shirt,Rayon,Autumn,0.388608634443923,0.526,0.9199999999999999,0.8957055214723928,0.48940677966101687,0.735123749341759,0.9512195121951221,North,S,0.7095094375778479,0.27687775878353216
P11305,Sweater,Rayon,Spring,0.5623683149669783,0.332,0.08000000000000007,0.6196319018404909,0.4216101694915253,0.07003686150605583,0.14634146341463422,North,L,0.4979496023761617,0.4314359659595866
P11306,Hoodie,Cotton,Summer,0.3905738711699142,0.98,0.8399999999999999,0.932515337423313,0.11652542372881358,0.4165350184307531,0.0,Central,M,0.38290217495448875,0.1690993721183062
P11307,Hoodie,Denim,Spring,0.5759706505752411,0.32,0.56,0.9304703476482619,0.4216101694915253,0.3923117430226435,0.21951219512195125,North,M,0.27189805499664654,0.4446883466979332
P11308,T-Shirt,Rayon,Spring,0.25111450023463167,0.7440000000000001,0.6800000000000002,0.7280163599182006,0.5402542372881354,0.5439705107951555,0.09756097560975613,West,M,0.6365574398773594,0.1624322033923531
P11309,Trousers,Denim,Winter,0.4554487290524346,0.532,0.4800000000000002,0.5521472392638038,0.6080508474576272,0.629805160610848,0.9512195121951221,West,XL,0.48842100220369833,0.33913864188597276
P11310,Jeans,Rayon,Summer,0.7434944837946704,0.608,0.6800000000000002,0.40490797546012275,0.6419491525423728,0.9473407056345445,0.48780487804878053,North,XL,0.5461818530228992,0.5298228425267235
P11311,T-Shirt,Linen,Summer,0.4897805328185085,0.394,0.040000000000000036,0.4396728016359919,0.43855932203389836,0.27119536598209587,0.1951219512195122,West,L,0.6126089872568745,0.36656075299367724
P11312,T-Shirt,Cotton,Winter,0.5273215933534686,0.9640000000000001,0.7600000000000002,0.22903885480572597,0.7097457627118642,0.6661400737230122,0.6829268292682928,Central,M,0.39217208009964544,0.2967105393059338
P11313,Dress,Rayon,Spring,0.5903729383123529,0.5720000000000001,0.040000000000000036,0.030674846625766878,0.43855932203389836,0.03528172722485519,0.7317073170731709,South,L,0.38880425409600455,0.3946440245866171
P11314,Jacket,Linen,Summer,0.7217792478560338,0.938,0.44000000000000017,0.4396728016359919,0.5063559322033897,0.0010531858873091132,0.6341463414634148,North,XL,0.5090734885503496,0.3759974831549683
P11315,Trousers,Wool,Spring,0.18778600650669727,0.008,0.15999999999999992,0.8711656441717792,0.9470338983050848,0.025276461295418648,0.12195121951219517,East,XL,0.8323464597106447,0.2107199629388963
P11316,Shirt,Linen,Winter,0.6110173721887509,0.5720000000000001,0.8399999999999999,0.2740286298568507,0.3877118644067796,0.4491837809373354,0.7317073170731709,West,M,0.3972214237807799,0.3982777282829344
P11317,Hoodie,Polyester,Autumn,0.4498963054179434,0.718,0.32000000000000006,0.08588957055214726,0.777542372881356,0.5555555555555557,0.9756097560975612,West,L,0.4253425313787486,0.31746243063569735
P11318,Shirt,Rayon,Spring,0.5320520189343,0.746,0.44000000000000017,0.5132924335378324,1.0,0.0063191153238546655,0.853658536585366,South,S,0.620743508671074,0.3989756254185274
P11319,Jeans,Linen,Summer,0.7008576652105857,0.904,0.44000000000000017,0.5787321063394684,0.7436440677966103,0.39652448657187994,0.024390243902439046,Central,L,0.5859729807415923,0.4169550530927695
P11320,Hoodie,Denim,Autumn,0.2749052025233136,0.004,0.7600000000000002,0.6564417177914111,0.5741525423728815,0.041074249605055305,0.48780487804878053,West,S,0.42878700776085077,0.26839585906263147
P11321,Jeans,Wool,Spring,0.30920866152891635,0.0,0.4800000000000002,0.1983640081799591,0.6927966101694913,0.6535018430753029,0.8048780487804879,East,M,0.27240586375395226,0.3178756373349939
P11322,Dress,Rayon,Spring,0.13483484452898886,0.47200000000000003,0.8,0.12065439672801638,0.5572033898305082,0.6313849394418116,0.5121951219512195,South,XL,0.4629347513653348,0.10684793983543767
P11323,Jacket,Polyester,Autumn,0.39679082196655946,0.03,0.08000000000000007,0.4683026584867076,0.43855932203389836,0.7846234860452871,0.2926829268292683,West,M,0.761396953147456,0.359636899015934
P11324,Dress,Linen,Autumn,0.49831545513811765,0.9740000000000001,0.20000000000000018,0.7832310838445808,0.4216101694915253,0.5466034755134282,0.43902439024390244,East,XL,0.4368017629587046,0.2463509666278414
P11325,T-Shirt,Wool,Autumn,0.47777810146794364,0.222,0.56,0.26584867075664625,0.15042372881355925,0.6234860452869933,0.7804878048780488,West,M,0.6170020120724345,0.3395633830501014
P11326,T-Shirt,Rayon,Summer,0.2473289000028345,0.47200000000000003,0.9600000000000002,0.785276073619632,0.47245762711864403,0.2796208530805687,0.902439024390244,East,S,0.3418846411804158,0.1835146749647343
P11327,Dress,Wool,Summer,0.40878695448146407,0.062000000000000006,0.08000000000000007,0.3231083844580777,0.43855932203389836,0.08530805687203792,0.9512195121951221,South,M,0.6210261569416498,0.36486838654715276
P11328,Jacket,Polyester,Spring,0.21940931093887298,0.522,0.040000000000000036,0.6359918200408999,0.5402542372881354,0.7377567140600317,0.04878048780487804,Central,L,0.6279390629491233,0.1636993821793362
P11329,Dress,Linen,Spring,0.28794379233998596,0.38,0.15999999999999992,0.9611451942740288,0.5233050847457625,0.6124275934702477,0.902439024390244,North,L,0.504752323464597,0.2284320886926426
P11330,Jacket,Wool,Winter,0.574036908027551,0.044000000000000004,0.6399999999999999,0.16973415132924335,0.6927966101694913,0.9389152185360716,0.43902439024390244,North,S,0.6772108843537414,0.5787280308133429
P11331,Jacket,Wool,Summer,0.27874434285822264,0.336,0.40000000000000013,0.4233128834355829,0.1673728813559321,0.9899947340705636,0.14634146341463422,Central,L,0.48488550349717346,0.19210003759491376
P11332,Sweater,Cotton,Spring,0.7108129749715764,0.392,0.8399999999999999,0.35378323108384463,0.9131355932203391,0.8478146392838338,0.34146341463414637,West,S,0.7852735460381335,0.6503858067641276
P11333,Hoodie,Wool,Autumn,0.48712557358772224,0.99,0.08000000000000007,0.5869120654396729,0.7097457627118642,0.9863085834649817,0.902439024390244,South,S,0.48344830890102514,0.26886013987609847
P11334,Trousers,Cotton,Autumn,0.5167395494442851,0.20800000000000002,0.20000000000000018,0.16359918200409,0.40466101694915246,0.6477093206951028,0.5853658536585367,East,XL,0.4523953243269138,0.4209575620001049
P11335,Jacket,Linen,Summer,0.4479625628702534,0.544,0.32000000000000006,0.034764826175869123,0.5063559322033897,0.09215376513954714,0.5121951219512195,South,XL,0.5480214621059691,0.31674307691498654
P11336,Jeans,Rayon,Autumn,0.6466057936690403,0.988,0.6399999999999999,0.39877300613496935,0.777542372881356,0.09004739336492891,0.5365853658536586,Central,M,0.32786720321931584,0.36309312078564143
P11337,Jacket,Rayon,Winter,0.6485552833058809,0.792,0.6800000000000002,0.5930470347648262,0.2521186440677965,0.8077935755660876,0.21951219512195125,West,XL,0.5347513653348663,0.33778275934363583
P11338,Jacket,Linen,Spring,0.5638768861076029,0.9940000000000001,0.11999999999999988,0.7341513292433539,0.48940677966101687,0.23696682464454977,0.853658536585366,West,S,0.38287822171121966,0.28045148326272257
P11339,Jacket,Linen,Spring,0.6072884614778957,0.968,0.9600000000000002,0.7259713701431494,0.5063559322033897,0.0610847814639284,0.878048780487805,Central,XL,0.6400785666379227,0.3103276819912822
P11340,Sweater,Denim,Spring,0.4604877975806172,0.49,0.3600000000000001,0.5685071574642128,0.18432203389830515,0.472353870458136,1.0,South,L,0.6281211075979687,0.2875470395320093
P11341,Hoodie,Linen,Summer,0.6030210003180911,0.696,0.72,0.9447852760736197,0.6588983050847457,0.31490258030542395,1.0,North,L,0.3912235316661875,0.4087084316491427
P11342,Sweater,Wool,Autumn,0.4367159917989159,0.11,0.52,0.8098159509202455,0.4216101694915253,0.588204318062138,1.0,South,M,0.4366867873910127,0.37759467166265265
P11343,T-Shirt,Rayon,Winter,0.5009861614580544,0.44200000000000006,0.2400000000000002,0.9427402862985687,0.48940677966101687,0.6003159557661929,0.14634146341463422,West,S,0.6399396378269617,0.3731170668307388
P11344,Sweater,Polyester,Summer,0.44866488304636887,0.81,0.52,0.5173824130879346,0.5402542372881354,0.6819378620326488,0.5853658536585367,West,M,0.7806266168439207,0.26830765141329194
P11345,Jeans,Rayon,Spring,0.414166160135299,0.506,0.8,0.2883435582822086,0.15042372881355925,0.5766192733017378,0.9512195121951221,Central,M,0.5021366292996071,0.2527276404771309
P11346,Jeans,Cotton,Winter,0.3703451604470913,0.7020000000000001,0.40000000000000013,0.3353783231083845,0.8622881355932202,0.3812532912058979,0.9756097560975612,South,XL,0.6200536552649227,0.27451984131354584
P11347,Sweater,Rayon,Spring,0.588939953199651,0.746,0.6000000000000001,0.008179959100204501,0.6927966101694913,0.02369668246445497,0.5609756097560976,North,M,0.6090160007665038,0.39067485400344154
P11348,Hoodie,Denim,Spring,0.7482217599576718,0.254,0.2400000000000002,0.5112474437627813,0.9639830508474576,0.9057398630858348,0.09756097560975613,South,XL,0.6100459902270767,0.755701994475165
P11349,Dress,Linen,Summer,0.7218611327196166,0.876,0.6800000000000002,0.3047034764826176,0.625,0.3270142180094787,0.48780487804878053,West,XL,0.1702548625083836,0.4178582140917722
P11350,Trousers,Linen,Spring,0.2631169315851965,0.46,0.32000000000000006,0.05521472392638038,0.40466101694915246,0.5076355976829912,0.9512195121951221,South,M,0.36990993580530795,0.19033531408620596
P11351,Hoodie,Rayon,Winter,0.7441779074638052,0.21,0.8399999999999999,0.4826175869120655,0.48940677966101687,0.5571353343865193,0.4634146341463415,West,M,0.7119670403372615,0.6285261603150709
P11352,Sweater,Polyester,Spring,0.4404417530919409,0.866,0.52,0.26789366053169733,0.5402542372881354,0.31490258030542395,0.6829268292682928,West,S,0.38795630928427705,0.2525135955372684
P11353,Jacket,Polyester,Autumn,0.6140817557374518,0.418,0.52,0.6237218813905931,0.5233050847457625,0.3085834649815693,0.878048780487805,East,XL,0.4701925840758838,0.46958202869854226
P11354,Shirt,Denim,Spring,0.32932084379202503,0.75,0.28000000000000025,0.7300613496932516,0.6080508474576272,0.2611901000526593,0.4634146341463415,North,L,0.7837692823608315,0.21468695065560905
P11355,Trousers,Cotton,Summer,0.5273940299635612,0.5479999999999999,0.20000000000000018,0.5807770961145196,0.5572033898305082,0.24328593996840442,0.4146341463414634,Central,S,0.43002778576219214,0.37901720604800854
P11356,Trousers,Rayon,Winter,0.5598456312850569,0.38200000000000006,0.52,0.5971370143149285,0.48940677966101687,0.0305423907319642,0.07317073170731708,West,XL,0.5203027689949218,0.43104208258954635
P11357,Jeans,Linen,Summer,0.22002659683357537,0.81,0.20000000000000018,0.33128834355828224,0.5911016949152543,0.9583991574512903,0.2439024390243903,South,XL,0.5611334674714956,0.14028583247234133
P11358,Trousers,Rayon,Autumn,0.6155052925966634,0.584,0.7600000000000002,0.8241308793456034,0.47245762711864403,0.5955766192733019,0.5121951219512195,East,XL,0.6683050685062757,0.41436952218343004
P11359,Sweater,Denim,Spring,0.7548985257575136,0.39,0.2400000000000002,0.8548057259713703,0.4555084745762712,0.10795155344918379,0.3170731707317073,West,XL,0.588818626041966,0.5669998117773781
P11360,Jacket,Wool,Summer,0.4675613900270535,0.11,0.72,0.4621676891615542,0.879237288135593,0.5924170616113745,0.6585365853658538,North,XL,0.42659289067739764,0.4923003602424212
P11361,Jacket,Wool,Summer,0.757588128584431,0.8959999999999999,0.56,0.9550102249488754,0.35381355932203395,0.23222748815165878,0.07317073170731708,West,S,0.5020887228130688,0.3799046900969599
P11362,T-Shirt,Denim,Summer,0.46471746572646044,0.036000000000000004,1.0,0.2638036809815951,0.7097457627118642,0.3106898367561875,0.3658536585365854,West,XL,0.46793618855993097,0.47359460855796764
P11363,Jacket,Linen,Summer,0.6611057133588856,0.8640000000000001,1.0,0.7586912065439674,0.6758474576271185,0.8014744602422328,0.902439024390244,East,M,0.6308757305739197,0.39599802192609984
P11364,Hoodie,Denim,Autumn,0.08133253443101049,0.36,0.8800000000000001,0.11656441717791412,0.3877118644067796,0.8862559241706162,0.5365853658536586,North,L,0.49436619718309854,0.06669929555922607
P11365,Jacket,Polyester,Autumn,0.9576297008997885,0.64,0.7600000000000002,0.2965235173824131,0.3877118644067796,0.7003686150605584,0.2926829268292683,East,S,0.5325141324135287,0.5904111786179101
P11366,Jeans,Polyester,Spring,0.7831519531114672,0.922,0.40000000000000013,0.9754601226993866,0.6419491525423728,0.9331226961558716,0.4634146341463415,West,S,0.4318865574398773,0.4381484539699445
P11367,Jacket,Denim,Spring,0.4467783817661305,0.152,0.7600000000000002,0.7382413087934562,0.6419491525423728,0.9057398630858348,0.09756097560975613,North,L,0.7885503497173516,0.417850425227348
P11368,T-Shirt,Linen,Winter,0.12790927472056796,0.5660000000000001,0.9600000000000002,0.6359918200408999,0.15042372881355925,0.5513428120063193,0.43902439024390244,West,S,0.3817955351154546,0.08365942381652174
P11369,Shirt,Denim,Autumn,0.5549923784088511,0.7640000000000001,0.040000000000000036,0.24744376278118613,0.3877118644067796,0.9083728278041076,0.48780487804878053,West,XL,0.8057966848711315,0.31766231174885207
P11370,Sweater,Denim,Summer,0.22771117633905377,0.758,0.52,0.39059304703476483,0.5572033898305082,0.5450236966824645,1.0,North,XL,0.4748826291079812,0.14794347685581105
P11371,Jeans,Linen,Summer,0.5846252507723947,0.526,0.20000000000000018,0.49897750511247446,0.5741525423728815,0.1042654028436019,0.09756097560975613,Central,L,0.6318386509533389,0.4284295387077291
P11372,Hoodie,Linen,Winter,0.5783358633656568,0.624,0.56,0.9734151329243356,0.5063559322033897,0.8299104791995789,0.3170731707317073,East,S,0.5174427517485867,0.3856478365660097
P11373,Shirt,Cotton,Summer,0.3226724227526542,0.758,0.4800000000000002,0.20858895705521474,0.2521186440677965,0.13112164296998424,0.853658536585366,South,M,0.3296157899779629,0.1791430631827721
P11374,Jeans,Denim,Winter,0.7123876838866334,0.8420000000000001,0.56,0.7730061349693252,0.777542372881356,0.315955766192733,0.12195121951219517,West,L,0.4308134521414199,0.45225073872666055
P11375,Dress,Wool,Spring,0.6527881008695542,0.762,0.56,0.8895705521472393,0.6927966101694913,0.3802001053185888,0.09756097560975613,East,S,0.6618808086614927,0.4268238667872005
P11376,Trousers,Denim,Autumn,0.6849594040041697,0.354,0.9600000000000002,0.5092024539877301,0.777542372881356,0.8077935755660876,0.5609756097560976,East,S,0.34996167481076934,0.6069045455316674
P11377,Dress,Denim,Winter,0.5022364803366097,0.996,0.56,0.04294478527607362,0.3707627118644068,0.08372827804107426,0.6829268292682928,North,L,0.12860496311200534,0.23782605451550237
P11378,Jacket,Linen,Summer,0.23308093373939834,0.434,0.8399999999999999,0.9734151329243356,0.48940677966101687,0.444971037388099,0.6829268292682928,North,XL,0.24053846890869018,0.1782804092398356
P11379,Shirt,Denim,Winter,0.6853467823972738,0.024,0.32000000000000006,0.12065439672801638,0.5233050847457625,0.43707214323328075,0.024390243902439046,North,L,0.5016144485963399,0.6466884774714786
P11380,Jacket,Rayon,Spring,0.44947428342870815,0.36200000000000004,0.44000000000000017,0.4846625766871166,0.8283898305084745,0.582411795681938,0.12195121951219517,East,L,0.35943757784804053,0.4056578757673147
P11381,Trousers,Denim,Summer,0.23794363486909448,0.128,0.4800000000000002,0.8036809815950922,0.6927966101694913,0.353870458135861,0.8048780487804879,North,L,0.5089393503880424,0.23049273943887036
P11382,Jeans,Rayon,Spring,0.7560512126833353,0.122,0.28000000000000025,0.6932515337423314,0.5911016949152543,0.577672459189047,0.26829268292682934,South,L,0.5853885216058254,0.7008043416420177
P11383,Trousers,Wool,Spring,0.897277407021312,0.282,0.3600000000000001,0.7832310838445808,0.5911016949152543,0.9863085834649817,0.5121951219512195,East,L,0.5910941841525341,0.7629091001817634
P11384,T-Shirt,Linen,Winter,0.4927693303392867,0.054000000000000006,0.6000000000000001,0.6850715746421269,0.31991525423728806,0.07161664033701949,0.07317073170731708,North,XL,0.554474465842675,0.41599270664626276
P11385,Trousers,Denim,Spring,0.9085617711066107,0.688,0.6000000000000001,0.2719836400817996,0.48940677966101687,0.8751974723538707,0.12195121951219517,West,M,0.7919181757209925,0.5692025968966982
P11386,T-Shirt,Rayon,Summer,0.5178197997600144,0.07400000000000001,0.6399999999999999,0.687116564417178,0.6419491525423728,0.3085834649815693,0.04878048780487804,East,XL,0.7277618089489315,0.503280178550539
P11387,Trousers,Rayon,Spring,0.42867237866080454,0.204,0.3600000000000001,0.5337423312883437,0.48940677966101687,0.4660347551342812,0.2926829268292683,Central,M,0.36355753569033245,0.36499057745847063
P11388,Sweater,Rayon,Spring,0.38142796179126287,0.092,0.32000000000000006,0.6973415132924337,0.5911016949152543,0.7414428646656136,0.5365853658536586,Central,XL,0.5904234933409983,0.35969588602103225
P11389,T-Shirt,Polyester,Winter,0.8099157058317769,0.064,0.6000000000000001,0.6891615541922291,0.20127118644067798,0.9104791995787257,0.8292682926829269,East,L,0.5826243173325667,0.6358342732061774
P11390,Shirt,Cotton,Spring,0.3531430402590081,0.268,0.11999999999999988,0.9795501022494888,0.47245762711864403,0.008952080042127435,0.6097560975609757,East,S,0.3419181757209926,0.28945647716508355
P11391,Jacket,Wool,Autumn,0.6395038564621329,0.5720000000000001,0.2400000000000002,0.8404907975460124,0.5572033898305082,0.6624539231174303,0.1951219512195122,Central,M,0.42154354699626323,0.4507597169060328
P11392,Hoodie,Denim,Winter,0.394901171268491,0.9640000000000001,0.040000000000000036,0.08384458077709613,0.4555084745762712,0.06951026856240126,0.5365853658536586,West,M,0.26677206093705086,0.20295262951566856
P11393,Jacket,Polyester,Winter,0.4135835178367278,0.876,0.08000000000000007,0.14928425357873212,0.6419491525423728,0.5260663507109006,0.07317073170731708,West,S,0.4213088052122257,0.24626523950857326
P11394,Dress,Denim,Summer,0.6952454026373225,0.876,0.2400000000000002,0.605316973415133,0.5402542372881354,0.750394944707741,0.8048780487804879,West,M,0.593158953722334,0.38813201301663114
P11395,Jacket,Denim,Summer,0.42875111410655736,0.17600000000000002,0.0,0.6503067484662578,0.48940677966101687,0.16956292785676674,0.878048780487805,South,XL,0.6542109801667144,0.370313398106919
P11396,Jeans,Linen,Summer,0.4240710792110078,0.264,0.2400000000000002,0.04294478527607362,0.3029661016949152,0.7640863612427594,0.17073170731707316,South,M,0.8188703650474274,0.3202116765297503
P11397,Sweater,Linen,Summer,0.7146237705460144,0.076,0.6399999999999999,0.44785276073619634,0.4216101694915253,0.30963665086887837,0.8048780487804879,West,XL,0.6142665516910989,0.6260375685209224
P11398,Trousers,Linen,Autumn,0.8024169419782752,0.778,0.08000000000000007,0.15950920245398773,0.6419491525423728,0.610847814639284,0.878048780487805,Central,L,0.5591549295774647,0.5048182312213207
P11399,T-Shirt,Polyester,Winter,0.6223867705554628,0.07,0.44000000000000017,0.4785276073619632,0.5402542372881354,0.658241179568194,0.12195121951219517,South,M,0.7641467854747532,0.5788979223179344
P11400,Jeans,Denim,Spring,0.37683611059495653,0.556,0.9199999999999999,0.3190184049079755,0.4555084745762712,0.6492890995260665,0.14634146341463422,North,M,0.723747245377024,0.25987794204509385
P11401,Jeans,Cotton,Summer,0.40407542540761343,0.24800000000000003,0.8,0.6666666666666667,0.5063559322033897,0.018430753027909433,0.9756097560975612,South,M,0.42035067548146016,0.33913050574733855
P11402,T-Shirt,Wool,Summer,0.5156655979642163,0.244,0.32000000000000006,0.23108384458077713,0.7605932203389831,0.15218536071616645,0.9268292682926831,Central,XL,0.48284468717064283,0.4830114696733866
P11403,Jacket,Linen,Summer,0.5612093292054963,0.99,0.9199999999999999,0.5910020449897752,0.5063559322033897,0.8567667193259612,0.853658536585366,Central,L,0.6003449267030756,0.282313344329027
P11404,Shirt,Linen,Spring,0.313891845842296,0.756,0.32000000000000006,0.19427402862985685,0.31991525423728806,0.9404949973670353,0.09756097560975613,East,S,0.30635719076362933,0.18046930339075562
P11405,Hoodie,Denim,Summer,0.6371921837748291,0.836,0.08000000000000007,0.2638036809815951,0.7436440677966103,0.5639810426540286,0.04878048780487804,Central,S,0.5566398390342051,0.401988030747857
P11406,Shirt,Denim,Spring,0.5167238023551346,0.5720000000000001,1.0,0.8364008179959102,0.5063559322033897,0.5971563981042655,0.39024390243902446,West,S,0.563595860879563,0.357590238459309
P11407,Dress,Polyester,Winter,0.1763567692012132,0.872,0.8800000000000001,0.22085889570552147,0.048728813559322015,0.7556608741442866,0.43902439024390244,Central,XL,0.6061032863849765,0.08911408463826578
P11408,Sweater,Polyester,Winter,0.3250281872895795,0.6459999999999999,0.4800000000000002,0.15132924335378323,0.5911016949152543,0.40652975250131657,0.0,South,S,0.6262048481364375,0.2257616492389585
P11409,Shirt,Linen,Winter,0.40530054894352774,0.946,0.6800000000000002,0.965235173824131,0.6419491525423728,0.32806740389678785,0.878048780487805,South,M,0.4517294241640318,0.2282645040810177
P11410,Trousers,Denim,Autumn,0.4867980341333904,0.282,0.6800000000000002,0.5603271983640082,0.6588983050847457,0.7688256977356505,0.1951219512195122,South,L,0.5636293954201399,0.4281779633478861
P11411,Shirt,Cotton,Spring,0.8575726964370636,0.596,0.20000000000000018,0.7770961145194275,0.48940677966101687,0.028436018957345974,0.07317073170731708,Central,L,0.44097441793618847,0.573611987151648
P11412,Dress,Wool,Summer,0.5455693202611497,0.6900000000000001,0.20000000000000018,0.03885480572597137,0.7266949152542375,0.8857293312269617,1.0,West,XL,0.6383778863658138,0.3829040230328131
P11413,Hoodie,Denim,Summer,0.3416886076108831,0.392,0.4800000000000002,0.32719836400818,0.3707627118644068,0.4412848867825172,0.21951219512195125,West,M,0.5300996454919995,0.2502580743486302
P11414,Shirt,Denim,Summer,0.5422561327038696,0.88,0.9199999999999999,0.42535787321063395,0.43855932203389836,0.5044760400210638,0.7560975609756098,East,S,0.6398821500431158,0.29092142861466064
P11415,Trousers,Rayon,Summer,0.43403268780765875,0.98,0.0,0.7586912065439674,0.8453389830508473,0.634544497103739,0.0,North,L,0.23905336782600362,0.25613782360871284
P11416,T-Shirt,Polyester,Autumn,0.5619305458885924,0.494,0.8,0.1901840490797546,0.48940677966101687,0.2743549236440232,0.5365853658536586,West,M,0.31492287055667334,0.4046066519283492
P11417,Sweater,Wool,Summer,0.6102709601630137,0.39,0.040000000000000036,0.16564417177914112,0.40466101694915246,0.59768299104792,0.39024390243902446,South,M,0.5465124077800134,0.44864037681831537
P11418,Dress,Linen,Autumn,0.7290670007149177,0.47200000000000003,0.4800000000000002,0.7177914110429449,0.6758474576271185,0.6935229067930491,0.7073170731707319,East,XL,0.32036983807607544,0.5761854378795397
P11419,T-Shirt,Denim,Spring,0.4959754376903429,0.8520000000000001,0.6399999999999999,0.21063394683026587,0.3877118644067796,0.11795681937862036,0.6341463414634148,West,XL,0.6461339465363609,0.2668815202593325
P11420,T-Shirt,Linen,Winter,0.8102715900465798,0.6459999999999999,0.6800000000000002,0.4826175869120655,0.35381355932203395,0.520800421274355,0.34146341463414637,West,M,0.647269330267318,0.4908004581241378
P11421,T-Shirt,Denim,Summer,0.6721475722712655,0.044000000000000004,0.040000000000000036,0.5296523517382414,0.6758474576271185,0.32964718272775145,0.902439024390244,North,XL,0.5668103861262814,0.6727686218105469
P11422,Jeans,Linen,Winter,0.36688395025179593,0.542,0.40000000000000013,0.32515337423312884,0.5911016949152543,0.5576619273301738,0.14634146341463422,North,M,0.4554325955734406,0.271000738106528
P11423,Sweater,Wool,Spring,0.918148598981478,0.018000000000000002,0.6000000000000001,0.8220858895705523,0.03177966101694918,0.021063717746182195,0.7804878048780488,North,XL,0.4505748778384593,0.666980875410813
P11424,Hoodie,Polyester,Spring,0.5623557172956578,0.778,0.08000000000000007,0.7893660531697343,0.5572033898305082,0.7430226434965772,0.09756097560975613,West,L,0.6292325380856567,0.3440918883590807
P11425,Jacket,Wool,Summer,0.34275626025529177,0.32799999999999996,0.11999999999999988,0.9918200408997957,0.6588983050847457,0.16850974196945762,0.9268292682926831,West,XL,0.588430583501006,0.295111564816598
P11426,Sweater,Rayon,Spring,0.8129076527703852,0.47200000000000003,0.6800000000000002,0.7096114519427404,0.1673728813559321,0.6898367561874672,0.8048780487804879,South,M,0.37675577273162786,0.5001052736962309
P11427,Jeans,Cotton,Winter,0.893192612095654,0.798,0.52,0.12269938650306751,0.21822033898305082,0.769352290679305,0.04878048780487804,Central,L,0.560956213471304,0.4496448674707354
P11428,Jacket,Polyester,Summer,0.494321993329533,0.046,0.15999999999999992,0.07566462167689163,0.43855932203389836,0.7530279094260138,0.7560975609756098,North,M,0.7138928810961003,0.444000793372738
P11429,Sweater,Wool,Autumn,0.40539188206060106,0.158,0.52,0.2392638036809816,0.5572033898305082,0.8177988414955242,0.024390243902439046,South,M,0.5820973459806458,0.36447437915060893
P11430,T-Shirt,Rayon,Summer,0.46799286026977904,0.39799999999999996,0.9199999999999999,0.7955010224948876,0.3029661016949152,0.3080568720379147,0.3658536585365854,South,XL,0.44713519210501096,0.3275735921181057
P11431,Dress,Cotton,Winter,0.6356237736954323,0.23,0.0,0.6359918200408999,0.7097457627118642,0.9678778304370722,0.39024390243902446,East,L,0.4685398102903133,0.5868181308094634
P11432,Jacket,Rayon,Summer,0.7420331539214975,0.33799999999999997,0.6399999999999999,0.34151329243353784,0.31991525423728806,0.02369668246445497,0.26829268292682934,South,M,0.44693877551020406,0.5371808388775661
P11433,Trousers,Denim,Summer,0.6083655623757948,0.998,0.08000000000000007,0.768916155419223,0.5233050847457625,0.4813059505002633,0.09756097560975613,North,S,0.43703171409408825,0.3049167281093965
P11434,Trousers,Denim,Winter,0.5197850364860055,0.826,0.0,0.687116564417178,0.35381355932203395,0.2706687730384413,0.07317073170731708,Central,XL,0.32648749640701347,0.28018725719951526
P11435,Shirt,Linen,Summer,0.7836369634573048,0.8840000000000001,0.15999999999999992,0.7382413087934562,0.2860169491525424,0.7403896787783045,0.3658536585365854,South,L,0.5160630449362843,0.38315733476370617
P11436,Jacket,Polyester,Summer,0.4414495667975774,0.938,0.44000000000000017,0.7668711656441719,0.6080508474576272,0.8056872037914694,0.4146341463414634,West,L,0.27655935613682087,0.2456798840223204
P11437,Dress,Denim,Winter,0.6953713793505271,0.34,0.8,0.1390593047034765,0.7605932203389831,0.8230647709320695,0.4634146341463415,West,M,0.6125467088243748,0.6167244927836915
P11438,Hoodie,Rayon,Spring,0.446129601693127,0.298,0.28000000000000025,0.16768916155419222,0.40466101694915246,0.296998420221169,0.1951219512195122,South,L,0.4533151288684487,0.34726344449779234
P11439,Jeans,Polyester,Winter,0.5820112339733999,0.23399999999999999,0.6399999999999999,0.4785276073619632,0.6588983050847457,0.2743549236440232,0.3658536585365854,North,L,0.6905145156654211,0.5247823062004024
P11440,T-Shirt,Denim,Summer,0.47910400637442163,0.8300000000000001,0.40000000000000013,0.08384458077709613,0.7266949152542375,0.6771985255397579,0.8292682926829269,Central,S,0.3576842004407396,0.3042331188270148
P11441,Shirt,Linen,Autumn,0.49001044032010677,0.68,0.2400000000000002,0.20040899795501024,0.6080508474576272,0.9289099526066352,0.6829268292682928,Central,L,0.4810529845741113,0.3303963609234755
P11442,Trousers,Wool,Autumn,0.4292518715415455,0.23600000000000002,0.52,0.9591002044989776,0.625,0.2543443917851501,0.7073170731707319,North,S,0.5164415061799368,0.38175414851290734
P11443,Jeans,Linen,Winter,0.7546938135985561,0.376,0.8,0.9631901840490799,0.7266949152542375,0.9110057925223803,0.4634146341463415,West,XL,0.33457411133467463,0.6458794525886861
P11444,Jeans,Cotton,Autumn,0.49831545513811765,0.506,0.8399999999999999,0.9345603271983641,0.777542372881356,0.59189046866772,1.0,West,XL,0.5708728561847274,0.40409122258480956
P11445,T-Shirt,Denim,Summer,0.36068589596213135,0.528,0.8399999999999999,0.2638036809815951,0.2521186440677965,0.7382833070036863,0.5121951219512195,East,XL,0.33550349717351724,0.23029097312286134
P11446,Hoodie,Cotton,Summer,0.9013590525291398,0.888,0.32000000000000006,0.05521472392638038,0.6927966101694913,0.440231700895208,0.5365853658536586,South,L,0.5621682475807224,0.5288183766796041
P11447,Hoodie,Cotton,Winter,0.6853436329794437,0.38,0.8,0.474437627811861,0.5233050847457625,0.8072669826224329,0.853658536585366,South,XL,0.7137060457986011,0.5352016735441844
P11448,T-Shirt,Rayon,Summer,0.04986040205468026,0.908,0.52,0.46625766871165647,0.6588983050847457,0.9710373880989996,0.5121951219512195,West,S,0.5858244706333237,0.03993053126703194
P11449,Trousers,Polyester,Spring,0.3937484843426692,0.44200000000000006,0.72,0.23721881390593047,0.6588983050847457,0.17061611374407587,0.0,South,L,0.4367634377694739,0.3172511886948155
P11450,Hoodie,Rayon,Summer,0.15816258239664405,0.746,0.9600000000000002,0.81799591002045,0.7436440677966103,0.3859926276987889,0.48780487804878053,North,L,0.6681086519114687,0.1139208984757738
P11451,Dress,Denim,Winter,0.3209181970212806,0.93,0.0,0.6646216768916157,0.6080508474576272,0.8630858346498158,0.43902439024390244,Central,S,0.8344112292804444,0.18332660117471952
P11452,Hoodie,Cotton,Spring,0.0,0.908,0.44000000000000017,0.21676891615541924,0.31991525423728806,0.17693522906793052,0.17073170731707316,East,S,0.5363418606879371,0.014691757922887464
P11453,Jeans,Polyester,Spring,0.4746790743231113,0.055999999999999994,0.6399999999999999,0.7730061349693252,0.9639830508474576,0.4133754607688257,0.09756097560975613,North,S,0.40626616843920665,0.5303991440782156
P11454,T-Shirt,Cotton,Autumn,0.28477547800289116,0.20600000000000002,0.72,0.6625766871165645,0.6758474576271185,0.16640337019483942,0.9512195121951221,North,XL,0.5115885790936092,0.2635808525304036
P11455,Dress,Wool,Summer,0.5118831471502493,0.47600000000000003,0.15999999999999992,0.6012269938650308,0.5572033898305082,0.648762506582412,0.6829268292682928,North,L,0.3256587141899012,0.3849784407209373
P11456,T-Shirt,Rayon,Winter,0.19347385510788334,0.43200000000000005,0.9600000000000002,0.7975460122699388,0.5233050847457625,0.23854660347551343,0.4146341463414634,South,M,0.6634329788253328,0.15141036490482554
P11457,Trousers,Rayon,Autumn,0.5162324931736368,0.64,0.6000000000000001,0.32515337423312884,0.5911016949152543,0.3812532912058979,0.6829268292682928,Central,M,0.5446775893455973,0.3546446338048027
P11458,Jacket,Polyester,Autumn,0.4221593825881285,0.9440000000000001,0.15999999999999992,0.006134969325153377,0.35381355932203395,0.49131121642969994,0.34146341463414637,East,L,0.42479160678355843,0.20976379301226739
P11459,Jeans,Cotton,Summer,0.7843802260652117,0.11199999999999999,0.040000000000000036,0.30265848670756645,0.3029661016949152,0.2975250131648236,0.7317073170731709,West,L,0.5754479256491328,0.6351313902051408
P11460,Dress,Linen,Summer,0.7672599907407115,0.452,0.8,0.4764826175869121,0.35381355932203395,0.6803580832016852,0.34146341463414637,North,S,0.42921816613969527,0.5280214815888609
P11461,Dress,Rayon,Winter,0.6489678570416257,0.192,0.08000000000000007,0.5173824130879346,0.3707627118644068,0.11111111111111112,0.04878048780487804,North,XL,0.4726022803487591,0.5229543539801742
P11462,Dress,Rayon,Autumn,0.43884499825207307,0.8940000000000001,0.15999999999999992,0.8486707566462169,0.2860169491525424,0.880463401790416,1.0,North,S,0.5008048289738429,0.21928709367305085
P11463,Jeans,Polyester,Winter,0.8757322396455014,0.9640000000000001,0.56,0.5051124744376279,0.3877118644067796,0.48183254344391796,0.7804878048780488,West,S,0.760290313308422,0.41864159029362624
P11464,Jeans,Wool,Autumn,0.20709508722312683,0.478,0.6000000000000001,0.6891615541922291,0.6588983050847457,0.572933122696156,0.5609756097560976,South,M,0.3385934655552361,0.16624567110294589
P11465,Jacket,Polyester,Autumn,0.2353390663235901,0.10400000000000001,0.6800000000000002,0.719836400817996,0.6080508474576272,0.6224328593996842,0.902439024390244,West,XL,0.6121634569320685,0.2228077100034122
P11466,Shirt,Polyester,Autumn,0.4847320160368356,0.7859999999999999,0.52,0.8118609406952967,0.20127118644067798,0.059505002632964724,0.5609756097560976,Central,L,0.39941075021557915,0.2505363650173424
P11467,Jacket,Denim,Summer,0.9264977056491106,0.698,0.7600000000000002,0.1411042944785276,0.5741525423728815,0.7572406529752503,0.2926829268292683,South,L,0.7541103765449841,0.5990512617414651
P11468,Trousers,Denim,Autumn,0.4623302070112339,0.354,0.9600000000000002,0.4130879345603272,0.5233050847457625,0.9462875197472355,0.6341463414634148,South,M,0.36879371466896615,0.36842737667771885
P11469,T-Shirt,Wool,Autumn,0.4659362904267146,0.888,0.28000000000000025,0.6155419222903886,0.5741525423728815,0.5202738283307005,0.7804878048780488,East,S,0.3721232154833764,0.2656106206772422
P11470,Dress,Rayon,Autumn,0.22809225589649756,0.976,0.72,0.3006134969325154,0.4555084745762712,0.3912585571353344,0.43902439024390244,East,XL,0.6108795630928427,0.12222219080217465
P11471,Shirt,Wool,Spring,0.6793124978347751,0.5579999999999999,0.9199999999999999,0.4498977505112475,0.8453389830508473,0.7851500789889417,0.5853658536585367,South,S,0.500747341189997,0.5455729186045808
P11472,T-Shirt,Rayon,Summer,0.6806824945908747,0.5660000000000001,0.6800000000000002,0.3783231083844581,0.6080508474576272,0.7209057398630859,0.12195121951219517,East,XL,0.6179266072626233,0.4921943423871688
P11473,Shirt,Rayon,Spring,0.6496733266355713,0.298,0.6800000000000002,0.7239263803680983,0.31991525423728806,0.6513954713006846,0.7804878048780488,Central,S,0.675998850244323,0.4819615605153589
P11474,Hoodie,Denim,Summer,0.38166416812852144,0.584,0.2400000000000002,0.6850715746421269,0.625,0.9657714586624541,0.5853658536585367,West,XL,0.5279917600843154,0.27824247201292335
P11475,Hoodie,Polyester,Winter,0.36702252463632096,0.44,0.52,0.09611451942740287,0.6419491525423728,0.5818852027382835,0.5365853658536586,East,S,0.6470872856184726,0.29436053472687523
P11476,Sweater,Polyester,Spring,0.25621025828375626,0.302,0.56,0.5357873210633948,0.6080508474576272,0.24855186940495,0.39024390243902446,West,M,0.22111717926607258,0.2200370075242415
P11477,Hoodie,Rayon,Winter,0.5164120099899533,0.068,0.72,0.6032719836400819,0.5233050847457625,0.024749868351764084,0.48780487804878053,East,XL,0.5531043403276803,0.4773860987721277
P11478,Jacket,Linen,Autumn,0.29640627804950254,0.252,1.0,0.6421267893660533,0.4216101694915253,0.45392311743022645,0.4634146341463415,East,S,0.4724873047810673,0.24024667978569408
P11479,Hoodie,Linen,Winter,0.2780735168604084,0.198,0.040000000000000036,0.5950920245398774,0.6080508474576272,0.6524486571879938,0.26829268292682934,West,XL,0.7172750790457028,0.25135489033030833
P11480,Jeans,Polyester,Winter,0.42050278880948855,0.542,0.08000000000000007,0.34969325153374237,0.2521186440677965,0.17219589257503948,0.2926829268292683,Central,S,0.18821979496023758,0.2644283752399045
P11481,Dress,Linen,Winter,0.40813187557280034,0.6020000000000001,0.08000000000000007,0.7423312883435584,0.6419491525423728,0.025803054239073198,0.4146341463414634,West,M,0.39558781258982456,0.29565790156482746
P11482,Jacket,Cotton,Winter,0.39890408133056604,0.608,0.7600000000000002,0.06134969325153375,0.5402542372881354,0.9094260136914166,0.5121951219512195,Central,XL,0.3115885790936092,0.27583945850623864
P11483,T-Shirt,Rayon,Summer,0.5887068962802225,0.38799999999999996,0.11999999999999988,0.3456032719836401,0.6588983050847457,0.3022643496577146,0.5609756097560976,West,S,0.531421864520456,0.4869348992820453
P11484,Sweater,Polyester,Spring,0.5155018282370504,0.42200000000000004,0.6399999999999999,0.08793456032719837,0.15042372881355925,0.4660347551342812,0.7804878048780488,Central,M,0.5369071572290887,0.32771240258090223
P11485,Sweater,Wool,Summer,0.4461138546039764,0.8340000000000001,0.32000000000000006,0.8711656441717792,0.9300847457627119,0.09110057925223804,0.04878048780487804,Central,S,0.5059547762767078,0.30617133060891755
P11486,Sweater,Rayon,Summer,0.5351478966613021,0.47600000000000003,0.44000000000000017,0.08588957055214726,0.2860169491525424,0.38177988414955244,0.39024390243902446,North,L,0.6159097441793618,0.3534676222859156
P11487,T-Shirt,Polyester,Summer,0.31319897391967094,0.988,0.52,0.8793456032719837,0.4555084745762712,0.42390731964191686,0.9268292682926831,North,S,0.6592076267126568,0.16080063473787892
P11488,T-Shirt,Polyester,Winter,0.52045901190165,0.44,0.8800000000000001,0.2719836400817996,0.5741525423728815,0.903106898367562,0.7560975609756098,East,L,0.5528408546517198,0.4029183535511417
P11489,T-Shirt,Wool,Summer,0.5290222789817302,0.65,0.6000000000000001,0.7116564417177915,0.43855932203389836,0.8657187993680887,0.39024390243902446,West,M,0.30905911660438823,0.33677598660355007
P11490,T-Shirt,Denim,Spring,0.21654019129563903,0.05,0.9600000000000002,0.4458077709611452,0.6419491525423728,0.1890468667719853,0.5853658536585367,Central,S,0.42069081153588195,0.21306309644965699
P11491,Sweater,Rayon,Summer,0.6887166594754959,0.654,0.56,0.9182004089979552,0.5063559322033897,0.5566087414428648,0.17073170731707316,North,XL,0.5989652198907731,0.4480586429059668
P11492,Sweater,Wool,Autumn,0.3340040281054047,0.8520000000000001,0.11999999999999988,0.17382413087934562,0.9639830508474576,0.7314375987361771,0.8292682926829269,East,XL,0.5367394845262048,0.23114921172227074
P11493,Shirt,Linen,Winter,0.5176308346902075,0.9420000000000001,0.15999999999999992,0.5112474437627813,0.8622881355932202,0.292259083728278,0.6829268292682928,East,XL,0.4080722429816997,0.31544414734308934
P11494,Jacket,Polyester,Autumn,0.720598216169741,0.998,1.0,0.539877300613497,0.5402542372881354,0.39441811479726174,0.26829268292682934,East,XL,0.6494203315128868,0.36123574947876624
P11495,Dress,Rayon,Spring,0.6754859551711865,0.282,0.72,0.02044989775051125,0.7266949152542375,0.9852553975776727,0.853658536585366,North,S,0.5854412187410174,0.6103765682779296
P11496,Hoodie,Cotton,Spring,0.5070519401988542,0.5760000000000001,0.040000000000000036,0.16155419222903886,0.3029661016949152,0.759873617693523,0.1951219512195122,South,S,0.6474274216728944,0.31793107718209
P11497,Hoodie,Wool,Spring,0.4320643016638374,0.45,0.72,0.22085889570552147,0.5572033898305082,0.4375987361769353,0.6097560975609757,East,L,0.5552170163840183,0.33114300047497186
P11498,Jeans,Wool,Spring,0.6796116925286361,0.564,0.40000000000000013,0.9406952965235175,0.6927966101694913,0.5344918378093735,0.5121951219512195,South,S,0.3980406247005844,0.5104992156067808
P11499,Sweater,Rayon,Summer,0.6280588720674982,0.158,0.32000000000000006,0.2392638036809816,0.4216101694915253,0.626119010005266,0.7317073170731709,South,M,0.7097441793618855,0.5283319943432008
P11500,Jeans,Rayon,Winter,0.38371443913592573,0.856,0.15999999999999992,0.5132924335378324,1.0,0.4992101105845182,0.7073170731707319,South,XL,0.5986490370796205,0.26676610119510946
P11501,Jacket,Denim,Spring,0.35035580547935713,0.91,0.8399999999999999,0.034764826175869123,0.625,0.4117956819378621,0.34146341463414637,East,S,0.5773210692727795,0.20353657109978074
P11502,Jacket,Linen,Autumn,0.1089623770546015,0.45,0.08000000000000007,0.5214723926380369,0.6927966101694913,0.3596629805160611,0.7804878048780488,Central,M,0.6304541534923828,0.0925060606791235
P11503,Jeans,Denim,Spring,0.5296710590547337,0.28,0.28000000000000025,0.49897750511247446,0.31991525423728806,0.1690363349131122,0.04878048780487804,South,L,0.4631024240682188,0.39816478974878283
P11504,Sweater,Denim,Winter,0.484936728195793,0.14,0.32000000000000006,0.310838445807771,0.3707627118644068,0.9741969457609269,0.8048780487804879,North,M,0.5827871993867968,0.4026251052860988
P11505,Jeans,Linen,Autumn,0.7152631023655277,0.684,0.15999999999999992,0.19631901840490798,0.26906779661016955,0.0916271721958926,0.39024390243902446,North,L,0.48515857047044164,0.40534954587943767
P11506,Hoodie,Cotton,Autumn,0.5684120477829673,0.312,0.52,0.9345603271983641,0.4555084745762712,0.601369141653502,0.09756097560975613,South,XL,0.39465842675098206,0.44807759415571236
P11507,Shirt,Denim,Autumn,0.7526876344407735,0.91,0.0,0.3783231083844581,0.6419491525423728,0.9599789362822541,0.7073170731707319,West,L,0.3074542493053559,0.42597703862611974
P11508,Hoodie,Denim,Summer,0.36878619862118484,0.672,0.32000000000000006,0.05930470347648263,0.5402542372881354,0.37493417588204314,0.34146341463414637,South,L,0.2107693781738047,0.24522319363087194
P11509,Trousers,Wool,Spring,0.715634733669481,0.6459999999999999,0.9199999999999999,0.2331288343558282,0.8453389830508473,0.2527646129541864,0.9268292682926831,North,M,0.5557727316278623,0.5410950657196598
P11510,Sweater,Linen,Summer,0.40061736463014813,0.56,0.32000000000000006,0.49079754601226994,0.5911016949152543,0.9557661927330175,0.17073170731707316,West,XL,0.39420331512886836,0.29191140816616296
P11511,Sweater,Polyester,Autumn,0.6475033777506227,0.046,0.3600000000000001,0.523517382413088,0.4555084745762712,0.8020010531858874,1.0,Central,M,0.42845645300373664,0.5854995306340999
P11512,Dress,Cotton,Summer,0.2249081944702522,0.932,0.4800000000000002,0.9120654396728017,0.35381355932203395,0.655608214849921,0.902439024390244,West,XL,0.3899013126377311,0.11974362034951462
P11513,T-Shirt,Cotton,Summer,0.5449961262160689,0.628,0.56,0.719836400817996,0.6080508474576272,0.6124275934702477,0.6585365853658538,North,M,0.28168535019641655,0.37974670513671144
P11514,Trousers,Linen,Summer,0.1255283148410017,0.9940000000000001,0.8,0.22903885480572597,0.048728813559322015,0.36018957345971564,0.48780487804878053,North,S,0.6539091693015233,0.06376490290064257
P11515,Jacket,Rayon,Spring,0.4500852704877503,0.538,0.20000000000000018,0.6830265848670758,1.0,0.6419167983149027,0.21951219512195125,East,M,0.7920139886940691,0.3901525039810027
P11516,Sweater,Rayon,Autumn,0.5837749079582638,0.71,0.8800000000000001,0.0572597137014315,0.18432203389830515,0.7256450763559769,0.6585365853658538,West,L,0.24231100891060647,0.31297348978135714
P11517,Jeans,Polyester,Autumn,0.40211963693511255,0.055999999999999994,0.7600000000000002,0.6564417177914111,0.6080508474576272,0.03159557661927331,0.48780487804878053,South,M,0.5562038900067069,0.3886203301664902
P11518,Trousers,Wool,Spring,0.3020689313080477,0.632,0.72,0.9366053169734153,0.5233050847457625,0.11795681937862036,0.6585365853658538,South,L,0.3303631311679601,0.20644390117528508
P11519,Dress,Linen,Summer,0.6604506344502218,0.7640000000000001,0.08000000000000007,0.8916155419222905,0.6588983050847457,0.3154291732490785,0.5121951219512195,North,M,0.6168055954776277,0.42490991458939636
P11520,Jacket,Wool,Summer,0.4810125535794708,0.778,0.040000000000000036,0.4601226993865031,0.3877118644067796,0.3233280674038968,0.902439024390244,East,M,0.7035354987065248,0.2741503415541076
P11521,T-Shirt,Cotton,Winter,0.40805314012704746,0.77,0.6000000000000001,0.4969325153374234,0.3707627118644068,0.9010005265929437,0.43902439024390244,West,L,0.6124125706620676,0.2339877815041954
P11522,T-Shirt,Cotton,Winter,0.508481775893726,0.226,0.8800000000000001,0.736196319018405,0.4216101694915253,0.6850974196945762,0.902439024390244,East,XL,0.36826195266839123,0.41378830918239645
P11523,Dress,Polyester,Winter,0.9988020401928702,0.976,0.6000000000000001,0.036809815950920255,0.5572033898305082,0.37388098999473407,0.5609756097560976,Central,M,0.3994394941075021,0.5093386251969665
P11524,Dress,Rayon,Spring,0.7185353474910161,0.996,0.20000000000000018,0.6564417177914111,0.7097457627118642,0.8093733543970513,0.6585365853658538,East,S,0.4379467279869694,0.38820263370776437
P11525,Jeans,Linen,Autumn,0.7202486307905982,0.076,0.08000000000000007,0.22699386503067487,0.3368644067796609,0.3233280674038968,0.2926829268292683,Central,S,0.6002395324326913,0.6047190993175466
P11526,Sweater,Polyester,Winter,0.582867875623191,0.9359999999999999,0.6800000000000002,0.43149284253578735,0.6419491525423728,0.9910479199578727,0.1951219512195122,West,L,0.4688080866149276,0.3254011190762585
P11527,T-Shirt,Rayon,Autumn,0.5320236741738289,0.29,0.72,0.474437627811861,0.23516949152542366,0.7819905213270143,0.1951219512195122,South,L,0.5999041870269234,0.38077322289616566
P11528,Jacket,Polyester,Autumn,0.04778808512246518,0.6900000000000001,0.15999999999999992,0.8895705521472393,0.4216101694915253,0.8088467614533966,0.48780487804878053,Central,L,0.502333045894414,0.03953734244541172
P11529,Trousers,Polyester,Autumn,0.37226000648780067,0.33799999999999997,0.040000000000000036,0.3231083844580777,0.4555084745762712,0.2611901000526593,0.5609756097560976,South,S,0.49099837117945766,0.2913971694770576
P11530,Jacket,Polyester,Spring,0.4097538257553091,0.968,0.40000000000000013,0.12065439672801638,0.6758474576271185,0.1453396524486572,0.7317073170731709,East,L,0.5180559547762766,0.2295004033838002
P11531,Shirt,Wool,Spring,0.1462735300879633,0.102,0.6000000000000001,0.7607361963190186,0.4555084745762712,0.38967877830437075,0.6829268292682928,East,L,0.4951566542109801,0.13118680167497296
P11532,Shirt,Polyester,Spring,0.28185281825654523,0.498,0.72,0.6605316973415134,0.5233050847457625,0.33438651922064244,0.9512195121951221,West,XL,0.27664558781258974,0.20946511238636817
P11533,Dress,Polyester,Spring,0.12625583035975804,0.428,0.8,0.18813905930470348,0.3707627118644068,0.7704054765666142,0.21951219512195125,South,S,0.36383060266360057,0.09590852936218329
P11534,Jeans,Denim,Winter,0.4933236278773868,0.326,0.6000000000000001,0.5051124744376279,0.23516949152542366,0.17430226434965773,0.07317073170731708,West,XL,0.7376065919325476,0.346811169449871
P11535,Shirt,Wool,Summer,0.6552824397910045,0.6459999999999999,0.11999999999999988,0.3210633946830266,0.2521186440677965,0.5276461295418642,0.04878048780487804,Central,XL,0.5690092938583884,0.37900336469021007
P11536,T-Shirt,Polyester,Summer,0.7097043798953763,0.132,0.6800000000000002,0.28629856850715746,0.5402542372881354,0.6287519747235388,0.2926829268292683,East,L,0.7595621347130401,0.639562187434607
P11537,Jacket,Rayon,Summer,0.5789437010068688,0.716,1.0,0.8139059304703478,0.6758474576271185,0.3854660347551343,0.48780487804878053,East,XL,0.373162786241257,0.3899473889493973
P11538,Jacket,Polyester,Winter,0.3185151912169036,0.98,0.9199999999999999,0.8241308793456034,0.31991525423728806,0.20063191153238547,0.17073170731707316,East,M,0.49991376832423107,0.15501904005272218
P11539,Dress,Wool,Summer,0.13547102693067192,0.804,0.8800000000000001,0.8527607361963191,0.5233050847457625,0.8962611901000528,0.1951219512195122,East,M,0.47217591261856845,0.08904921877689824
P11540,Sweater,Linen,Winter,0.16857770716083137,0.86,0.32000000000000006,0.44785276073619634,0.3029661016949152,0.13902053712480256,0.0,East,M,0.35038804254096,0.09597401535606868
P11541,Sweater,Wool,Winter,0.2607706153017615,0.36,0.7600000000000002,0.8241308793456034,0.31991525423728806,0.30384412848867826,0.3170731707317073,Central,XL,0.25890102519881186,0.1916445626632003
P11542,Trousers,Denim,Winter,0.3325993877531738,0.324,0.8399999999999999,0.6237218813905931,0.3877118644067796,0.7567140600315957,0.26829268292682934,Central,M,0.3583309380090064,0.25495225426107937
P11543,Dress,Linen,Summer,0.49831545513811765,0.518,0.52,0.17995910020449898,0.7266949152542375,0.6055818852027384,0.853658536585366,West,S,0.6511114304876879,0.3928375537568074
P11544,Hoodie,Rayon,Autumn,0.308922064506376,0.046,0.2400000000000002,0.31492842535787324,0.7097457627118642,0.7309110057925226,0.5121951219512195,North,M,0.4318721854939158,0.31307754801785304
P11545,Trousers,Cotton,Summer,0.5646201487155099,0.946,0.9600000000000002,0.8445807770961147,0.5233050847457625,0.8093733543970513,0.853658536585366,East,M,0.45522659768132595,0.29732285815406295
P11546,Hoodie,Wool,Summer,0.456673852588349,0.14400000000000002,0.44000000000000017,0.8977505112474439,0.43855932203389836,0.8957345971563984,0.3658536585365854,East,XL,0.49920475232346456,0.3912111694101825
P11547,Sweater,Denim,Spring,0.5025577209552814,0.904,0.11999999999999988,0.474437627811861,0.5233050847457625,0.3048973143759874,0.2439024390243903,North,S,0.5239340806745233,0.27564714300980175
P11548,Dress,Rayon,Winter,0.7160315603160755,0.084,0.11999999999999988,0.9550102249488754,0.7605932203389831,0.4744602422327541,0.04878048780487804,West,XL,0.45723867011593367,0.728578018276744
P11549,Hoodie,Linen,Autumn,0.2775412652471191,0.8220000000000001,0.6399999999999999,0.39263803680981596,0.08262711864406769,0.6887835703001581,0.8048780487804879,Central,S,0.4446536361023282,0.13779614924496136
P11550,Dress,Rayon,Spring,0.5796838141969456,0.152,0.44000000000000017,0.20040899795501024,0.2860169491525424,0.7951553449183782,0.5853658536585367,East,S,0.557703363035355,0.4573655421233198
P11551,Dress,Wool,Autumn,0.49792492732718346,0.038,0.08000000000000007,0.8957055214723928,0.47245762711864403,0.5781990521327015,0.6097560975609757,West,XL,0.7347130401456357,0.45619306997446346
P11552,Sweater,Polyester,Autumn,0.4375474381060661,0.72,0.7600000000000002,0.22903885480572597,0.35381355932203395,0.5139547130068458,0.04878048780487804,North,M,0.4120580626616843,0.25695357072799885
P11553,Trousers,Wool,Winter,0.6678454675153297,0.28,0.8,0.21676891615541924,0.4555084745762712,0.6919431279620855,0.4634146341463415,Central,L,0.28054517581680555,0.5348441299396903
P11554,Trousers,Cotton,Summer,0.6666675852468671,0.7140000000000001,0.72,0.047034764826175884,0.5911016949152543,0.382306477093207,0.7317073170731709,Central,L,0.41040528887611377,0.4320975233296333
P11555,Dress,Wool,Winter,0.32171185031446936,0.556,0.20000000000000018,0.572597137014315,0.5741525423728815,0.8941548183254346,0.0,West,M,0.48620772252562994,0.23488759378760174
P11556,Shirt,Linen,Winter,0.46614100258567204,0.10800000000000001,0.6800000000000002,0.9959100204498978,0.5911016949152543,0.2122169562927857,0.6097560975609757,South,L,0.23590591166043878,0.43581137295255806
P11557,Jeans,Linen,Spring,0.5537042665163344,0.932,0.0,0.8916155419222905,0.777542372881356,0.8846761453396527,0.5853658536585367,South,L,0.5148270575835967,0.32850257543515193
P11558,Sweater,Wool,Winter,0.4489766754115502,0.452,0.32000000000000006,0.41513292433537835,0.31991525423728806,0.6440231700895209,0.2439024390243903,South,S,0.5828734310625658,0.3075172910309688
P11559,Jeans,Linen,Summer,0.6111118547236543,0.7340000000000001,0.40000000000000013,0.02044989775051125,0.43855932203389836,0.6008425487098474,0.3658536585365854,North,XL,0.35213183865095327,0.3650311341251383
P11560,Jeans,Polyester,Autumn,0.5537011170985043,0.502,0.8399999999999999,0.7137014314928426,0.1673728813559321,0.4702474986835176,0.4634146341463415,South,XL,0.45808182427900734,0.3379218426647402
P11561,Trousers,Rayon,Winter,0.8468552275611851,0.604,0.40000000000000013,0.6441717791411044,0.6080508474576272,0.15481832543443919,1.0,West,M,0.5978537894030851,0.5949970585874412
P11562,Trousers,Wool,Autumn,0.21139404256123262,0.302,0.0,0.4171779141104295,0.5572033898305082,0.8651922064244341,0.902439024390244,Central,M,0.49597106448213085,0.17860143944167833
P11563,Shirt,Polyester,Winter,0.47742851608880094,0.2,0.3600000000000001,0.8793456032719837,1.0,0.05265929436545551,0.024390243902439046,West,XL,0.5230813452141418,0.5028085553680606
P11564,Jeans,Rayon,Autumn,0.32888937354929937,0.542,0.4800000000000002,0.8343558282208591,0.6588983050847457,0.27014218009478674,0.6829268292682928,West,L,0.48556098495736316,0.25063848844038256
P11565,Jeans,Rayon,Winter,0.6147179381391349,0.44,0.9600000000000002,0.049079754601227,0.6588983050847457,0.10953133228014746,0.14634146341463422,East,M,0.513595860879563,0.4927406543300976
P11566,Dress,Polyester,Spring,0.19497612741284778,0.39,0.9600000000000002,0.81799591002045,0.5741525423728815,0.10689836756187467,0.9512195121951221,North,S,0.7274935326243173,0.15904466750032323
P11567,Trousers,Denim,Autumn,0.5660058925607601,0.672,0.20000000000000018,0.2842535787321064,0.15042372881355925,0.3907319641916799,0.5853658536585367,Central,XL,0.5831512886844878,0.306359950115548
P11568,Jeans,Wool,Winter,0.38150669723701575,0.6900000000000001,0.20000000000000018,0.24948875255623726,0.5233050847457625,0.1606108478146393,0.07317073170731708,East,L,0.20801475519785376,0.24846053342707752
P11569,Jacket,Rayon,Winter,0.3618322840522929,0.046,0.15999999999999992,0.8895705521472393,0.47245762711864403,0.5818852027382835,0.8048780487804879,North,S,0.5243412858100986,0.3308731436085025
P11570,Shirt,Rayon,Spring,0.2272261659932162,0.33799999999999997,0.8,0.02044989775051125,0.4555084745762712,0.6276987888362296,0.5853658536585367,Central,XL,0.7541343297882532,0.18033391605945773
P11571,Hoodie,Linen,Spring,0.4126796349194851,0.41200000000000003,0.0,0.5419222903885481,0.3029661016949152,0.8825697735650344,0.17073170731707316,East,XL,0.5075548529270862,0.2875962780539269
P11572,Jacket,Rayon,Spring,0.7054967576743437,0.096,0.11999999999999988,0.16359918200409,0.5572033898305082,0.29963138493944186,0.7560975609756098,South,L,0.24084027977388134,0.6525801580812047
P11573,Jacket,Polyester,Autumn,0.49580536912751677,0.23600000000000002,0.52,0.9059304703476484,0.777542372881356,0.30911005792522384,0.4146341463414634,West,M,0.3537367059499856,0.4697084365109816
P11574,Hoodie,Rayon,Autumn,0.6191743643687463,0.052000000000000005,0.2400000000000002,0.6319018404907977,0.6588983050847457,0.24644549763033174,0.9512195121951221,South,S,0.4863226980933218,0.612768072125083
P11575,Sweater,Denim,Spring,0.49831545513811765,0.996,0.08000000000000007,0.22085889570552147,0.5741525423728815,0.7819905213270143,0.2439024390243903,Central,S,0.3865766024719747,0.25839709039775893
P11576,Sweater,Wool,Summer,0.5504036766303748,0.736,0.3600000000000001,0.4233128834355829,0.3707627118644068,0.4281200631911533,0.878048780487805,East,S,0.7335824470633323,0.3190461002544924
P11577,Shirt,Wool,Summer,0.3949704584607535,0.08800000000000001,0.28000000000000025,0.6503067484662578,0.40466101694915246,0.5529225908372829,0.9268292682926831,East,XL,0.34768132605154733,0.3427556764202101
P11578,Jacket,Rayon,Winter,0.588858068336068,0.02,0.52,0.4969325153374234,0.5233050847457625,0.37493417588204314,0.853658536585366,East,L,0.49390629491233107,0.5569055178994554
P11579,Jeans,Cotton,Summer,0.3977104519729528,0.72,0.9600000000000002,0.5623721881390594,0.40466101694915246,0.15692469720905744,0.21951219512195125,West,L,0.49972214237807794,0.2402524346154598
P11580,Trousers,Cotton,Winter,0.4052470088404158,0.44,0.11999999999999988,0.5316973415132925,0.5572033898305082,0.10268562401263824,0.12195121951219517,East,XL,0.7229903228897192,0.3128353242563792
P11581,Shirt,Polyester,Autumn,0.21335612986939367,0.7859999999999999,0.3600000000000001,0.605316973415133,0.3029661016949152,0.8688783570300159,0.3658536585365854,North,S,0.4878269617706237,0.12351407566866905
P11582,Dress,Cotton,Autumn,0.6755930353774104,0.924,0.9199999999999999,0.7627811860940696,0.5572033898305082,0.26540284360189575,0.5853658536585367,North,S,0.6640557631503305,0.3653318735909969
P11583,Hoodie,Polyester,Summer,0.42762362252337655,0.6,0.8800000000000001,0.12678936605316973,0.5233050847457625,0.9420747761979991,0.8048780487804879,North,L,0.46408450704225346,0.2943794859766209
P11584,Jacket,Linen,Autumn,0.5349746786806459,0.188,0.40000000000000013,0.37423312883435583,0.23516949152542366,0.9478672985781992,0.7317073170731709,South,M,0.4829692440356424,0.40401254017094423
P11585,Shirt,Polyester,Spring,0.30480262598458674,0.782,0.6800000000000002,0.06339468302658488,0.3707627118644068,0.47919957872564506,0.17073170731707316,Central,XL,0.4470297978346267,0.17650913713173927
P11586,T-Shirt,Cotton,Spring,0.49831545513811765,0.956,0.08000000000000007,0.5766871165644173,0.40466101694915246,0.958925750394945,0.39024390243902446,South,M,0.2503545080003832,0.24825063097243427
P11587,T-Shirt,Rayon,Summer,0.35658535394732277,0.58,0.72,0.6605316973415134,0.6080508474576272,0.028436018957345974,0.3170731707317073,South,S,0.6452380952380952,0.25930228543142025
P11588,Sweater,Linen,Summer,0.4737846396593589,0.682,0.9600000000000002,0.736196319018405,0.5741525423728815,0.0916271721958926,0.7073170731707319,West,XL,0.603976238382677,0.3147005092329794
P11589,Hoodie,Cotton,Winter,0.6664439765809289,0.33799999999999997,0.52,0.8813905930470349,0.48940677966101687,0.24328593996840442,0.4146341463414634,South,XL,0.49804062470058436,0.5250312273930691
P11590,Trousers,Polyester,Autumn,0.49831545513811765,0.38200000000000006,0.4800000000000002,0.01226993865030675,0.625,0.20905739863085832,0.853658536585366,West,M,0.4333524959279486,0.408353467795923
P11591,Jeans,Denim,Winter,0.4964006090974083,0.7340000000000001,0.20000000000000018,0.35378323108384463,0.3707627118644068,0.2527646129541864,0.48780487804878053,North,XL,0.3236466417552936,0.289352121264979
P11592,Trousers,Wool,Winter,0.16644870070767423,0.9279999999999999,0.6399999999999999,0.9427402862985687,0.4216101694915253,0.45234333859926285,0.7317073170731709,North,L,0.4224058637539522,0.09502890859355831
P11593,Trousers,Cotton,Spring,0.9999999999999999,0.628,0.6000000000000001,0.7321063394683027,0.7944915254237288,0.06319115323854661,0.7804878048780488,South,M,0.49561655648174757,0.7472660589764877
P11594,Trousers,Polyester,Spring,0.49831545513811765,0.79,0.6399999999999999,0.9631901840490799,0.3707627118644068,0.5555555555555557,0.5365853658536586,South,L,0.5459423205902079,0.27880847936461917
P11595,Hoodie,Linen,Spring,0.6371228965825666,0.172,0.52,0.7505112474437629,0.35381355932203395,0.30963665086887837,0.902439024390244,North,S,0.5677110280732011,0.5144966890380713
P11596,Trousers,Cotton,Spring,0.35823564889030257,0.212,0.56,0.2965235173824131,0.23516949152542366,0.07161664033701949,0.09756097560975613,East,M,0.36946440548050197,0.26960596085267124
P11597,Dress,Cotton,Winter,0.4790977075387614,0.532,0.6000000000000001,0.5132924335378324,0.18432203389830515,0.7535545023696684,0.34146341463414637,North,XL,0.3755245760275941,0.2911908885963186
P11598,Hoodie,Wool,Spring,0.39787737111794885,0.17600000000000002,0.20000000000000018,0.3374233128834356,0.3707627118644068,0.6540284360189574,0.7073170731707319,East,M,0.49011689182715334,0.32533270605688885
P11599,Dress,Polyester,Autumn,0.7393876429442017,0.634,0.20000000000000018,0.20858895705521474,0.47245762711864403,0.7941021590310691,0.3658536585365854,North,L,0.45150426367730184,0.47935945966514226
P11600,Hoodie,Denim,Spring,0.5501674702931163,0.292,0.28000000000000025,0.9959100204498978,0.5572033898305082,0.9399684044233809,0.9512195121951221,Central,L,0.597801092267893,0.4597654549674152
P11601,Sweater,Linen,Spring,0.3523840305619506,0.792,0.72,0.39263803680981596,0.2860169491525424,0.5860979462875199,0.6829268292682928,West,S,0.29889336016096574,0.1929284106122633
P11602,Shirt,Polyester,Spring,0.4116088328572463,0.8079999999999999,0.6000000000000001,0.032719836400818006,0.625,0.7872564507635599,0.6585365853658538,West,XL,0.5834818434416019,0.2564901581000568
P11603,T-Shirt,Linen,Summer,0.712428626318425,0.46399999999999997,0.8399999999999999,0.18200408997955012,0.5911016949152543,0.1990521327014218,0.12195121951219517,Central,XL,0.5092315799559259,0.5452768673405572
P11604,Trousers,Cotton,Autumn,0.8029271476667537,0.18,0.28000000000000025,0.7566462167689163,0.6080508474576272,0.41074249605055296,0.09756097560975613,East,S,0.4116700201207243,0.7275718160585746
P11605,Sweater,Wool,Autumn,0.7893657544902823,0.6459999999999999,0.9199999999999999,0.17382413087934562,0.5402542372881354,0.530279094260137,0.902439024390244,South,L,0.5467519402127048,0.5230749821575472
P11606,Shirt,Wool,Winter,0.643616996148262,0.9920000000000001,0.7600000000000002,0.20858895705521474,0.2521186440677965,0.5413375460768827,0.5853658536585367,South,XL,0.5855897288492862,0.284417280325001
P11607,T-Shirt,Rayon,Winter,0.4528284134177797,0.622,0.40000000000000013,0.16564417177914112,0.4555084745762712,0.7187993680884678,0.6585365853658538,West,XL,0.22705758359681896,0.29752358264744194
P11608,Jacket,Denim,Spring,0.0,0.036000000000000004,0.08000000000000007,0.2556237218813906,0.5572033898305082,0.7962085308056874,0.0,South,L,0.7806266168439207,0.001106192385348162
P11609,Jeans,Wool,Summer,0.5567182593797536,0.018000000000000002,0.2400000000000002,0.07566462167689163,0.31991525423728806,0.6671932596103213,0.3170731707317073,East,S,0.49433745329117557,0.4775785631003689
P11610,Dress,Cotton,Winter,0.5002177035075066,0.32,0.9600000000000002,0.7096114519427404,0.43855932203389836,0.047393364928909956,0.43902439024390244,South,L,0.5667864328830123,0.39017592018487685
P11611,Jacket,Denim,Winter,0.5270160998239475,0.196,0.32000000000000006,0.4335378323108385,0.5741525423728815,0.3512374934175882,0.7317073170731709,North,XL,0.5628916355274504,0.4673533716505774
P11612,Hoodie,Polyester,Spring,0.5107493567314082,0.8140000000000001,0.32000000000000006,0.6503067484662578,0.6419491525423728,0.572933122696156,0.34146341463414637,Central,M,0.5245999808374053,0.31639979635840326
P11613,T-Shirt,Wool,Spring,0.24994606621965934,0.8440000000000001,0.20000000000000018,0.9918200408997957,0.5233050847457625,0.5081621906266457,0.43902439024390244,West,S,0.4255341573249017,0.15006140304138785
P11614,Jacket,Denim,Winter,0.6058964187969853,0.258,0.8,0.458077709611452,0.4216101694915253,0.04476040021063718,0.902439024390244,South,M,0.51379227747437,0.4836791539527097
P11615,Jeans,Cotton,Winter,0.6200310060185373,0.326,0.28000000000000025,0.4519427402862986,0.5233050847457625,0.9810426540284362,0.7560975609756098,East,L,0.5010683146498035,0.5000139901896028
P11616,Sweater,Rayon,Autumn,0.6295013054336905,0.23600000000000002,0.32000000000000006,0.8691206543967281,0.3877118644067796,0.9568193786203266,0.7317073170731709,South,S,0.5413624604771485,0.4999379867482146
P11617,T-Shirt,Linen,Summer,0.6794353251301496,0.908,0.40000000000000013,0.5030674846625768,0.15042372881355925,0.7740916271721959,0.878048780487805,Central,S,0.72057583596819,0.30516356565680314
P11618,Jacket,Linen,Autumn,0.6147084898856446,0.502,0.44000000000000017,0.27607361963190186,0.5911016949152543,0.05529225908372827,0.6097560975609757,North,S,0.4567452333045894,0.46041756151788993
P11619,Dress,Cotton,Winter,0.423082162012352,0.6559999999999999,0.40000000000000013,0.5828220858895706,0.5402542372881354,0.4302264349657715,0.9756097560975612,West,L,0.3686164606687745,0.28290162684076414
P11620,Dress,Cotton,Autumn,0.4871791136908342,0.41600000000000004,0.52,0.47034764826175873,0.7266949152542375,0.41021590310689837,0.5853658536585367,West,S,0.5069512311967039,0.40871639415067196
P11621,Shirt,Linen,Autumn,0.517782006746053,0.632,0.8,0.6523517382413089,0.35381355932203395,0.5581885202738284,0.9512195121951221,East,S,0.3948117275079045,0.32068126567757016
P11622,Jacket,Rayon,Winter,0.5209156774870165,0.386,0.8,0.016359918200409,0.26906779661016955,0.05581885202738285,0.17073170731707316,North,XL,0.3407780013413816,0.35988343889973207
P11623,Trousers,Denim,Spring,0.689192221567843,0.34,0.8,0.458077709611452,0.6080508474576272,0.42390731964191686,0.07317073170731708,South,S,0.3939398294529079,0.572378990069049
P11624,Jacket,Linen,Winter,0.6221946560678258,0.634,0.11999999999999988,0.638036809815951,0.4555084745762712,0.7582938388625594,0.7317073170731709,South,XL,0.3001533007569224,0.4017731672330709
P11625,Sweater,Cotton,Spring,0.893110727232071,0.5920000000000001,0.8,0.21676891615541924,0.5063559322033897,0.9984202211690366,0.7560975609756098,East,S,0.3157516527737855,0.603411959191113
P11626,T-Shirt,Wool,Winter,0.917509267161965,0.294,0.11999999999999988,0.3803680981595092,0.3368644067796609,0.5955766192733019,0.8048780487804879,North,L,0.7104771486059211,0.6851403151523376
P11627,T-Shirt,Polyester,Winter,0.5156152072789345,0.15,0.11999999999999988,0.4498977505112475,0.777542372881356,0.94102159031069,0.04878048780487804,East,S,0.65216537319153,0.5108764298147411
P11628,Sweater,Rayon,Winter,0.0,0.368,0.9600000000000002,0.19222903885480574,0.7436440677966103,0.998946814112691,0.9756097560975612,Central,S,0.49580339177924687,0.0036431793211900466
P11629,Jacket,Rayon,Summer,0.7342824366415867,0.41600000000000004,0.8,0.3967280163599182,0.4216101694915253,0.4349657714586625,0.6097560975609757,Central,L,0.34488358723771195,0.5344377198927894
P11630,Sweater,Wool,Spring,0.39845056516302957,0.628,0.56,0.4928425357873211,0.31991525423728806,0.6692996313849396,0.07317073170731708,South,S,0.23075596435757398,0.24596834486432542
P11631,Jeans,Wool,Summer,0.34911178543646204,0.914,0.52,0.4683026584867076,0.5911016949152543,0.21327014218009477,0.024390243902439046,Central,M,0.4599645491999616,0.19947095750742844
P11632,Hoodie,Cotton,Winter,0.4252710074042813,0.036000000000000004,1.0,0.6748466257668713,0.7436440677966103,0.47604002106371773,0.43902439024390244,East,S,0.5938679697231004,0.43946514413715304
P11633,Sweater,Linen,Autumn,0.4161628910395913,0.244,0.6000000000000001,0.008179959100204501,0.7266949152542375,0.0784623486045287,0.5365853658536586,West,S,0.4832183577656414,0.38475328300635475
P11634,Dress,Denim,Summer,0.6162611528758908,0.19399999999999998,0.6000000000000001,0.7157464212678938,0.6588983050847457,0.028962611901000537,0.5853658536585367,Central,XL,0.6358867490658234,0.5674602477692344
P11635,Sweater,Rayon,Spring,0.20588571077636303,0.502,0.7600000000000002,0.9550102249488754,0.6080508474576272,0.89362822538178,0.14634146341463422,East,XL,0.4388713231771581,0.15999810884387355
P11636,T-Shirt,Rayon,Winter,0.29691333432015093,0.43,0.2400000000000002,0.006134969325153377,0.7436440677966103,0.8588730911005793,0.17073170731707316,West,M,0.4591166043882341,0.25055474574517156
P11637,Dress,Wool,Summer,0.5654106525908685,0.73,0.15999999999999992,0.537832310838446,0.3707627118644068,0.31226961558715116,0.04878048780487804,West,L,0.5779103190572003,0.3288343711375046
P11638,T-Shirt,Linen,Autumn,0.6182799297049939,0.242,0.7600000000000002,0.8691206543967281,0.6588983050847457,0.4570826750921538,0.5365853658536586,Central,S,0.3082447063332375,0.5549223837179593
P11639,Shirt,Rayon,Summer,0.6217915305855712,0.594,0.3600000000000001,0.5153374233128836,0.5233050847457625,0.4939441811479727,0.7804878048780488,North,XL,0.5294912331129634,0.42560813419389865
P11640,Trousers,Denim,Spring,0.35184233069517096,0.8840000000000001,0.11999999999999988,0.33128834355828224,0.7097457627118642,0.520800421274355,0.6585365853658538,Central,M,0.52257832710549,0.21566899251088284
P11641,T-Shirt,Wool,Summer,0.31570591051244173,0.91,0.32000000000000006,0.28629856850715746,0.5233050847457625,0.1348077935755661,0.5121951219512195,Central,L,0.46719363801858765,0.17724126558231781
P11642,Dress,Denim,Autumn,0.40482813626901065,0.958,0.3600000000000001,0.7934560327198366,0.7436440677966103,0.7756714060031598,0.8292682926829269,North,XL,0.6929385838842579,0.23500913976110116
P11643,Shirt,Linen,Autumn,0.49831545513811765,0.774,0.9600000000000002,0.6032719836400819,0.7266949152542375,0.3480779357556609,0.8048780487804879,Central,L,0.5995688416211554,0.32979624628329773
P11644,T-Shirt,Rayon,Spring,0.781268601249059,0.9059999999999999,0.6800000000000002,0.036809815950920255,0.48940677966101687,0.03159557661927331,0.7073170731707319,East,M,0.27293762575452707,0.41399749228331895
P11645,Jeans,Polyester,Autumn,0.1136707567106221,0.23399999999999999,0.52,0.16564417177914112,0.4555084745762712,0.6766719325961033,0.853658536585366,North,L,0.44571716010347795,0.09747399189025421
P11646,Sweater,Rayon,Winter,0.4588532497267879,0.198,0.9600000000000002,0.98159509202454,0.9131355932203391,0.8304370721432334,0.3170731707317073,East,L,0.4003832518923061,0.46801465616231636
P11647,Trousers,Linen,Autumn,0.2487335403550654,0.006,0.9199999999999999,0.7770961145194275,0.8453389830508473,0.9183780937335442,0.1951219512195122,West,M,0.4837070039283318,0.27038521937460674
P11648,T-Shirt,Rayon,Winter,0.1883466028804576,0.706,0.52,0.006134969325153377,0.7097457627118642,0.6745655608214851,0.5121951219512195,North,L,0.3585608891443901,0.1356435700542869
P11649,Shirt,Rayon,Summer,0.683283913718549,0.938,0.9199999999999999,0.25971370143149286,0.21822033898305082,0.1911532385466035,0.6585365853658538,West,M,0.34874485005269706,0.3100992499770055
P11650,Jeans,Cotton,Winter,0.6034776659034576,0.18600000000000003,0.40000000000000013,0.3803680981595092,0.5572033898305082,0.5903106898367564,0.9756097560975612,South,L,0.4764300086231675,0.5334103339478102
P11651,Jacket,Rayon,Winter,0.5854913406756761,0.636,0.2400000000000002,0.2965235173824131,0.3029661016949152,0.9120589784096894,0.3170731707317073,South,XL,0.5121155504455303,0.35121487929095735
P11652,Shirt,Rayon,Summer,0.6746072675965846,0.746,0.2400000000000002,0.30879345603271985,0.6080508474576272,0.35071090047393366,0.34146341463414637,East,XL,0.3823081345214141,0.4301329683183722
P11653,Sweater,Denim,Autumn,0.40991444606464494,0.9279999999999999,0.6800000000000002,0.7402862985685073,0.3877118644067796,0.9536598209583992,0.878048780487805,West,XL,0.36572290888186254,0.21000482611930696
P11654,Shirt,Polyester,Winter,0.41881155143471727,0.6459999999999999,0.52,0.18813905930470348,0.625,0.09794628751974725,0.5609756097560976,West,XL,0.2729472070518348,0.29243621391337254
P11655,Jeans,Denim,Autumn,0.9135913913813031,0.97,0.6399999999999999,0.06134969325153375,0.4216101694915253,0.7282780410742498,0.8048780487804879,North,M,0.546325572482514,0.44091444344197955
P11656,Shirt,Denim,Summer,0.4539716520901111,0.344,0.52,0.6400817995910022,0.35381355932203395,0.12006319115323856,0.04878048780487804,South,L,0.44407396761521506,0.3361308999531775
P11657,Jeans,Wool,Spring,0.6394786611194919,0.35000000000000003,0.040000000000000036,0.05521472392638038,0.4216101694915253,0.7993680884676146,0.5365853658536586,East,M,0.4147791510970585,0.4847018268905533
P11658,T-Shirt,Cotton,Autumn,0.5017703664977529,0.544,0.040000000000000036,0.278118609406953,0.7097457627118642,0.09794628751974725,0.4634146341463415,East,S,0.6203075596435756,0.3863539938667405
P11659,Hoodie,Denim,Autumn,0.15130629978048563,0.384,0.52,0.8752556237218815,0.9131355932203391,0.3259610321221696,0.34146341463414637,North,L,0.13330938009006416,0.1407473847027298
P11660,Jeans,Linen,Spring,0.11419985890608127,0.002,0.20000000000000018,0.18200408997955012,0.3368644067796609,0.7772511848341234,0.3658536585365854,North,M,0.576027594136246,0.10236331510342174
P11661,Jeans,Linen,Spring,0.3911565134684853,0.7320000000000001,0.6399999999999999,0.098159509202454,0.23516949152542366,0.4602422327540811,0.14634146341463422,East,L,0.7048146018970969,0.21640404798694568
P11662,Trousers,Rayon,Summer,0.7001301496918293,0.752,0.56,0.7484662576687118,0.3029661016949152,0.883096366508689,0.7804878048780488,North,L,0.1998993963782696,0.38456692078208926
P11663,Jeans,Wool,Autumn,0.6495221545797258,0.746,0.6000000000000001,0.5255623721881392,0.6419491525423728,0.4017904160084256,0.43902439024390244,West,S,0.2195123119670403,0.42066128748837495
P11664,Jeans,Cotton,Autumn,0.6732939603614271,0.34600000000000003,0.32000000000000006,0.010224948875255626,0.21822033898305082,0.9952606635071092,0.4146341463414634,East,XL,0.291851106639839,0.46071276940168915
P11665,Jacket,Cotton,Summer,0.3140461673159716,0.522,0.6399999999999999,0.0572597137014315,0.43855932203389836,0.018430753027909433,0.9756097560975612,Central,L,0.32733065057008714,0.22091660348756573
P11666,Hoodie,Polyester,Autumn,0.8059064969340416,0.36,0.8399999999999999,0.8364008179959102,0.5063559322033897,0.6966824644549764,0.4146341463414634,South,L,0.6443087093992526,0.6306582255220547
P11667,T-Shirt,Linen,Winter,0.31823174361219325,0.016,1.0,0.3169734151329244,0.5741525423728815,0.9162717219589258,0.04878048780487804,South,S,0.4618472741209159,0.30892598405852617
P11668,Sweater,Polyester,Winter,0.5407790557415462,0.562,0.8399999999999999,0.5357873210633948,0.2860169491525424,0.5360716166403371,0.04878048780487804,Central,M,0.7924691003161826,0.3385070989297902
P11669,Trousers,Polyester,Winter,0.4986083509963183,0.12400000000000001,0.56,0.06748466257668713,0.6419491525423728,0.9889415481832545,0.853658536585366,Central,XL,0.4467854747532815,0.47277156868027165
P11670,Jacket,Rayon,Autumn,0.4677094126650688,0.08,0.20000000000000018,0.8977505112474439,0.625,0.7082675092153766,0.3658536585365854,West,M,0.4584219603334291,0.4499777546063195
P11671,Dress,Wool,Winter,0.7535127819122633,0.756,0.52,0.4826175869120655,0.4555084745762712,0.4296998420221169,0.5365853658536586,East,M,0.6911372999904186,0.4436495751199262
P11672,Hoodie,Linen,Winter,0.3673217193301818,0.01,0.9199999999999999,0.2801635991820041,0.5402542372881354,0.5155344918378094,0.5365853658536586,North,M,0.13318482322506464,0.3521635580167705
P11673,T-Shirt,Linen,Summer,0.2455368812574996,0.96,0.20000000000000018,0.7505112474437629,0.5741525423728815,0.8778304370721435,0.34146341463414637,South,XL,0.5162594615310911,0.13828766627861253
P11674,T-Shirt,Polyester,Summer,0.5043434408649561,0.516,0.2400000000000002,0.997955010224949,0.4216101694915253,0.9578725645076359,0.1951219512195122,Central,M,0.5787295199770048,0.34792291822257915
P11675,Dress,Polyester,Spring,0.4250096057243818,0.9840000000000001,0.15999999999999992,0.9959100204498978,0.5233050847457625,0.5560821484992102,0.9512195121951221,East,M,0.6608268659576506,0.22001902368122372
P11676,Sweater,Cotton,Spring,0.9999999999999999,0.057999999999999996,0.72,0.11451942740286301,0.2860169491525424,0.3075302790942602,0.902439024390244,North,XL,0.6290983999233495,0.8231597121037266
P11677,Jeans,Wool,Spring,0.6283990091931506,0.584,0.40000000000000013,0.3558282208588957,0.43855932203389836,0.23959978936282256,0.4146341463414634,South,XL,0.5382293762575452,0.41615932385115983
P11678,Jacket,Wool,Spring,0.4232144375612168,0.35000000000000003,0.08000000000000007,0.4355828220858896,0.35381355932203395,0.4770932069510269,0.902439024390244,East,S,0.6867538564721662,0.3128301647538307
P11679,Shirt,Linen,Summer,0.3009949798279788,0.8440000000000001,0.8800000000000001,0.05316973415132925,0.3877118644067796,0.2964718272775145,0.12195121951219517,South,M,0.6971160295103955,0.16824453184509466
P11680,Trousers,Cotton,Summer,0.14525626812883644,0.36200000000000004,0.56,0.6012269938650308,0.5233050847457625,0.42127435492364407,0.878048780487805,West,S,0.5939206668582926,0.11929003062065542
P11681,Shirt,Rayon,Summer,0.30683400048501036,0.26,0.32000000000000006,0.8282208588957056,0.625,0.8346498156924699,0.12195121951219517,South,L,0.3551355753569033,0.2704071720657388
P11682,Dress,Wool,Winter,0.5222856742431161,0.858,0.3600000000000001,0.24130879345603273,0.6927966101694913,0.472353870458136,0.48780487804878053,West,S,0.522357957267414,0.3190038072167748
P11683,T-Shirt,Cotton,Winter,0.770280282439791,0.374,0.28000000000000025,0.29856850715746425,0.26906779661016955,0.6413902053712481,0.7073170731707319,West,S,0.6185685541822362,0.5316083528774297
P11684,Sweater,Cotton,Spring,0.7125231088533285,0.016,0.44000000000000017,0.7259713701431494,0.35381355932203395,0.09004739336492891,0.6585365853658538,West,S,0.46060649611957455,0.6214150511222365
P11685,T-Shirt,Linen,Winter,0.5438560369615676,0.39,0.32000000000000006,0.539877300613497,0.8283898305084745,0.7625065824117958,0.4634146341463415,North,S,0.6009485484334578,0.4823791329475811
P11686,Trousers,Cotton,Autumn,0.43949692774290666,0.654,0.56,0.8220858895705523,0.6080508474576272,0.48341232227488157,0.43902439024390244,North,M,0.49074446680080475,0.30261779764450847
P11687,T-Shirt,Polyester,Summer,0.5513610996507295,0.254,0.7600000000000002,0.5255623721881392,0.5233050847457625,0.36124275934702477,0.3170731707317073,West,L,0.41888473699338885,0.4631884128288649
P11688,T-Shirt,Polyester,Spring,0.40256055543132846,0.43200000000000005,0.6800000000000002,0.7096114519427404,0.6588983050847457,0.6113744075829385,0.0,East,L,0.5220561464022228,0.32612783997128136
P11689,Trousers,Denim,Spring,0.8252754165892433,0.055999999999999994,0.28000000000000025,0.3844580777096115,0.9470338983050848,0.10215903106898368,0.6341463414634148,West,XL,0.30381814697710063,0.9188495331295131
P11690,Jacket,Linen,Autumn,0.464815097679194,0.588,0.52,0.6421267893660533,0.1673728813559321,0.41442864665613477,0.7560975609756098,East,L,0.5368688320398581,0.2706971460310874
P11691,Jacket,Rayon,Winter,0.48425015510882813,0.756,0.8399999999999999,0.47034764826175873,0.5911016949152543,0.8114797261716694,0.6829268292682928,South,S,0.3976382102136629,0.30718911690252043
P11692,Trousers,Denim,Spring,0.0818521883729793,0.414,0.08000000000000007,0.9591002044989776,0.6419491525423728,0.26224328593996843,0.7317073170731709,North,XL,0.5836111909552553,0.07081915834424023
P11693,Sweater,Polyester,Winter,0.4636340659929012,0.42,0.08000000000000007,0.4028629856850716,0.7605932203389831,0.9146919431279623,0.5853658536585367,East,S,0.3372520839321643,0.3936893429780311
P11694,Dress,Denim,Winter,0.6586302709444158,0.08800000000000001,0.56,0.4867075664621677,0.3368644067796609,0.6040021063717748,0.14634146341463422,East,M,0.7758215962441313,0.5500855981317044
P11695,Hoodie,Linen,Autumn,0.2988029850182194,0.20199999999999999,0.6399999999999999,0.6666666666666667,0.3368644067796609,0.5408109531332281,0.9268292682926831,East,M,0.3534971735172942,0.2386906432718946
P11696,T-Shirt,Linen,Spring,0.3587049121469896,0.154,0.20000000000000018,0.1411042944785276,0.4555084745762712,0.39968404423380727,0.3658536585365854,Central,L,0.6236658043499089,0.3090409814326371
P11697,Sweater,Cotton,Winter,0.6503598997225363,0.48200000000000004,0.7600000000000002,0.850715746421268,0.3877118644067796,0.7424960505529227,0.2439024390243903,North,S,0.47906007473411893,0.44819809830658175
P11698,T-Shirt,Wool,Winter,0.22152886913853978,0.53,0.6399999999999999,0.5132924335378324,0.4216101694915253,0.5645076355976831,0.4146341463414634,Central,S,0.575385647216633,0.15662503444216003
P11699,Hoodie,Cotton,Autumn,0.700451390310501,0.948,0.9199999999999999,0.9427402862985687,0.6419491525423728,0.7967351237493419,1.0,West,S,0.6058110568170929,0.38439856720614224
P11700,Dress,Linen,Autumn,0.40000637757110596,0.07400000000000001,0.15999999999999992,0.39263803680981596,0.5741525423728815,0.3317535545023697,0.09756097560975613,East,XL,0.47182619526683905,0.3776197746269754
P11701,Jacket,Polyester,Winter,0.4271386121775389,0.6,0.7600000000000002,0.049079754601227,0.2860169491525424,0.7024749868351765,0.024390243902439046,North,XL,0.4767461914343202,0.26325957427555374
P11702,Sweater,Rayon,Autumn,0.28818944693073484,0.526,0.08000000000000007,0.1411042944785276,0.5741525423728815,0.9441811479726173,0.21951219512195125,North,XL,0.47347417840375583,0.21505920380342652
P11703,Jeans,Polyester,Winter,0.5720023841092973,0.516,0.56,0.3169734151329244,0.3707627118644068,0.2801474460242233,0.6097560975609757,North,L,0.21879371466896613,0.38385964724282634
P11704,Jeans,Cotton,Spring,0.9653930158510198,0.8740000000000001,0.56,0.2965235173824131,0.6588983050847457,0.9815692469720908,0.5609756097560976,East,L,0.620408163265306,0.5640097808292928
P11705,Hoodie,Rayon,Summer,0.6482403415228695,0.20600000000000002,0.52,0.6503067484662578,0.5911016949152543,0.41074249605055296,0.6097560975609757,West,S,0.5065296541151671,0.5754965450681059
P11706,Jeans,Linen,Autumn,0.3372447790525921,0.04,0.8399999999999999,0.4458077709611452,0.08262711864406769,0.038441284886782515,0.3658536585365854,West,S,0.45167672702883965,0.25453634378400497
P11707,Jacket,Polyester,Summer,0.7151560221593037,0.672,0.0,0.098159509202454,0.3029661016949152,0.35808320168509744,0.5853658536585367,West,L,0.48166618760180124,0.4159178442487074
P11708,Hoodie,Linen,Winter,0.4407220512788211,0.34600000000000003,0.52,0.7730061349693252,0.5233050847457625,0.14955239599789366,0.902439024390244,Central,XL,0.4369263198237041,0.3530521831095547
P11709,Jacket,Rayon,Winter,0.7602934785004991,0.018000000000000002,0.20000000000000018,0.7750511247443764,0.777542372881356,0.30437072143233285,0.12195121951219517,East,XL,0.20732969244035637,0.8050683877179629
P11710,Dress,Rayon,Winter,0.6529991118641718,0.252,0.7600000000000002,0.3946830265848671,0.6927966101694913,0.09583991574512903,0.26829268292682934,South,XL,0.4376018012838938,0.5913578729196662
P11711,T-Shirt,Polyester,Summer,0.0,0.31,0.040000000000000036,0.07975460122699388,0.35381355932203395,0.17851500789889413,0.1951219512195122,Central,XL,0.4994778192967327,0.007090793651549621
P11712,Dress,Linen,Winter,0.310827462293595,0.616,0.8399999999999999,0.17177914110429449,0.43855932203389836,0.1269088994207478,1.0,North,XL,0.38390342052313875,0.206605061214025
P11713,Dress,Denim,Autumn,0.6790196019765746,0.172,0.8399999999999999,0.6993865030674847,0.7097457627118642,0.04370721432332808,0.17073170731707316,West,L,0.5079141515761234,0.6463699277997073
P11714,Jacket,Linen,Spring,0.5292206923050273,0.414,0.8399999999999999,0.9182004089979552,0.6080508474576272,0.2964718272775145,0.7317073170731709,North,M,0.6224441889431829,0.4222137520388717
P11715,Hoodie,Rayon,Spring,0.30711114925406036,0.48200000000000004,0.15999999999999992,0.6850715746421269,0.13347457627118642,0.9415481832543445,0.9756097560975612,Central,M,0.4149659863945578,0.19131440411069475
P11716,Hoodie,Linen,Autumn,0.3808390206570315,0.46,0.6399999999999999,0.006134969325153377,0.2521186440677965,0.9499736703528173,0.7560975609756098,West,M,0.29372904091213947,0.25247437835683934
P11717,Jeans,Cotton,Spring,0.14035262456734876,0.9740000000000001,0.0,0.5910020449897752,0.3368644067796609,0.8472880463401792,0.14634146341463422,East,S,0.5077129443326627,0.07775546458294202
P11718,Shirt,Denim,Summer,0.48386592613355417,0.046,0.8399999999999999,0.5030674846625768,0.21822033898305082,0.012111637704054767,0.7560975609756098,West,S,0.5618376928236083,0.3890800716099265
P11719,T-Shirt,Wool,Winter,0.9183060698729838,0.9500000000000001,0.72,0.008179959100204501,0.43855932203389836,0.027909426013691424,1.0,West,XL,0.7472693302673181,0.4548571060885999
P11720,Jacket,Cotton,Winter,0.6526684229920099,0.5820000000000001,0.52,0.4601226993865031,0.5063559322033897,0.010531858873091104,0.5853658536585367,West,S,0.4307751269521893,0.4463783318355892
P11721,Jeans,Wool,Winter,0.9144763777915651,0.7959999999999999,0.72,0.3047034764826176,0.9639830508474576,0.3670352817272249,0.7804878048780488,Central,L,0.5054421768707482,0.6456492345927579
P11722,Sweater,Polyester,Summer,0.6673069170663802,0.43,0.08000000000000007,0.4846625766871166,0.4555084745762712,0.9805160610847817,0.6585365853658538,West,M,0.675026348567596,0.49024323184889484
P11723,Shirt,Wool,Summer,0.6947225992775234,0.454,0.52,0.3006134969325154,0.47245762711864403,0.8973143759873619,0.2439024390243903,Central,L,0.3770192584075883,0.5067625699124998
P11724,Shirt,Linen,Summer,0.873596934356684,0.88,0.28000000000000025,0.20858895705521474,0.9300847457627119,0.2506582411795682,0.7317073170731709,North,L,0.5804876880329596,0.5685868549170704
P11725,Jacket,Wool,Autumn,0.571854361471282,0.8959999999999999,0.9600000000000002,0.3558282208588957,0.3707627118644068,0.41021590310689837,0.21951219512195125,East,L,0.5757353645683625,0.2926356733364151
P11726,Trousers,Rayon,Summer,0.46518357956531736,0.23800000000000002,0.8399999999999999,0.9406952965235175,0.8453389830508473,0.8246445497630334,0.024390243902439046,West,XL,0.5893647599885024,0.45244010239231247
P11727,T-Shirt,Cotton,Spring,0.6956989188048589,0.2,0.72,0.48057259713701433,0.8283898305084745,0.758820431806214,0.07317073170731708,Central,XL,0.4163073680176295,0.685626623072839
P11728,Shirt,Cotton,Autumn,0.7752878567896724,0.49600000000000005,0.9199999999999999,0.06748466257668713,0.5911016949152543,0.1327014218009479,0.5121951219512195,West,XL,0.36840088147935224,0.5810362880712996
P11729,Jacket,Wool,Autumn,0.4098672047971932,0.9,0.3600000000000001,0.34969325153374237,0.3029661016949152,0.10795155344918379,0.6585365853658538,West,S,0.46384018396090826,0.20647076531595854
P11730,Jacket,Cotton,Autumn,0.36421324393185917,0.322,0.9199999999999999,0.010224948875255626,0.6080508474576272,0.5439705107951555,0.21951219512195125,West,XL,0.49872089680942794,0.30769918830110576
P11731,Jeans,Rayon,Summer,0.5268019394114998,0.652,0.32000000000000006,0.8977505112474439,0.6588983050847457,0.10215903106898368,0.024390243902439046,South,S,0.30808661492766115,0.3693634047001679
P11732,Sweater,Cotton,Autumn,0.6576885950132118,0.708,0.72,0.5807770961145196,0.35381355932203395,0.8256977356503424,0.7317073170731709,East,L,0.5752850435949026,0.3834296225496455
P11733,Trousers,Wool,Summer,0.651374012263833,0.778,0.72,0.458077709611452,0.5063559322033897,0.253291205897841,1.0,East,M,0.6212273641851106,0.38778583023986424
P11734,T-Shirt,Denim,Summer,0.2314463858855691,0.564,0.0,0.10633946830265849,0.7266949152542375,0.1885202738283307,0.5365853658536586,Central,XL,0.32099262240107307,0.1807908048933119
P11735,Hoodie,Denim,Autumn,0.8617897669115863,0.402,0.3600000000000001,0.523517382413088,1.0,0.18588730911005796,0.3658536585365854,North,S,0.6297307655456548,0.8102159341115648
P11736,Dress,Polyester,Winter,0.3794060355443296,0.968,0.0,0.11860940695296525,0.4216101694915253,0.045286993154291744,0.1951219512195122,North,S,0.3328303152246814,0.1920537012931797
P11737,Sweater,Cotton,Winter,0.45047579829868445,0.612,1.0,0.8813905930470349,0.43855932203389836,0.6419167983149027,0.12195121951219517,North,XL,0.39579381048193923,0.29566727796849746
P11738,Sweater,Wool,Autumn,0.49831545513811765,0.728,0.11999999999999988,0.5010224948875257,0.5063559322033897,0.16482359136387575,0.5853658536585367,West,XL,0.5044313500047906,0.31050690028894207
P11739,Jeans,Cotton,Winter,0.9999999999999999,0.344,0.56,0.01226993865030675,0.5741525423728815,0.23328067403896785,0.07317073170731708,Central,L,0.5144629682859059,0.8137830355754646
P11740,Hoodie,Linen,Spring,0.5463062840333963,0.67,0.52,0.4355828220858896,0.5402542372881354,0.7514481305950501,0.26829268292682934,West,S,0.6951662355082877,0.3589844948018508
P11741,Shirt,Polyester,Spring,0.33975801448102316,0.258,0.20000000000000018,0.8486707566462169,0.5402542372881354,0.0573986308583465,0.5609756097560976,South,M,0.5916403180990706,0.2886822293138923
P11742,Shirt,Cotton,Summer,0.6638142126927836,0.24600000000000002,0.4800000000000002,0.15746421267893662,0.21822033898305082,0.20273828330700366,0.6341463414634148,Central,L,0.5402749832327296,0.4801366841524192
P11743,Jeans,Cotton,Winter,0.6459034734929248,0.7140000000000001,0.6000000000000001,0.3844580777096115,0.777542372881356,0.14955239599789366,0.04878048780487804,Central,S,0.4040960045990226,0.45336662998458793
P11744,Jacket,Denim,Spring,0.46508909703041384,0.522,0.15999999999999992,0.8997955010224951,0.7944915254237288,0.0047393364928910026,0.26829268292682934,Central,L,0.42878221711219694,0.3763039774505925
P11745,Shirt,Rayon,Autumn,0.659408177148454,0.684,0.7600000000000002,0.6257668711656442,0.6588983050847457,0.539757767245919,0.7073170731707319,South,L,0.3624125706620676,0.44991023457777557
P11746,Trousers,Wool,Winter,0.344611267357229,0.27,0.28000000000000025,0.4396728016359919,0.23516949152542366,0.19010005265929442,0.26829268292682934,Central,XL,0.4317763725208393,0.25211157602859396
P11747,T-Shirt,Cotton,Spring,0.49831545513811765,0.598,0.20000000000000018,0.8220858895705523,0.6588983050847457,0.6334913112164298,0.9756097560975612,South,M,0.7485340615119287,0.3627537098559695
P11748,Sweater,Denim,Spring,0.12070340672526689,0.444,0.56,0.5766871165644173,0.3877118644067796,0.501843075302791,1.0,North,M,0.48445913576698274,0.09197272190846825
P11749,Sweater,Polyester,Autumn,0.2503838352980452,0.596,0.40000000000000013,0.6503067484662578,0.3368644067796609,0.6682464454976305,0.9512195121951221,Central,S,0.5267126568937434,0.1630484910885965
P11750,Trousers,Rayon,Summer,0.8421436984873345,0.29,0.9199999999999999,0.9059304703476484,0.7436440677966103,0.9820958399157452,0.5121951219512195,West,L,0.4372568745808182,0.7624104888321079
P11751,Hoodie,Denim,Autumn,0.8107377038854368,0.716,0.8800000000000001,0.12269938650306751,0.9639830508474576,0.220115850447604,0.34146341463414637,East,XL,0.36598160390916923,0.6095871395827014
P11752,Shirt,Denim,Summer,0.5129948916442796,0.8059999999999999,0.4800000000000002,0.12269938650306751,0.5063559322033897,0.6661400737230122,0.6585365853658538,South,S,0.5217351729424163,0.30145929087995416
P11753,Sweater,Denim,Spring,0.8148004528862839,0.26,0.3600000000000001,0.43762781186094074,0.7097457627118642,0.8341232227488153,0.39024390243902446,North,S,0.5220082399156845,0.7394096001077939
P11754,Dress,Cotton,Summer,0.4703171306284033,0.3,0.32000000000000006,0.7791411042944787,0.4555084745762712,0.9578725645076359,0.5853658536585367,North,S,0.6673421481268564,0.3742285923557405
P11755,Hoodie,Cotton,Spring,0.45456689206000267,0.662,0.28000000000000025,0.0899795501022495,0.47245762711864403,0.6224328593996842,0.04878048780487804,East,M,0.43018108651911463,0.2930152936585447
P11756,T-Shirt,Polyester,Spring,0.5112438153307362,0.696,0.56,0.8261758691206545,0.5741525423728815,0.13112164296998424,0.853658536585366,Central,L,0.4373526875538947,0.3355068730031113
P11757,T-Shirt,Linen,Winter,0.47695925283211393,0.7040000000000001,0.8,0.34969325153374237,0.5233050847457625,0.05371248025276462,0.7317073170731709,West,L,0.389153971447734,0.30505032945904303
P11758,Sweater,Linen,Summer,0.4598988564463859,0.682,0.32000000000000006,0.4498977505112475,0.4216101694915253,0.27856766719325965,0.34146341463414637,East,XL,0.5322171121969914,0.28559508561351094
P11759,Jeans,Linen,Summer,0.716626800285967,0.392,0.20000000000000018,0.785276073619632,0.6758474576271185,0.9283833596629806,0.6585365853658538,Central,M,0.6545511162211364,0.594651173474283
P11760,Hoodie,Rayon,Summer,0.5289340952824869,0.394,0.4800000000000002,0.19222903885480574,0.47245762711864403,0.5371248025276462,0.7317073170731709,Central,M,0.6490658235125035,0.4016201433329652
P11761,Sweater,Rayon,Autumn,0.6351986022883669,0.254,0.08000000000000007,0.7075664621676893,0.21822033898305082,0.5797788309636652,0.4634146341463415,South,S,0.7469004503209733,0.45780794466155694
P11762,Jeans,Polyester,Winter,0.6954595630497702,0.156,0.72,0.08793456032719837,0.625,0.610847814639284,0.48780487804878053,West,XL,0.31842004407396757,0.6433126744866865
P11763,Sweater,Rayon,Winter,0.5739172301500067,0.6920000000000001,0.52,0.46421267893660534,0.5402542372881354,0.33228014744602424,0.6341463414634148,West,S,0.5482657851873143,0.37085904030672845
P11764,Dress,Linen,Winter,0.31721763107089657,0.094,0.4800000000000002,0.12474437627811862,0.2521186440677965,0.1816745655608215,0.43902439024390244,South,XL,0.5648893360160965,0.2557084686586514
P11765,Hoodie,Linen,Autumn,0.24491959536279723,0.938,0.32000000000000006,0.6462167689161555,0.6080508474576272,0.9547130068457083,0.853658536585366,Central,XL,0.2883874676631215,0.14211606678023525
P11766,Jacket,Denim,Summer,0.5286789924382477,0.826,0.9199999999999999,0.4458077709611452,1.0,0.7556608741442866,0.26829268292682934,Central,M,0.6384497460956212,0.37297619752798306
P11767,T-Shirt,Rayon,Summer,0.4682038712643967,0.858,0.08000000000000007,0.6830265848670758,0.43855932203389836,0.511321748288573,0.8292682926829269,West,M,0.17122736418511064,0.2574562253416707
P11768,Sweater,Cotton,Summer,0.5170765371521074,0.9059999999999999,0.8800000000000001,0.17995910020449898,0.40466101694915246,0.37704054765666145,0.7804878048780488,West,L,0.46573728082782406,0.26801876888117476
P11769,Dress,Cotton,Winter,0.4975312500984192,0.408,0.3600000000000001,0.22699386503067487,0.7605932203389831,0.48288572933122703,0.853658536585366,West,L,0.26327009677110275,0.42515719863221585
P11770,Jeans,Denim,Winter,0.9887679949861267,0.846,0.8800000000000001,0.42126789366053174,0.5911016949152543,0.033701948393891526,0.9756097560975612,West,L,0.934425601226406,0.5735826672862039
P11771,Jeans,Denim,Spring,0.24919650477609218,0.158,0.72,0.9959100204498978,0.9978813559322033,0.24749868351764087,0.5365853658536586,Central,M,0.48407109322602276,0.26680112627971786
P11772,T-Shirt,Denim,Autumn,0.12453309880668562,0.022000000000000002,0.11999999999999988,0.9529652351738243,0.31991525423728806,0.2506582411795682,0.2926829268292683,West,S,0.6370556673373574,0.10972103859595647
P11773,Trousers,Cotton,Autumn,0.5633729792547847,0.784,0.8399999999999999,0.7484662576687118,0.47245762711864403,0.44549763033175366,0.7073170731707319,Central,XL,0.504364280923637,0.33032343333937586
P11774,Sweater,Linen,Winter,0.4294345377756922,0.07400000000000001,0.6800000000000002,0.6237218813905931,0.7944915254237288,0.23644023170089523,0.21951219512195125,South,XL,0.39885982562038896,0.44486431550119954
P11775,Hoodie,Denim,Spring,0.560289699199103,0.988,0.040000000000000036,0.4130879345603272,0.8283898305084745,0.18536071616640337,0.9756097560975612,West,L,0.6596627383347704,0.32267156859097257
P11776,Shirt,Polyester,Summer,0.6108976943112064,0.674,0.11999999999999988,0.605316973415133,0.6419491525423728,0.7661927330173778,0.4634146341463415,South,XL,0.4957459039954009,0.41739624017127164
P11777,Jeans,Denim,Winter,0.7432141856077903,0.7540000000000001,0.6399999999999999,0.065439672801636,0.8283898305084745,0.8941548183254346,0.12195121951219517,South,XL,0.33056433841142085,0.5155969777618494
P11778,Hoodie,Wool,Autumn,0.2157496874202804,0.24600000000000002,0.6800000000000002,0.997955010224949,0.03177966101694918,0.06740389678778304,0.7317073170731709,East,M,0.4095669253616939,0.14710235391389445
P11779,Hoodie,Denim,Autumn,0.3953641356895178,0.674,0.7600000000000002,0.43762781186094074,0.6419491525423728,0.2095839915745129,0.43902439024390244,South,M,0.3563092842770911,0.2733331805326809
P11780,Jacket,Cotton,Autumn,0.5815860625663345,0.044000000000000004,0.72,0.022494887525562373,0.6588983050847457,0.7740916271721959,0.04878048780487804,East,XL,0.4877119862029318,0.5778196358958896
P11781,Hoodie,Rayon,Summer,0.6461554269193339,0.838,0.6399999999999999,0.0020449897750511245,0.3877118644067796,0.8162190626645605,0.21951219512195125,East,S,0.4601705470920762,0.34745313063235356
P11782,Hoodie,Denim,Autumn,0.9150495718366459,0.17,0.7600000000000002,0.7402862985685073,0.4555084745762712,0.5002632964718273,0.21951219512195125,East,L,0.4707626712656893,0.7757037487060314
P11783,Jacket,Rayon,Summer,0.681158056683222,0.698,0.56,0.30265848670756645,0.4555084745762712,0.6951026856240127,0.48780487804878053,South,XL,0.5690140845070422,0.41962814671363
P11784,Jeans,Wool,Summer,0.4898340729216204,0.22399999999999998,0.28000000000000025,0.2883435582822086,0.7605932203389831,0.0774091627172196,0.024390243902439046,North,XL,0.8860496311200536,0.4638051718258219
P11785,Hoodie,Polyester,Summer,0.3323033424771431,0.068,0.9199999999999999,0.5910020449897752,0.5911016949152543,0.849921011058452,0.9268292682926831,East,L,0.5111574207147647,0.31714980943079674
P11786,Trousers,Rayon,Winter,0.39393429999464596,0.48200000000000004,0.0,0.42126789366053174,0.3368644067796609,0.8330700368615062,0.7073170731707319,West,M,0.38343393695506367,0.2684190272134985
P11787,Trousers,Polyester,Summer,0.38856454259430145,0.17,0.3600000000000001,0.6952965235173825,0.6080508474576272,0.6935229067930491,0.6585365853658538,West,L,0.8261138258120149,0.35515765703417307
P11788,Dress,Denim,Spring,0.624380352041925,0.73,0.72,0.39059304703476483,0.3877118644067796,0.9167983149025805,0.4146341463414634,Central,S,0.7128101945003351,0.364848319058875
P11789,Jacket,Wool,Autumn,0.5491281624091786,0.23800000000000002,0.44000000000000017,0.8302658486707568,0.15042372881355925,0.047919957872564506,0.3170731707317073,West,XL,0.5796493245185397,0.38577260722860196
P11790,Dress,Wool,Winter,0.2504405248189872,0.342,0.040000000000000036,0.6952965235173825,0.6588983050847457,0.23117430226434965,0.43902439024390244,West,XL,0.5202740251029989,0.2151179923661191
P11791,Jacket,Rayon,Autumn,0.41819426554001493,0.568,0.08000000000000007,0.6237218813905931,0.2860169491525424,0.36282253817798843,0.9512195121951221,East,XL,0.5573488550349717,0.26324243381276025
P11792,Sweater,Polyester,Summer,0.666390436477817,0.284,0.6399999999999999,0.8118609406952967,0.40466101694915246,0.15850447604002105,0.853658536585366,South,L,0.16390725304206186,0.5195755743592965
P11793,Sweater,Cotton,Winter,0.5670168556842267,0.378,0.9600000000000002,0.9570552147239265,0.3707627118644068,0.8151658767772514,0.9756097560975612,West,S,0.27101657564434223,0.4133954924402869
P11794,Hoodie,Denim,Spring,0.6080191264144822,0.816,0.56,0.5132924335378324,0.6758474576271185,0.7577672459189049,0.26829268292682934,South,XL,0.6261473603525918,0.3793736086086697
P11795,Shirt,Wool,Summer,0.5729220141156907,0.18,0.52,0.41513292433537835,0.7097457627118642,0.7735650342285414,0.4634146341463415,North,M,0.7080387084411228,0.543286018710539
P11796,Sweater,Polyester,Autumn,0.807903227838334,0.08199999999999999,0.32000000000000006,0.7382413087934562,0.3707627118644068,0.29120589784096895,0.8048780487804879,West,S,0.24084507042253517,0.6875278501513767
P11797,Shirt,Linen,Spring,0.5451693441967252,0.32799999999999996,0.2400000000000002,0.09202453987730062,0.6588983050847457,0.7630331753554503,0.853658536585366,West,S,0.3745616556481747,0.46704042797676754
P11798,Sweater,Wool,Summer,0.42762047310554646,0.424,0.040000000000000036,0.7627811860940696,0.8114406779661016,0.12322274881516589,0.48780487804878053,North,S,0.4050349717351729,0.3700265248041596
P11799,T-Shirt,Polyester,Spring,0.32751937679319976,0.542,0.28000000000000025,0.5316973415132925,0.48940677966101687,0.10689836756187467,0.43902439024390244,Central,S,0.36579476861167,0.2324348952635866
P11800,Sweater,Cotton,Summer,0.5477329703104381,0.37200000000000005,0.44000000000000017,0.1329243353783231,0.4555084745762712,0.5845181674565562,0.9756097560975612,South,M,0.5442751748586758,0.4176303774047126
P11801,Dress,Cotton,Winter,0.039357093591249726,0.79,0.20000000000000018,0.3047034764826176,0.5402542372881354,0.04844655081621907,0.9756097560975612,South,S,0.6076027594136245,0.03440177701205468
P11802,Jeans,Wool,Summer,0.46574102652124755,0.04,0.08000000000000007,0.1411042944785276,0.43855932203389836,0.9389152185360716,1.0,Central,M,0.35408163265306114,0.4196882251519597
P11803,Hoodie,Wool,Winter,0.46166882926691,0.43200000000000005,0.72,0.7423312883435584,0.5402542372881354,0.3291205897840969,0.8292682926829269,East,L,0.2964261761042445,0.354472782681455
P11804,Dress,Rayon,Summer,0.24272760055303783,0.38200000000000006,0.8800000000000001,0.0020449897750511245,0.47245762711864403,0.4770932069510269,0.17073170731707316,Central,L,0.33164223435853213,0.1892216056947414
P11805,Jeans,Denim,Summer,0.3251541640027841,0.648,0.9199999999999999,0.0572597137014315,0.47245762711864403,0.8135860979462876,0.5121951219512195,Central,L,0.4353454057679409,0.21448391926926363
P11806,Trousers,Polyester,Autumn,0.6535597082379321,0.966,0.6000000000000001,0.5214723926380369,0.23516949152542366,0.40021063717746186,0.902439024390244,Central,L,0.7288205423014276,0.2927385657237775
P11807,Dress,Wool,Spring,0.5441615304910887,0.51,0.040000000000000036,0.12269938650306751,0.6080508474576272,0.43075302790942605,0.4146341463414634,North,M,0.5101418032001532,0.4093915944361115
P11808,Trousers,Denim,Spring,0.5197976341573259,0.986,0.7600000000000002,0.20245398773006135,0.7436440677966103,0.3480779357556609,0.17073170731707316,South,XL,0.7777665995975855,0.290962530997944
P11809,Shirt,Rayon,Spring,0.49831545513811765,0.302,0.11999999999999988,0.7832310838445808,0.3368644067796609,0.3517640863612428,0.024390243902439046,East,M,0.6144246430966752,0.3737185457624559
P11810,Shirt,Denim,Summer,0.5180686037685933,0.03,0.6800000000000002,0.9284253578732108,1.0,0.4681411269088995,0.4634146341463415,West,L,0.4106064961195745,0.5946792778799922
P11811,T-Shirt,Wool,Summer,0.7354225258960879,0.166,0.7600000000000002,0.29243353783231085,0.625,0.9462875197472355,0.09756097560975613,West,XL,0.5199913768324231,0.6766312288218543
P11812,Sweater,Cotton,Summer,0.5238887279186442,0.396,0.72,0.39059304703476483,0.5572033898305082,0.9362822538177991,1.0,West,XL,0.4250934176487496,0.41305112045047215
P11813,Dress,Polyester,Winter,0.225012125258646,0.316,0.9600000000000002,0.719836400817996,0.6758474576271185,0.5455502896261191,0.7073170731707319,East,XL,0.34327871993867964,0.19760577253082828
P11814,Trousers,Polyester,Winter,0.8086023985966193,0.098,0.72,0.719836400817996,0.40466101694915246,0.4560294892048447,0.4146341463414634,West,XL,0.4563476094663217,0.6943031699884437
P11815,Jeans,Cotton,Autumn,0.5705442036539545,0.43200000000000005,0.6800000000000002,0.5501022494887526,0.048728813559322015,0.8088467614533966,0.5365853658536586,East,S,0.6142234358532144,0.3393653127238988
P11816,Shirt,Wool,Summer,0.38921647208513505,0.33799999999999997,0.28000000000000025,0.6094069529652353,0.26906779661016955,0.6814112690889943,0.024390243902439046,West,L,0.41765354028935514,0.27838678925247834
P11817,Sweater,Polyester,Spring,0.26371532097291817,0.122,0.9199999999999999,0.9386503067484664,0.48940677966101687,0.8820431806213798,1.0,West,L,0.46637443709878307,0.23520475436253305
P11818,Shirt,Wool,Spring,0.5753785600231797,0.29600000000000004,0.15999999999999992,0.8711656441717792,0.5233050847457625,0.7309110057925226,0.878048780487805,East,L,0.4156031426655169,0.47221865852735295
P11819,Jeans,Polyester,Autumn,0.478423732123117,0.886,0.9199999999999999,0.6646216768916157,0.40466101694915246,0.9526066350710901,1.0,South,M,0.6947638210213662,0.2530776928808092
P11820,Sweater,Wool,Spring,0.798023504105266,0.302,0.32000000000000006,0.6339468302658487,0.625,0.8867825171142708,0.7560975609756098,East,L,0.47471974705375103,0.6816864002755968
P11821,Sweater,Denim,Autumn,0.43520112182263104,0.7140000000000001,0.11999999999999988,0.41513292433537835,0.48940677966101687,0.8557135334386521,0.0,East,L,0.454503209734598,0.27319992645724445
P11822,Trousers,Cotton,Summer,0.3423279394303963,0.612,0.8399999999999999,0.49897750511247446,0.6419491525423728,0.39178515007898895,0.9268292682926831,Central,L,0.4579045702788157,0.24770250824255338
P11823,Trousers,Wool,Spring,0.6698390490017919,0.428,0.0,0.06134969325153375,0.5572033898305082,0.38651922064244343,0.0,North,M,0.5476046756730861,0.5165010565569786
P11824,Dress,Rayon,Summer,0.6754103691432638,0.24,0.8399999999999999,0.6768916155419225,0.6080508474576272,0.7414428646656136,0.7317073170731709,North,L,0.5130880521222574,0.5931438793763868
P11825,Dress,Linen,Winter,0.5324330984917438,0.37,0.28000000000000025,0.9345603271983641,0.7436440677966103,0.08372827804107426,0.9268292682926831,South,L,0.6388761138258119,0.46164778040680887
P11826,Jacket,Cotton,Spring,0.6283706644326795,0.5920000000000001,0.8800000000000001,0.8650306748466259,0.35381355932203395,0.32227488151658773,0.17073170731707316,South,S,0.44545367442751743,0.3973069480341848
P11827,Hoodie,Polyester,Winter,0.49344330575493117,0.35000000000000003,0.6800000000000002,0.8384458077709612,0.23516949152542366,0.9325961032122171,0.04878048780487804,South,L,0.7554709207626713,0.34231964884425653
P11828,Jacket,Denim,Spring,0.5447567704609803,0.214,0.6800000000000002,0.10429447852760737,0.6080508474576272,0.4502369668246446,0.26829268292682934,North,XL,0.39645491999616744,0.4857078554716177
P11829,T-Shirt,Polyester,Summer,0.7207052963759647,0.11599999999999999,0.3600000000000001,0.7832310838445808,0.6080508474576272,0.27014218009478674,0.8048780487804879,West,M,0.5180367921816613,0.6753121077351758
P11830,Shirt,Rayon,Autumn,0.6187271470368702,0.88,0.040000000000000036,0.4948875255623722,0.5402542372881354,0.4765666140073724,0.5853658536585367,South,XL,0.5680511641276228,0.34567560758847726
P11831,Dress,Rayon,Summer,0.4685786519861803,0.44,0.8399999999999999,0.5357873210633948,0.43855932203389836,0.2885729331226962,0.853658536585366,East,S,0.49774839513270086,0.34175108654658715
P11832,Trousers,Polyester,Summer,0.7561142010399377,0.626,0.15999999999999992,0.35378323108384463,0.5233050847457625,0.7688256977356505,0.14634146341463422,East,L,0.5026061128676822,0.5045000536290601
P11833,Jeans,Cotton,Summer,0.05369009413609901,0.49,0.3600000000000001,0.20245398773006135,0.3707627118644068,0.850974196945761,0.34146341463414637,North,M,0.37402989364759986,0.04489642844350409
P11834,Trousers,Polyester,Spring,0.8883330603837879,0.872,0.6000000000000001,0.850715746421268,0.777542372881356,0.7830437072143234,0.48780487804878053,East,S,0.5972118424834723,0.5475511909471368
P11835,Shirt,Polyester,Autumn,0.17819602921399985,0.546,0.4800000000000002,0.9693251533742333,0.6758474576271185,0.14902580305423907,0.5853658536585367,South,M,0.5234502251604867,0.13957697139383266
P11836,Jacket,Polyester,Winter,0.49831545513811765,0.48,0.20000000000000018,0.7995910020449899,0.5233050847457625,0.33649289099526064,0.902439024390244,East,XL,0.5045080003832518,0.36842313497129675
P11837,Trousers,Denim,Summer,0.49283231869588906,0.924,0.15999999999999992,0.7934560327198366,0.5063559322033897,0.2143233280674039,0.878048780487805,Central,S,0.22737855705662544,0.26417052413898073
P11838,Hoodie,Denim,Spring,0.47288390615994624,0.72,0.11999999999999988,0.12269938650306751,0.6419491525423728,0.04265402843601897,0.3658536585365854,East,M,0.581896138737185,0.3148353508476616
P11839,T-Shirt,Linen,Winter,0.6907417351402592,0.11199999999999999,0.8800000000000001,0.9304703476482619,0.5741525423728815,0.7393364928909953,0.0,North,XL,0.590572003449267,0.638763357530408
P11840,Shirt,Denim,Summer,0.30067058979147704,0.17800000000000002,0.040000000000000036,0.7341513292433539,0.1673728813559321,0.42864665613480785,0.878048780487805,South,S,0.10414391108556095,0.2234247914692785
P11841,Jacket,Polyester,Winter,0.5498399308387844,0.788,0.9600000000000002,0.38241308793456036,0.625,0.27698788836229593,0.3170731707317073,South,L,0.5924834722621442,0.3441165696332913
P11842,Hoodie,Denim,Summer,0.39130138668867054,0.836,0.52,0.9570552147239265,0.777542372881356,0.3075302790942602,0.8048780487804879,North,L,0.4674044265593561,0.2542800306117255
P11843,Jeans,Cotton,Winter,0.5563340304044796,0.546,0.11999999999999988,0.8323108384458079,0.625,0.13533438651922064,0.024390243902439046,East,XL,0.26181853022899293,0.41198052367164884
P11844,Jacket,Denim,Winter,0.48832550178099576,0.554,0.56,0.01226993865030675,0.13347457627118642,0.8272775144813062,0.7317073170731709,South,L,0.36157420714764776,0.2846908579865775
P11845,Sweater,Wool,Autumn,0.5181252932895354,0.632,0.08000000000000007,0.3844580777096115,0.9300847457627119,0.14375987361769355,0.43902439024390244,South,L,0.3228418127814505,0.41063399272768114
P11846,Hoodie,Cotton,Autumn,0.3966490981642043,0.44,0.6000000000000001,0.16768916155419222,0.08262711864406769,0.3385992627698789,0.43902439024390244,Central,S,0.3784660343010443,0.24295120172255946
P11847,Hoodie,Linen,Summer,0.40417935619600714,0.68,0.8399999999999999,0.7157464212678938,0.31991525423728806,0.007372301211163765,0.5365853658536586,North,S,0.5776803679218165,0.24094886823831066
P11848,T-Shirt,Wool,Spring,0.5548475051886658,0.10800000000000001,0.040000000000000036,0.8568507157464214,0.6588983050847457,0.4365455502896261,0.7073170731707319,East,S,0.5850340136054422,0.5341259420681131
P11849,Shirt,Polyester,Autumn,0.6788936252633699,0.9620000000000001,0.8,0.5766871165644173,0.8961864406779663,0.3549236440231701,0.39024390243902446,East,S,0.5836207722525629,0.40827528148807196
P11850,Jeans,Polyester,Winter,0.3875094876212132,0.75,0.40000000000000013,0.25153374233128833,0.20127118644067798,0.7193259610321223,0.024390243902439046,South,S,0.4636341860687937,0.20832290270438303
P11851,T-Shirt,Polyester,Autumn,0.3363975856562914,0.632,0.15999999999999992,0.3190184049079755,0.5572033898305082,0.7156398104265403,0.2439024390243903,West,S,0.8782839896521988,0.23214266401587302
P11852,Jacket,Wool,Autumn,0.616487910959659,0.316,0.15999999999999992,0.17586912065439675,0.5233050847457625,0.038441284886782515,0.3170731707317073,Central,L,0.14759509437577845,0.4999912437288479
P11853,T-Shirt,Wool,Summer,0.49442277470009666,0.16,0.9199999999999999,0.3006134969325154,0.6758474576271185,0.11585044760400214,0.9756097560975612,West,S,0.35573440643863175,0.46710951073925644
P11854,Hoodie,Wool,Autumn,0.6574996299434048,0.41000000000000003,0.11999999999999988,0.1411042944785276,0.7605932203389831,0.9052132701421803,0.6829268292682928,Central,M,0.5369263198237041,0.5598807152777137
P11855,Shirt,Cotton,Autumn,0.3293995792377779,0.662,0.8800000000000001,0.9386503067484664,0.3029661016949152,0.7919957872564508,0.43902439024390244,South,M,0.4042397240586375,0.19931813204972848
P11856,Dress,Rayon,Winter,0.16431339541885687,0.634,0.56,0.7546012269938651,0.40466101694915246,0.38967877830437075,0.6585365853658538,North,XL,0.4609418415253425,0.11138924467958547
P11857,T-Shirt,Cotton,Autumn,0.39984575726177013,0.38200000000000006,0.040000000000000036,0.15337423312883436,0.6419491525423728,0.16640337019483942,0.0,North,M,0.5068602088722813,0.33103822288475526
P11858,Sweater,Polyester,Winter,0.3557507582223426,0.614,0.4800000000000002,0.23108384458077713,0.26906779661016955,0.26066350710900477,0.09756097560975613,Central,S,0.4580866149276611,0.21742550546505424
P11859,T-Shirt,Rayon,Autumn,0.4856768413858698,0.8140000000000001,0.8,0.0040899795501022525,0.6927966101694913,0.658241179568194,0.8048780487804879,West,L,0.3023090926511449,0.3078213296018223
P11860,Jacket,Denim,Autumn,0.3802217347623292,0.026000000000000002,0.72,0.4764826175869121,0.5402542372881354,0.945760926803581,0.3170731707317073,West,M,0.6194883587237712,0.3617906936663434
P11861,Jacket,Polyester,Spring,0.6405904056135222,0.45,0.4800000000000002,0.3394683026584867,0.3707627118644068,0.6161137440758294,0.43902439024390244,East,S,0.620436907157229,0.44658151205373897
P11862,Jeans,Linen,Autumn,0.4461138546039764,0.758,0.8800000000000001,0.20040899795501024,0.31991525423728806,0.026329647182727747,0.5609756097560976,West,S,0.727277953434895,0.2507153848725965
P11863,Jacket,Cotton,Winter,0.5289970836390893,0.546,0.52,0.25153374233128833,0.5063559322033897,0.6508688783570301,0.9512195121951221,Central,L,0.22978346268084693,0.3720264025636377
P11864,Trousers,Wool,Winter,0.5303513333060383,0.652,0.9199999999999999,0.9529652351738243,0.2860169491525424,0.9452343338599264,0.39024390243902446,East,S,0.6111286768228418,0.31314330687004627
P11865,Shirt,Cotton,Summer,0.5374028798276638,0.516,0.8399999999999999,0.0899795501022495,0.7097457627118642,0.358609794628752,0.024390243902439046,Central,S,0.3764779151097058,0.42073528170040536
P11866,Shirt,Wool,Summer,0.4960037824508139,0.9920000000000001,0.72,0.7791411042944787,0.5911016949152543,0.9341758820431807,0.7317073170731709,North,M,0.48293091884641176,0.26003476115620877
P11867,Dress,Rayon,Spring,0.5970497041121947,0.054000000000000006,0.8,0.6605316973415134,0.23516949152542366,0.6708794102159032,0.39024390243902446,Central,M,0.40686020887228125,0.4813015658792571
P11868,Dress,Linen,Winter,0.350214081677002,0.49200000000000005,0.56,0.5848670756646218,0.21822033898305082,0.19010005265929442,0.17073170731707316,East,XL,0.36292037941937333,0.22488609653965064
P11869,Shirt,Rayon,Winter,0.7650050075743499,0.092,0.6800000000000002,0.2147239263803681,0.777542372881356,0.1453396524486572,0.39024390243902446,Central,XL,0.5898965219890773,0.7808661782800619
P11870,Sweater,Linen,Winter,0.45586760162383977,0.16,0.56,0.5991820040899797,0.6758474576271185,0.17640863612427593,0.902439024390244,South,M,0.7419421289642618,0.43079100333571757
P11871,Dress,Cotton,Spring,0.25272700216365007,0.384,0.3600000000000001,0.98159509202454,0.35381355932203395,0.6998420221169037,0.6097560975609757,East,M,0.7840710932260226,0.18652688185165814
P11872,Jeans,Wool,Winter,0.5361021702638267,0.156,0.56,0.2719836400817996,0.09957627118644075,0.5897840968931017,0.9512195121951221,West,XL,0.6493915876209637,0.38199729007050753
P11873,Jacket,Rayon,Summer,0.33972022146706177,0.9640000000000001,0.2400000000000002,0.014314928425357875,0.43855932203389836,0.4560294892048447,0.9512195121951221,North,XL,0.3402989364759988,0.1753412787688157
P11874,Shirt,Linen,Spring,0.6262888992469742,0.946,0.44000000000000017,0.05521472392638038,0.40466101694915246,0.2632964718272775,0.14634146341463422,West,M,0.481867394845262,0.31091633658253004
P11875,Hoodie,Polyester,Summer,0.9181013577140265,0.336,0.28000000000000025,0.5521472392638038,0.43855932203389836,0.9078462348604529,0.5609756097560976,Central,S,0.4927230046948356,0.7043770491038787
P11876,Dress,Polyester,Summer,0.35193051439441414,0.64,0.11999999999999988,0.45398773006134974,0.5402542372881354,0.2137967351237493,0.7073170731707319,West,S,0.5770959087860495,0.23944660961645944
P11877,Shirt,Rayon,Spring,0.5633698298369546,0.534,0.32000000000000006,0.014314928425357875,0.3029661016949152,0.2838335966298052,0.6097560975609757,East,L,0.6061464022228609,0.3616003625939637
P11878,Trousers,Wool,Autumn,0.16883595942290072,0.816,0.8399999999999999,0.6319018404907977,0.35381355932203395,0.054765666140073735,0.7073170731707319,South,M,0.4338890485771773,0.10069987163752986
P11879,T-Shirt,Rayon,Autumn,0.5863353846541466,0.628,0.40000000000000013,0.2719836400817996,0.048728813559322015,0.2754081095313323,0.8292682926829269,West,M,0.6803295966273832,0.3083653842623861
P11880,Jacket,Cotton,Summer,0.3331946277230654,0.0,0.7600000000000002,0.0572597137014315,0.35381355932203395,0.9236440231700896,0.024390243902439046,Central,M,0.8387659289067739,0.2945724464108764
P11881,Shirt,Linen,Autumn,0.3824924650178414,0.7640000000000001,0.15999999999999992,0.2331288343558282,0.40466101694915246,0.18746708794102157,0.07317073170731708,West,M,0.5520216537319153,0.22450808856206747
P11882,T-Shirt,Cotton,Winter,0.29246005750836956,0.746,0.44000000000000017,0.06748466257668713,0.5911016949152543,0.20431806213796733,0.09756097560975613,West,M,0.4192440356424259,0.19104350542159534
P11883,Dress,Polyester,Spring,0.6389149153279016,0.51,0.11999999999999988,0.01226993865030675,0.4555084745762712,0.6003159557661929,0.024390243902439046,East,XL,0.6549726933026732,0.44719187128311166
P11884,T-Shirt,Linen,Summer,0.6909086542852553,0.902,0.11999999999999988,0.07975460122699388,0.4555084745762712,0.5671406003159558,0.7317073170731709,Central,XL,0.6604963112005364,0.36318234545231026
P11885,Jacket,Rayon,Winter,0.5049827726844692,0.908,0.6000000000000001,0.6728016359918202,0.5572033898305082,0.1758820431806214,0.6341463414634148,Central,S,0.6004982274599979,0.2801058958131728
P11886,Shirt,Cotton,Autumn,0.3372164342921211,0.524,0.6000000000000001,0.8098159509202455,0.4216101694915253,0.15429173249078465,0.5609756097560976,South,S,0.5000383251892306,0.2344817542626173
P11887,Trousers,Denim,Winter,0.49831545513811765,0.608,0.20000000000000018,0.12474437627811862,0.7266949152542375,0.11690363349131123,0.07317073170731708,West,M,0.7025390437865286,0.3706745880906179
P11888,Sweater,Wool,Autumn,0.35876160166793164,0.996,0.4800000000000002,0.17382413087934562,0.31991525423728806,0.8615060558188521,0.6585365853658538,East,XL,0.36232154833764485,0.17036970117848
P11889,Dress,Wool,Summer,0.09201535971075751,0.298,0.8800000000000001,0.4335378323108385,0.4555084745762712,0.654555028962612,0.09756097560975613,North,S,0.4912331129634952,0.07796990640761599
P11890,Shirt,Denim,Winter,0.5871825780504473,0.324,0.15999999999999992,0.23517382413087934,0.6758474576271185,0.9541864139020538,0.6341463414634148,South,M,0.7742119382964452,0.507551998607728
P11891,Jacket,Polyester,Spring,0.29180182918187575,0.182,0.0,0.130879345603272,0.5572033898305082,0.16587677725118488,0.09756097560975613,South,L,0.49745616556481737,0.26006043464244794
P11892,Dress,Linen,Summer,0.6873781568976974,0.8959999999999999,0.52,0.605316973415133,0.625,0.46076882569773564,0.09756097560975613,Central,M,0.5044696751940212,0.39187947382202354
P11893,Jeans,Wool,Winter,0.4285432525297698,0.7440000000000001,0.040000000000000036,0.7730061349693252,0.7436440677966103,0.7435492364402317,0.1951219512195122,Central,L,0.532092555331992,0.2932648349837292
P11894,T-Shirt,Denim,Winter,0.6146455015290423,0.106,0.9600000000000002,0.3456032719836401,0.6080508474576272,0.2137967351237493,0.6341463414634148,South,L,0.3697853789403085,0.5790737174840955
P11895,Sweater,Rayon,Autumn,0.765398684803114,0.9820000000000001,0.6000000000000001,0.23517382413087934,0.6588983050847457,0.6850974196945762,0.07317073170731708,East,M,0.33615023474178396,0.40915944162672757
P11896,Jacket,Denim,Summer,0.27213056541498304,0.73,0.4800000000000002,0.6564417177914111,0.3707627118644068,0.4739336492890996,0.5609756097560976,North,M,0.4235747820254862,0.16455290777160986
P11897,Jeans,Polyester,Summer,0.3936225076294647,0.85,0.44000000000000017,0.23517382413087934,0.6588983050847457,0.4312796208530806,0.6341463414634148,Central,M,0.4740825907827919,0.2414007215961199
P11898,Hoodie,Polyester,Summer,0.4862657825201011,0.048,0.56,0.4498977505112475,0.43855932203389836,0.64507635597683,0.0,North,M,0.6693925457506946,0.4363910976355488
P11899,Shirt,Cotton,Summer,0.7911073825503355,0.504,0.08000000000000007,0.8057259713701432,0.48940677966101687,0.4681411269088995,0.7560975609756098,South,S,0.5382724920954296,0.5627747249067345
P11900,Trousers,Wool,Autumn,0.37615268692582177,0.698,0.9199999999999999,0.7280163599182006,0.5063559322033897,0.8204318062137967,0.3658536585365854,East,S,0.7187218549391587,0.24200750886218977
P11901,Dress,Cotton,Spring,0.38822440546864906,0.542,0.6399999999999999,0.10020449897750512,0.3368644067796609,0.9310163243812534,0.5365853658536586,North,L,0.5776947398677781,0.2553055561591512
P11902,T-Shirt,Denim,Summer,0.5909146381791326,0.6659999999999999,0.20000000000000018,0.6666666666666667,0.48940677966101687,0.5892575039494472,0.6585365853658538,West,M,0.6249305355945194,0.3797011626046002
P11903,Dress,Linen,Autumn,0.3914872023406473,0.818,0.56,0.8548057259713703,0.6588983050847457,0.30068457082675093,0.4634146341463415,South,S,0.5914007856663792,0.24605975239745714
P11904,Sweater,Linen,Spring,0.5293876114500234,0.374,0.11999999999999988,0.9754601226993866,0.21822033898305082,0.7777777777777779,0.39024390243902446,East,S,0.7289115646258504,0.35847343119123687
P11905,Shirt,Polyester,Spring,0.20737853482783714,0.848,0.0,0.6850715746421269,0.40466101694915246,0.17061611374407587,0.853658536585366,South,XL,0.5090543259557343,0.12058012950549839
P11906,Dress,Linen,Autumn,0.9189957923777788,0.162,0.6399999999999999,0.15950920245398773,0.625,0.0947867298578199,0.17073170731707316,South,XL,0.5138928810961003,0.8467957901634282
P11907,T-Shirt,Linen,Summer,0.2458927654723025,0.27,0.6399999999999999,0.9959100204498978,0.5233050847457625,0.5192206424433913,0.4146341463414634,North,S,0.34788732394366195,0.20738422051475763
P11908,Shirt,Linen,Spring,0.4397646282584664,0.044000000000000004,0.6000000000000001,0.03885480572597137,0.48940677966101687,0.6471827277514483,0.2926829268292683,North,L,0.6288540768420043,0.4051896509110342
P11909,T-Shirt,Denim,Summer,0.49442592411792674,0.364,0.20000000000000018,0.8404907975460124,0.7266949152542375,0.8351764086361244,0.1951219512195122,West,S,0.43013797068123016,0.42742797508079333
P11910,Trousers,Linen,Summer,0.8619944790705437,0.38,0.6000000000000001,0.7730061349693252,0.18432203389830515,0.9557661927330175,0.878048780487805,Central,M,0.6052553415732489,0.5651727277426749
P11911,Jacket,Rayon,Winter,0.250213766735219,0.8059999999999999,0.040000000000000036,0.0736196319018405,0.5402542372881354,0.873617693522907,0.7073170731707319,West,S,0.5281929673277761,0.15527396412816163
P11912,Shirt,Linen,Summer,0.8754141484446598,0.654,0.6000000000000001,0.5276073619631902,0.3707627118644068,0.989468141126909,0.6585365853658538,East,XL,0.3354795439302481,0.530884484591989
P11913,Jacket,Linen,Winter,0.6436453409087329,0.436,0.56,0.18813905930470348,0.43855932203389836,0.47604002106371773,0.4146341463414634,East,XL,0.5144438056912906,0.46763431648646603
P11914,Hoodie,Cotton,Spring,0.5793814700852546,0.652,0.6399999999999999,0.3803680981595092,0.5911016949152543,0.31648235913638756,0.4634146341463415,South,M,0.439015042636773,0.39366498417272977
P11915,Shirt,Denim,Autumn,0.3145028329013382,0.052000000000000005,0.8800000000000001,0.7280163599182006,0.5741525423728815,0.45971563981042657,0.853658536585366,North,S,0.2951470729136725,0.3002793523355827
P11916,Trousers,Polyester,Winter,0.6084883896711692,0.18,0.8399999999999999,0.40899795501022496,0.35381355932203395,0.6445497630331755,0.43902439024390244,South,M,0.5487640126473123,0.489586362680683
P11917,Jacket,Cotton,Autumn,0.36385106088139607,0.626,1.0,0.8384458077709612,0.6080508474576272,0.5076355976829912,0.09756097560975613,Central,L,0.7467711028073201,0.25675932041810623
P11918,Jeans,Wool,Spring,0.739919894557491,0.642,0.9600000000000002,0.5869120654396729,0.4555084745762712,0.634544497103739,0.8048780487804879,South,XL,0.36041487017342144,0.4732448042072965
P11919,T-Shirt,Denim,Summer,0.31706645901505104,0.774,0.7600000000000002,0.09611451942740287,0.777542372881356,0.8873091100579255,0.39024390243902446,East,S,0.1157085369359011,0.21759465281062412
P11920,Jeans,Rayon,Spring,0.49831545513811765,0.402,0.9600000000000002,0.5153374233128836,0.35381355932203395,0.16587677725118488,0.6585365853658538,East,S,0.7935517869119479,0.35631033455305955
P11921,Dress,Denim,Autumn,0.3956381350407377,0.7220000000000001,0.8800000000000001,0.09202453987730062,0.6080508474576272,0.12058978409689312,0.853658536585366,West,L,0.26933026731819487,0.26092576755786157
P11922,Trousers,Wool,Spring,0.31395798361672844,0.684,0.72,0.7546012269938651,0.5911016949152543,0.49868351764086366,0.902439024390244,South,L,0.7544457219507521,0.21303687724680212
P11923,Jeans,Wool,Summer,0.6406470951344643,0.9640000000000001,0.08000000000000007,0.47034764826175873,0.5063559322033897,0.9820958399157452,0.7073170731707319,North,XL,0.6903228897192679,0.3277541995126056
P11924,Shirt,Wool,Spring,0.601748635514725,0.21600000000000003,0.040000000000000036,0.19222903885480574,0.6419491525423728,0.058978409689310174,0.4146341463414634,Central,L,0.5125083836351441,0.5437049802396013
P11925,Dress,Polyester,Summer,0.7290260582831262,0.552,0.8399999999999999,0.6175869120654398,0.5572033898305082,0.9868351764086362,0.12195121951219517,Central,XL,0.4083021941170834,0.5194720370341155
P11926,Dress,Linen,Winter,0.1642283611374438,0.6020000000000001,0.4800000000000002,0.4437627811860941,0.4555084745762712,0.9684044233807269,0.6097560975609757,North,XL,0.6647168726645587,0.11553946915267375
P11927,Jeans,Denim,Autumn,0.7016544679216046,0.998,0.8,0.07975460122699388,0.40466101694915246,0.2927856766719326,0.34146341463414637,Central,M,0.5239292900258694,0.33085520937608615
P11928,Hoodie,Linen,Summer,0.9740066736163818,0.20199999999999999,0.32000000000000006,0.7893660531697343,0.3707627118644068,0.8915218536071617,0.0,North,M,0.7653444476382101,0.7779830581780546
P11929,Jeans,Linen,Summer,0.41522121510838716,0.524,0.52,0.4130879345603272,0.40466101694915246,0.007898894154818321,0.39024390243902446,North,XL,0.5780875730573919,0.28437409429645766
P11930,Hoodie,Rayon,Spring,0.8586812915132637,0.34600000000000003,0.72,0.23517382413087934,0.5741525423728815,0.4544497103738811,0.7317073170731709,West,S,0.7553607358436332,0.6986930632770322
P11931,Trousers,Wool,Winter,0.4508348319313174,0.526,0.9199999999999999,0.8425357873210635,0.43855932203389836,0.4023170089520801,0.024390243902439046,South,M,0.6163313212608987,0.31250057672324155
P11932,T-Shirt,Polyester,Summer,0.24122532824807336,0.23199999999999998,0.08000000000000007,0.18404907975460125,0.6080508474576272,0.903106898367562,0.853658536585366,East,S,0.6909504646929194,0.21481244067192204
P11933,Jeans,Rayon,Winter,0.4428101153001867,0.048,0.8800000000000001,0.11656441717791412,0.8622881355932202,0.472353870458136,0.8292682926829269,East,L,0.5529366676247963,0.4773297411289051
P11934,Sweater,Cotton,Winter,0.6986373256403553,0.5720000000000001,0.8,0.8854805725971372,0.8114406779661016,0.4181147972617167,0.6341463414634148,South,S,0.4924643096675289,0.5482202395179993
P11935,Hoodie,Polyester,Spring,0.3421767673745508,0.336,0.32000000000000006,0.018404907975460124,0.777542372881356,0.6398104265402845,0.04878048780487804,Central,L,0.4405049343681134,0.30774768266400193
P11936,Jeans,Linen,Summer,0.38712210922810913,0.182,0.3600000000000001,0.5214723926380369,0.3029661016949152,0.3759873617693523,0.4634146341463415,North,XL,0.36962249688607834,0.3054500172694503
P11937,Jacket,Polyester,Spring,0.6127212072348426,0.324,0.040000000000000036,0.6462167689161555,0.5233050847457625,0.5365982095839916,0.17073170731707316,East,XL,0.48431541630736796,0.4947402840365685
P11938,Shirt,Wool,Autumn,0.5011436323495602,0.05,0.0,0.507157464212679,0.6758474576271185,0.956292785676672,0.6829268292682928,West,XL,0.3565536073584363,0.5000767972110111
P11939,Sweater,Cotton,Autumn,0.6110362686957315,0.9500000000000001,0.4800000000000002,0.9856850715746424,0.3877118644067796,0.20273828330700366,0.17073170731707316,Central,L,0.44186547858580044,0.30024209477391006
P11940,Sweater,Wool,Summer,0.5455063319045474,0.5820000000000001,0.08000000000000007,0.7484662576687118,0.15042372881355925,0.45918904686677203,0.9756097560975612,West,S,0.5340854651719842,0.31389947165701687
P11941,Hoodie,Cotton,Winter,0.5911980857838428,0.8140000000000001,0.52,0.768916155419223,0.48940677966101687,0.015271195365982093,0.6341463414634148,East,M,0.5765689374341285,0.3408268906525788
P11942,Jacket,Rayon,Summer,0.4188745397913195,0.424,0.8399999999999999,0.6462167689161555,0.4555084745762712,0.8425487098472881,0.6097560975609757,South,M,0.6974992814027019,0.3116110338343309
P11943,Jacket,Linen,Summer,0.5443536449787256,0.904,0.56,0.8302658486707568,0.625,0.09215376513954714,0.9268292682926831,South,S,0.5370508766887037,0.31084313614012254
P11944,Dress,Cotton,Autumn,0.32532423256561027,0.484,0.6399999999999999,0.010224948875255626,0.5233050847457625,0.0947867298578199,0.21951219512195125,West,M,0.5702596531570374,0.2425606918734164
P11945,Hoodie,Polyester,Autumn,0.74403303424362,0.574,0.20000000000000018,0.6748466257668713,0.3877118644067796,0.883096366508689,0.7073170731707319,Central,L,0.4703075596435757,0.48216724606888073
P11946,T-Shirt,Cotton,Winter,0.38070989452599685,0.49200000000000005,0.8399999999999999,0.38241308793456036,0.7266949152542375,0.4096893101632438,0.7804878048780488,East,L,0.501638401839609,0.3063510202072909
P11947,Shirt,Polyester,Winter,0.7138773585202774,0.7340000000000001,0.8800000000000001,0.4785276073619632,0.7097457627118642,0.6877303844128491,0.853658536585366,North,M,0.5115837884449553,0.4791636714266054
P11948,Trousers,Rayon,Summer,0.45642189916193987,0.5660000000000001,0.52,0.7566462167689163,0.8114406779661016,0.8583464981569249,0.4634146341463415,South,M,0.8027354603813355,0.3616446400557385
P11949,Sweater,Polyester,Spring,0.538735083569802,0.272,0.9199999999999999,0.8384458077709612,0.1673728813559321,0.37493417588204314,0.07317073170731708,West,L,0.5613777905528408,0.3753395225535251
P11950,Trousers,Linen,Summer,0.4070327287500905,0.146,0.8399999999999999,0.37218813905930476,0.3877118644067796,0.26171669299631384,0.5365853658536586,East,S,0.3293427230046948,0.3404778304609291
P11951,Jeans,Cotton,Winter,0.49831545513811765,0.606,0.72,0.5848670756646218,0.4216101694915253,0.16956292785676674,0.6829268292682928,Central,M,0.5339896521989077,0.32470820780610904
P11952,Jeans,Rayon,Spring,0.1708641845054942,0.49,0.72,0.24948875255623726,0.3707627118644068,0.6076882569773565,0.7560975609756098,North,M,0.37876784516623546,0.12293526878180473
P11953,Trousers,Rayon,Autumn,0.30114615188382426,0.096,0.11999999999999988,0.3210633946830266,0.35381355932203395,0.25223802001053186,0.878048780487805,North,XL,0.40707578806170347,0.25509798540277506
P11954,Jeans,Denim,Winter,0.4393552039405516,0.396,0.28000000000000025,0.6584867075664623,0.777542372881356,0.634544497103739,0.878048780487805,South,XL,0.5079860113059307,0.38113944835590957
P11955,T-Shirt,Linen,Winter,0.5406026883430598,0.514,0.08000000000000007,0.024539877300613498,0.18432203389830515,0.31753554502369674,0.6097560975609757,North,S,0.5645156654210979,0.33077193798158866
P11956,Jacket,Rayon,Spring,0.6914912965838264,0.826,0.0,0.6421267893660533,0.40466101694915246,0.3480779357556609,0.09756097560975613,East,L,0.5555667337357477,0.3775050749164731
P11957,Jeans,Cotton,Winter,0.41633295960241745,0.076,0.15999999999999992,0.10838445807770962,0.4555084745762712,0.2490784623486046,0.5609756097560976,South,S,0.4039427038421002,0.37200755053509493
P11958,Dress,Cotton,Winter,0.33390324673484106,0.348,0.8800000000000001,0.7341513292433539,0.3029661016949152,0.4186413902053712,0.024390243902439046,South,S,0.27996071668103856,0.24271359174701848
P11959,Jeans,Rayon,Winter,0.2279410838406521,0.8220000000000001,0.2400000000000002,0.5644171779141105,0.31991525423728806,0.16219062664560296,0.34146341463414637,West,S,0.4819440452237232,0.1289125276789948
P11960,Shirt,Polyester,Winter,0.5912799706474258,0.648,0.9600000000000002,0.08588957055214726,0.5402542372881354,0.31964191679831494,0.9512195121951221,East,M,0.4912474849094567,0.39367448460290333
P11961,T-Shirt,Linen,Winter,0.7619406240256488,0.29,0.6000000000000001,0.5439672801635993,0.48940677966101687,0.7783043707214324,0.17073170731707316,West,L,0.4878269617706237,0.6159162864758225
P11962,Shirt,Cotton,Winter,0.7398569062008887,0.846,0.2400000000000002,0.22085889570552147,0.40466101694915246,0.21590310689836756,0.878048780487805,West,L,0.5311775414391109,0.39660619828900967
P11963,Shirt,Rayon,Winter,0.6347167413603595,0.494,0.4800000000000002,0.6584867075664623,0.3368644067796609,0.9478672985781992,0.878048780487805,North,M,0.43929290025869494,0.42359969860567415
P11964,Dress,Cotton,Winter,0.6212277847939808,0.498,0.20000000000000018,0.3374233128834356,0.3877118644067796,0.4934175882043181,0.3170731707317073,West,S,0.6319057200344926,0.4242962066444272
P11965,T-Shirt,Rayon,Autumn,0.8213543913907514,0.976,1.0,0.7157464212678938,0.6080508474576272,0.10689836756187467,0.09756097560975613,South,XL,0.597106448213088,0.4309190482980041
P11966,T-Shirt,Linen,Winter,0.5633162897338426,0.948,0.8399999999999999,0.8323108384458079,0.8114406779661016,0.9436545550289629,0.1951219512195122,Central,M,0.6187937146689662,0.33384888670337654
P11967,Hoodie,Rayon,Autumn,0.6226607699066827,0.358,0.040000000000000036,0.2147239263803681,0.6419491525423728,0.4570826750921538,0.5121951219512195,East,S,0.7113777905528407,0.5199565093623638
P11968,T-Shirt,Denim,Autumn,0.439947294492613,0.14,0.9600000000000002,0.10224948875255625,0.5911016949152543,0.5571353343865193,0.7073170731707319,South,S,0.5687985053176199,0.404928972005829
P11969,T-Shirt,Rayon,Summer,0.24318426613840435,0.326,0.72,0.41513292433537835,0.6588983050847457,0.18536071616640337,0.7804878048780488,South,S,0.5082542876305451,0.21075399581147614
P11970,T-Shirt,Rayon,Summer,0.3713403764814074,0.03,0.08000000000000007,0.9079754601226995,0.5741525423728815,0.33333333333333337,0.902439024390244,South,S,0.48614544409313015,0.3580330130770568
P11971,Dress,Linen,Autumn,0.4988319596622564,0.02,0.6800000000000002,0.6155419222903886,0.43855932203389836,0.7040547656661401,0.878048780487805,North,XL,0.6016096579476861,0.45361686585819244
P11972,Jeans,Rayon,Autumn,0.5120500662952453,0.396,0.6399999999999999,0.08588957055214726,0.20127118644067798,0.12427593470247499,0.902439024390244,North,XL,0.511593369742263,0.33966381971269305
P11973,Hoodie,Linen,Winter,0.8645644040199167,0.9420000000000001,0.20000000000000018,0.5766871165644173,0.5572033898305082,0.5708267509215378,0.14634146341463422,Central,M,0.2374628724729328,0.45653052128537885
P11974,Shirt,Denim,Summer,0.5159238502262856,0.872,0.7600000000000002,0.17177914110429449,0.6927966101694913,0.6940494997367036,0.04878048780487804,East,S,0.41510491520551873,0.3117328774714389
P11975,T-Shirt,Linen,Spring,0.7233256120106197,0.512,0.08000000000000007,0.441717791411043,0.3368644067796609,0.0015797788309636698,0.9512195121951221,South,M,0.7128197757976429,0.47598596357331663
P11976,Sweater,Cotton,Summer,0.4183485870136905,0.5660000000000001,0.4800000000000002,0.3210633946830266,0.5572033898305082,0.8378093733543972,0.7560975609756098,North,S,0.23344351825237133,0.29892074121016726
P11977,Jeans,Linen,Autumn,0.4416668766278553,0.006,0.0,0.7137014314928426,0.47245762711864403,0.056345444971037384,0.853658536585366,West,XL,0.549942512216154,0.4110500768418605
P11978,Jeans,Denim,Autumn,0.24942956169552064,0.21600000000000003,0.9600000000000002,0.25766871165644173,0.5911016949152543,0.24697209057398634,1.0,North,M,0.5792900258695026,0.22221198590146082
P11979,Shirt,Wool,Winter,0.360289069315537,0.024,0.7600000000000002,0.38854805725971375,0.31991525423728806,0.9641916798314903,0.9756097560975612,South,L,0.4880904474465842,0.30960621982001074
P11980,Dress,Rayon,Winter,0.600145581839197,0.7540000000000001,0.15999999999999992,0.5419222903885481,0.47245762711864403,0.0810953133228015,0.43902439024390244,South,M,0.4037223340040241,0.3590764480515982
P11981,Trousers,Polyester,Summer,0.5019939751636909,0.146,0.3600000000000001,0.7893660531697343,0.15042372881355925,0.8262243285939971,0.7317073170731709,North,L,0.3481795535115454,0.3703895503801114
P11982,Trousers,Rayon,Winter,0.6787456026253547,0.87,0.15999999999999992,0.9406952965235175,0.5063559322033897,0.6524486571879938,0.7073170731707319,West,M,0.5277953434895084,0.375306903583086
P11983,Jeans,Polyester,Spring,0.53481405837131,0.644,0.7600000000000002,0.12065439672801638,0.4216101694915253,0.5987361769352292,0.878048780487805,West,XL,0.45590686979016953,0.3390309124649712
P11984,Jacket,Cotton,Spring,0.4339634006153962,0.23,0.040000000000000036,0.5766871165644173,0.8961864406779663,0.5818852027382835,0.5853658536585367,South,L,0.7222573536456836,0.43238732365787697
P11985,Jacket,Cotton,Winter,0.9065177989348667,0.158,0.8399999999999999,0.9509202453987732,0.4555084745762712,0.16640337019483942,0.2926829268292683,North,XL,0.5692871514803104,0.7733664692462393
P11986,Shirt,Polyester,Spring,0.4828203194139563,0.628,0.9600000000000002,0.7730061349693252,0.40466101694915246,0.6692996313849396,0.26829268292682934,East,M,0.4438056912906007,0.3079393284173196
P11987,Trousers,Polyester,Spring,0.7203305156541813,0.9,0.6800000000000002,0.8752556237218815,0.5741525423728815,0.9520800421274355,0.1951219512195122,East,XL,0.5433026731819488,0.39969406134311175
P11988,Jeans,Linen,Summer,0.4247482040444823,0.718,0.20000000000000018,0.12474437627811862,0.5063559322033897,0.07688256977356504,0.9512195121951221,South,S,0.40327680367921814,0.26815921649381835
P11989,Dress,Polyester,Spring,0.49831545513811765,0.348,0.3600000000000001,0.8323108384458079,0.3029661016949152,0.33280674038967883,0.1951219512195122,West,L,0.4741161253233687,0.3582322244470923
P11990,Trousers,Wool,Autumn,0.6759268736674025,0.588,0.4800000000000002,0.6155419222903886,0.47245762711864403,0.472353870458136,0.6341463414634148,East,S,0.2446680080482897,0.45292318562372086
P11991,Jeans,Rayon,Autumn,0.5399633565235465,0.31,0.6000000000000001,0.2556237218813906,1.0,0.23222748815165878,0.9756097560975612,North,L,0.4490370796205806,0.535850133715454
P11992,Jeans,Rayon,Summer,0.055649032026429984,1.0,0.6800000000000002,0.9427402862985687,0.15042372881355925,0.7414428646656136,0.7317073170731709,Central,XL,0.5788636581393121,0.03860796224355412
P11993,T-Shirt,Denim,Winter,0.5040127519927942,0.748,0.56,0.9938650306748467,0.5063559322033897,0.6887835703001581,0.12195121951219517,Central,XL,0.47632461435278334,0.30943402142245297
P11994,Dress,Polyester,Summer,0.7330793590304832,0.614,0.3600000000000001,0.34969325153374237,0.35381355932203395,0.11795681937862036,0.6829268292682928,West,S,0.6288492861933506,0.45497329411714504
P11995,T-Shirt,Polyester,Winter,0.6002400643741004,0.424,0.8800000000000001,0.12678936605316973,0.3029661016949152,0.5697735650342287,0.7073170731707319,Central,S,0.682480597872952,0.4113540409968119
P11996,Shirt,Wool,Winter,0.5848110664243714,0.618,0.08000000000000007,0.5296523517382414,0.35381355932203395,0.3691416535018431,0.902439024390244,North,M,0.6037079620580625,0.3641705390221611
P11997,T-Shirt,Cotton,Winter,0.17511904799397834,0.342,0.4800000000000002,0.030674846625766878,0.6080508474576272,0.22854133754607686,0.2439024390243903,South,S,0.7866149276612053,0.14879712647458831
P11998,Sweater,Cotton,Winter,0.36442425492647684,0.027999999999999997,0.7600000000000002,0.36400817995910023,0.6927966101694913,0.8488678251711429,1.0,South,L,0.6493197278911564,0.36998834944636055
P11999,T-Shirt,Rayon,Winter,0.5782949209338653,0.396,0.08000000000000007,0.6728016359918202,0.47245762711864403,0.054765666140073735,0.12195121951219517,North,L,0.5055954776276708,0.4379466876539354
P12000,Sweater,Rayon,Summer,0.5781122546997187,0.93,0.72,0.7505112474437629,0.48940677966101687,0.46761453396524494,0.9268292682926831,South,L,0.47136629299607163,0.30365728857623625
P12001,Trousers,Linen,Winter,0.7300937109275351,0.626,0.8,0.20449897750511248,0.5741525423728815,0.4755134281200632,0.9756097560975612,North,M,0.4419085944236849,0.4988583360346306
P12002,Jacket,Polyester,Spring,0.4731893996894673,0.084,0.6800000000000002,0.9693251533742333,0.5741525423728815,0.5703001579778832,0.7317073170731709,North,M,0.39863945578231286,0.44427573532585385
P12003,Hoodie,Denim,Spring,0.5772493142142674,0.8840000000000001,0.0,0.35787321063394684,0.3029661016949152,0.19747235387045814,0.8292682926829269,Central,L,0.5481987161061608,0.2885160089938067
P12004,Hoodie,Denim,Winter,0.5036568677779912,0.268,0.20000000000000018,0.39263803680981596,0.40466101694915246,0.8715113217482887,0.26829268292682934,Central,S,0.44805978729519974,0.3976240838038154
P12005,Jeans,Wool,Spring,0.31406506382295235,0.244,0.3600000000000001,0.9243353783231085,0.47245762711864403,0.9657714586624541,0.12195121951219517,West,XL,0.3077656414678547,0.26119331753136454
P12006,T-Shirt,Denim,Autumn,0.0742998844163657,0.298,0.2400000000000002,0.9406952965235175,0.5233050847457625,0.5492364402317009,0.6097560975609757,Central,M,0.615234262719172,0.06531458925745927
P12007,Sweater,Cotton,Summer,0.5820112339733999,0.578,0.9600000000000002,0.6134969325153375,0.4216101694915253,0.2564507635597683,0.878048780487805,South,S,0.41697326818051156,0.38456974858637066
P12008,Dress,Denim,Summer,0.53343461336172,0.544,0.6399999999999999,0.7893660531697343,0.4216101694915253,0.8773038441284888,0.7560975609756098,Central,M,0.2838794672798697,0.3610669990180077
P12009,T-Shirt,Polyester,Winter,0.38374908273205693,0.49200000000000005,0.28000000000000025,0.556237218813906,0.3707627118644068,0.9889415481832545,0.07317073170731708,North,M,0.6610041199578423,0.2644045373459181
P12010,Sweater,Wool,Winter,0.19459819727323407,0.718,0.9199999999999999,0.9529652351738243,0.625,0.7424960505529227,0.9512195121951221,Central,XL,0.6661732298553222,0.13460884174029622
P12011,Dress,Wool,Autumn,0.6195617427618504,0.316,0.7600000000000002,0.8588957055214725,0.21822033898305082,0.3338599262769879,0.04878048780487804,South,M,0.3362412570662067,0.4318605582919109
P12012,Jacket,Denim,Winter,0.45031517798934867,0.782,0.28000000000000025,0.5316973415132925,0.08262711864406769,0.2359136387572407,0.024390243902439046,West,M,0.4234645971064482,0.22025690651507254
P12013,Hoodie,Polyester,Spring,0.6057924880085915,0.17600000000000002,0.3600000000000001,0.3558282208588957,0.625,0.15692469720905744,0.4634146341463415,East,XL,0.38487592219986577,0.5548391867393639
P12014,Jacket,Wool,Autumn,0.8528044778422706,0.782,0.20000000000000018,0.4764826175869121,0.6080508474576272,0.23486045286993157,0.43902439024390244,North,L,0.4081824279007377,0.5262820842921822
P12015,Hoodie,Linen,Spring,0.09590804014877854,0.664,0.9600000000000002,0.6114519427402864,0.2860169491525424,0.2274881516587678,0.9268292682926831,South,M,0.2020791415157612,0.06603148725339934
P12016,T-Shirt,Linen,Summer,0.3683641766319496,0.684,0.52,0.4396728016359919,0.5741525423728815,0.9678778304370722,0.26829268292682934,South,M,0.44039474944907536,0.24651879929247345
P12017,Shirt,Cotton,Spring,0.4609980032690956,0.48200000000000004,0.8800000000000001,0.850715746421268,0.7944915254237288,0.6434965771458664,0.853658536585366,East,L,0.44623934080674516,0.3823828388595078
P12018,T-Shirt,Denim,Summer,0.7754768218594792,0.668,0.3600000000000001,0.5030674846625768,0.7266949152542375,0.16692996313849395,1.0,West,L,0.7275845549487401,0.5492620373426934
P12019,Trousers,Polyester,Spring,0.1913416992368961,0.08,0.8800000000000001,0.040899795501022504,0.48940677966101687,0.4881516587677725,0.6585365853658538,North,L,0.5207339273737663,0.17472149352517158
P12020,Sweater,Cotton,Summer,0.8663753192722324,0.8520000000000001,0.040000000000000036,0.9202453987730063,0.23516949152542366,0.18483412322274884,0.1951219512195122,West,L,0.42287055667337353,0.42199933501949843
P12021,Jeans,Denim,Winter,0.5262350442020792,0.055999999999999994,1.0,0.6605316973415134,0.6927966101694913,0.6061084781463929,0.2439024390243903,East,S,0.5323512503592986,0.5274087906612209
P12022,Shirt,Wool,Spring,0.48242349276736196,0.14800000000000002,0.9199999999999999,0.4948875255623722,0.7944915254237288,0.3417588204318062,0.7073170731707319,North,L,0.30653444476382097,0.4817891636753954
P12023,T-Shirt,Linen,Summer,0.46313645797574315,0.5760000000000001,0.3600000000000001,0.5869120654396729,0.40466101694915246,0.19589257503949448,0.024390243902439046,Central,L,0.5115263006611095,0.30596978754061493
P12024,Dress,Rayon,Spring,0.41812497834775236,0.74,0.7600000000000002,0.570552147239264,0.40466101694915246,0.24275934702474988,0.902439024390244,West,L,0.4052936667624796,0.2484820396227967
P12025,Shirt,Polyester,Autumn,0.6986215785512047,0.076,0.7600000000000002,0.4969325153374234,0.5233050847457625,0.6756187467087942,0.902439024390244,Central,S,0.5188128772635814,0.6425745927639366
P12026,Sweater,Rayon,Winter,0.2986518129623739,0.92,0.9199999999999999,0.33128834355828224,0.5063559322033897,0.4081095313322802,0.7804878048780488,North,XL,0.5668487113155121,0.16594406345156235
P12027,Hoodie,Linen,Summer,0.565835823997934,0.9740000000000001,0.32000000000000006,0.2965235173824131,0.6588983050847457,0.5134281200631913,0.14634146341463422,East,L,0.42120341094184144,0.30813948238878214
P12028,Shirt,Rayon,Autumn,0.42796690906685897,0.606,0.4800000000000002,0.13496932515337423,0.43855932203389836,0.8220115850447605,0.48780487804878053,Central,S,0.5396426176104243,0.2824911239192454
P12029,Hoodie,Wool,Spring,0.3565475609333615,0.48200000000000004,0.8800000000000001,0.20858895705521474,0.6588983050847457,0.655608214849921,0.26829268292682934,Central,M,0.4011737089201878,0.281134149943677
P12030,Sweater,Denim,Autumn,0.9892246605714933,0.742,0.7600000000000002,0.6319018404907977,0.31991525423728806,0.4628751974723539,0.48780487804878053,South,XL,0.3488119191338507,0.5468641585332565
P12031,T-Shirt,Wool,Spring,0.579749951971378,0.32799999999999996,0.40000000000000013,0.8364008179959102,0.0,0.9547130068457083,0.5365853658536586,North,S,0.6321404618185302,0.35521979431246203
P12032,Sweater,Rayon,Winter,0.6164501179456977,0.494,0.8399999999999999,0.9059304703476484,0.6588983050847457,0.2148499210110585,0.12195121951219517,East,L,0.648299319727891,0.47797480297397693
P12033,Shirt,Wool,Autumn,0.7155654464772186,0.9159999999999999,0.040000000000000036,0.25357873210633947,0.5572033898305082,0.28909952606635075,0.3170731707317073,South,XL,0.5302577368975758,0.388829141187902
P12034,Dress,Linen,Winter,0.2319786374988584,0.956,0.8,0.23721881390593047,0.6419491525423728,0.9120589784096894,0.7560975609756098,West,S,0.6127910319057199,0.13515220185244
P12035,Jacket,Polyester,Summer,0.8316876312913557,0.9279999999999999,0.20000000000000018,0.9631901840490799,0.4555084745762712,0.8536071616640338,0.2926829268292683,East,S,0.27836064003066013,0.42477762792068774
P12036,Shirt,Wool,Spring,0.026460227576932473,0.262,0.28000000000000025,0.5112474437627813,0.7097457627118642,0.13006845708267512,0.6341463414634148,South,S,0.6186356232633898,0.026359551246312566
P12037,Sweater,Linen,Spring,0.35529409263697603,0.23199999999999998,0.4800000000000002,0.6543967280163601,0.26906779661016955,0.9304897314375989,0.2439024390243903,West,S,0.705590686979017,0.26932764537865833
P12038,Jacket,Polyester,Winter,0.4138228735918165,0.298,0.44000000000000017,0.8875255623721883,0.5402542372881354,0.010005265929436541,0.7560975609756098,East,S,0.5873191530133179,0.3432579837596719
P12039,Sweater,Denim,Winter,0.6104882699932916,0.44200000000000006,0.52,0.7546012269938651,0.7436440677966103,0.8230647709320695,0.04878048780487804,South,S,0.4821931589537223,0.5066616867544953
P12040,Dress,Rayon,Summer,0.5418939496534065,0.314,0.56,0.4601226993865031,0.43855932203389836,0.2790942601369142,0.024390243902439046,East,S,0.30882437482035063,0.4235685679532779
P12041,Sweater,Denim,Autumn,0.4690416164072071,0.374,0.32000000000000006,0.38241308793456036,0.6758474576271185,0.1885202738283307,0.7073170731707319,Central,S,0.5786576602471973,0.39489803086593017
P12042,T-Shirt,Cotton,Spring,0.498296558631137,0.62,0.15999999999999992,0.3803680981595092,0.3368644067796609,0.4491837809373354,0.024390243902439046,South,M,0.5804445721950751,0.30894029671703827
P12043,Jeans,Linen,Spring,0.9999999999999999,0.762,0.7600000000000002,0.15337423312883436,0.5741525423728815,0.8973143759873619,0.9268292682926831,Central,M,0.6574686212513172,0.6154108536684708
P12044,Hoodie,Polyester,Summer,0.21763933811834885,0.736,0.40000000000000013,0.556237218813906,0.6588983050847457,0.7862032648762508,0.6829268292682928,South,L,0.4540193542205614,0.14956281649703312
P12045,Hoodie,Wool,Summer,0.637850412101323,0.8140000000000001,0.52,0.9570552147239265,0.8622881355932202,0.9673512374934178,0.5121951219512195,Central,L,0.41865957650665897,0.4294040645568865
P12046,Shirt,Denim,Winter,0.6316492083938283,0.032,0.6399999999999999,0.30265848670756645,0.7266949152542375,0.5413375460768827,0.5853658536585367,North,L,0.3912043690715722,0.649953698425687
P12047,Jeans,Polyester,Winter,0.7999792925777668,0.048,0.9199999999999999,0.3967280163599182,0.5402542372881354,0.5107951553449185,1.0,Central,L,0.3675816805595477,0.7517303681672186
P12048,Sweater,Linen,Autumn,0.35127858490358055,0.79,0.72,0.7423312883435584,0.6927966101694913,0.01316482359136388,0.43902439024390244,North,L,0.571299223914918,0.22959141403212047
P12049,Dress,Cotton,Summer,0.6314822892488323,0.534,0.040000000000000036,0.5787321063394684,0.6758474576271185,0.18062137967351238,0.3658536585365854,East,L,0.49549199961674806,0.4806985986294972
P12050,Shirt,Denim,Autumn,0.44695474916461686,0.578,0.8399999999999999,0.965235173824131,0.3877118644067796,0.4976303317535545,0.39024390243902446,West,M,0.567715818721855,0.29290364500003024
P12051,Sweater,Rayon,Summer,0.7255207562382093,0.052000000000000005,1.0,0.08793456032719837,0.6758474576271185,0.7530279094260138,0.6341463414634148,West,M,0.5225447925649132,0.7233590078117845
P12052,Jacket,Polyester,Spring,0.6936801419757557,0.256,0.4800000000000002,0.9263803680981596,0.6758474576271185,0.8230647709320695,0.43902439024390244,West,M,0.44096004599022703,0.6220986852099187
P12053,Trousers,Rayon,Summer,0.5404767116298552,0.638,0.9600000000000002,0.9100204498977507,0.18432203389830515,0.28330700368615064,1.0,North,S,0.37498323272971157,0.3054293544539554
P12054,Sweater,Polyester,Summer,0.43640419943373465,0.86,0.56,0.3456032719836401,0.3877118644067796,0.7130068457082676,0.7073170731707319,West,S,0.6908929769090735,0.23499537281920477
P12055,Jeans,Polyester,Spring,0.6821469738818778,0.9159999999999999,0.44000000000000017,0.1901840490797546,0.48940677966101687,0.8288572933122696,0.3170731707317073,West,L,0.5328734310625658,0.3601147483288917
P12056,Shirt,Linen,Summer,0.6228056431268679,0.5,0.32000000000000006,0.45603271983640087,0.7436440677966103,0.37493417588204314,1.0,Central,XL,0.67080099645492,0.4985881070886505
P12057,Jeans,Linen,Autumn,0.3712301468573534,0.546,0.6399999999999999,0.5664621676891617,0.48940677966101687,0.6961558715113219,0.7560975609756098,West,M,0.5687745520743508,0.2616577967872373
P12058,Shirt,Linen,Winter,0.24965631977928884,0.8340000000000001,0.2400000000000002,0.07566462167689163,0.20127118644067798,0.4375987361769353,0.5365853658536586,West,XL,0.4480214621059691,0.13163228007049863
P12059,Sweater,Wool,Winter,0.4460414179938838,0.538,0.11999999999999988,0.5501022494887526,0.4555084745762712,0.9863085834649817,0.853658536585366,Central,L,0.44124269426080287,0.3093881564214325
P12060,T-Shirt,Polyester,Autumn,0.786924955671944,0.516,0.040000000000000036,0.9836400817995912,0.23516949152542366,0.006845708267509208,0.21951219512195125,North,M,0.3853789403085177,0.4890602174472349
P12061,Jacket,Denim,Spring,0.7172094425845381,0.9059999999999999,0.28000000000000025,0.4785276073619632,0.4555084745762712,0.41442864665613477,0.902439024390244,South,XL,0.6831800325764108,0.3752181998277321
P12062,Sweater,Rayon,Summer,0.29037199348700393,0.79,0.40000000000000013,0.22494887525562374,0.3707627118644068,0.2638230647709321,0.6829268292682928,West,M,0.7021462105969147,0.16783152358820383
P12063,Hoodie,Linen,Autumn,0.27990017920187454,0.91,0.56,0.7709611451942742,0.5063559322033897,0.849921011058452,0.2439024390243903,North,XL,0.45636677206093695,0.15756339416287615
P12064,Jeans,Linen,Winter,0.7414347645337758,0.218,0.28000000000000025,0.8364008179959102,0.6080508474576272,0.28751974723538704,0.902439024390244,North,L,0.5956405097250167,0.6585899615329318
P12065,Trousers,Rayon,Winter,0.2859691073605044,0.524,1.0,0.34151329243353784,0.625,0.5439705107951555,0.34146341463414637,Central,L,0.4499089776755772,0.2182086088086004
P12066,Trousers,Rayon,Autumn,0.5968040495214458,0.8420000000000001,0.28000000000000025,0.10838445807770962,0.5911016949152543,0.7409162717219591,0.7560975609756098,South,S,0.28704129539139595,0.3520403252828226
P12067,Dress,Polyester,Winter,0.3841490587964814,0.11199999999999999,0.44000000000000017,0.8098159509202455,0.3368644067796609,0.4976303317535545,0.6341463414634148,South,XL,0.4186164606687745,0.3190436445297217
P12068,Shirt,Linen,Autumn,0.49831545513811765,0.794,0.11999999999999988,0.25766871165644173,0.40466101694915246,0.41074249605055296,0.902439024390244,West,M,0.6052218070326721,0.2824449116440149
P12069,Jeans,Rayon,Winter,0.3549823002717947,0.182,0.28000000000000025,0.9754601226993866,0.8114406779661016,0.04265402843601897,0.0,East,XL,0.6460620868065536,0.35079656269971365
P12070,Dress,Wool,Autumn,0.7166205014503068,0.8079999999999999,0.040000000000000036,0.5603271983640082,0.23516949152542366,0.02317008952080042,0.9756097560975612,East,S,0.5001053942703841,0.36399501671430773
P12071,Jeans,Polyester,Summer,0.5354974820404448,0.612,0.56,0.08384458077709613,0.48940677966101687,0.9578725645076359,0.3170731707317073,Central,S,0.4023426271917217,0.35789583976410755
P12072,Hoodie,Linen,Summer,0.5482211300741058,0.19399999999999998,0.7600000000000002,0.08179959100204501,0.5572033898305082,0.6434965771458664,0.04878048780487804,West,S,0.33859825620388995,0.4828426696020267
P12073,Shirt,Rayon,Summer,0.12824311301056004,0.474,0.20000000000000018,0.10020449897750512,0.5911016949152543,0.8256977356503424,0.7073170731707319,Central,S,0.4551355753569033,0.10307517762331683
P12074,Sweater,Polyester,Summer,0.08428983777348763,0.682,0.3600000000000001,0.9938650306748467,0.5233050847457625,0.4807793575566088,0.7317073170731709,West,M,0.46529654115167185,0.06314447271917989
P12075,Sweater,Polyester,Winter,0.45888474390508915,0.634,0.0,0.7893660531697343,0.5572033898305082,0.26171669299631384,0.0,South,M,0.4646593848807128,0.31288987111264965
P12076,Trousers,Polyester,Spring,0.5472196152041295,0.428,0.8399999999999999,0.3231083844580777,0.47245762711864403,0.2948920484465508,0.3170731707317073,East,S,0.3320973459806457,0.40706552697224213
P12077,Sweater,Cotton,Autumn,0.2879406429221558,0.9,0.7600000000000002,0.6768916155419225,0.2521186440677965,0.04370721432332808,0.853658536585366,North,M,0.5515857047044168,0.146052072676356
P12078,Sweater,Linen,Spring,0.2948378679701057,0.52,0.08000000000000007,0.8139059304703478,0.31991525423728806,0.7914691943127964,0.853658536585366,East,S,0.5148366388809045,0.19731086231063757
P12079,Hoodie,Polyester,Winter,0.606661727329703,0.506,0.3600000000000001,0.3701431492842536,0.48940677966101687,0.5818852027382835,0.9756097560975612,West,L,0.46034780109226786,0.43292277087909287
P12080,T-Shirt,Wool,Winter,0.6069231290096025,0.062000000000000006,0.9600000000000002,0.3680981595092025,0.5063559322033897,0.4813059505002633,0.34146341463414637,East,S,0.5009245951901886,0.5579493001482068
P12081,Trousers,Rayon,Spring,0.4745373505207562,0.922,0.40000000000000013,0.8752556237218815,0.6758474576271185,0.8525539757767248,0.902439024390244,North,L,0.5771246526779725,0.2742399134949865
P12082,Dress,Denim,Spring,0.6479946869321205,0.17800000000000002,0.52,0.3374233128834356,0.21822033898305082,0.444971037388099,0.5853658536585367,South,S,0.5800517390054614,0.4859784068865071
P12083,Jacket,Denim,Winter,0.2786813545016204,0.528,0.3600000000000001,0.47239263803680986,0.6758474576271185,0.9483938915218538,0.3170731707317073,South,S,0.681699722142378,0.21668444710621856
P12084,T-Shirt,Polyester,Winter,0.43330517228890236,0.804,0.6000000000000001,0.4192229038854806,0.20127118644067798,0.01316482359136388,0.5609756097560976,West,M,0.6838315607933312,0.22252897283928716
P12085,Dress,Denim,Autumn,0.49831545513811765,0.21600000000000003,0.9600000000000002,0.7239263803680983,0.8622881355932202,0.9852553975776727,0.024390243902439046,East,L,0.5747101657564434,0.4936318095635546
P12086,Shirt,Denim,Summer,0.5134736031544569,0.528,1.0,0.9468302658486709,0.5741525423728815,0.8162190626645605,0.8048780487804879,West,M,0.4775701830027785,0.3767415925657918
P12087,T-Shirt,Cotton,Summer,0.5244335772032539,0.24,0.7600000000000002,0.10020449897750512,0.5063559322033897,0.3549236440231701,0.5365853658536586,East,S,0.40778480406247,0.4406561954562444
P12088,Hoodie,Wool,Autumn,0.9363081421899161,0.76,0.40000000000000013,0.8323108384458079,0.6588983050847457,0.5955766192733019,0.17073170731707316,Central,L,0.6239197087285617,0.5999670238332305
P12089,Dress,Wool,Spring,0.23613586903460898,0.564,0.4800000000000002,0.81799591002045,0.5572033898305082,0.8651922064244341,0.09756097560975613,West,S,0.33049726933026724,0.17255618921523072
P12090,Shirt,Cotton,Winter,0.6510622198986517,0.856,0.3600000000000001,0.2965235173824131,0.2521186440677965,0.48183254344391796,0.6829268292682928,East,L,0.5128628916355273,0.3225503450863825
P12091,Trousers,Cotton,Spring,0.814998866209581,0.8940000000000001,1.0,0.6073619631901842,0.3368644067796609,0.051079515534491846,0.7804878048780488,Central,XL,0.3662738334770528,0.404871175655165
P12092,Jacket,Denim,Summer,0.43917883654206513,0.648,0.72,0.294478527607362,0.40466101694915246,0.9041600842548713,0.4634146341463415,West,L,0.6409265114496502,0.2773679611362455
P12093,Shirt,Linen,Summer,0.6630048123104443,0.726,0.44000000000000017,0.030674846625766878,0.3707627118644068,0.5171142706687731,0.3658536585365854,South,XL,0.6169014084507041,0.3846219885496747
P12094,Sweater,Rayon,Spring,0.3149972915006661,0.55,0.52,0.17177914110429449,0.48940677966101687,0.5455502896261191,0.878048780487805,Central,S,0.5048337644917121,0.2228036171287944
P12095,Jeans,Rayon,Summer,0.37079552719679765,0.384,0.52,0.4396728016359919,0.47245762711864403,0.01369141653501843,0.878048780487805,West,S,0.9171169876401264,0.28519403351156436
P12096,Shirt,Denim,Winter,0.5733093925087946,0.648,1.0,0.9836400817995912,0.35381355932203395,0.10005265929436545,1.0,North,M,0.3938631790744466,0.3500731905202872
P12097,Shirt,Rayon,Autumn,0.6514653453809063,0.908,0.52,0.10429447852760737,0.43855932203389836,0.7777777777777779,0.9756097560975612,South,XL,0.5648270575835967,0.3388239618411129
P12098,Jacket,Cotton,Spring,0.7123813850509733,0.41600000000000004,0.20000000000000018,0.07157464212678938,0.21822033898305082,0.4349657714586625,0.5609756097560976,Central,M,0.5802289930056529,0.46750875205425096
P12099,Jeans,Wool,Winter,0.7971700118733052,0.314,0.040000000000000036,0.21676891615541924,1.0,0.9984202211690366,0.6829268292682928,East,XL,0.5348519689565967,0.7893158807206356
P12100,Sweater,Rayon,Winter,0.48781844551034736,0.38799999999999996,0.3600000000000001,0.4458077709611452,0.7436440677966103,0.6961558715113219,0.8292682926829269,North,S,0.4606591932547666,0.4189060644098407
P12101,Dress,Polyester,Summer,0.7261159962081009,0.436,0.9199999999999999,0.8629856850715748,0.47245762711864403,0.9499736703528173,0.1951219512195122,East,M,0.5166139695314744,0.5351541713933167
P12102,Dress,Linen,Winter,0.43588139607393567,0.07400000000000001,1.0,0.687116564417178,0.4555084745762712,0.2796208530805687,0.5121951219512195,North,XL,0.756338028169014,0.3897128300258441
P12103,Shirt,Denim,Spring,0.671026379523745,0.498,0.9600000000000002,0.8343558282208591,0.5741525423728815,0.17640863612427593,0.4634146341463415,West,M,0.507310529845741,0.49940988189601
P12104,Hoodie,Polyester,Winter,0.5397712420359096,0.494,0.72,0.7566462167689163,0.7097457627118642,0.37704054765666145,0.9512195121951221,West,S,0.5943901504263677,0.4284132664304606
P12105,Hoodie,Denim,Autumn,0.5847827216639004,0.588,0.56,0.9918200408997957,0.40466101694915246,0.2648762506582412,0.07317073170731708,East,XL,0.2696512407780013,0.38073852028046656
P12106,Jeans,Cotton,Winter,0.5805908465320184,0.36200000000000004,0.6000000000000001,0.6073619631901842,0.4216101694915253,0.6134807793575567,0.853658536585366,East,L,0.479725974897001,0.43769565801070814
P12107,Jeans,Wool,Winter,0.1973318919497731,0.614,0.52,0.5173824130879346,0.35381355932203395,0.7446024223275409,0.26829268292682934,East,XL,0.8290888186260419,0.1303867315057383
P12108,Sweater,Wool,Autumn,0.2881453550811132,0.878,0.72,0.8261758691206545,0.4555084745762712,0.4023170089520801,0.5365853658536586,Central,S,0.4283798026252754,0.16229579904372587
P12109,Jacket,Rayon,Winter,0.5199393579596812,0.956,0.40000000000000013,0.13701431492842536,0.5741525423728815,0.09004739336492891,0.9268292682926831,South,XL,0.4208009964549199,0.27860477823515445
P12110,Trousers,Cotton,Winter,0.18172652660155775,0.584,0.6800000000000002,0.965235173824131,1.0,0.026329647182727747,0.17073170731707316,East,M,0.7502491137299989,0.15559566407312364
P12111,Dress,Polyester,Summer,0.6576350549100998,0.042,0.11999999999999988,0.3803680981595092,0.4555084745762712,0.21800947867298576,0.21951219512195125,West,S,0.41314553990610325,0.5957813773907225
P12112,Jacket,Cotton,Spring,0.6652566460589759,0.97,0.28000000000000025,0.25153374233128833,0.8283898305084745,0.7330173775671407,0.5365853658536586,West,S,0.39609083069847656,0.3870966397648219
P12113,T-Shirt,Denim,Summer,0.562387211473959,0.706,0.8399999999999999,0.05930470347648263,0.47245762711864403,0.22169562927856767,0.6829268292682928,East,L,0.6016910989748011,0.3491303410401418
P12114,Dress,Cotton,Spring,0.2887091008727037,0.336,0.9199999999999999,0.37627811860940696,0.625,0.9115323854660349,0.7560975609756098,East,L,0.8425601226406054,0.2447303371109822
P12115,Jacket,Cotton,Autumn,0.7613611311449078,0.14800000000000002,0.52,0.5889570552147241,0.40466101694915246,0.6519220642443393,0.3170731707317073,West,M,0.6327728274408354,0.637506150474312
P12116,Dress,Polyester,Autumn,0.8855269290971562,0.14400000000000002,0.040000000000000036,0.7321063394683027,0.3877118644067796,0.8625592417061613,0.3658536585365854,Central,M,0.5106831464980357,0.7360153667845711
P12117,Trousers,Denim,Autumn,0.5283577518195761,0.168,0.9199999999999999,0.9672801635991821,0.3029661016949152,0.3859926276987889,0.9268292682926831,North,XL,0.6937625754527161,0.4176343462528269
P12118,T-Shirt,Linen,Spring,0.5970371064408743,0.046,0.72,0.965235173824131,0.4216101694915253,0.9842022116903636,0.39024390243902446,West,M,0.47314362364664164,0.5313088040660054
P12119,Hoodie,Linen,Spring,0.5386846928845203,0.902,0.40000000000000013,0.10633946830265849,0.6080508474576272,0.6798314902580307,0.4634146341463415,North,M,0.4285474753281594,0.3060388206925025
P12120,Hoodie,Wool,Spring,0.6007849136587101,0.54,0.6000000000000001,0.815950920245399,0.23516949152542366,0.35703001579778837,0.26829268292682934,East,M,0.7159720226118615,0.3702980436257769
P12121,Trousers,Rayon,Autumn,0.4779702159555806,0.7000000000000001,0.44000000000000017,0.35991820040899797,0.3368644067796609,0.21274354923644023,0.1951219512195122,South,XL,0.691098974801188,0.2812007025654932
P12122,Sweater,Cotton,Spring,0.4940322468891625,0.828,0.4800000000000002,0.9631901840490799,0.18432203389830515,0.8667719852553978,0.17073170731707316,East,S,0.4488789882150042,0.24506158709671913
P12123,T-Shirt,Wool,Winter,0.6717129526107098,0.792,0.8800000000000001,0.26993865030674846,0.4216101694915253,0.3180621379673513,0.9756097560975612,East,S,0.6500766503784612,0.3799656367208146
P12124,Shirt,Polyester,Summer,0.9438037566255876,0.882,0.15999999999999992,0.7382413087934562,0.5063559322033897,0.04423380726698263,0.878048780487805,East,XL,0.6878604963112005,0.5116563084691944
P12125,Jacket,Linen,Autumn,0.2360004440679141,0.968,0.11999999999999988,0.9938650306748467,0.4216101694915253,0.27856766719325965,0.48780487804878053,West,M,0.4786864041391204,0.12503010123241662
P12126,T-Shirt,Cotton,Summer,0.4809464158050384,0.44,0.0,0.1554192229038855,0.3368644067796609,0.1795681937862033,1.0,West,L,0.5242550541343297,0.3338745849949164
P12127,Sweater,Polyester,Winter,0.2774971733974975,0.9500000000000001,0.32000000000000006,0.7137014314928426,0.5063559322033897,0.31964191679831494,0.7560975609756098,South,XL,0.3301762958704608,0.15161228005263883
P12128,Sweater,Rayon,Spring,0.8013996800191484,0.7240000000000001,0.15999999999999992,0.12065439672801638,0.5233050847457625,0.6134807793575567,0.878048780487805,North,L,0.4988071284851968,0.49804048046478383
P12129,Trousers,Polyester,Summer,0.3895030691076754,0.07,0.20000000000000018,0.9284253578732108,0.5063559322033897,0.500789889415482,0.4146341463414634,West,M,0.4160295103957075,0.35746137492209895
P12130,Dress,Cotton,Winter,0.2278497507235788,0.682,0.0,0.7484662576687118,0.40466101694915246,0.711427066877304,0.6829268292682928,North,S,0.4711123886174188,0.1460497657833896
P12131,T-Shirt,Rayon,Winter,0.6211584976017183,0.6859999999999999,0.2400000000000002,0.948875255623722,0.6419491525423728,0.3338599262769879,0.14634146341463422,East,L,0.3115885790936092,0.42066753842415494
P12132,Jacket,Polyester,Summer,0.8301790601507311,0.9059999999999999,0.32000000000000006,0.6339468302658487,0.5572033898305082,0.12006319115323856,0.9512195121951221,South,L,0.6892641563667721,0.45289438666959164
P12133,T-Shirt,Rayon,Autumn,0.6259613597926423,0.37200000000000005,0.040000000000000036,0.18404907975460125,0.3877118644067796,0.1606108478146393,0.878048780487805,East,L,0.6564050972501676,0.46097950080026856
P12134,Jeans,Cotton,Summer,0.5392641857652613,0.584,0.6000000000000001,0.8548057259713703,0.5741525423728815,0.7977883096366509,0.12195121951219517,South,L,0.6890773210692727,0.38130321295122455
P12135,Dress,Cotton,Autumn,0.5778760483624601,0.012,0.52,0.9243353783231085,0.625,0.09794628751974725,0.4634146341463415,Central,S,0.5061847274120915,0.5744621392230245
P12136,Jacket,Rayon,Spring,0.7679182190672054,0.332,0.08000000000000007,0.6073619631901842,0.5741525423728815,0.7983149025803056,0.1951219512195122,West,S,0.4557918942224777,0.6304425930429466
P12137,Hoodie,Denim,Autumn,0.3353708754436742,0.062000000000000006,0.6000000000000001,0.6625766871165645,0.8114406779661016,0.21274354923644023,0.1951219512195122,East,L,0.5443039187505987,0.351455639539689
P12138,Jacket,Wool,Spring,0.47942839641092344,0.522,1.0,0.570552147239264,0.40466101694915246,0.6787783043707216,0.17073170731707316,Central,XL,0.5538708441122928,0.3273253158632577
P12139,Shirt,Polyester,Summer,0.41502280178509005,0.818,0.9600000000000002,0.40490797546012275,0.5402542372881354,0.6234860452869933,0.39024390243902446,North,S,0.7152151001245568,0.24758651865641396
P12140,Trousers,Polyester,Spring,0.27987813327706373,0.20600000000000002,0.0,0.9284253578732108,0.47245762711864403,0.09847288046340182,0.5609756097560976,Central,S,0.5270288397048959,0.23774181571427705
P12141,Shirt,Denim,Winter,0.438511159962081,0.528,0.8,0.2392638036809816,0.2521186440677965,0.6661400737230122,0.9512195121951221,West,M,0.5171409408833956,0.2776608125164769
P12142,Jacket,Denim,Spring,0.7098838967116928,0.204,0.3600000000000001,0.37218813905930476,0.3029661016949152,0.4476040021063718,0.5365853658536586,West,M,0.6154690045032096,0.5486362988268779
P12143,Dress,Polyester,Autumn,0.6076317480213782,0.12,0.08000000000000007,0.8118609406952967,1.0,0.7077409162717221,0.7804878048780488,West,XL,0.2332806361981412,0.6676682799042039
P12144,T-Shirt,Linen,Autumn,0.6223174833632003,0.51,0.28000000000000025,0.11042944785276075,0.26906779661016955,0.8357030015797791,0.5121951219512195,Central,XL,0.7149180799080195,0.39744682512491203
P12145,Hoodie,Linen,Autumn,0.528244372777692,0.08,0.32000000000000006,0.5521472392638038,0.43855932203389836,0.03949447077409163,0.5121951219512195,North,M,0.6096292037941937,0.4665132657259901
P12146,T-Shirt,Rayon,Spring,0.5994527099165718,0.588,0.52,0.008179959100204501,0.5063559322033897,0.6482359136387573,0.6341463414634148,East,M,0.5671505221807032,0.4090984205869708
P12147,Dress,Linen,Autumn,0.3492818539992882,0.032,0.6800000000000002,0.20449897750511248,0.4216101694915253,0.10479199578725647,0.024390243902439046,North,L,0.592349334099837,0.3140999729026895
P12148,Jacket,Cotton,Autumn,0.4420763009457701,0.106,0.7600000000000002,0.7914110429447854,0.7944915254237288,0.3791469194312796,0.7317073170731709,South,M,0.6346842962537127,0.45085427471235523
P12149,Sweater,Rayon,Winter,0.5368454328717336,0.55,0.2400000000000002,0.5828220858895706,0.7097457627118642,0.012638230647709317,0.2926829268292683,South,XL,0.8821069272779534,0.41131455095807495
P12150,T-Shirt,Polyester,Spring,0.553005095758049,0.5920000000000001,0.32000000000000006,0.9550102249488754,0.35381355932203395,0.3285939968404424,0.024390243902439046,East,XL,0.44958321356711695,0.3509213829729073
P12151,Sweater,Wool,Winter,0.5610676054031412,0.027999999999999997,0.32000000000000006,0.10633946830265849,0.40466101694915246,0.16956292785676674,0.14634146341463422,West,M,0.6669684775318578,0.4996841541060065
P12152,T-Shirt,Cotton,Autumn,0.4744239714788721,0.574,0.3600000000000001,0.4437627811860941,0.3877118644067796,0.5566087414428648,0.2439024390243903,East,XL,0.56379227747437,0.3110803740361528
P12153,T-Shirt,Polyester,Autumn,0.42924557270588526,0.838,1.0,0.670756646216769,0.3029661016949152,0.5123749341758822,0.6097560975609757,Central,S,0.39140557631503303,0.22611341320838607
P12154,Hoodie,Polyester,Autumn,0.9999999999999999,0.7220000000000001,0.7600000000000002,0.5828220858895706,0.625,0.7935755660874145,0.48780487804878053,West,XL,0.6676535402893551,0.6490673802258691
P12155,Trousers,Rayon,Spring,0.6719145153518371,0.132,0.9600000000000002,0.48875255623721886,0.40466101694915246,0.6403370194839391,0.34146341463414637,East,L,0.5550253904378653,0.5677609872350929
P12156,Trousers,Denim,Summer,0.5786350580595176,0.5920000000000001,0.6800000000000002,0.4355828220858896,0.31991525423728806,0.7151132174828858,0.3658536585365854,East,S,0.5582686595765065,0.3605913077662122
P12157,Jeans,Denim,Autumn,0.49831545513811765,0.672,0.40000000000000013,0.21063394683026587,0.20127118644067798,0.09268035808320167,0.1951219512195122,Central,S,0.5383587237711986,0.27868998444310755
P12158,Shirt,Cotton,Autumn,0.41529995055414004,0.038,0.40000000000000013,0.736196319018405,0.40466101694915246,0.027909426013691424,0.48780487804878053,Central,S,0.5705902079141515,0.3688963456930209
P12159,Dress,Denim,Autumn,0.47584750833808365,0.856,0.4800000000000002,0.7423312883435584,0.31991525423728806,0.9699842022116906,0.9756097560975612,North,M,0.6282265018683528,0.24773423422216678
P12160,Dress,Polyester,Autumn,0.5558994107439239,0.9059999999999999,0.40000000000000013,0.4519427402862986,0.7944915254237288,0.42706687730384413,0.12195121951219517,South,L,0.4438967136150234,0.33938076642624376
P12161,Dress,Denim,Spring,0.1452279233683654,0.85,0.8399999999999999,0.6932515337423314,0.5063559322033897,0.3949447077409163,0.0,East,M,0.496493245185398,0.09151325332333977
P12162,Jeans,Linen,Summer,0.2040055083317849,0.8240000000000001,0.4800000000000002,0.7096114519427404,0.8453389830508473,0.03528172722485519,0.7317073170731709,North,L,0.6584459135766982,0.141905122502962
P12163,Trousers,Denim,Summer,0.3802154359266689,0.7440000000000001,0.28000000000000025,0.3844580777096115,0.4216101694915253,0.11901000526592943,0.09756097560975613,West,XL,0.3670068027210884,0.22814707578743684
P12164,Jacket,Polyester,Summer,0.5397051042614772,0.634,0.7600000000000002,0.6666666666666667,0.5572033898305082,0.94102159031069,0.878048780487805,West,XL,0.6594184152534253,0.3663661057989733
P12165,Sweater,Rayon,Autumn,0.4553510970997011,0.6779999999999999,0.8399999999999999,0.6605316973415134,0.6758474576271185,0.6951026856240127,0.6097560975609757,South,XL,0.5076171313595861,0.3170153398956252
P12166,Hoodie,Cotton,Autumn,0.7798765585681485,0.8059999999999999,0.44000000000000017,0.9713701431492844,0.4555084745762712,0.4096893101632438,0.0,West,S,0.6587812589824662,0.4414426723206877
P12167,Sweater,Wool,Summer,0.2204423199871504,0.662,0.6800000000000002,0.6339468302658487,0.4555084745762712,0.9052132701421803,0.0,South,XL,0.5852783366867873,0.1464329332635213
P12168,Jacket,Denim,Summer,0.3585852342694453,0.32799999999999996,0.040000000000000036,0.20040899795501024,0.5911016949152543,0.5903106898367564,0.6829268292682928,West,L,0.44475423972405853,0.2998537181806284
P12169,Hoodie,Polyester,Autumn,0.787809942082206,0.376,0.52,0.19631901840490798,0.15042372881355925,0.7467087941021592,0.5121951219512195,West,S,0.44451470729136716,0.508863975767801
P12170,Jeans,Wool,Autumn,0.5253406095383268,0.898,0.52,0.6666666666666667,0.47245762711864403,0.4318062137967351,0.902439024390244,East,M,0.4091453482801571,0.2824940013341283
P12171,Jacket,Wool,Winter,0.667769881487407,0.018000000000000002,0.040000000000000036,0.147239263803681,0.5741525423728815,0.4318062137967351,0.9756097560975612,Central,S,0.342128964261761,0.6469443193430444
P12172,Dress,Linen,Winter,0.8881787389101123,0.698,0.6000000000000001,0.9836400817995912,0.43855932203389836,0.06845708267509215,0.43902439024390244,East,M,0.5249592794864424,0.5394108106064688
P12173,Shirt,Wool,Winter,0.3694601740368293,0.9540000000000001,0.32000000000000006,0.5214723926380369,0.5911016949152543,0.7345971563981043,0.6585365853658538,North,M,0.5365430679313978,0.20362857396012957
P12174,T-Shirt,Rayon,Summer,0.4817967586191692,0.706,0.52,0.47034764826175873,0.8114406779661016,0.09899947340705635,0.09756097560975613,Central,M,0.5984717830794288,0.34690463582296194
P12175,Sweater,Polyester,Spring,0.449083755617774,0.9940000000000001,0.8800000000000001,0.3456032719836401,0.6080508474576272,0.764612954186414,0.48780487804878053,East,S,0.4688655743987735,0.2380063394410929
P12176,Trousers,Polyester,Autumn,0.13121301402435764,0.688,0.11999999999999988,0.9836400817995912,0.7097457627118642,0.1911532385466035,0.5121951219512195,Central,XL,0.5944284756155983,0.09817672605948648
P12177,Trousers,Denim,Winter,0.4419093818007741,0.034,0.72,0.6789366053169735,0.5911016949152543,0.24749868351764087,0.4634146341463415,Central,M,0.6683433936955063,0.42831516146613613
P12178,Jeans,Denim,Spring,0.6670549636399711,0.828,0.52,0.3190184049079755,0.6927966101694913,0.9183780937335442,0.26829268292682934,Central,L,0.7802194117083452,0.41418189488882806
P12179,Hoodie,Denim,Autumn,0.60271550678857,0.284,0.11999999999999988,0.8548057259713703,0.5911016949152543,0.47182727751448134,0.12195121951219517,West,L,0.383563284468717,0.5132318419493553
P12180,Trousers,Rayon,Spring,0.6175492647684075,0.446,0.6399999999999999,0.8752556237218815,0.6927966101694913,0.12532912058978413,0.6829268292682928,Central,L,0.6975711411325092,0.5004018954821708
P12181,Dress,Wool,Summer,0.4296046063385183,0.312,0.6000000000000001,0.9345603271983641,0.7266949152542375,0.9057398630858348,0.9512195121951221,West,L,0.5657085369359011,0.38281787422343283
P12182,Sweater,Wool,Summer,0.3765841571685474,0.268,0.52,0.4519427402862986,0.40466101694915246,0.4528699315429174,0.8292682926829269,Central,M,0.5554421768707483,0.29881673258427277
P12183,Jacket,Linen,Summer,0.7404080543211586,0.43200000000000005,0.9199999999999999,0.7423312883435584,0.6588983050847457,0.13059505002632965,0.2439024390243903,West,L,0.46146881287726355,0.5952445658779673
P12184,Dress,Rayon,Winter,0.4065886608360444,0.378,0.52,0.7055214723926382,0.40466101694915246,0.3912585571353344,0.7804878048780488,Central,S,0.6843489508479448,0.3034586477281172
P12185,Jeans,Denim,Autumn,0.5561356170811825,0.634,1.0,0.20040899795501024,0.3707627118644068,0.5897840968931017,0.5853658536585367,North,L,0.5555906869790168,0.34599495102987143
P12186,Dress,Cotton,Summer,0.5314284342039374,0.8140000000000001,0.52,0.44785276073619634,0.5233050847457625,0.3622959452343339,0.3170731707317073,West,L,0.3358867490658235,0.31230828603210536
P12187,Jacket,Linen,Winter,0.7767775314233164,0.298,0.11999999999999988,0.8425357873210635,0.18432203389830515,0.9246972090573987,0.6829268292682928,Central,XL,0.2679266072626233,0.5346799188489626
P12188,Shirt,Cotton,Winter,0.6841279576970196,0.214,0.4800000000000002,0.4969325153374234,0.43855932203389836,0.2696155871511322,0.2926829268292683,North,S,0.5245377024049056,0.5630823850514923
P12189,Jeans,Wool,Winter,0.25580398338367155,0.6659999999999999,0.20000000000000018,0.9263803680981596,0.3368644067796609,0.1758820431806214,0.34146341463414637,East,S,0.5865813931206285,0.1594418499753584
P12190,Shirt,Linen,Winter,0.276158670819699,0.67,0.6000000000000001,0.5276073619631902,0.8114406779661016,0.22116903633491314,0.17073170731707316,South,XL,0.4204512791031905,0.20714579196429306
P12191,T-Shirt,Linen,Summer,0.6099591677978324,0.902,0.6800000000000002,0.9734151329243356,0.6419491525423728,0.08372827804107426,0.7804878048780488,Central,L,0.4656031426655169,0.34990243083017086
P12192,Shirt,Polyester,Winter,0.4884073866445787,0.016,0.4800000000000002,0.8997955010224951,0.26906779661016955,0.45234333859926285,0.2439024390243903,South,M,0.6657229088818626,0.40906840617310664
P12193,T-Shirt,Wool,Summer,0.41455353852840304,0.8540000000000001,0.08000000000000007,0.3946830265848671,0.5402542372881354,0.8788836229594525,0.34146341463414637,East,S,0.4694787774264635,0.24063679275002578
P12194,T-Shirt,Wool,Summer,0.6924833632003123,0.522,0.4800000000000002,0.7648261758691208,0.40466101694915246,0.3054239073196419,0.48780487804878053,East,M,0.5868400881479352,0.4686946438707937
P12195,Shirt,Rayon,Winter,0.5359887912219425,0.622,0.08000000000000007,0.3047034764826176,0.35381355932203395,0.25855713533438657,0.853658536585366,Central,M,0.4410031618281115,0.3337886098226411
P12196,Jeans,Linen,Summer,0.5104753573801882,0.092,0.52,0.7484662576687118,0.6080508474576272,0.8378093733543972,0.12195121951219517,North,L,0.680396665708537,0.4845253619812728
P12197,Hoodie,Wool,Autumn,0.49831545513811765,0.43200000000000005,0.8,0.31492842535787324,0.8622881355932202,0.30595050026329645,0.5853658536585367,Central,M,0.5629395420139887,0.43724124970692535
P12198,Jacket,Linen,Autumn,0.42968019236644106,0.228,0.9600000000000002,0.04294478527607362,0.40466101694915246,0.4770932069510269,0.0,North,M,0.5338603046852544,0.3473128814621157
P12199,Dress,Rayon,Spring,0.7969590008786875,0.254,0.15999999999999992,0.9345603271983641,0.18432203389830515,0.03106898367561875,1.0,Central,M,0.7145252467184056,0.5617967759260786
P12200,Dress,Rayon,Autumn,0.35165021620753406,0.504,0.52,0.23517382413087934,0.8114406779661016,0.2869931542917325,0.7804878048780488,North,XL,0.309954967902654,0.29089463888988937
P12201,Jacket,Polyester,Summer,0.6247015926605967,0.812,0.56,0.22903885480572597,0.4216101694915253,0.13059505002632965,0.9268292682926831,West,XL,0.6098591549295774,0.3488434677373825
P12202,Sweater,Linen,Summer,0.7715085553935355,0.7440000000000001,0.9199999999999999,0.883435582822086,0.6927966101694913,0.10584518167456557,0.7560975609756098,North,L,0.29604292421193823,0.5095497927219462
P12203,Sweater,Wool,Autumn,0.24030254882384994,0.59,0.6399999999999999,0.4294478527607362,0.4216101694915253,0.4318062137967351,0.024390243902439046,North,S,0.5363753952285139,0.16335853254222282
P12204,T-Shirt,Wool,Winter,0.43568613216846863,0.54,0.15999999999999992,0.047034764826175884,0.4555084745762712,0.27751448130595047,0.5853658536585367,East,L,0.5307463830602663,0.3020370311388877
P12205,T-Shirt,Linen,Winter,0.7164000422021989,0.428,0.44000000000000017,0.5766871165644173,0.9131355932203391,0.16640337019483942,0.9512195121951221,South,S,0.5732106927277953,0.64142990255188
P12206,Jeans,Linen,Summer,0.7192439665027919,0.9720000000000001,0.6399999999999999,0.5950920245398774,0.47245762711864403,0.5118483412322277,0.7804878048780488,Central,M,0.275998850244323,0.35802552187624115
P12207,Trousers,Linen,Winter,0.468156629996945,0.56,0.72,0.7402862985685073,0.7436440677966103,0.7846234860452871,0.902439024390244,East,S,0.5579476861167001,0.3622436384573841
P12208,Shirt,Denim,Spring,0.3617378015173895,0.254,0.8800000000000001,0.81799591002045,0.43855932203389836,0.735123749341759,0.2439024390243903,South,S,0.6993532624317331,0.2939567788471508
P12209,T-Shirt,Wool,Spring,0.6812021485328436,0.23,0.20000000000000018,0.11247443762781188,0.6419491525423728,0.2506582411795682,0.43902439024390244,East,S,0.4359633994442847,0.6105463605613182
P12210,Dress,Rayon,Autumn,0.724213747838712,0.612,0.9600000000000002,0.5419222903885481,0.5402542372881354,0.2632964718272775,0.5853658536585367,East,S,0.4270384210022037,0.49206237818736953
P12211,Jeans,Wool,Autumn,0.2804828215004457,0.522,0.040000000000000036,0.10838445807770962,0.47245762711864403,0.7324907846234862,0.6585365853658538,Central,XL,0.44893168535019634,0.2011928174565022
P12212,Shirt,Denim,Winter,0.27306594251052696,0.008,1.0,0.687116564417178,0.4555084745762712,0.5576619273301738,0.21951219512195125,West,M,0.6431062565871417,0.2526758966198412
P12213,Jeans,Linen,Summer,0.5431285214428113,0.8300000000000001,0.8399999999999999,0.21881390593047037,0.777542372881356,0.7430226434965772,0.7317073170731709,West,S,0.40727220465651043,0.3505859408913497
P12214,Shirt,Polyester,Autumn,0.6194924555695879,0.7040000000000001,0.6800000000000002,0.4110429447852761,0.5233050847457625,0.0015797788309636698,0.3658536585365854,Central,S,0.46970393791319337,0.3930722119015634
P12215,Shirt,Linen,Spring,0.44405098592525166,0.662,0.72,0.4110429447852761,0.6419491525423728,0.08741442864665615,1.0,North,M,0.6385072338794673,0.3083912809963317
P12216,Jacket,Linen,Autumn,0.49831545513811765,0.068,0.08000000000000007,0.8609406952965236,0.5402542372881354,0.8025276461295419,0.4146341463414634,West,S,0.4047571141132508,0.4643033862906659
P12217,T-Shirt,Denim,Autumn,0.36637374456331745,0.36200000000000004,0.040000000000000036,0.687116564417178,0.5402542372881354,0.8515007898894157,0.5121951219512195,Central,L,0.6611143048768804,0.2940581581111696
P12218,Hoodie,Wool,Spring,0.10095970634828158,0.9359999999999999,0.11999999999999988,0.7811860940695298,0.3707627118644068,0.3438651922064245,0.8292682926829269,West,S,0.4423205902079141,0.06205589209733878
P12219,Jeans,Linen,Summer,0.42046184637769707,0.8620000000000001,0.08000000000000007,0.9672801635991821,0.40466101694915246,0.958925750394945,0.26829268292682934,Central,L,0.5016096579476861,0.22831676884962243
P12220,Hoodie,Wool,Autumn,0.5125130307162721,0.28600000000000003,0.56,0.4437627811860941,0.3368644067796609,0.30173775671406006,1.0,Central,L,0.6458465076171314,0.3875187267617741
P12221,Jeans,Cotton,Autumn,0.44844127438043074,0.158,0.20000000000000018,0.4948875255623722,0.31991525423728806,0.8909952606635073,0.6585365853658538,North,L,0.6413816230717639,0.36020193896090197
P12222,Jacket,Rayon,Autumn,0.28162920959060717,0.45,0.8800000000000001,0.7218813905930471,0.48940677966101687,0.4218009478672986,0.1951219512195122,South,XL,0.4616748107693781,0.21200825103678714
P12223,Dress,Wool,Winter,0.15746971047401895,0.35600000000000004,0.44000000000000017,0.7914110429447854,0.3707627118644068,0.5618746708794103,0.7073170731707319,South,XL,0.3904857717734981,0.1216574981314167
P12224,Hoodie,Polyester,Autumn,0.49831545513811765,0.682,0.6800000000000002,0.3619631901840491,0.5402542372881354,0.6434965771458664,0.4146341463414634,West,M,0.722659768132605,0.3256080697001168
P12225,Dress,Rayon,Spring,0.6701886343809346,0.966,0.6399999999999999,0.9693251533742333,0.4216101694915253,0.13322801474460244,0.5609756097560976,South,L,0.4872089680942799,0.32853859273178887
P12226,Sweater,Polyester,Summer,0.7379420601601793,0.364,0.32000000000000006,0.12269938650306751,0.21822033898305082,0.037388098999473415,0.43902439024390244,North,XL,0.5805355945194979,0.4989027623282096
P12227,T-Shirt,Linen,Summer,0.7250011022962405,0.062000000000000006,0.2400000000000002,0.8261758691206545,0.3368644067796609,0.42706687730384413,0.3170731707317073,West,L,0.6186595765066589,0.6129062128447602
P12228,T-Shirt,Rayon,Spring,0.34638438959558326,0.898,0.3600000000000001,0.07157464212678938,0.8114406779661016,0.1606108478146393,0.024390243902439046,North,XL,0.41341860687937143,0.21847308292481485
P12229,Trousers,Wool,Winter,0.2825551384326607,0.038,0.8,0.7300613496932516,0.6588983050847457,0.5492364402317009,0.2439024390243903,North,M,0.3282169205710453,0.2814565940476605
P12230,Jacket,Rayon,Spring,0.5944104919705592,0.9520000000000001,0.6000000000000001,0.09202453987730062,0.11652542372881358,0.45392311743022645,0.6097560975609757,Central,M,0.6025486250838363,0.25457752058319044
P12231,Dress,Linen,Summer,0.6205758553031471,0.664,0.2400000000000002,0.19222903885480574,0.40466101694915246,0.12216956292785676,0.17073170731707316,Central,XL,0.31264252179745133,0.38321470942425806
P12232,Shirt,Denim,Spring,0.5761816615698587,0.9420000000000001,0.8,0.6666666666666667,0.31991525423728806,0.6661400737230122,0.04878048780487804,Central,XL,0.3734023186739484,0.27677375015763767
P12233,Jeans,Polyester,Winter,0.11997589120651052,0.2,0.040000000000000036,0.08793456032719837,0.3877118644067796,0.020537124802527645,0.34146341463414637,East,L,0.6094519497940021,0.10143931765181911
P12234,T-Shirt,Linen,Summer,0.33675346987109434,0.04,0.6800000000000002,0.6523517382413089,0.4555084745762712,0.1263823064770932,0.9512195121951221,North,M,0.5704321165085752,0.3065797498851762
P12235,Hoodie,Denim,Winter,0.49495502631338595,0.488,0.44000000000000017,0.4601226993865031,0.35381355932203395,0.7003686150605584,0.2926829268292683,South,S,0.5638306026636006,0.33641449895624254
P12236,Jeans,Rayon,Spring,0.49831545513811765,0.45,0.72,0.2965235173824131,0.06567796610169485,0.5281727224855187,0.3658536585365854,West,L,0.4419708728561847,0.29765718399708846
P12237,Jeans,Rayon,Autumn,0.6455570375316122,0.332,0.9199999999999999,0.9631901840490799,0.7266949152542375,0.2822538177988415,0.5121951219512195,East,XL,0.6898438248538852,0.5672769614022575
P12238,Trousers,Linen,Spring,0.5278223507884567,0.958,0.7600000000000002,0.5480572597137016,0.7944915254237288,0.18009478672985785,0.7804878048780488,Central,L,0.38152725879084026,0.308790621532529
P12239,Dress,Wool,Winter,0.5630706351430937,0.8220000000000001,0.44000000000000017,0.024539877300613498,0.13347457627118642,0.6424433912585572,0.024390243902439046,East,S,0.2222621442943374,0.2710764190790069
P12240,T-Shirt,Rayon,Spring,0.5166009750597602,0.662,0.15999999999999992,0.049079754601227,0.8114406779661016,0.20589784096893105,0.6829268292682928,East,M,0.2637108364472549,0.3830598251265988
P12241,Jeans,Wool,Autumn,0.630121740746223,0.162,0.8,0.5316973415132925,0.6588983050847457,0.9852553975776727,0.8048780487804879,North,S,0.526334195650091,0.5899627731969002
P12242,T-Shirt,Wool,Winter,0.5596850109757211,0.7340000000000001,0.4800000000000002,0.25971370143149286,0.7266949152542375,0.869931542917325,0.3658536585365854,North,XL,0.501580914055763,0.3803397254608849
P12243,Shirt,Wool,Spring,0.5129854433907892,0.728,0.08000000000000007,0.07770961145194276,0.4555084745762712,0.1321748288572933,0.3170731707317073,South,XL,0.6107358436332279,0.3120391981299581
P12244,Trousers,Cotton,Winter,0.49831545513811765,0.42600000000000005,0.72,0.3190184049079755,0.5063559322033897,0.859399684044234,0.9268292682926831,West,XL,0.5964357574015521,0.3776067766494012
P12245,Shirt,Denim,Winter,0.5159238502262856,0.924,0.28000000000000025,0.7423312883435584,0.4555084745762712,0.3454449710373881,0.09756097560975613,West,XL,0.4971304014563571,0.2697116066284129
P12246,T-Shirt,Denim,Summer,0.5921334628793867,0.166,0.040000000000000036,0.37627811860940696,0.7944915254237288,0.49025803054239075,0.4146341463414634,Central,XL,0.3074015521701638,0.5859326807951706
P12247,Sweater,Rayon,Summer,0.5511091462243204,0.268,0.9199999999999999,0.35378323108384463,0.8453389830508473,0.14270668773038442,0.6097560975609757,South,S,0.42355082878221706,0.527262389776406
P12248,Hoodie,Rayon,Winter,0.5725283368869264,0.064,0.4800000000000002,0.850715746421268,0.43855932203389836,0.1184834123222749,0.21951219512195125,West,M,0.4342531378748682,0.5093331184202079
P12249,T-Shirt,Wool,Spring,0.7542906881163016,0.7959999999999999,0.28000000000000025,0.9631901840490799,0.40466101694915246,0.8657187993680887,0.12195121951219517,East,M,0.7331417073871802,0.42038371617338344
P12250,Dress,Cotton,Spring,0.5506713771459345,0.622,0.72,0.8036809815950922,0.7944915254237288,0.6303317535545025,0.3170731707317073,East,L,0.48679218166139687,0.4163569476819496
P12251,Jeans,Wool,Spring,0.37792580916417595,0.314,0.8800000000000001,0.3783231083844581,0.3368644067796609,0.46076882569773564,0.024390243902439046,West,L,0.6482322506467375,0.2833472292627934
P12252,Jeans,Cotton,Autumn,0.49831545513811765,0.16399999999999998,0.0,0.572597137014315,0.625,0.0363349131121643,0.6341463414634148,East,L,0.5306697326818051,0.45961528367689164
P12253,Shirt,Wool,Winter,0.24240006109870593,0.04,0.6800000000000002,0.997955010224949,0.4555084745762712,0.9225908372827806,0.1951219512195122,East,XL,0.49010251988119186,0.22137108620725066
P12254,Hoodie,Polyester,Winter,0.2962141635618656,0.166,0.7600000000000002,0.14928425357873212,0.5911016949152543,0.3765139547130069,0.2926829268292683,Central,M,0.43371179457698567,0.26989563715441134
P12255,Trousers,Polyester,Autumn,0.5640280581634485,0.454,0.20000000000000018,0.6012269938650308,0.2860169491525424,0.4170616113744076,0.48780487804878053,East,XL,0.5755389479735555,0.37698141021309634
P12256,Sweater,Linen,Winter,0.5981457015170745,0.24800000000000003,0.4800000000000002,0.030674846625766878,0.48940677966101687,0.2901527119536598,0.024390243902439046,West,L,0.3550014371945961,0.4958766148622844
P12257,Jacket,Wool,Winter,0.26529317930580537,0.258,0.08000000000000007,0.38241308793456036,0.7097457627118642,0.8915218536071617,0.04878048780487804,North,XL,0.4963447350771294,0.2426281622913589
P12258,Hoodie,Rayon,Autumn,0.4282251613289283,0.876,0.7600000000000002,0.8404907975460124,0.7944915254237288,0.34491837809373355,0.2926829268292683,East,S,0.516489412666475,0.27049885245717836
P12259,Jeans,Denim,Summer,0.38603556007671974,0.516,0.8399999999999999,0.9386503067484664,0.5911016949152543,0.17430226434965773,0.48780487804878053,West,L,0.5293762575452716,0.28932659661054416
P12260,Dress,Linen,Winter,0.4085979894116572,0.73,0.11999999999999988,0.34969325153374237,0.43855932203389836,0.500789889415482,0.7804878048780488,East,M,0.3803152246814218,0.24860641340057751
P12261,Hoodie,Rayon,Autumn,0.6788715793385591,0.036000000000000004,0.8,0.3783231083844581,0.3877118644067796,0.7819905213270143,0.4634146341463415,South,M,0.4454776276707865,0.5966073442939027
P12262,Shirt,Polyester,Spring,0.634067961287356,0.36600000000000005,0.7600000000000002,0.06339468302658488,0.48940677966101687,0.3717746182201159,0.853658536585366,Central,L,0.5456357190763629,0.491864035002859
P12263,Shirt,Wool,Summer,0.49695175721767826,0.48,0.3600000000000001,0.12678936605316973,0.31991525423728806,0.6524486571879938,0.4146341463414634,North,M,0.5331177541439109,0.3337612495759534
P12264,Jacket,Linen,Spring,0.3973955101899414,0.18600000000000003,0.6800000000000002,0.7116564417177915,0.7436440677966103,0.30437072143233285,0.5853658536585367,East,M,0.6811919133850721,0.38134711833348856
P12265,Dress,Wool,Winter,0.24552743300400925,0.12,0.0,0.6134969325153375,0.5402542372881354,0.7203791469194314,0.902439024390244,West,L,0.4715243844016479,0.22422959945094956
P12266,Trousers,Polyester,Summer,0.768929182190672,0.87,0.9199999999999999,0.6298568507157465,0.625,0.6692996313849396,0.5853658536585367,North,L,0.33154163073680176,0.4465405833075606
P12267,Hoodie,Linen,Autumn,0.6124535067192829,0.9400000000000001,0.56,0.3844580777096115,0.4555084745762712,0.6808846761453398,0.902439024390244,East,XL,0.43390342052313874,0.3132608095795293
P12268,Dress,Polyester,Winter,0.3670288234719812,0.078,0.6399999999999999,0.6237218813905931,0.2860169491525424,0.6461295418641391,0.34146341463414637,South,XL,0.3502155791894222,0.3023379442418513
P12269,Trousers,Cotton,Autumn,0.6365434037018256,0.35000000000000003,0.6800000000000002,0.8384458077709612,0.4555084745762712,0.15639810426540285,0.39024390243902446,West,S,0.7274264635431635,0.49041490933513754
P12270,Dress,Polyester,Summer,0.4872956421505484,0.958,0.56,0.05112474437627813,0.23516949152542366,0.8883622959452345,0.853658536585366,Central,M,0.6163025773689756,0.22383259061301933
P12271,Dress,Wool,Spring,0.4463091185094435,0.084,0.8399999999999999,0.7893660531697343,0.26906779661016955,0.5860979462875199,0.6829268292682928,East,L,0.5522132796780683,0.36233323520356364
P12272,T-Shirt,Denim,Winter,0.5828048872665887,0.644,0.6000000000000001,0.7055214723926382,0.5233050847457625,0.3828330700368615,0.7804878048780488,West,S,0.5577656414678547,0.3862734510553216
P12273,Shirt,Polyester,Winter,0.3604465402070427,0.9720000000000001,0.9199999999999999,0.07770961145194276,0.3877118644067796,0.17219589257503948,0.7560975609756098,East,M,0.48996359107023085,0.17990014576586913
P12274,Hoodie,Rayon,Autumn,0.43560739672271576,0.978,0.6000000000000001,0.39263803680981596,0.4216101694915253,0.7840968931016326,0.17073170731707316,Central,M,0.30514994730286477,0.21647531361589747
P12275,Dress,Denim,Summer,0.5235170966146908,0.47200000000000003,0.15999999999999992,0.33128834355828224,0.26906779661016955,0.5092153765139548,0.2926829268292683,South,S,0.4381670978250454,0.34385274045489544
P12276,Hoodie,Cotton,Autumn,0.4061855353537898,0.162,0.9199999999999999,0.10633946830265849,0.5063559322033897,0.1474460242232754,0.39024390243902446,Central,M,0.15578710357382386,0.3562412021799692
P12277,Jacket,Linen,Summer,0.6269975182587498,0.20199999999999999,0.6800000000000002,0.9693251533742333,0.3707627118644068,0.922064244339126,0.48780487804878053,Central,L,0.6004982274599979,0.5027929280286106
P12278,Dress,Linen,Winter,0.8537524526091351,0.89,0.6800000000000002,0.35378323108384463,0.40466101694915246,0.10637177461822013,0.3170731707317073,Central,S,0.5203027689949218,0.4393045298150289
P12279,Jeans,Denim,Summer,0.3580277873135151,0.912,1.0,0.39877300613496935,0.8622881355932202,0.524486571879937,0.5853658536585367,North,S,0.5116796014180319,0.22717651878639372
P12280,Shirt,Linen,Winter,0.1859121028977794,0.608,0.08000000000000007,0.4294478527607362,0.5233050847457625,0.610847814639284,0.5609756097560976,West,XL,0.3975040720513557,0.13252985987684068
P12281,Jeans,Polyester,Summer,0.12230646040079496,0.766,0.44000000000000017,0.5664621676891617,0.5911016949152543,0.9994734070563457,0.7804878048780488,East,L,0.486428092363706,0.08508180937007336
P12282,Hoodie,Denim,Spring,0.472131195298549,0.74,0.2400000000000002,0.38241308793456036,0.3368644067796609,0.14112690889942076,0.17073170731707316,South,XL,0.5873095717160103,0.2702194207446333
P12283,Hoodie,Wool,Summer,0.37524880400857896,0.662,0.6399999999999999,0.7955010224948876,0.5741525423728815,0.6140073723012113,0.6585365853658538,East,S,0.5574255054134329,0.25467197916831
P12284,Shirt,Polyester,Spring,0.5398436786460022,0.828,0.8,0.6278118609406954,0.6588983050847457,0.4770932069510269,0.43902439024390244,North,L,0.34362843729040904,0.3325439294434057
P12285,Hoodie,Polyester,Summer,0.525620907725207,0.6859999999999999,0.9600000000000002,0.932515337423313,0.3877118644067796,0.2575039494470774,0.2439024390243903,South,L,0.40100124556864997,0.3187745814328752
P12286,Jeans,Polyester,Summer,0.1976121901366533,0.534,0.44000000000000017,0.6748466257668713,0.18432203389830515,0.9426013691416536,0.21951219512195125,North,XL,0.5963064098878987,0.12669927472277348
P12287,Dress,Wool,Autumn,0.15761458369420417,0.23600000000000002,0.8,0.4355828220858896,0.5741525423728815,0.7914691943127964,0.0,East,M,0.4623263389862987,0.13940693105743707
P12288,Dress,Cotton,Autumn,0.5564852024603252,0.7440000000000001,0.9199999999999999,0.670756646216769,0.35381355932203395,0.7772511848341234,0.09756097560975613,South,M,0.7607933314170738,0.3179590823665963
P12289,T-Shirt,Rayon,Winter,0.5261563087563264,0.474,0.6800000000000002,0.0572597137014315,0.8114406779661016,0.89942074776198,0.3658536585365854,East,M,0.36204369071572284,0.4408887947610411
P12290,Jacket,Linen,Autumn,0.4200996633272339,0.294,0.2400000000000002,0.34764826175869123,0.5572033898305082,0.7256450763559769,0.4634146341463415,West,XL,0.47298074159241155,0.3517771162369446
P12291,Hoodie,Denim,Summer,0.18742067403840404,0.802,0.6000000000000001,0.24744376278118613,0.48940677966101687,0.5071090047393366,0.4634146341463415,North,M,0.44684296253712746,0.1173044407143887
P12292,Jeans,Cotton,Autumn,0.49831545513811765,0.696,0.9600000000000002,0.9345603271983641,0.4216101694915253,0.39178515007898895,0.6585365853658538,West,XL,0.4695362652103094,0.30554474871287773
P12293,Hoodie,Denim,Summer,0.7409088117561468,0.938,1.0,0.8527607361963191,1.0,0.7045813586097948,0.09756097560975613,West,XL,0.35948548433457883,0.47241732418077265
P12294,Hoodie,Linen,Spring,0.5530932794572923,0.166,0.6399999999999999,0.3231083844580777,0.3877118644067796,0.6029489204844656,0.04878048780487804,East,M,0.23532624317332562,0.4563108951528557
P12295,Trousers,Wool,Summer,0.34042254164317726,0.65,0.8800000000000001,0.17382413087934562,0.625,0.5429173249078464,0.7073170731707319,East,XL,0.5823320877646833,0.23872772719646226
P12296,T-Shirt,Polyester,Winter,0.5089825333287141,0.244,0.20000000000000018,0.6155419222903886,0.7605932203389831,0.5892575039494472,0.5365853658536586,Central,XL,0.7149468237999423,0.47677244043775996
P12297,Jeans,Polyester,Spring,0.24241580818785652,0.904,0.2400000000000002,0.006134969325153377,0.43855932203389836,0.655608214849921,0.8048780487804879,Central,L,0.4340279773881383,0.13516353787486637
P12298,Jeans,Wool,Winter,0.7004828844888022,0.1,0.9600000000000002,0.0020449897750511245,0.7097457627118642,0.9694576092680359,0.6585365853658538,South,S,0.5418127814506084,0.6919289058252867
P12299,Hoodie,Cotton,Winter,0.5160309304325095,0.6559999999999999,0.11999999999999988,0.26993865030674846,0.3877118644067796,0.7535545023696684,0.0,East,XL,0.47674140078566635,0.31968024776725007
P12300,T-Shirt,Cotton,Winter,0.16644555128984412,0.792,0.20000000000000018,0.6155419222903886,0.5741525423728815,0.17640863612427593,0.6341463414634148,North,S,0.47567787678451656,0.10946613932581772
P12301,Dress,Denim,Autumn,0.49831545513811765,0.354,0.44000000000000017,0.15950920245398773,0.625,0.4670879410215903,0.8048780487804879,East,M,0.4126712656893743,0.4149375635697844
P12302,Jeans,Wool,Winter,0.588111656310331,0.9540000000000001,0.6000000000000001,0.29856850715746425,0.5402542372881354,0.6787783043707216,0.7317073170731709,East,L,0.6005173900546134,0.3092932017302987
P12303,Dress,Cotton,Spring,0.43762932296964907,0.85,0.6000000000000001,0.3374233128834356,0.5572033898305082,0.1758820431806214,0.7560975609756098,West,L,0.5365382772827441,0.2559834602223686
P12304,T-Shirt,Wool,Summer,0.4484286767091103,0.294,0.28000000000000025,0.6421267893660533,0.47245762711864403,0.9331226961558716,0.14634146341463422,West,XL,0.4057583596819009,0.36106918188447057
P12305,Dress,Polyester,Winter,0.2691953079973167,0.008,0.9199999999999999,0.9447852760736197,0.5402542372881354,0.07688256977356504,0.902439024390244,Central,L,0.612345501580914,0.258577846624063
P12306,Shirt,Polyester,Spring,0.6076191503500578,0.29600000000000004,0.9199999999999999,0.4846625766871166,0.47245762711864403,0.6113744075829385,0.8048780487804879,South,S,0.7060170547092075,0.48673149581618913
P12307,Trousers,Polyester,Winter,0.37802659053473964,0.282,0.52,0.6687116564417179,0.26906779661016955,0.9763033175355452,0.07317073170731708,South,XL,0.6696416594806935,0.27880232765004204
P12308,Sweater,Polyester,Summer,0.09307041468384575,0.89,0.44000000000000017,0.5623721881390594,0.5741525423728815,0.7282780410742498,0.43902439024390244,East,L,0.4789355178691194,0.06307598528390808
P12309,Jeans,Wool,Spring,0.4304108573030275,0.968,0.72,0.41513292433537835,0.4555084745762712,0.6777251184834124,0.5121951219512195,North,M,0.379112771869311,0.21916152924083576
P12310,Jacket,Wool,Spring,0.6859672177098063,0.07,0.6800000000000002,0.9222903885480573,0.20127118644067798,0.997893628225382,0.6829268292682928,West,XL,0.3759365718118233,0.5378590902149935
P12311,Trousers,Denim,Summer,0.4274472551248901,0.47200000000000003,0.40000000000000013,0.10633946830265849,0.7097457627118642,0.7919957872564508,0.8048780487804879,North,L,0.4319488358723771,0.3450459250298482
P12312,Sweater,Polyester,Spring,0.8289822813752876,0.5479999999999999,0.40000000000000013,0.9918200408997957,0.5402542372881354,0.9710373880989996,0.8048780487804879,West,XL,0.4415061799367634,0.5865524908441154
P12313,Dress,Denim,Summer,0.581623855580296,0.092,0.3600000000000001,0.21676891615541924,0.18432203389830515,0.6993154291732492,0.04878048780487804,East,M,0.6255868544600938,0.4479171286653924
P12314,Jeans,Polyester,Spring,0.5645760568658883,0.378,0.2400000000000002,0.11042944785276075,0.5063559322033897,0.6656134807793577,0.48780487804878053,South,XL,0.23185302289930051,0.4390608921514143
P12315,Dress,Denim,Spring,0.4763010245056201,0.318,0.44000000000000017,0.5010224948875257,0.4555084745762712,0.7630331753554503,0.902439024390244,East,S,0.4916115742071476,0.37519892610907724
P12316,Shirt,Denim,Summer,0.9999999999999999,0.536,0.6800000000000002,0.8629856850715748,0.4555084745762712,0.1890468667719853,0.48780487804878053,West,S,0.4264060553798984,0.6834434341410832
P12317,T-Shirt,Linen,Summer,0.45078759066386576,0.662,0.7600000000000002,0.768916155419223,0.7436440677966103,0.8062137967351238,0.39024390243902446,South,L,0.3967615215100124,0.3262963919896341
P12318,Jeans,Denim,Spring,0.44344629770186983,0.7040000000000001,0.7600000000000002,0.33333333333333337,0.7436440677966103,0.970510795155345,0.6829268292682928,North,S,0.5750359298649037,0.31190857341639733
P12319,Sweater,Wool,Spring,0.6008793961936135,0.136,0.3600000000000001,0.9018404907975461,0.6080508474576272,0.611901000526593,0.7804878048780488,West,S,0.4052074350867107,0.5576107574040597
P12320,Sweater,Denim,Summer,0.32372432830791226,0.812,0.7600000000000002,0.028629856850715753,0.2860169491525424,0.012111637704054767,0.9268292682926831,Central,XL,0.4805643384114208,0.17584909288503606
P12321,Shirt,Polyester,Autumn,0.29725662086363336,0.6779999999999999,0.0,0.0,0.3877118644067796,0.07214323328067405,0.6097560975609757,North,XL,0.6248251413241352,0.1862003448730569
P12322,Shirt,Denim,Summer,0.28831857306176956,0.89,0.4800000000000002,0.7157464212678938,0.35381355932203395,0.23486045286993157,0.14634146341463422,Central,L,0.45924595190188744,0.15412332064393372
P12323,Hoodie,Cotton,Spring,0.8871205345191939,0.45,0.8,0.278118609406953,0.625,0.49131121642969994,0.1951219512195122,South,S,0.6802337836543066,0.6937693351117741
P12324,Jeans,Polyester,Spring,0.60078176424088,0.8940000000000001,0.6399999999999999,0.3067484662576687,0.5402542372881354,0.41390205371248023,0.4146341463414634,East,M,0.3856424259844783,0.3321675834209704
P12325,Dress,Polyester,Spring,0.5581040032250039,0.866,0.4800000000000002,0.36605316973415136,0.40466101694915246,0.9799894681411271,0.0,East,L,0.08971926798888566,0.29768573489821043
P12326,Jacket,Cotton,Summer,0.3007304287302492,0.438,0.6399999999999999,0.8364008179959102,0.3368644067796609,0.9462875197472355,0.2439024390243903,South,M,0.5717399635910702,0.21232546122231988
P12327,Sweater,Polyester,Spring,0.6183555157329167,0.38200000000000006,0.9199999999999999,0.47239263803680986,0.3029661016949152,0.39283833596629814,0.5121951219512195,South,S,0.5453482801571332,0.43403957993314674
P12328,Sweater,Wool,Autumn,0.4785371111650011,0.932,0.56,0.9938650306748467,0.625,0.7946287519747236,0.7560975609756098,West,L,0.6471926798888568,0.2684587653052426
P12329,Shirt,Rayon,Winter,0.5410341585857854,0.716,0.8,0.38241308793456036,0.5063559322033897,0.6366508688783571,0.21951219512195125,North,M,0.5622353166618759,0.3390939179287851
P12330,Trousers,Rayon,Autumn,0.31601770287762304,0.9279999999999999,1.0,0.034764826175869123,0.3707627118644068,0.24328593996840442,0.6341463414634148,North,L,0.715761234071093,0.163996797734899
P12331,Shirt,Wool,Summer,0.5308489413231964,0.7959999999999999,0.72,0.458077709611452,0.5063559322033897,0.931542917324908,0.26829268292682934,North,XL,0.5453866053463639,0.31390899689249113
P12332,Jacket,Rayon,Spring,0.4204744440490175,0.61,0.56,0.21267893660531698,0.5063559322033897,0.25961032122169564,0.7073170731707319,Central,XL,0.647274120915972,0.2855932004106567
P12333,Dress,Wool,Summer,0.3558893326068676,0.11599999999999999,0.040000000000000036,0.9938650306748467,0.48940677966101687,0.8709847288046341,0.21951219512195125,North,M,0.6213662929960716,0.31724764153681334
P12334,Dress,Cotton,Winter,0.6392833972140249,0.292,0.3600000000000001,0.4192229038854806,0.40466101694915246,0.6382306477093208,0.26829268292682934,West,XL,0.4164223435853214,0.4964978884239714
P12335,Trousers,Linen,Summer,0.2099925516268318,0.968,0.56,0.3783231083844581,0.48940677966101687,0.6213796735123751,0.902439024390244,East,XL,0.4360065152821691,0.11583083221486233
P12336,Sweater,Polyester,Spring,0.6072884614778957,0.32,0.8,0.130879345603272,0.5911016949152543,0.8388625592417063,0.48780487804878053,East,M,0.465876209638785,0.5068316030643873
P12337,Shirt,Wool,Winter,0.6299075803337753,0.094,0.44000000000000017,0.6789366053169735,0.7944915254237288,0.49447077409162726,0.6341463414634148,Central,L,0.8105537989843823,0.6466845086233644
P12338,Hoodie,Polyester,Winter,0.33434101581322695,0.708,0.9600000000000002,0.7586912065439674,0.1673728813559321,0.8536071616640338,0.12195121951219517,West,M,0.4194452428858867,0.18367662877309707
P12339,Dress,Cotton,Spring,0.49831545513811765,0.7340000000000001,0.28000000000000025,0.42126789366053174,0.18432203389830515,0.5502896261190101,0.902439024390244,South,XL,0.5612580243364951,0.26463678937650487
P12340,Jacket,Linen,Spring,0.45841863006623224,0.28600000000000003,0.7600000000000002,0.46625766871165647,0.47245762711864403,0.9852553975776727,0.17073170731707316,East,L,0.5156845836926319,0.37058841447593693
P12341,Jeans,Cotton,Spring,0.55385858799001,0.298,0.40000000000000013,0.1390593047034765,0.7266949152542375,0.6603475513428121,0.878048780487805,West,XL,0.5337692823608315,0.4965274315371219
P12342,T-Shirt,Rayon,Summer,0.4716808285488427,0.46799999999999997,0.4800000000000002,0.2883435582822086,0.47245762711864403,0.3744075829383886,0.12195121951219517,South,S,0.5089824662259269,0.34364043188608295
P12343,T-Shirt,Polyester,Autumn,0.5824930949014074,0.022000000000000002,0.8,0.4192229038854806,0.9131355932203391,0.7635597682991049,0.8048780487804879,Central,M,0.4479352304302002,0.6496871902748139
P12344,T-Shirt,Linen,Summer,0.8337064081204588,0.79,0.28000000000000025,0.35378323108384463,0.2521186440677965,0.510268562401264,0.9512195121951221,North,M,0.3390054613394653,0.43093298887700543
P12345,Hoodie,Rayon,Summer,0.4046234241100532,0.318,0.08000000000000007,0.4008179959100205,0.5233050847457625,0.8062137967351238,0.5121951219512195,West,M,0.36620676439589916,0.32962427113344644
P12346,Sweater,Linen,Autumn,0.17645440115394673,0.8540000000000001,0.52,0.6748466257668713,0.6588983050847457,0.8341232227488153,0.6829268292682928,East,M,0.6077752227651623,0.11422677263888016
P12347,Shirt,Rayon,Spring,0.6566335400401235,0.802,0.52,0.8486707566462169,0.2521186440677965,0.6171669299631386,0.1951219512195122,Central,S,0.5681517677493532,0.33921913508679025
P12348,Trousers,Cotton,Spring,0.8186521908925133,0.662,0.8,0.6257668711656442,0.7605932203389831,0.8725645076355978,0.48780487804878053,West,L,0.5307032672223819,0.5901982499165798
P12349,Hoodie,Wool,Autumn,0.5747833200532881,0.324,0.9600000000000002,0.4008179959100205,0.7097457627118642,0.4038967877830437,0.7560975609756098,Central,L,0.7599070614161156,0.5041288671091734
P12350,Hoodie,Polyester,Autumn,0.29501738478642225,0.516,0.040000000000000036,0.46421267893660534,0.3877118644067796,0.0573986308583465,0.17073170731707316,South,L,0.8525582063811439,0.20412150489592143
P12351,Dress,Denim,Summer,0.47715136731975094,0.444,0.6000000000000001,0.5521472392638038,0.3368644067796609,0.6629805160610849,0.21951219512195125,West,S,0.36529654115167187,0.33053197150247987
P12352,Jeans,Denim,Winter,0.2892035594720316,0.33799999999999997,0.6800000000000002,0.8916155419222905,0.08262711864406769,0.764612954186414,0.5365853658536586,North,S,0.7034492670307559,0.1902052598945616
P12353,Hoodie,Cotton,Autumn,0.6220403345941502,0.848,1.0,0.40490797546012275,0.43855932203389836,0.07266982622432859,0.4634146341463415,South,L,0.3281067356520072,0.34042338282586154
P12354,Jacket,Polyester,Summer,0.24521879005665806,0.484,0.9600000000000002,0.6625766871165645,0.4555084745762712,0.7714586624539232,0.2926829268292683,North,L,0.43773593944620093,0.17951003280153746
P12355,Jeans,Polyester,Winter,0.4438494231841244,0.8320000000000001,0.72,0.9754601226993866,0.5402542372881354,0.63928383359663,0.5121951219512195,Central,S,0.5242071476477914,0.26116067375562474
P12356,Jacket,Cotton,Spring,0.3107802210261433,0.106,0.52,0.028629856850715753,0.5741525423728815,0.11637704054765667,0.9756097560975612,North,XL,0.6214525246718405,0.2892854942272608
P12357,Sweater,Polyester,Spring,0.5245280597381573,0.142,0.15999999999999992,0.5828220858895706,0.6419491525423728,0.5402843601895736,0.34146341463414637,South,S,0.31928236083165656,0.4927785568295889
P12358,Shirt,Wool,Summer,0.4313367861450811,0.978,0.40000000000000013,0.6809815950920246,0.5402542372881354,0.10900473933649289,0.7317073170731709,South,M,0.511928715148031,0.22585762094742162
P12359,T-Shirt,Cotton,Summer,0.5339668649750093,0.588,0.6000000000000001,0.8323108384458079,0.40466101694915246,0.32174828857293314,0.7560975609756098,South,L,0.5173852639647407,0.34852610872004547
P12360,Hoodie,Wool,Autumn,0.5047875087790022,0.51,0.72,0.4396728016359919,0.5572033898305082,0.8046340179041602,0.2926829268292683,Central,XL,0.29039474944907534,0.3718907175687312
P12361,Shirt,Polyester,Spring,0.3141186039260643,0.524,0.6399999999999999,0.06952965235173825,0.47245762711864403,0.10057925223802004,0.5853658536585367,East,L,0.5634952572578327,0.2240286517098641
P12362,Sweater,Cotton,Summer,0.6190231923129009,0.21600000000000003,0.72,0.1390593047034765,0.3877118644067796,0.45971563981042657,0.48780487804878053,Central,XL,0.48291175625179644,0.49697162005701045
P12363,Trousers,Polyester,Spring,0.49134894289790526,0.718,0.44000000000000017,0.8077709611451944,0.9131355932203391,0.6061084781463929,0.07317073170731708,South,L,0.5826818051164127,0.364632314500256
P12364,Trousers,Polyester,Spring,0.3137658691290915,0.084,0.72,0.43149284253578735,0.4555084745762712,0.94102159031069,1.0,Central,L,0.4328830123598735,0.28002979315058174
P12365,Sweater,Polyester,Autumn,0.9240222632346409,0.574,0.15999999999999992,0.09202453987730062,0.09957627118644075,0.7377567140600317,0.34146341463414637,West,L,0.4469723100507808,0.5108577266180027
P12366,Jacket,Wool,Winter,0.5905933975604608,0.5700000000000001,0.15999999999999992,0.7791411042944787,0.5741525423728815,0.1395471300684571,0.48780487804878053,West,M,0.8279773881383539,0.4206406246728801
P12367,Dress,Wool,Autumn,0.4716020931030898,0.914,0.15999999999999992,0.9243353783231085,0.7436440677966103,0.9694576092680359,1.0,East,S,0.3881096100411995,0.2820223037357477
P12368,Dress,Polyester,Summer,0.7679875062594678,0.526,0.8800000000000001,0.5051124744376279,0.3707627118644068,0.478146392838336,0.17073170731707316,Central,XL,0.4743939829452907,0.5088765768605638
P12369,Jacket,Cotton,Autumn,0.8486031544568986,0.138,0.08000000000000007,0.8568507157464214,0.7605932203389831,0.3696682464454976,0.7317073170731709,Central,M,0.42698572386701156,0.840064499735129
P12370,Trousers,Denim,Autumn,0.47309806657239406,0.5720000000000001,0.8,0.17177914110429449,0.18432203389830515,0.129015271195366,0.21951219512195125,West,M,0.5199051451566541,0.28060872406394965
P12371,Trousers,Wool,Spring,0.5662106047197175,0.092,0.2400000000000002,0.09611451942740287,0.4216101694915253,0.9341758820431807,0.48780487804878053,South,L,0.5434224393982945,0.4928205770089987
P12372,Hoodie,Wool,Autumn,0.3138666504996551,0.204,0.4800000000000002,0.47034764826175873,0.3029661016949152,0.5866245392311744,0.39024390243902446,North,XL,0.6752610903516336,0.24613416829959964
P12373,Trousers,Rayon,Summer,0.4727484811932514,0.032,0.9199999999999999,0.13496932515337423,0.15042372881355925,0.9884149552395999,0.09756097560975613,South,XL,0.421356711698764,0.36901054929750887
P12374,Shirt,Denim,Winter,0.4629474929059363,0.514,0.6000000000000001,0.9734151329243356,0.3707627118644068,0.1737756714060032,0.2926829268292683,East,XL,0.4641611574207147,0.3128624116447591
P12375,Trousers,Polyester,Autumn,0.5354911832047846,0.084,0.20000000000000018,0.8936605316973416,0.7097457627118642,0.5460768825697736,0.48780487804878053,North,XL,0.5357669828494778,0.5331912535319027
P12376,Jeans,Cotton,Autumn,0.5634454158648774,0.47000000000000003,0.28000000000000025,0.17995910020449898,0.4216101694915253,0.11005792522380199,0.26829268292682934,South,XL,0.24250263485675955,0.3987951916611326
P12377,Hoodie,Rayon,Winter,0.6063530843823519,0.932,0.9199999999999999,0.4458077709611452,0.5911016949152543,0.524486571879937,0.5853658536585367,Central,M,0.668237999425122,0.33186736486642693
P12378,T-Shirt,Polyester,Summer,0.5454716883084161,0.72,0.44000000000000017,0.8568507157464214,0.23516949152542366,0.8904686677198527,0.6585365853658538,Central,XL,0.034459135766982826,0.29908582048642
P12379,Trousers,Linen,Summer,0.27177468120018017,0.078,0.6000000000000001,0.10429447852760737,0.2521186440677965,0.10953133228014746,0.024390243902439046,West,M,0.6039379131934464,0.22150543171591858
P12380,Jacket,Wool,Autumn,0.3232267202907542,0.22399999999999998,0.44000000000000017,0.04294478527607362,0.879237288135593,0.2696155871511322,0.48780487804878053,Central,XL,0.9999999999999998,0.3209419445827753
P12381,T-Shirt,Linen,Spring,0.39731362532635844,0.674,0.3600000000000001,0.8609406952965236,0.6927966101694913,0.682991047919958,0.9756097560975612,Central,L,0.5875634760946631,0.28041938520359844
P12382,Shirt,Wool,Autumn,0.44723189793366697,0.8940000000000001,0.2400000000000002,0.20040899795501024,0.5741525423728815,0.07635597682991051,0.5121951219512195,East,M,0.6012120341094183,0.25422600466677003
P12383,Jacket,Wool,Winter,0.6991223359861929,0.032,0.6800000000000002,0.9100204498977507,0.2860169491525424,0.4544497103738811,0.024390243902439046,North,M,0.5158235125035929,0.58429984707036
P12384,T-Shirt,Linen,Winter,0.2808103609547775,0.812,0.72,0.916155419222904,0.5911016949152543,0.33333333333333337,0.7073170731707319,South,XL,0.3803248059787295,0.1756435561633185
P12385,Jacket,Linen,Winter,0.4330248741020222,0.562,0.28000000000000025,0.26584867075664625,0.8283898305084745,0.8383359662980518,0.0,South,XL,0.613931206285331,0.3465839032847278
P12386,Shirt,Polyester,Autumn,0.6806510004125736,0.546,0.8,0.17791411042944785,0.48940677966101687,0.04897314375987362,0.2926829268292683,East,S,0.29834243556577555,0.47249399736528014
P12387,Hoodie,Rayon,Autumn,0.44389666445157605,0.958,0.8399999999999999,0.27607361963190186,0.3707627118644068,0.8636124275934703,0.04878048780487804,North,L,0.3306936859250742,0.21895956448242104
P12388,Jeans,Rayon,Summer,0.5875668070257213,0.748,0.9199999999999999,0.7627811860940696,0.7266949152542375,0.7040547656661401,0.4634146341463415,West,L,0.4351346172271725,0.3947257084418689
P12389,Shirt,Linen,Spring,0.47419406397727376,0.85,0.15999999999999992,0.07770961145194276,0.7436440677966103,0.2975250131648236,0.09756097560975613,East,M,0.575610807703363,0.29857187946092323
P12390,Shirt,Polyester,Autumn,0.5490872199773871,0.354,0.32000000000000006,0.034764826175869123,0.4216101694915253,0.19799894681411268,0.024390243902439046,Central,L,0.32274120915972015,0.41621315135370957
P12391,Jacket,Rayon,Summer,0.45739191985361505,0.554,0.8800000000000001,0.21267893660531698,0.23516949152542366,0.950500263296472,0.6097560975609757,South,S,0.5974322123215483,0.2820939166389095
P12392,Hoodie,Polyester,Autumn,0.626616438701306,0.616,0.20000000000000018,0.7893660531697343,0.6927966101694913,0.553975776724592,0.6829268292682928,East,XL,0.5636725112580243,0.45518500735874046
P12393,Sweater,Polyester,Summer,0.2086036583637515,0.322,0.0,0.2965235173824131,0.4555084745762712,0.34491837809373355,0.4146341463414634,East,XL,0.5120245281211075,0.16740355773498233
P12394,Dress,Polyester,Summer,0.4319099801901618,0.5700000000000001,0.8800000000000001,0.6850715746421269,0.47245762711864403,0.04423380726698263,0.1951219512195122,East,XL,0.26085081920091974,0.2961895287697334
P12395,Trousers,Rayon,Spring,0.5566048803378695,0.23600000000000002,0.32000000000000006,0.45603271983640087,0.2860169491525424,0.16587677725118488,0.5121951219512195,South,M,0.6329500814410272,0.420689143841077
P12396,Trousers,Rayon,Autumn,0.6014147972247329,0.14400000000000002,0.40000000000000013,0.23721881390593047,0.5911016949152543,0.5987361769352292,0.6585365853658538,South,S,0.46527258790840276,0.5516403199645661
P12397,Jeans,Wool,Summer,0.7826795404369501,0.374,0.44000000000000017,0.0,0.47245762711864403,0.5134281200631913,0.26829268292682934,West,M,0.49041391204369067,0.5980021215477594
P12398,Jeans,Linen,Winter,0.42667564775651223,0.74,0.8399999999999999,0.23721881390593047,0.48940677966101687,0.7577672459189049,0.878048780487805,South,M,0.4301235987352687,0.2632061932684168
P12399,Trousers,Wool,Winter,0.780134810830218,0.9159999999999999,0.32000000000000006,0.7832310838445808,0.5572033898305082,0.8351764086361244,0.4146341463414634,South,L,0.27608029127143807,0.422732678929812
P12400,Dress,Rayon,Winter,0.37603300904827736,0.45799999999999996,0.8800000000000001,0.05112474437627813,0.3029661016949152,0.3975776724591891,0.8048780487804879,Central,L,0.3586998179553511,0.256039222538374
P12401,Trousers,Rayon,Spring,0.7516325794676854,0.642,0.6000000000000001,0.8895705521472393,0.18432203389830515,0.10110584518167458,1.0,South,M,0.637151480310434,0.41866771027527827
P12402,Sweater,Linen,Summer,0.6550367852002557,0.10400000000000001,0.52,0.022494887525562373,0.18432203389830515,0.7919957872564508,1.0,North,S,0.7297834626808468,0.5006380419449697
P12403,Dress,Wool,Spring,0.32795084703592536,0.904,0.32000000000000006,0.5991820040899797,0.6419491525423728,0.553975776724592,0.04878048780487804,Central,M,0.580003832518923,0.1935161722126854
P12404,Jeans,Cotton,Autumn,0.5585827147351812,0.568,0.2400000000000002,0.6952965235173825,0.5402542372881354,0.9805160610847817,0.09756097560975613,West,M,0.6089297690907348,0.39282306746119033
P12405,T-Shirt,Cotton,Autumn,0.4908828290590484,0.78,0.6399999999999999,0.34355828220858897,0.20127118644067798,0.7967351237493419,0.5365853658536586,North,M,0.7388665325285042,0.25465101868920653
P12406,Jacket,Linen,Summer,0.6187775377221519,0.794,0.44000000000000017,0.10633946830265849,0.5233050847457625,0.3291205897840969,0.2926829268292683,West,XL,0.7351537798217878,0.36730131524649867
P12407,Sweater,Wool,Winter,0.4583745382166106,0.256,0.9199999999999999,0.5480572597137016,0.5911016949152543,0.42864665613480785,0.5609756097560976,East,XL,0.5855897288492862,0.39723436772429516
P12408,Sweater,Wool,Summer,0.4425046217706657,0.53,0.4800000000000002,0.5051124744376279,0.21822033898305082,0.2359136387572407,0.6585365853658538,East,S,0.4144917121778288,0.274951478351273
P12409,Hoodie,Polyester,Summer,0.7592762165413722,0.96,0.52,0.25971370143149286,0.4216101694915253,0.5123749341758822,0.39024390243902446,East,L,0.21623550828782212,0.37224290322827097
P12410,Jeans,Rayon,Summer,0.4819101376610533,0.09,0.40000000000000013,0.15337423312883436,0.625,0.7109004739336494,0.12195121951219517,South,L,0.5096052505509245,0.461344734047984
P12411,Jeans,Denim,Spring,0.6567280225750269,0.684,0.8,0.5480572597137016,0.26906779661016955,0.6129541864139022,0.6341463414634148,South,S,0.5256060170547092,0.37319354157284057
P12412,Shirt,Linen,Autumn,0.45798086098784635,0.9620000000000001,0.44000000000000017,0.2965235173824131,0.7266949152542375,0.3422854133754608,0.6829268292682928,Central,L,0.8766551691098974,0.26157169758845844
P12413,Sweater,Denim,Summer,0.8155059224802295,0.3,0.28000000000000025,0.8220858895705523,0.6758474576271185,0.8235913638757242,0.26829268292682934,North,M,0.596076458752515,0.7131339403884966
P12414,Shirt,Denim,Summer,0.37238283378317516,0.8620000000000001,0.8800000000000001,0.8220858895705523,0.48940677966101687,0.105318588730911,0.8292682926829269,North,XL,0.530228993005653,0.2114668753487005
P12415,Shirt,Linen,Summer,0.3845112418469446,0.934,0.6000000000000001,0.9263803680981596,0.9639830508474576,0.14270668773038442,0.09756097560975613,East,XL,0.3728753473220273,0.24779875280932434
P12416,Jacket,Wool,Spring,0.7886445378071862,0.748,0.6000000000000001,0.09611451942740287,0.7605932203389831,0.40442338072669826,0.024390243902439046,East,L,0.5131647025007186,0.5340821855176534
P12417,Shirt,Linen,Spring,0.4164841316582629,0.23199999999999998,0.6000000000000001,0.40490797546012275,0.777542372881356,0.7024749868351765,0.2439024390243903,South,L,0.680420618951806,0.39560078984046315
P12418,Dress,Denim,Spring,0.8031098139009003,0.334,0.72,0.14314928425357873,0.47245762711864403,0.6945760926803581,0.07317073170731708,West,S,0.4709207626712656,0.6278437664924242
P12419,Trousers,Rayon,Summer,0.6690894875582247,0.036000000000000004,0.32000000000000006,0.8404907975460124,1.0,0.36650868878357035,0.5121951219512195,North,S,0.31574207147647787,0.7671389744754448
P12420,T-Shirt,Rayon,Winter,0.4713406914231904,0.8320000000000001,0.040000000000000036,0.18609406952965235,0.4216101694915253,0.697209057398631,0.0,North,M,0.37732106927277953,0.2623179898657448
P12421,Jeans,Rayon,Winter,0.157913778388065,0.85,0.8,0.8220858895705523,0.7097457627118642,0.06055818852027384,0.3658536585365854,West,M,0.3055284085465172,0.1054594383226616
P12422,Dress,Wool,Winter,0.4969139642037169,0.632,0.11999999999999988,0.9468302658486709,0.6419491525423728,0.2901527119536598,0.024390243902439046,North,L,0.40170068027210876,0.35113349309931413
P12423,T-Shirt,Cotton,Autumn,0.519769289396855,0.35200000000000004,0.72,0.42535787321063395,0.3368644067796609,0.6940494997367036,0.9756097560975612,West,S,0.33689757593178116,0.37885083689611865
P12424,Sweater,Linen,Summer,0.7211273183652,0.076,0.08000000000000007,0.6973415132924337,0.5233050847457625,0.1843075302790943,0.6341463414634148,South,XL,0.5795151863562326,0.6632078403403843
P12425,Sweater,Rayon,Winter,0.800725704603504,0.7540000000000001,0.3600000000000001,0.6912065439672803,0.6080508474576272,0.21274354923644023,0.26829268292682934,North,S,0.5991233112963494,0.5055410824894322
P12426,Sweater,Linen,Winter,0.3711262160689596,0.726,0.08000000000000007,0.09611451942740287,0.40466101694915246,0.08688783570300158,0.09756097560975613,East,M,0.7175002395324326,0.2240521175243397
P12427,Dress,Rayon,Winter,0.6519598039802342,0.912,0.52,0.0572597137014315,0.6927966101694913,0.3644023170089521,0.09756097560975613,East,L,0.49327392929002584,0.378022563099972
P12428,Dress,Wool,Summer,0.6451980038989792,0.73,0.6399999999999999,0.35787321063394684,0.3877118644067796,0.8251711427066879,0.5121951219512195,Central,L,0.49074446680080475,0.37661349799290383
P12429,Jeans,Cotton,Winter,0.703402394817318,0.828,0.15999999999999992,0.036809815950920255,0.15042372881355925,0.8367561874670881,0.2926829268292683,South,S,0.550191625946153,0.33642804265043247
P12430,Trousers,Cotton,Winter,0.5947978703636633,0.746,0.3600000000000001,0.7239263803680983,0.625,0.8625592417061613,0.3658536585365854,South,S,0.4196943566158857,0.38327129031518703
P12431,Hoodie,Rayon,Summer,0.49831545513811765,0.63,0.9199999999999999,0.09406952965235175,0.625,0.03686150605581885,0.6097560975609757,East,S,0.3385455590686979,0.3500373220554545
P12432,Shirt,Wool,Autumn,0.47119581820300516,0.42600000000000005,0.44000000000000017,0.703476482617587,0.3877118644067796,0.9942074776197999,0.1951219512195122,South,S,0.3708968094279965,0.33821094844456373
P12433,Sweater,Polyester,Spring,0.28217720829304704,0.902,0.8,0.12065439672801638,0.4555084745762712,0.5028962611901002,0.7560975609756098,South,M,0.5879515186356232,0.15640141465622187
P12434,Jacket,Linen,Winter,0.4622798163259521,0.65,0.9199999999999999,0.35787321063394684,0.6419491525423728,0.8730911005792523,0.43902439024390244,Central,M,0.6323512503592986,0.3233117437918037
P12435,Trousers,Linen,Spring,0.6857499078795284,0.39799999999999996,0.52,0.5194274028629858,0.3368644067796609,0.9057398630858348,0.853658536585366,West,S,0.8440308517773305,0.48423975374884987
P12436,Jacket,Denim,Autumn,0.5582268305203782,0.084,0.8800000000000001,0.8241308793456034,0.3029661016949152,0.5150078988941549,0.6585365853658538,West,L,0.35295103957075785,0.4598450799827077
P12437,Jeans,Wool,Autumn,0.49831545513811765,0.29,0.32000000000000006,0.46625766871165647,0.777542372881356,0.051079515534491846,0.34146341463414637,Central,XL,0.34654115167193633,0.45848212792966725
P12438,Jeans,Denim,Winter,0.5651429520753088,0.544,0.9600000000000002,0.29856850715746425,0.35381355932203395,0.59768299104792,0.1951219512195122,West,XL,0.22691386413720416,0.3696591086899814
P12439,Jeans,Rayon,Summer,0.25522449050293056,0.276,0.8,0.6073619631901842,0.5233050847457625,0.33438651922064244,0.3658536585365854,North,M,0.5228370221327967,0.21442768565254464
P12440,T-Shirt,Denim,Autumn,0.024211543246231006,0.222,0.8399999999999999,0.6789366053169735,0.5911016949152543,0.20695102685624012,0.12195121951219517,East,S,0.5781785953818146,0.02443914967032267
P12441,Jacket,Cotton,Spring,0.528685291273908,0.528,0.0,0.4867075664621677,0.7944915254237288,0.18272775144813058,0.17073170731707316,West,S,0.4097298074159241,0.4253956519879811
P12442,Trousers,Linen,Spring,0.46013821220147455,0.17,0.9600000000000002,0.6768916155419225,0.5063559322033897,0.5597682991047921,0.7804878048780488,North,XL,0.2813164702500718,0.4014703937325538
P12443,Hoodie,Denim,Spring,0.3159547145210208,0.8,0.7600000000000002,0.883435582822086,0.31991525423728806,0.10479199578725647,0.7560975609756098,West,L,0.787956309284277,0.1761350980022704
P12444,Trousers,Cotton,Spring,0.17920384291963634,0.484,0.7600000000000002,0.8139059304703478,0.6758474576271185,0.8220115850447605,0.853658536585366,North,XL,0.5526731819488357,0.14512170026246984
P12445,Dress,Wool,Autumn,0.36172205442823896,0.574,0.08000000000000007,0.38241308793456036,0.4555084745762712,0.2274881516587678,1.0,South,L,0.3244514707291367,0.2470556108052287
P12446,Dress,Denim,Winter,0.46381358280921764,0.14800000000000002,0.2400000000000002,0.6605316973415134,0.5572033898305082,0.5497630331753556,0.853658536585366,North,XL,0.44869215291750497,0.4187104994190102
P12447,Sweater,Rayon,Winter,0.6263928300353678,0.324,0.9600000000000002,0.6830265848670758,0.6927966101694913,0.12532912058978413,0.8048780487804879,East,S,0.8299176008431541,0.5451440101499322
P12448,Hoodie,Rayon,Spring,0.5362092504700505,0.41000000000000003,0.52,0.42535787321063395,0.48940677966101687,0.8599262769878884,0.024390243902439046,Central,M,0.636844878796589,0.4064533321506166
P12449,Dress,Rayon,Winter,0.8044325693895483,0.8079999999999999,0.40000000000000013,0.8384458077709612,0.5402542372881354,0.69246972090574,0.2926829268292683,West,M,0.4533103382197949,0.47245666538770537
P12450,Jeans,Linen,Spring,0.30487191317684925,0.77,0.8399999999999999,0.15132924335378323,0.31991525423728806,0.20642443391258558,0.21951219512195125,North,L,0.36311679601418023,0.17398981157000587
P12451,Trousers,Denim,Spring,0.6670549636399711,0.222,0.08000000000000007,0.37218813905930476,0.48940677966101687,0.716166403370195,0.902439024390244,Central,M,0.6962297595094376,0.560238655767019
P12452,Jacket,Wool,Summer,0.509502187270683,0.616,0.40000000000000013,0.17586912065439675,0.9470338983050848,0.0832016850974197,0.14634146341463422,East,M,0.29524767653540285,0.41091927849119475
P12453,Jeans,Denim,Autumn,0.631831874627975,0.244,0.3600000000000001,0.5521472392638038,0.43855932203389836,0.7725118483412323,0.04878048780487804,West,M,0.5723148414295295,0.5121421698942827
P12454,T-Shirt,Linen,Autumn,0.41807773708030066,0.988,0.3600000000000001,0.36605316973415136,0.6588983050847457,0.4907846234860453,0.6341463414634148,North,XL,0.5698428667241544,0.2283517691289301
P12455,Dress,Cotton,Spring,0.7030748553629861,0.9520000000000001,0.32000000000000006,0.8466257668711658,0.5402542372881354,0.12006319115323856,0.3170731707317073,East,S,0.6590734885503498,0.36771601026383804
P12456,Jeans,Linen,Autumn,0.5563497774936302,0.564,0.20000000000000018,0.49897750511247446,0.3368644067796609,0.5508162190626648,0.7073170731707319,South,XL,0.5813404234933409,0.3564578516764067
P12457,Jeans,Rayon,Winter,0.3721718227885575,0.698,0.15999999999999992,0.7055214723926382,0.5572033898305082,0.20115850447604006,0.8048780487804879,Central,S,0.5901121011784995,0.24484989866042448
P12458,T-Shirt,Cotton,Spring,0.49829340921330684,0.802,0.6399999999999999,0.01226993865030675,0.3029661016949152,0.6729857819905214,0.5365853658536586,Central,M,0.5490514515665421,0.26743619158860193
P12459,Shirt,Rayon,Summer,0.9999999999999999,0.72,0.9199999999999999,0.5480572597137016,0.3029661016949152,0.7087941021590313,0.39024390243902446,North,XL,0.5445051259940595,0.5569616522949715
P12460,Trousers,Polyester,Winter,0.5930027022004982,0.7000000000000001,0.52,0.8936605316973416,1.0,0.7614533965244867,0.34146341463414637,East,S,0.7697135192105009,0.45912064117535056
P12461,Jacket,Linen,Summer,0.2776262995285322,0.958,0.28000000000000025,0.024539877300613498,0.40466101694915246,0.8952080042127437,0.14634146341463422,West,XL,0.5027354603813357,0.14459091643778815
P12462,Sweater,Linen,Summer,0.49501801466998824,0.596,0.15999999999999992,0.8241308793456034,0.7097457627118642,0.6550816219062665,0.04878048780487804,West,L,0.6253473220274024,0.3686235121904658
P12463,Shirt,Wool,Autumn,0.5752620315634654,0.636,0.8399999999999999,0.4601226993865031,0.08262711864406769,0.4918378093733545,0.1951219512195122,West,XL,0.4429098399923349,0.3070758558994595
P12464,Dress,Denim,Autumn,0.5068031361902752,0.85,0.9600000000000002,0.5419222903885481,0.2521186440677965,0.854660347551343,0.04878048780487804,West,M,0.3527258790840279,0.2554973011336717
P12465,Jeans,Cotton,Spring,0.7550874908273204,0.67,0.3600000000000001,0.4928425357873211,0.5911016949152543,0.9004739336492893,0.8292682926829269,North,XL,0.43171409408833955,0.503816394736077
P12466,Hoodie,Cotton,Autumn,0.6468262529171482,0.7320000000000001,0.28000000000000025,0.7750511247443764,0.5063559322033897,0.7819905213270143,0.9512195121951221,North,M,0.46530133180032573,0.39860845735735634
P12467,T-Shirt,Wool,Summer,0.4991500508630979,0.23399999999999999,0.6000000000000001,0.36605316973415136,0.5911016949152543,0.9431279620853082,0.17073170731707316,Central,L,0.34972693302673175,0.43734096701579633
P12468,T-Shirt,Wool,Summer,0.5415097206781326,0.37200000000000005,0.7600000000000002,0.8588957055214725,0.5911016949152543,0.9799894681411271,0.6097560975609757,East,M,0.28642809236370603,0.43929215196997246
P12469,Hoodie,Denim,Winter,0.5564348117750434,0.14800000000000002,0.44000000000000017,0.36605316973415136,0.47245762711864403,0.25118483412322273,0.34146341463414637,South,M,0.6727124652677972,0.48253429010354826
P12470,Trousers,Rayon,Summer,0.5767737521219202,0.506,0.6399999999999999,0.2556237218813906,0.8453389830508473,0.1837809373354397,0.09756097560975613,North,M,0.4145060841237903,0.4797812241931852
P12471,Shirt,Denim,Spring,0.15558005977595046,0.456,0.72,0.5766871165644173,0.6927966101694913,0.4486571879936809,0.2926829268292683,West,XL,0.46006515282169197,0.1293883677625946
P12472,Sweater,Linen,Spring,0.44358487208639474,0.998,0.9600000000000002,0.8527607361963191,0.3707627118644068,0.9973670352817275,0.34146341463414637,South,L,0.418075117370892,0.211486967642279
P12473,Trousers,Rayon,Autumn,0.2200580910118765,0.612,0.15999999999999992,0.7259713701431494,0.7605932203389831,0.08846761453396527,0.9268292682926831,Central,XL,0.1678547475328159,0.1694986382386014
P12474,Hoodie,Polyester,Autumn,0.7421150387850804,0.7859999999999999,1.0,0.3865030674846626,0.48940677966101687,0.712480252764613,0.26829268292682934,West,S,0.7360544217687073,0.4340744065753494
P12475,Jeans,Polyester,Autumn,0.48906561497107254,0.334,0.40000000000000013,0.030674846625766878,0.6080508474576272,0.8515007898894157,0.8292682926829269,East,XL,0.36807032672223816,0.4089092801690253
P12476,Hoodie,Wool,Spring,0.46403089263949554,0.8320000000000001,0.72,0.6421267893660533,0.3707627118644068,0.9968404423380729,0.17073170731707316,South,S,0.6459950177253999,0.2524366742997538
P12477,Trousers,Rayon,Summer,0.6700280140715987,0.616,0.56,0.040899795501022504,0.48940677966101687,0.6197998946814114,0.21951219512195125,Central,M,0.3579141515761234,0.4441993598049549
P12478,Jacket,Denim,Autumn,0.5803672378660805,0.696,0.4800000000000002,0.030674846625766878,1.0,0.3802001053185888,0.8048780487804879,North,S,0.5331608699817955,0.4507713257867671
P12479,T-Shirt,Cotton,Winter,0.28729186284915237,0.294,0.6800000000000002,0.948875255623722,0.48940677966101687,0.16640337019483942,0.17073170731707316,East,M,0.6373910127431254,0.2350663159792473
P12480,T-Shirt,Polyester,Autumn,0.4871665160195138,0.5479999999999999,0.40000000000000013,0.9447852760736197,0.5572033898305082,0.9820958399157452,0.5121951219512195,West,L,0.3313500047906486,0.3507241808322297
P12481,Dress,Linen,Spring,0.4372293469052246,0.634,0.11999999999999988,0.5480572597137016,0.6080508474576272,0.9246972090573987,0.26829268292682934,South,L,0.4417409217208009,0.30516299513488676
P12482,Dress,Cotton,Autumn,0.1709082763551158,0.59,0.4800000000000002,0.065439672801636,0.3029661016949152,0.8051606108478148,0.5121951219512195,Central,M,0.41137299990418696,0.11349739757668087
P12483,Hoodie,Cotton,Summer,0.37012470119898333,0.9159999999999999,0.52,0.3701431492842536,0.48940677966101687,0.9441811479726173,0.6341463414634148,South,M,0.4358244706333237,0.201608603907073
P12484,Sweater,Polyester,Autumn,0.46588275032360266,0.898,0.20000000000000018,0.1390593047034765,0.7605932203389831,0.0610847814639284,0.4146341463414634,East,M,0.6117083453099549,0.28434013583977996
P12485,Jeans,Linen,Spring,0.47884260469452217,0.97,0.9199999999999999,0.8384458077709612,0.3707627118644068,0.6319115323854662,0.43902439024390244,North,S,0.6999712561080769,0.23263495001384632
P12486,Jacket,Wool,Spring,0.22047381416545156,0.668,0.2400000000000002,0.10429447852760737,0.2521186440677965,0.27488151658767773,0.09756097560975613,North,L,0.44922870556673367,0.13381470003793225
P12487,Shirt,Rayon,Winter,0.7181889115297037,0.9720000000000001,0.40000000000000013,0.130879345603272,0.20127118644067798,0.7661927330173778,0.3658536585365854,East,M,0.5392881096100411,0.31282537733079285
P12488,Trousers,Linen,Spring,0.48127080584154014,0.8320000000000001,0.15999999999999992,0.6114519427402864,0.5741525423728815,0.09583991574512903,0.9756097560975612,West,S,0.3122017821212992,0.28632847913442594
P12489,Sweater,Denim,Winter,0.5076597778400662,0.27,0.52,0.8445807770961147,0.3707627118644068,0.2590837282780411,0.21951219512195125,South,M,0.8554709207626712,0.3937724159301228
P12490,Jeans,Cotton,Summer,0.576269845269102,0.428,0.32000000000000006,0.8302658486707568,0.5063559322033897,0.8504476040021064,0.43902439024390244,West,L,0.5724873047810672,0.4350730679821017
P12491,Dress,Denim,Spring,0.35164391737187384,0.23800000000000002,0.4800000000000002,0.6830265848670758,0.35381355932203395,0.7498683517640865,0.0,Central,XL,0.6212321548337644,0.27704690612910204
P12492,Hoodie,Wool,Autumn,0.5867983490751734,0.004,0.2400000000000002,0.46421267893660534,0.3368644067796609,0.9926276987888364,0.5121951219512195,West,L,0.4313404234933409,0.5109183011623466
P12493,Trousers,Denim,Summer,0.43120136117838614,0.188,0.040000000000000036,0.9529652351738243,0.6588983050847457,0.6445497630331755,0.39024390243902446,East,XL,0.6543690715722907,0.39890205289660924
P12494,Dress,Linen,Autumn,0.331141207297831,0.004,0.7600000000000002,0.4519427402862986,0.1673728813559321,0.3033175355450237,0.8292682926829269,North,L,0.5205087668870364,0.2660496248892815
P12495,Hoodie,Denim,Autumn,0.608926158749555,0.72,0.6399999999999999,0.5541922290388549,0.23516949152542366,0.5481832543443919,0.9268292682926831,East,M,0.639182715339657,0.332350993814451
P12496,Trousers,Wool,Autumn,0.7824370352640313,0.42600000000000005,0.3600000000000001,0.8957055214723928,0.5233050847457625,0.944707740916272,0.1951219512195122,East,L,0.3679649324518539,0.5936186776373567
P12497,Shirt,Polyester,Summer,0.6375323209004815,0.312,0.040000000000000036,0.034764826175869123,0.5572033898305082,0.6519220642443393,0.09756097560975613,South,M,0.5265401935422056,0.5261412646000279
P12498,Jeans,Wool,Summer,0.674975749482708,0.762,0.8800000000000001,0.4437627811860941,0.5063559322033897,0.8820431806213798,0.1951219512195122,East,S,0.2087333524959279,0.40630606308027656
P12499,Trousers,Linen,Spring,0.4021826252917148,0.8320000000000001,0.15999999999999992,0.556237218813906,0.7097457627118642,0.022643496577145872,0.2439024390243903,Central,XL,0.5902174954488837,0.2549831368604685
P12500,Jacket,Wool,Autumn,0.1986703945275716,0.976,0.9199999999999999,0.9366053169734153,0.47245762711864403,0.3696682464454976,0.3170731707317073,South,XL,0.5803727124652678,0.10902820174170914
P12501,Sweater,Cotton,Winter,0.7821472888236608,0.642,0.4800000000000002,0.6278118609406954,0.7266949152542375,0.9357556608741444,0.9512195121951221,South,S,0.23471304014563568,0.5641835171554948
P12502,T-Shirt,Wool,Spring,0.8887960248048147,0.462,0.3600000000000001,0.3517382413087935,0.6588983050847457,0.03949447077409163,0.5609756097560976,West,XL,0.33776947398677776,0.7003283527266135
P12503,Jacket,Denim,Summer,0.7920994491668214,0.306,0.7600000000000002,0.11247443762781188,0.7605932203389831,0.5192206424433913,0.4634146341463415,East,S,0.3827105490083357,0.7158981934894817
P12504,Jacket,Rayon,Winter,0.4371128184455103,0.222,0.8800000000000001,0.7116564417177915,0.5402542372881354,0.3464981569246972,0.7804878048780488,West,M,0.571466896617802,0.377235366881808
P12505,Sweater,Denim,Summer,0.28237877103417436,0.212,0.3600000000000001,0.8936605316973416,0.5402542372881354,0.6466561348077936,0.07317073170731708,West,L,0.09583692631982368,0.24627801423844103
P12506,T-Shirt,Rayon,Winter,0.2991872139934933,0.41000000000000003,0.40000000000000013,0.016359918200409,0.08262711864406769,0.16219062664560296,0.3658536585365854,South,XL,0.780727220465651,0.18911218951329123
P12507,Jacket,Denim,Spring,0.18239735259937206,0.9920000000000001,0.44000000000000017,0.81799591002045,0.6927966101694913,0.6535018430753029,0.5853658536585367,West,L,0.3935517869119478,0.10809770530131942
P12508,Trousers,Polyester,Winter,0.480272440389394,0.0,0.9199999999999999,0.5766871165644173,0.7097457627118642,0.9921011058451817,0.0,West,M,0.9299367634377693,0.49793614936998004
P12509,Trousers,Denim,Spring,0.8039822026398419,0.198,0.6800000000000002,0.5971370143149285,0.3029661016949152,0.27119536598209587,0.5609756097560976,South,XL,0.5022372329213375,0.622494131313904
P12510,Trousers,Linen,Summer,0.47379408791284927,0.188,0.2400000000000002,0.04294478527607362,0.6588983050847457,0.4618220115850448,0.04878048780487804,South,S,0.16191434320206952,0.4381094104266204
P12511,T-Shirt,Linen,Winter,0.5576914294892589,0.718,0.20000000000000018,0.14519427402862986,0.3877118644067796,0.029489204844655087,0.7560975609756098,North,S,0.27335920283606396,0.32998660216097825
P12512,Jacket,Polyester,Autumn,0.7605044894951167,0.35200000000000004,0.2400000000000002,0.9202453987730063,0.5233050847457625,0.4344391785150079,0.8048780487804879,East,XL,0.5032959662738334,0.6029926751931415
P12513,Hoodie,Cotton,Autumn,0.4242033547598726,0.45799999999999996,0.28000000000000025,0.8609406952965236,0.48940677966101687,0.406003159557662,0.5853658536585367,North,M,0.30405767940979206,0.3140862059607931
P12514,T-Shirt,Rayon,Summer,0.8852088378963148,0.14800000000000002,0.2400000000000002,0.7239263803680983,0.5233050847457625,0.5650342285413377,0.04878048780487804,South,L,0.3567452333045894,0.7842334234361077
P12515,Trousers,Wool,Winter,0.8770014550310374,0.40399999999999997,0.6399999999999999,0.9795501022494888,0.5741525423728815,0.25697735650342285,0.14634146341463422,Central,L,0.14578422918463158,0.6894482765326674
P12516,Sweater,Wool,Autumn,0.4757876693993115,0.10400000000000001,0.11999999999999988,0.6687116564417179,0.5233050847457625,0.3285939968404424,1.0,West,L,0.4353022899300565,0.43230797150089234
P12517,Jacket,Linen,Spring,0.39143051281970526,0.534,0.40000000000000013,0.34969325153374237,0.4555084745762712,0.6103212216956294,0.8292682926829269,West,XL,0.7127718693111047,0.2732704727324755
P12518,Jacket,Linen,Winter,0.6323168849738124,0.098,0.6399999999999999,0.24948875255623726,0.6588983050847457,0.9088994207477622,0.6829268292682928,South,L,0.39682379994251216,0.6116555295827519
P12519,Dress,Rayon,Winter,0.43489562829311,0.79,0.28000000000000025,0.18404907975460125,0.625,0.2353870458135861,0.9512195121951221,West,S,0.5771438152725878,0.27403455041037394
P12520,Dress,Denim,Autumn,0.2820165879837112,0.5660000000000001,0.08000000000000007,0.45603271983640087,0.5741525423728815,0.6777251184834124,0.5853658536585367,North,L,0.3456692536169397,0.20565734989493964
P12521,Shirt,Denim,Spring,0.7426724857410106,0.7240000000000001,0.08000000000000007,0.5950920245398774,0.5741525423728815,0.5239599789362823,0.6585365853658538,West,M,0.646100411995784,0.4731043565946529
P12522,Hoodie,Wool,Spring,0.7304306986353571,0.418,0.11999999999999988,0.7218813905930471,0.4216101694915253,0.10479199578725647,0.5609756097560976,Central,L,0.4274935326243173,0.531038525509424
P12523,Hoodie,Polyester,Spring,0.5299513572416138,0.38200000000000006,0.8399999999999999,0.5132924335378324,0.625,0.5655608214849922,0.09756097560975613,East,S,0.5368017629587045,0.4339538776191793
P12524,Jeans,Polyester,Winter,0.26192645164541334,0.098,0.6399999999999999,0.8343558282208591,0.26906779661016955,0.7093206951026858,0.6341463414634148,North,L,0.38715148031043395,0.21349634583193058
P12525,Hoodie,Denim,Summer,0.26822528730564155,0.524,0.08000000000000007,0.9775051124744377,1.0,0.5987361769352292,0.21951219512195125,East,L,0.4509820829740346,0.2359845089904828
P12526,Dress,Polyester,Winter,0.5208274937877733,0.514,0.40000000000000013,0.6073619631901842,0.43855932203389836,0.1042654028436019,0.26829268292682934,East,XL,0.3092219986586183,0.362330779478793
P12527,T-Shirt,Denim,Winter,0.40610679990803694,0.46799999999999997,0.28000000000000025,0.7484662576687118,0.7436440677966103,0.8551869404949974,0.4146341463414634,Central,M,0.7314841429529557,0.3334417076921535
P12528,Hoodie,Linen,Autumn,0.4361081541577039,0.74,0.56,0.5214723926380369,0.21822033898305082,0.041074249605055305,0.902439024390244,Central,L,0.5076219220082399,0.23638749590588512
P12529,Dress,Wool,Summer,0.6936801419757557,0.8320000000000001,0.52,0.024539877300613498,0.43855932203389836,0.2359136387572407,0.17073170731707316,Central,L,0.3861789786337069,0.3829884602764441
P12530,Shirt,Cotton,Spring,0.6391101792333687,0.75,0.4800000000000002,0.8977505112474439,0.3877118644067796,0.6161137440758294,0.902439024390244,Central,XL,0.46171313595860874,0.36773535839839516
P12531,Jacket,Wool,Autumn,0.7609863504231241,0.14400000000000002,0.32000000000000006,0.6830265848670758,0.1673728813559321,0.21800947867298576,0.7073170731707319,North,M,0.5607789594711123,0.5635217365377416
P12532,Hoodie,Denim,Winter,0.3133721919003272,0.622,0.11999999999999988,0.2392638036809816,0.3368644067796609,0.10163243812532914,0.1951219512195122,Central,M,0.5972645396186642,0.1981453870425642
P12533,Shirt,Denim,Summer,0.4357144769289396,0.08,0.7600000000000002,0.8875255623721883,0.2860169491525424,0.5123749341758822,0.5853658536585367,North,XL,0.4165037846124365,0.3576216915806146
P12534,Jacket,Wool,Spring,0.6439854780343853,0.6940000000000001,0.8800000000000001,0.3619631901840491,0.43855932203389836,0.7230121116377042,0.7073170731707319,West,M,0.6010874772444188,0.3952958830840847
P12535,Sweater,Rayon,Spring,0.5852362378314367,0.38200000000000006,0.9600000000000002,0.9406952965235175,0.6080508474576272,0.41074249605055296,0.024390243902439046,East,M,0.49858196799846694,0.47514186399531433
P12536,Sweater,Denim,Winter,0.7901310630230001,0.132,0.040000000000000036,0.6278118609406954,0.7436440677966103,0.6987888362295946,0.39024390243902446,West,S,0.3821308805212225,0.7790073434604445
P12537,Jacket,Polyester,Spring,0.5800302501582582,0.8620000000000001,0.72,0.32719836400818,0.47245762711864403,0.8609794628751977,0.14634146341463422,West,L,0.44445721950752126,0.31973246292525337
P12538,Hoodie,Polyester,Spring,0.8497936343966817,0.614,0.72,0.19222903885480574,0.5063559322033897,0.9594523433385994,0.5121951219512195,South,L,0.4103957075788061,0.5660475114776606
P12539,T-Shirt,Denim,Summer,0.6026084265823461,0.354,0.9600000000000002,0.8343558282208591,0.40466101694915246,0.23328067403896785,0.21951219512195125,West,S,0.7704800229951134,0.452386250084462
P12540,Dress,Denim,Autumn,0.701276537781991,0.03,0.2400000000000002,0.7505112474437629,0.23516949152542366,0.6055818852027384,0.6097560975609757,West,M,0.5174235891539714,0.570987189451278
P12541,T-Shirt,Rayon,Summer,0.43943078996847434,0.538,0.7600000000000002,0.6400817995910022,0.6419491525423728,0.2669826224328594,0.2926829268292683,South,L,0.6072147168726645,0.33098228693164483
P12542,T-Shirt,Polyester,Autumn,0.503263190549227,0.924,0.040000000000000036,0.34151329243353784,0.26906779661016955,0.8715113217482887,1.0,West,M,0.6730382293762573,0.24128932099061257
P12543,Trousers,Polyester,Autumn,0.6727018698093656,0.596,0.6399999999999999,0.17586912065439675,0.43855932203389836,0.8909952606635073,0.6585365853658538,South,M,0.5135766982849477,0.44128344709540346
P12544,Jacket,Denim,Autumn,0.8053616476494319,0.9720000000000001,0.3600000000000001,0.8609406952965236,0.43855932203389836,0.32227488151658773,0.853658536585366,North,XL,0.6361071189038996,0.3928714874081844
P12545,T-Shirt,Rayon,Spring,0.6383637672076315,0.136,0.7600000000000002,0.0040899795501022525,0.3029661016949152,0.6456029489204845,0.2439024390243903,East,S,0.5045702788157516,0.511652959753598
P12546,Hoodie,Rayon,Summer,0.48484854449654974,0.568,0.8800000000000001,0.7586912065439674,0.4555084745762712,0.8883622959452345,0.1951219512195122,Central,XL,0.48674906582351246,0.32921679445861485
P12547,Jeans,Wool,Spring,0.7608320289494486,0.798,0.3600000000000001,0.030674846625766878,0.6758474576271185,0.5086887835703002,0.3658536585365854,West,S,0.45505892497844197,0.47875269720437313
P12548,Jacket,Rayon,Winter,0.08635585587004248,0.526,0.52,0.2638036809815951,0.5402542372881354,0.7209057398630859,0.39024390243902446,North,M,0.4350627574973651,0.06910650116173145
P12549,Jeans,Cotton,Summer,0.23181171835386233,0.092,0.11999999999999988,0.04498977505112475,0.4555084745762712,0.8014744602422328,0.09756097560975613,East,L,0.5761329884066302,0.2069294401314641
P12550,Hoodie,Polyester,Autumn,0.6293690298848257,0.5820000000000001,0.40000000000000013,0.1983640081799591,0.01483050847457612,0.8725645076355978,0.09756097560975613,North,M,0.34766695410558585,0.3334031850601444
P12551,T-Shirt,Wool,Spring,0.5032316963709258,0.612,0.3600000000000001,0.3210633946830266,0.3877118644067796,0.5155344918378094,0.902439024390244,South,L,0.3334051930631407,0.32132734453997125
P12552,T-Shirt,Cotton,Spring,0.6149856386546946,0.728,0.20000000000000018,0.4867075664621677,0.8283898305084745,0.9420747761979991,0.7317073170731709,North,M,0.6281881766791223,0.4364904924755104
P12553,Trousers,Denim,Summer,0.5127334899643801,0.762,0.8800000000000001,0.018404907975460124,0.4555084745762712,0.6292785676671934,0.024390243902439046,West,M,0.6679313979112771,0.30430021716544664
P12554,T-Shirt,Denim,Summer,0.6084537460750379,0.77,0.15999999999999992,0.6543967280163601,0.21822033898305082,0.15165876777251186,0.6341463414634148,West,L,0.7433314170738716,0.3174090248232597
P12555,Jacket,Polyester,Autumn,0.3466709866181236,0.664,0.6399999999999999,0.04294478527607362,0.879237288135593,0.6129541864139022,0.43902439024390244,Central,XL,0.44205710453195357,0.2658535885977375
P12556,Hoodie,Rayon,Autumn,0.6083655623757948,0.21600000000000003,0.8800000000000001,0.6278118609406954,0.3877118644067796,0.29857819905213273,0.5853658536585367,Central,S,0.25245281211075976,0.48851068081521326
P12557,Sweater,Denim,Winter,0.6884741543025771,0.40399999999999997,0.9199999999999999,0.7484662576687118,0.3877118644067796,0.37230121116377046,0.902439024390244,West,S,0.22863849765258212,0.4968647588215339
P12558,Hoodie,Linen,Autumn,0.7312054554215652,0.7759999999999999,0.8,0.37423312883435583,0.625,0.8093733543970513,0.2926829268292683,North,M,0.6916163648558014,0.4582734161294582
P12559,Jacket,Wool,Spring,0.8810547557783943,0.9540000000000001,0.15999999999999992,0.850715746421268,0.23516949152542366,0.9736703528172722,0.6829268292682928,West,L,0.6253233687841333,0.39327110080268957
P12560,Jacket,Cotton,Winter,0.5466905130086703,0.078,0.8,0.441717791411043,0.5741525423728815,0.8704581358609796,0.43902439024390244,North,S,0.5668391300182044,0.5145644323143217
P12561,Trousers,Wool,Winter,0.5523248215067444,0.536,0.28000000000000025,0.4355828220858896,0.2521186440677965,0.3259610321221696,0.8292682926829269,West,L,0.5920235699913767,0.34520172712363384
P12562,Trousers,Polyester,Winter,0.21273884397469134,0.312,0.9199999999999999,0.6850715746421269,0.9470338983050848,0.45392311743022645,0.5853658536585367,East,XL,0.5988981508096195,0.2070353339602129
P12563,T-Shirt,Rayon,Summer,0.400144951955631,0.226,0.72,0.3210633946830266,0.26906779661016955,0.9842022116903636,0.1951219512195122,North,XL,0.7730238574302959,0.30336051795849195
P12564,Shirt,Rayon,Autumn,0.4640781339069473,0.506,0.52,0.4274028629856851,0.5741525423728815,0.9241706161137443,0.8292682926829269,South,S,0.3437338315607933,0.3459188731725811
P12565,Hoodie,Wool,Winter,0.6990373017047798,0.606,0.08000000000000007,0.8323108384458079,0.5572033898305082,0.9773565034228543,0.34146341463414637,South,L,0.37459519018875154,0.480890145161612
P12566,Hoodie,Denim,Summer,0.38510648181683615,0.01,0.6000000000000001,0.26993865030674846,0.26906779661016955,0.43338599262769884,0.5121951219512195,Central,M,0.5705997892114592,0.3244093287378041
P12567,Shirt,Denim,Summer,0.6510433233916709,0.78,0.8399999999999999,0.10633946830265849,0.625,0.8009478672985784,0.2926829268292683,East,XL,0.6111861646066876,0.4079547473922435
P12568,Trousers,Linen,Winter,0.5002586459392981,0.8200000000000001,0.8800000000000001,0.46625766871165647,0.5572033898305082,0.8715113217482887,0.7073170731707319,South,L,0.3269426080291271,0.2977310045720138
P12569,T-Shirt,Linen,Winter,0.46708582793470627,0.966,0.040000000000000036,0.37218813905930476,0.4555084745762712,0.04423380726698263,0.48780487804878053,West,M,0.6196129155887706,0.2370049246459614
P12570,Shirt,Rayon,Spring,0.5475975453437432,0.18,0.52,0.04498977505112475,0.4555084745762712,0.2664560294892048,0.5853658536585367,South,S,0.4368017629587046,0.46348156187270495
P12571,T-Shirt,Linen,Winter,0.42665045241387123,0.594,0.040000000000000036,0.2147239263803681,0.6419491525423728,0.884149552395998,0.5853658536585367,West,L,0.5750886270000958,0.31031485765081296
P12572,T-Shirt,Cotton,Spring,0.4194918256860219,0.42600000000000005,0.6000000000000001,0.18404907975460125,0.3877118644067796,0.3891521853607162,0.9512195121951221,East,XL,0.3147743604484047,0.30199570550789795
P12573,T-Shirt,Linen,Winter,0.17841963787993795,0.334,0.6800000000000002,0.24130879345603273,0.4216101694915253,0.27856766719325965,0.5121951219512195,Central,S,0.22303343872760367,0.14126427755901155
P12574,Dress,Cotton,Winter,0.4537102504102116,0.5660000000000001,0.11999999999999988,0.9386503067484664,0.11652542372881358,0.2727751448130595,0.9756097560975612,South,S,0.5830123598735268,0.2609995385221855
P12575,Jacket,Linen,Autumn,0.4098672047971932,0.782,0.040000000000000036,0.2801635991820041,0.21822033898305082,0.3754607688256978,0.04878048780487804,Central,M,0.7881000287438917,0.21647322997063748
P12576,T-Shirt,Rayon,Winter,0.40306131286631663,0.024,0.8,0.9836400817995912,0.01483050847457612,0.24433912585571355,0.1951219512195122,East,XL,0.5064865382772827,0.29337214271461864
P12577,Dress,Rayon,Winter,0.579337378235633,0.97,0.40000000000000013,0.24335378323108386,0.40466101694915246,0.0031595576619273327,0.5609756097560976,North,XL,0.7628916355274504,0.28276085675921125
P12578,Trousers,Cotton,Spring,0.6250228332792682,0.81,0.11999999999999988,0.32719836400818,0.6927966101694913,0.17272248551869407,0.7560975609756098,East,L,0.30257736897575926,0.39431093900862735
P12579,Shirt,Polyester,Spring,0.5444418286779688,0.752,0.7600000000000002,0.4233128834355829,0.7944915254237288,0.883096366508689,0.39024390243902446,East,M,0.37355082878221707,0.37551442472886065
P12580,Jacket,Rayon,Autumn,0.6886631193723839,0.76,0.8399999999999999,0.7116564417177915,0.3368644067796609,0.07582938388625592,0.9756097560975612,East,L,0.5712369454824182,0.3826838015730728
P12581,T-Shirt,Wool,Winter,0.6093261348139796,0.39,0.6000000000000001,0.6482617586912066,0.23516949152542366,0.4133754607688257,0.5609756097560976,North,S,0.5778192967327775,0.41110921267876305
P12582,Shirt,Denim,Winter,0.44480999562230916,0.752,0.15999999999999992,0.6891615541922291,0.5572033898305082,0.45655608214849924,0.17073170731707316,North,S,0.4278863658139312,0.2797619951240716
P12583,Jacket,Cotton,Spring,0.41310165690872036,0.386,0.0,0.31492842535787324,0.3877118644067796,0.7783043707214324,0.12195121951219517,East,L,0.5848807128485196,0.30437197890041273
P12584,Sweater,Rayon,Summer,0.5596755627222307,0.898,0.72,0.5357873210633948,0.40466101694915246,0.2527646129541864,0.1951219512195122,North,XL,0.4232969244035642,0.290849890127401
P12585,Shirt,Polyester,Summer,0.6089859976883273,0.17800000000000002,0.56,0.7259713701431494,0.43855932203389836,0.30963665086887837,0.34146341463414637,West,XL,0.5174571236945482,0.5113279855089418
P12586,Jacket,Denim,Summer,0.7647089622983191,0.292,0.6399999999999999,0.31492842535787324,0.2860169491525424,0.014218009478672994,0.5609756097560976,East,S,0.5506802721088435,0.5579932551410722
P12587,Shirt,Wool,Spring,0.725653031787074,0.552,0.8,0.6728016359918202,0.40466101694915246,0.903106898367562,0.2439024390243903,South,S,0.7666618760180128,0.4813097516284928
P12588,Shirt,Rayon,Spring,0.3982458530040721,0.32,0.44000000000000017,0.8036809815950922,0.3707627118644068,0.6861506055818852,0.7317073170731709,West,M,0.37427421672894506,0.30212322955886944
P12589,Sweater,Cotton,Summer,0.4812897023485208,0.424,0.11999999999999988,0.9366053169734153,0.5741525423728815,0.26276987888362296,0.2926829268292683,East,S,0.5864233017150522,0.37662034425590096
P12590,Shirt,Linen,Summer,0.627362850727043,0.49200000000000005,0.9199999999999999,0.638036809815951,0.6419491525423728,0.8878357030015799,0.7073170731707319,South,S,0.6223771198620293,0.483374098364527
P12591,Shirt,Polyester,Winter,0.7023788340225309,0.856,0.56,0.5828220858895706,0.5063559322033897,0.08688783570300158,0.5853658536585367,South,S,0.8294193733831561,0.3923877840442582
P12592,Sweater,Wool,Spring,0.6779960411817875,0.524,0.6000000000000001,0.5276073619631902,0.5233050847457625,0.36861506055818855,0.26829268292682934,Central,L,0.7189278528312733,0.48493933764489144
P12593,Trousers,Denim,Spring,0.4884924209259918,0.36200000000000004,0.9199999999999999,0.3190184049079755,0.48940677966101687,0.5639810426540286,0.48780487804878053,Central,S,0.5988215004311583,0.3812534535179919
P12594,T-Shirt,Cotton,Summer,0.26359879251320395,0.24800000000000003,0.9199999999999999,0.026584867075664622,0.3877118644067796,0.5055292259083729,0.5609756097560976,South,M,0.22129922391491805,0.21145278593789488
P12595,Hoodie,Polyester,Summer,0.3118006324031003,0.408,0.56,0.1554192229038855,0.6080508474576272,0.6550816219062665,0.6097560975609757,East,M,0.5698332854268466,0.25195525302349325
P12596,Jeans,Cotton,Autumn,0.5520823163338257,0.516,0.28000000000000025,0.6912065439672803,0.9809322033898304,0.2975250131648236,0.26829268292682934,East,M,0.6603046852543835,0.4810498416876098
P12597,Dress,Rayon,Spring,0.5652342851923821,0.746,1.0,0.8343558282208591,0.5233050847457625,0.7582938388625594,0.878048780487805,East,M,0.34409792085848423,0.34881608268539405
P12598,Jeans,Linen,Autumn,0.2929513666898674,0.122,0.6800000000000002,0.8036809815950922,0.7436440677966103,0.4054765666140074,0.48780487804878053,East,S,0.376166522947207,0.29031082133228076
P12599,Jeans,Denim,Winter,0.5089856827465443,0.222,0.52,0.6830265848670758,0.7605932203389831,0.12532912058978413,0.5365853658536586,South,M,0.7618233208776468,0.48239925004646034
P12600,Jacket,Cotton,Autumn,0.6198420409487305,0.38,0.56,0.44785276073619634,0.7266949152542375,0.7409162717219591,0.0,North,L,0.6801283893839225,0.5299358306714764
P12601,T-Shirt,Wool,Summer,0.2830212522715176,0.36,0.40000000000000013,0.47239263803680986,0.5233050847457625,0.912585571353344,0.21951219512195125,North,L,0.28158474657468613,0.22706112452747143
P12602,Jacket,Rayon,Spring,0.7093705416053842,0.392,0.8800000000000001,0.883435582822086,0.6927966101694913,0.3644023170089521,0.8292682926829269,East,XL,0.5043546996263293,0.592991475608799
P12603,T-Shirt,Rayon,Spring,0.4292235267810745,0.794,0.4800000000000002,0.5991820040899797,0.4216101694915253,0.5897840968931017,0.902439024390244,West,XL,0.4989939637826961,0.2469418040855521
P12604,Sweater,Denim,Autumn,0.7382097606757391,0.324,0.8399999999999999,0.9284253578732108,0.4555084745762712,0.6882569773565036,0.6585365853658538,South,S,0.7285666379227747,0.576212574878521
P12605,Sweater,Rayon,Autumn,0.3997607229803571,0.502,0.8399999999999999,0.2883435582822086,0.7097457627118642,0.8320168509741971,0.0,North,XL,0.7398102903133084,0.31725949847055473
P12606,Hoodie,Wool,Winter,0.3065662999694506,0.624,0.8399999999999999,0.5112474437627813,0.4216101694915253,0.19799894681411268,0.17073170731707316,South,L,0.544045223723292,0.20138486009463125
P12607,T-Shirt,Cotton,Winter,0.41399294215464266,0.23199999999999998,0.72,0.8445807770961147,0.4555084745762712,0.5703001579778832,0.9756097560975612,Central,L,0.3562613777905528,0.34219971521530357
P12608,Shirt,Denim,Summer,0.48258411307669774,0.718,0.8399999999999999,0.6032719836400819,0.5402542372881354,0.7409162717219591,0.5365853658536586,South,S,0.439431829069656,0.3077866765967246
P12609,Trousers,Rayon,Summer,0.42715435926668954,0.5479999999999999,0.40000000000000013,0.2842535787321064,0.2860169491525424,0.1990521327014218,0.4634146341463415,Central,XL,0.2403851681517677,0.2720116037212317
P12610,Hoodie,Rayon,Summer,0.4597476843905404,0.446,0.11999999999999988,0.9713701431492844,0.5741525423728815,0.4728804634017905,0.7560975609756098,Central,S,0.27664079716393597,0.35540504029819536
P12611,Hoodie,Wool,Autumn,0.5636721739486455,0.81,0.8399999999999999,0.2883435582822086,0.5233050847457625,0.4644549763033176,0.5365853658536586,West,M,0.8884497460956213,0.33155117169822346
P12612,Shirt,Linen,Autumn,0.46821646893571717,0.244,0.4800000000000002,0.261758691206544,0.7097457627118642,0.8399157451290153,0.14634146341463422,Central,M,0.4566063044936284,0.42958534169450563
P12613,T-Shirt,Linen,Spring,0.48807039893675647,0.8840000000000001,0.11999999999999988,0.6605316973415134,0.35381355932203395,0.7777777777777779,0.2439024390243903,West,XL,0.4579285235220848,0.2522512546769154
P12614,Jacket,Rayon,Summer,0.17757874331929746,0.562,0.11999999999999988,0.6216768916155421,0.8622881355932202,0.23222748815165878,0.17073170731707316,Central,S,0.48101945003353447,0.14720169914325468
P12615,Trousers,Cotton,Autumn,0.5745817573121608,0.61,0.15999999999999992,0.034764826175869123,0.5911016949152543,0.23328067403896785,0.3170731707317073,Central,L,0.5167433170451279,0.4017774585500944
P12616,Jacket,Denim,Spring,0.4837084552420485,0.876,0.7600000000000002,0.4948875255623722,0.7436440677966103,0.7235387045813587,0.3170731707317073,South,S,0.5607789594711123,0.2980954192448056
P12617,Sweater,Rayon,Summer,0.8048545913787835,0.818,0.72,0.33333333333333337,0.26906779661016955,0.73986308583465,0.853658536585366,West,M,0.36623550828782214,0.4111202510375809
P12618,Jeans,Polyester,Winter,0.3230188587139667,0.6020000000000001,0.20000000000000018,0.6523517382413089,0.40466101694915246,0.17904160084254872,0.9756097560975612,North,S,0.7185302289930056,0.21295194389715683
P12619,Sweater,Denim,Winter,0.15885860373709926,0.7540000000000001,0.8399999999999999,0.19427402862985685,0.6588983050847457,0.41126908899420755,0.9512195121951221,North,S,0.40621826195266836,0.11062288491402136
P12620,Sweater,Linen,Autumn,0.6173571502807705,0.434,0.28000000000000025,0.05521472392638038,0.09957627118644075,0.8262243285939971,0.6341463414634148,South,XL,0.2549152055188272,0.37671775467180546
P12621,Jeans,Rayon,Spring,0.5660468349925516,0.5479999999999999,0.8,0.9713701431492844,0.2521186440677965,0.0795155344918378,0.4634146341463415,North,L,0.30262527546229756,0.3508394758699492
P12622,Trousers,Wool,Winter,0.31000546423993525,0.062000000000000006,0.4800000000000002,0.4683026584867076,0.6419491525423728,0.37388098999473407,0.902439024390244,North,S,0.4987496407013509,0.3032293227230147
P12623,Hoodie,Polyester,Spring,0.21149482393179625,0.09,0.72,0.8486707566462169,0.18432203389830515,0.64507635597683,0.5853658536585367,Central,M,0.633256682954872,0.16717244674822848
P12624,Trousers,Rayon,Spring,0.7910790377898644,0.8300000000000001,0.40000000000000013,0.9304703476482619,0.879237288135593,0.7714586624539232,0.6829268292682928,East,S,0.6155935613682091,0.5270497587386842
P12625,Jacket,Cotton,Winter,0.7677827941005103,0.06,0.3600000000000001,0.049079754601227,0.43855932203389836,0.6529752501316484,0.3170731707317073,East,L,0.6845405767940977,0.6833671826466879
P12626,Shirt,Polyester,Spring,0.030522976577779668,0.17,0.8399999999999999,0.3558282208588957,0.21822033898305082,0.3975776724591891,0.6585365853658538,North,S,0.319632078183386,0.029647841130185062
P12627,Jacket,Rayon,Winter,0.4139771950654921,0.7959999999999999,0.040000000000000036,0.8241308793456034,0.18432203389830515,0.9926276987888364,0.7073170731707319,South,L,0.6896378269617705,0.21265403223557972
P12628,Shirt,Cotton,Autumn,0.8150398086413725,0.002,0.9600000000000002,0.32719836400818,0.2521186440677965,0.041600842548709854,0.34146341463414637,South,S,0.5721040528887611,0.677990435274487
P12629,Sweater,Polyester,Summer,0.4106041685694399,0.282,0.6399999999999999,0.05930470347648263,0.6080508474576272,0.4949973670352818,0.48780487804878053,West,XL,0.4545750694644054,0.353916077317527
P12630,Jeans,Cotton,Summer,0.40785472680375034,0.584,0.44000000000000017,0.3353783231083845,0.20127118644067798,0.510268562401264,0.26829268292682934,South,L,0.39322602280348756,0.24385679364103216
P12631,Sweater,Cotton,Autumn,0.4471311165631032,0.596,0.6399999999999999,0.4233128834355829,0.5063559322033897,0.2401263823064771,0.2439024390243903,South,S,0.36778767845166227,0.3058751553183904
P12632,T-Shirt,Polyester,Winter,0.2887531927223253,0.778,0.11999999999999988,0.8916155419222905,0.48940677966101687,0.5592417061611376,0.9268292682926831,Central,S,0.5772252562997029,0.17712559846508769
P12633,Trousers,Polyester,Winter,0.17841963787993795,0.506,0.52,0.965235173824131,0.5402542372881354,0.220115850447604,0.12195121951219517,Central,S,0.5104867299032289,0.13574782673318853
P12634,Shirt,Cotton,Winter,0.6994593236940151,0.51,1.0,0.2065439672801636,0.5741525423728815,0.44339125855713535,0.04878048780487804,North,S,0.23936955063715623,0.5163305201145687
P12635,Jacket,Linen,Winter,0.15231411348612214,0.726,0.2400000000000002,0.7607361963190186,0.625,0.4318062137967351,0.9756097560975612,South,S,0.4573153204943949,0.10700059165603264
P12636,Jeans,Polyester,Autumn,0.5472889023963919,0.498,0.72,0.2147239263803681,0.5233050847457625,0.7735650342285414,0.34146341463414637,East,M,0.4393312254479256,0.3994414441606387
P12637,Shirt,Rayon,Summer,0.6680974209417389,0.608,0.44000000000000017,0.6728016359918202,0.21822033898305082,0.9431279620853082,0.8048780487804879,South,XL,0.6704273258599214,0.3892174681705822
P12638,Jacket,Denim,Spring,0.2263317313294638,0.898,0.6399999999999999,0.1390593047034765,0.26906779661016955,0.20273828330700366,0.07317073170731708,South,M,0.5505796684871131,0.11905333844124086
P12639,Trousers,Wool,Spring,0.3259100242820115,0.402,0.20000000000000018,0.014314928425357875,0.1673728813559321,0.9921011058451817,0.8048780487804879,North,S,0.43968573344830886,0.21526838690434907
P12640,Sweater,Cotton,Summer,0.7298134127406547,0.386,0.4800000000000002,0.24948875255623726,0.47245762711864403,0.94102159031069,0.902439024390244,East,L,0.3868113442560122,0.5541442662398567
P12641,Trousers,Cotton,Autumn,0.6012636251688874,0.004,1.0,0.719836400817996,0.47245762711864403,0.11269088994207478,0.9268292682926831,North,L,0.5392018779342722,0.5594647551900378
P12642,Dress,Wool,Spring,0.38391915129488313,0.614,0.20000000000000018,0.20449897750511248,0.7436440677966103,0.912585571353344,0.9756097560975612,South,M,0.4092411612532336,0.2880943684922673
P12643,T-Shirt,Linen,Summer,0.7277473946440999,0.03,0.6399999999999999,0.0,0.4216101694915253,0.5650342285413377,0.12195121951219517,East,M,0.29159241161253224,0.6520469681423539
P12644,Dress,Wool,Autumn,0.7285567950264393,0.504,0.56,0.7157464212678938,0.18432203389830515,0.879410215903107,0.5121951219512195,South,M,0.5511497556769186,0.44464808769487413
P12645,Jeans,Polyester,Spring,0.49831545513811765,0.804,0.56,0.01226993865030675,0.6588983050847457,0.9462875197472355,0.878048780487805,North,XL,0.48945578231292514,0.3135508331554793
P12646,Shirt,Wool,Winter,0.33046408246435643,0.55,0.6000000000000001,0.6482617586912066,0.47245762711864403,0.859399684044234,0.7560975609756098,North,XL,0.47398198716106155,0.23158724852758217
P12647,Jeans,Cotton,Winter,0.4224365313571786,0.27,0.52,0.22494887525562374,0.15042372881355925,0.40284360189573465,0.6585365853658538,Central,L,0.5106112867682284,0.29382273100209144
P12648,Sweater,Wool,Autumn,0.5546805860436698,0.7859999999999999,0.0,0.6993865030674847,0.43855932203389836,0.6371774618220116,0.6097560975609757,East,M,0.5792277474370029,0.3198877937183255
P12649,Jacket,Denim,Winter,0.4649253273032479,0.27,0.9199999999999999,0.3783231083844581,0.6758474576271185,0.46498156924697215,0.07317073170731708,Central,XL,0.31222094471591444,0.4147265696819097
P12650,Trousers,Rayon,Autumn,0.6779928917639573,0.7340000000000001,0.8399999999999999,0.4396728016359919,0.8453389830508473,0.36650868878357035,0.21951219512195125,East,M,0.38185781354795434,0.48146694281911845
P12651,Dress,Polyester,Summer,0.21149167451396614,0.61,0.15999999999999992,0.9427402862985687,0.20127118644067798,0.2506582411795682,0.6341463414634148,West,M,0.7126808469866819,0.1302537750939104
P12652,Hoodie,Wool,Summer,0.2181999344921092,0.17,0.40000000000000013,0.6993865030674847,0.6419491525423728,0.44181147972617174,0.4634146341463415,East,XL,0.6606304493628437,0.20319869809875307
P12653,Dress,Cotton,Spring,0.5347416217612174,0.9059999999999999,0.7600000000000002,0.24948875255623726,0.5233050847457625,0.8062137967351238,0.853658536585366,South,S,0.7932212321548338,0.2919724540112205
P12654,Sweater,Rayon,Autumn,0.40767835940526387,0.2,0.52,0.40899795501022496,0.6080508474576272,0.8446550816219064,0.09756097560975613,East,S,0.6144485963399444,0.3668641962373137
P12655,Dress,Polyester,Spring,0.38207359244643624,0.99,0.9600000000000002,0.014314928425357875,0.6927966101694913,0.9583991574512903,0.39024390243902446,Central,M,0.601834818434416,0.21229755525901645
P12656,Sweater,Cotton,Spring,0.16646444779682482,0.008,0.8800000000000001,0.12883435582822086,0.48940677966101687,0.29067930489731436,0.7560975609756098,North,L,0.4881191913385072,0.15700453073778606
P12657,Hoodie,Linen,Summer,0.504258406583543,0.264,0.15999999999999992,0.27607361963190186,0.6080508474576272,0.6508688783570301,0.8292682926829269,North,XL,0.28542205614640215,0.4380056746590338
P12658,Jeans,Denim,Spring,0.490596232036508,0.2,0.9199999999999999,0.7893660531697343,0.5233050847457625,0.6940494997367036,0.5365853658536586,East,S,0.5983663888090447,0.4245324771337296
P12659,Trousers,Linen,Winter,0.624049663169763,0.013999999999999999,0.8800000000000001,0.7811860940695298,0.26906779661016955,0.19167983149025802,0.2926829268292683,West,XL,0.4888952764204273,0.5219039487161322
P12660,Shirt,Denim,Spring,0.5135838327785108,0.7320000000000001,0.3600000000000001,0.3783231083844581,0.5063559322033897,0.3670352817272249,0.0,North,XL,0.2568937434128581,0.3187672390638638
P12661,Jacket,Wool,Autumn,0.47550737121243136,0.6940000000000001,0.40000000000000013,0.25766871165644173,0.3707627118644068,0.3422854133754608,0.7317073170731709,North,M,0.5839944428475615,0.28557811878782247
P12662,Shirt,Polyester,Winter,0.49831545513811765,0.792,0.44000000000000017,0.8486707566462169,0.35381355932203395,0.9863085834649817,0.43902439024390244,North,S,0.6616508575261089,0.2761570903818835
P12663,Jeans,Wool,Summer,0.2525537841829938,0.256,0.6399999999999999,0.7586912065439674,0.7436440677966103,0.958925750394945,0.5365853658536586,West,XL,0.3850292229567883,0.23440785927178978
P12664,Jacket,Denim,Autumn,0.6019218534953813,0.444,0.28000000000000025,0.9222903885480573,0.7266949152542375,0.8220115850447605,0.8048780487804879,Central,L,0.446910031618281,0.49549729220376343
P12665,Dress,Denim,Winter,0.1847751630611082,0.66,0.040000000000000036,0.098159509202454,0.5911016949152543,0.4728804634017905,0.07317073170731708,East,M,0.5533965698955639,0.1312008662804779
P12666,Hoodie,Denim,Autumn,0.34214212377841957,0.44,0.15999999999999992,0.3374233128834356,0.3707627118644068,0.2643496577145866,0.8048780487804879,West,M,0.37265497748395127,0.24393217694990252
P12667,Hoodie,Rayon,Winter,0.27141564756754716,0.698,0.44000000000000017,0.7873210633946831,0.26906779661016955,0.9162717219589258,0.7073170731707319,West,S,0.47943374532911753,0.1601020430538659
P12668,T-Shirt,Cotton,Autumn,0.6483253758042825,0.634,0.28000000000000025,0.25766871165644173,0.31991525423728806,0.2680358083201685,0.21951219512195125,South,M,0.5334530995496789,0.3915302399932688
P12669,Jeans,Polyester,Autumn,0.48820267448562127,0.114,0.7600000000000002,0.801635991820041,0.3877118644067796,0.5223802001053187,0.12195121951219517,East,S,0.6158905815847464,0.41399704578790614
P12670,Jeans,Wool,Winter,0.49801311102642676,0.782,0.11999999999999988,0.6155419222903886,0.5063559322033897,0.24539231174302267,0.26829268292682934,North,XL,0.4990849861071189,0.2983348648125994
P12671,Trousers,Wool,Summer,0.2914301978779223,0.72,0.9199999999999999,0.6543967280163601,0.2860169491525424,0.9715639810426541,0.26829268292682934,West,L,0.5763677301906678,0.16988927211424806
P12672,Shirt,Linen,Summer,0.44393130804770736,0.6559999999999999,0.8800000000000001,0.35991820040899797,0.4216101694915253,0.041600842548709854,0.4146341463414634,West,S,0.4709255533199194,0.28095989270616006
P12673,Jeans,Denim,Autumn,0.3562956075069523,0.156,0.9199999999999999,0.4130879345603272,0.5402542372881354,0.17430226434965773,0.853658536585366,Central,XL,0.5213423397528024,0.3186039705745632
P12674,Jeans,Denim,Autumn,0.5730227954862542,0.268,0.72,0.3190184049079755,0.2860169491525424,0.7656661400737231,0.8292682926829269,South,XL,0.5518491903803775,0.4255456248360989
P12675,Dress,Polyester,Summer,0.31328400820108404,0.394,0.11999999999999988,0.7055214723926382,0.5402542372881354,0.15165876777251186,0.5853658536585367,Central,XL,0.14565967231963206,0.2478944516594796
P12676,Dress,Wool,Summer,0.7518498892979633,0.28,0.44000000000000017,0.4458077709611452,0.2521186440677965,0.9799894681411271,0.9756097560975612,Central,M,0.4036073584363322,0.5425939260153132
P12677,Jacket,Linen,Spring,0.18393741791829785,0.228,0.11999999999999988,0.9918200408997957,0.5911016949152543,0.32174828857293314,0.5121951219512195,South,L,0.6634329788253328,0.16377712199177435
P12678,Sweater,Cotton,Summer,0.3481606612517676,0.8059999999999999,1.0,0.5807770961145196,0.35381355932203395,0.9189046866771986,0.7073170731707319,North,L,0.2094232059020791,0.19490963478560433
P12679,Sweater,Rayon,Autumn,0.8174963545488616,0.638,0.32000000000000006,0.5889570552147241,0.2521186440677965,0.6624539231174303,0.6829268292682928,West,L,0.5572530420618951,0.4724342413958597
P12680,T-Shirt,Polyester,Winter,0.4183391387602002,0.5660000000000001,0.6000000000000001,0.05521472392638038,0.3368644067796609,0.634544497103739,0.14634146341463422,East,S,0.6996933984861549,0.270269080956663
P12681,Sweater,Cotton,Summer,0.2520971185976273,0.226,0.7600000000000002,0.7157464212678938,0.8622881355932202,0.9157451290152714,0.9512195121951221,South,L,0.6640030660151384,0.24848449534756742
P12682,Trousers,Wool,Spring,0.541960087427839,0.918,0.9199999999999999,0.16768916155419222,0.40466101694915246,0.5134281200631913,0.04878048780487804,Central,XL,0.6201973747245376,0.2774720689833428
P12683,T-Shirt,Rayon,Spring,0.41073014528264445,0.192,0.7600000000000002,0.22699386503067487,0.35381355932203395,0.4007372301211164,0.48780487804878053,East,M,0.7492766120532719,0.33024894302133123
P12684,Jacket,Rayon,Spring,0.34261453645293666,0.794,0.6800000000000002,0.3128834355828221,0.7944915254237288,0.21748288572933122,0.4634146341463415,South,L,0.6760611286768228,0.23249509772841984
P12685,Dress,Rayon,Winter,0.29348361830315667,0.966,0.4800000000000002,0.7546012269938651,0.6080508474576272,0.14481305950500267,0.1951219512195122,South,XL,0.44538181469771004,0.16402105731899747
P12686,Sweater,Denim,Summer,0.9999999999999999,0.728,0.6000000000000001,0.0572597137014315,0.5233050847457625,0.7919957872564508,0.9756097560975612,North,L,0.6037127527067164,0.6169417376073462
P12687,Shirt,Polyester,Summer,0.45302997615890694,0.9920000000000001,0.08000000000000007,0.8057259713701432,0.23516949152542366,0.12796208530805692,0.853658536585366,North,S,0.3016431924882629,0.20329285902026406
P12688,Dress,Wool,Summer,0.13669929988441643,0.652,0.8800000000000001,0.997955010224949,0.5572033898305082,0.39441811479726174,0.3170731707317073,West,XL,0.6405863753952283,0.09876369389028576
P12689,Hoodie,Wool,Winter,0.7828244136571354,0.218,0.56,0.9795501022494888,0.2860169491525424,0.4096893101632438,0.4146341463414634,West,S,0.4904426559356136,0.5945630650461463
P12690,Trousers,Rayon,Winter,0.6160343947921226,0.204,0.040000000000000036,0.4335378323108385,0.777542372881356,0.6650868878357031,0.7804878048780488,East,M,0.6554325955734406,0.59337149281574
P12691,Dress,Wool,Autumn,0.3557287122975317,0.324,0.9199999999999999,0.2065439672801636,0.20127118644067798,0.27856766719325965,0.024390243902439046,West,M,0.5399779630161923,0.24841977831800416
P12692,Trousers,Polyester,Spring,0.3242376834142209,0.008,0.4800000000000002,0.8527607361963191,0.47245762711864403,0.8388625592417063,0.878048780487805,South,S,0.643877551020408,0.30196524459862095
P12693,Trousers,Polyester,Spring,0.6278258151480698,0.682,0.8800000000000001,0.7341513292433539,0.6588983050847457,0.2074776197998947,0.7317073170731709,South,L,0.5211459231579956,0.4294053048219222
P12694,Trousers,Linen,Summer,0.45390551431567866,0.268,0.8399999999999999,0.4355828220858896,0.7436440677966103,0.7893628225381781,0.5121951219512195,South,S,0.4642905049343681,0.41701838102549277
P12695,Jacket,Linen,Winter,0.13662056443866358,0.816,0.8,0.6196319018404909,0.4216101694915253,0.8504476040021064,0.1951219512195122,South,XL,0.5448979591836733,0.08604956337213576
P12696,T-Shirt,Cotton,Winter,0.8382888110632749,0.36,0.08000000000000007,0.31492842535787324,0.3877118644067796,0.1932596103212217,0.4634146341463415,North,S,0.2805020599789211,0.619129341882629
P12697,Trousers,Polyester,Summer,0.41855644859047797,0.48,0.2400000000000002,0.7750511247443764,0.4555084745762712,0.8098999473407057,0.4634146341463415,South,S,0.485733448308901,0.3013067134752613
P12698,Hoodie,Polyester,Summer,0.783173999036278,0.966,0.8800000000000001,0.4069529652351739,0.5233050847457625,0.7140600315955767,0.0,South,M,0.43655264922870546,0.39989359518205647
P12699,Shirt,Polyester,Autumn,0.7421433835455515,0.242,0.8800000000000001,0.34151329243353784,0.3368644067796609,0.874670879410216,0.7073170731707319,South,XL,0.30245281211075975,0.5716247352902334
P12700,T-Shirt,Polyester,Spring,0.31140695517433603,0.7220000000000001,0.44000000000000017,0.4846625766871166,0.9300847457627119,0.510268562401264,0.43902439024390244,Central,M,0.4002539043786528,0.23459747099044886
P12701,Jeans,Rayon,Spring,0.49831545513811765,0.756,0.44000000000000017,0.3231083844580777,0.6419491525423728,0.23380726698262244,0.853658536585366,East,XL,0.3140940883395611,0.32271224928414377
P12702,T-Shirt,Rayon,Spring,0.37746284474314923,0.22,0.52,0.39263803680981596,0.4216101694915253,0.912585571353344,0.3170731707317073,East,M,0.2789642617610424,0.30947594238065995
P12703,T-Shirt,Wool,Autumn,0.14782304366037943,0.5,0.9600000000000002,0.3394683026584867,0.6758474576271185,0.7904160084254873,0.0,South,M,0.41799367634377693,0.11978631027204371
P12704,Trousers,Rayon,Summer,0.42032957082883227,0.35000000000000003,0.20000000000000018,0.4601226993865031,0.3707627118644068,0.021063717746182195,0.09756097560975613,South,L,0.5730909265114497,0.31329774467229266
P12705,Shirt,Denim,Summer,0.5757029500596814,0.772,0.20000000000000018,0.7484662576687118,0.43855932203389836,0.9399684044233809,0.21951219512195125,East,M,0.2854076842004407,0.3350481237717035
P12706,Dress,Linen,Spring,0.41312370283353117,0.622,0.52,0.5112474437627813,0.5402542372881354,0.9489204844655083,0.1951219512195122,West,M,0.4938344351825236,0.28275983974188196
P12707,Shirt,Polyester,Spring,0.442542414784627,0.47600000000000003,0.2400000000000002,0.570552147239264,0.35381355932203395,0.35545023696682465,0.3170731707317073,Central,L,0.5290409121395037,0.3039468408514727
P12708,Hoodie,Rayon,Autumn,0.7166582944642681,0.78,0.9199999999999999,0.9713701431492844,0.6080508474576272,0.010005265929436541,0.9268292682926831,Central,XL,0.4843776947398677,0.4446828399211747
P12709,Trousers,Linen,Winter,0.5206889194032484,0.23600000000000002,0.0,0.9222903885480573,0.6927966101694913,0.5529225908372829,0.4146341463414634,West,L,0.6210069943470345,0.47610969241327894
P12710,Shirt,Rayon,Winter,0.3412098961007058,0.7540000000000001,0.0,0.9509202453987732,0.6419491525423728,0.9141653501843077,1.0,South,S,0.9474992814027019,0.22451200779958033
P12711,Sweater,Cotton,Spring,0.6332239173088854,0.866,0.52,0.4498977505112475,0.6080508474576272,0.12427593470247499,0.5853658536585367,East,L,0.7378796589058159,0.3683546475360249
P12712,Shirt,Polyester,Autumn,0.5379193843518025,0.878,0.4800000000000002,0.04498977505112475,0.5402542372881354,0.5908372827804109,0.853658536585366,Central,L,0.408589633036313,0.30268288675358246
P12713,Trousers,Cotton,Spring,0.024069819443875873,0.784,0.15999999999999992,0.9897750511247445,0.5741525423728815,0.7319641916798316,0.7317073170731709,West,M,0.3616987640126473,0.025463831837524088
P12714,Jacket,Polyester,Winter,0.5815073271205817,0.408,0.4800000000000002,0.3844580777096115,0.6080508474576272,0.1348077935755661,0.8292682926829269,West,M,0.43379802625275454,0.46500917151188603
P12715,Sweater,Linen,Spring,0.5746069526548017,0.9820000000000001,0.40000000000000013,0.8384458077709612,0.2860169491525424,0.5134281200631913,0.6341463414634148,North,M,0.5749496981891348,0.2622944992459685
P12716,Shirt,Wool,Winter,0.5043654867897669,0.38,0.8800000000000001,0.5541922290388549,0.6588983050847457,0.08899420747761981,0.5121951219512195,West,XL,0.5065440260611286,0.4198018086239299
P12717,Jeans,Rayon,Winter,0.6690642922155838,0.638,0.0,0.8752556237218815,0.3029661016949152,0.5581885202738284,0.2439024390243903,North,M,0.5076123407109322,0.3991525368232208
P12718,Jeans,Rayon,Winter,0.37350402653069575,0.162,0.9600000000000002,0.05316973415132925,0.5233050847457625,0.4423380726698263,0.21951219512195125,North,L,0.5146833381239819,0.3303543655493664
P12719,T-Shirt,Denim,Summer,0.5641508854588229,0.98,0.6399999999999999,0.932515337423313,0.5063559322033897,0.2648762506582412,0.17073170731707316,Central,XL,0.5116412762288013,0.2862502928265749
P12720,Jacket,Cotton,Summer,0.20446217391715146,0.7040000000000001,0.15999999999999992,0.7934560327198366,0.47245762711864403,0.8536071616640338,0.9756097560975612,South,M,0.5385216058254287,0.13406927683916173
P12721,Dress,Rayon,Spring,0.5774886699693561,0.7540000000000001,0.040000000000000036,0.9038854805725973,0.31991525423728806,0.38177988414955244,0.6585365853658538,South,XL,0.6353597777139024,0.3216983078121516
P12722,Trousers,Linen,Winter,0.8696255184729103,0.066,0.52,0.9304703476482619,0.5911016949152543,0.7003686150605584,0.5365853658536586,West,M,0.550747341189997,0.8289961761140631
P12723,Jeans,Polyester,Summer,0.31257223977147824,0.7640000000000001,0.2400000000000002,0.4274028629856851,0.4216101694915253,0.7909426013691417,0.12195121951219517,East,S,0.34308709399252657,0.18709440232669752
P12724,Dress,Linen,Spring,0.3569884794295774,0.774,0.32000000000000006,0.06952965235173825,0.11652542372881358,0.17851500789889413,0.3170731707317073,East,L,0.6336207722525629,0.18188977893615224
P12725,Shirt,Cotton,Spring,0.36639579048812826,0.672,0.2400000000000002,0.4028629856850716,0.48940677966101687,0.11901000526592943,0.5609756097560976,North,L,0.6573919708728562,0.2383912184869739
P12726,Hoodie,Denim,Spring,0.5251295985437092,0.292,0.6399999999999999,0.9611451942740288,0.43855932203389836,0.007898894154818321,0.1951219512195122,West,L,0.47940979208584833,0.41565138570843585
P12727,Dress,Rayon,Spring,0.2996879714284814,0.49,0.56,0.35378323108384463,0.35381355932203395,0.30595050026329645,0.9512195121951221,West,S,0.544936284372904,0.20711818366459822
P12728,Sweater,Linen,Spring,0.5801656751249531,0.11,0.08000000000000007,0.4437627811860941,0.5233050847457625,0.8162190626645605,0.902439024390244,South,L,0.4334435182523713,0.5250308801188591
P12729,T-Shirt,Polyester,Autumn,0.6605860594169167,0.47200000000000003,0.52,0.11247443762781188,0.5233050847457625,0.7730384412848869,0.5853658536585367,East,L,0.38902941458273443,0.48836517292122394
P12730,Jeans,Wool,Winter,0.6015376245201074,0.244,0.8,0.7811860940695298,0.6758474576271185,0.8720379146919431,0.902439024390244,Central,XL,0.4065919325476669,0.5433526457482573
P12731,Shirt,Linen,Spring,0.1663951606045623,0.35000000000000003,0.08000000000000007,0.9938650306748467,0.5741525423728815,0.7609268035808321,0.7073170731707319,West,XL,0.41631694931493723,0.13927466919402914
P12732,Hoodie,Wool,Autumn,0.6886158781049322,0.162,0.8800000000000001,0.30879345603271985,0.4216101694915253,0.024223275408109535,0.5121951219512195,West,M,0.707866245089585,0.5776523737531739
P12733,Trousers,Rayon,Winter,0.6776936970700965,0.23,0.56,0.8036809815950922,0.31991525423728806,0.3854660347551343,0.024390243902439046,South,L,0.4899108939350387,0.5213923145836019
P12734,Hoodie,Polyester,Summer,0.6574366415868026,0.076,0.52,0.9447852760736197,0.6080508474576272,0.005792522380200109,0.5853658536585367,Central,M,0.38306984765737273,0.6286562641173168
P12735,Jacket,Denim,Spring,0.5710197657463018,0.92,0.15999999999999992,0.07566462167689163,0.7944915254237288,0.03580832016850974,0.5609756097560976,Central,XL,0.46583309380090054,0.34420487650383375
P12736,Sweater,Denim,Autumn,0.5421710984224565,0.53,1.0,0.9550102249488754,0.5572033898305082,0.4786729857819905,0.878048780487805,Central,S,0.5960285522659767,0.3938919526742644
P12737,Shirt,Polyester,Summer,0.695648528119577,0.396,0.52,0.9734151329243356,0.5741525423728815,0.36018957345971564,0.04878048780487804,Central,XL,0.7093752994155409,0.550716446539467
P12738,Trousers,Wool,Autumn,0.8640416006601179,0.536,0.56,0.4028629856850716,0.3877118644067796,0.5587151132174829,0.6097560975609757,East,M,0.5783893839225831,0.5724565314390815
P12739,Jacket,Rayon,Winter,0.3204741291072345,0.628,0.52,0.8813905930470349,0.3029661016949152,0.06635071090047392,0.7073170731707319,North,S,0.49704416978058824,0.19846611958079835
P12740,Jacket,Linen,Winter,0.7042936800632402,0.922,0.040000000000000036,0.016359918200409,0.5233050847457625,0.5887309110057926,0.6829268292682928,Central,S,0.7487256874580817,0.3752048049653465
P12741,Shirt,Polyester,Summer,0.4842722010336389,0.17800000000000002,0.9199999999999999,0.3619631901840491,0.8283898305084745,0.06529752501316484,0.14634146341463422,North,S,0.4689757593178116,0.4827993099363784
P12742,Sweater,Cotton,Autumn,0.4760616687505314,0.29600000000000004,0.52,0.6625766871165645,0.6588983050847457,0.42390731964191686,0.1951219512195122,North,M,0.46003640892976905,0.415622041037691
P12743,Dress,Wool,Spring,0.21021301087493982,0.976,0.08000000000000007,0.35787321063394684,0.5063559322033897,0.3522906793048974,0.7073170731707319,South,S,0.3348232250646737,0.11598909003341869
P12744,Dress,Denim,Spring,0.4467500370056595,0.37200000000000005,0.040000000000000036,0.8629856850715748,0.31991525423728806,0.22432859399684046,0.3658536585365854,Central,XL,0.412594615310913,0.32041242582843005
P12745,Jacket,Polyester,Summer,0.3121155741861117,0.022000000000000002,0.040000000000000036,0.9529652351738243,0.4555084745762712,0.31226961558715116,0.9512195121951221,East,XL,0.3339034205231388,0.28668485688978634
P12746,Dress,Denim,Summer,0.41291269183891355,0.14800000000000002,0.6000000000000001,0.5316973415132925,0.5402542372881354,0.0005265929436545566,0.3170731707317073,South,M,0.31301140174379605,0.37024223169917003
P12747,T-Shirt,Wool,Summer,0.2930458492247708,0.026000000000000002,0.6000000000000001,0.16973415132924335,0.35381355932203395,0.32438125329120593,0.6097560975609757,South,XL,0.48885695123119666,0.25646165680953625
P12748,Jacket,Denim,Autumn,0.4157345702146958,0.99,0.4800000000000002,0.28220858895705525,0.8114406779661016,0.0784623486045287,0.878048780487805,North,M,0.42972118424834715,0.24062768920466368
P12749,Jacket,Polyester,Spring,0.42382227520242877,0.278,0.32000000000000006,0.4928425357873211,0.2521186440677965,0.9215376513954714,0.21951219512195125,West,M,0.673632269809332,0.30962241768137705
P12750,Trousers,Wool,Spring,0.5188465099726315,0.924,0.52,0.6441717791411044,0.7097457627118642,0.07424960505529228,0.7073170731707319,East,S,0.5443614065344446,0.3023494290960819
P12751,Dress,Cotton,Spring,0.1954327929982143,0.996,0.52,0.31492842535787324,0.47245762711864403,0.9536598209583992,0.5121951219512195,Central,M,0.6000431158378844,0.10593292190269357
P12752,Sweater,Polyester,Summer,0.22741198164519294,0.6,0.0,0.4498977505112475,0.40466101694915246,0.4918378093733545,0.7073170731707319,Central,XL,0.5686643671553128,0.1531261475552243
P12753,Jacket,Linen,Spring,0.5689537476497469,0.034,0.28000000000000025,0.2740286298568507,0.31991525423728806,0.5134281200631913,0.7560975609756098,East,M,0.3453626521030947,0.4842739602585347
P12754,Hoodie,Rayon,Winter,0.34987709396917976,0.08199999999999999,0.040000000000000036,0.38241308793456036,0.5063559322033897,0.7883096366508691,0.3170731707317073,Central,S,0.47134233975280243,0.3194956963299367
P12755,Sweater,Polyester,Summer,0.7036134058119355,0.48200000000000004,0.9199999999999999,0.3619631901840491,0.40466101694915246,0.6956292785676673,0.5365853658536586,West,M,0.5612292804445721,0.48820949485394194
P12756,T-Shirt,Wool,Spring,0.5431316708606414,0.406,0.72,0.13496932515337423,0.4216101694915253,0.23696682464454977,0.39024390243902446,West,S,0.2501197662163457,0.3996460134756284
P12757,Trousers,Rayon,Autumn,0.6152218449919531,0.606,1.0,0.1390593047034765,0.47245762711864403,0.025276461295418648,0.853658536585366,Central,S,0.24676631215866623,0.4081812445930646
P12758,T-Shirt,Polyester,Summer,0.767137163445337,0.438,0.32000000000000006,0.8957055214723928,0.6927966101694913,0.778830963665087,0.6829268292682928,South,S,0.5274408354891251,0.6233749179316626
P12759,Sweater,Cotton,Winter,0.44203850793180877,0.934,0.8800000000000001,0.1554192229038855,0.3877118644067796,0.13006845708267512,0.5609756097560976,Central,M,0.4653396569895563,0.22422429111659672
P12760,Jacket,Cotton,Winter,0.3920068562826161,0.534,0.6000000000000001,0.815950920245399,0.26906779661016955,0.5987361769352292,0.2439024390243903,Central,M,0.0,0.25055298456882086
P12761,T-Shirt,Linen,Autumn,0.6652849908194469,0.6940000000000001,0.44000000000000017,0.7627811860940696,0.5063559322033897,0.9431279620853082,0.9756097560975612,East,L,0.2425601226406055,0.4211106851214135
P12762,Jeans,Denim,Autumn,0.5968449919532374,0.8959999999999999,0.2400000000000002,0.022494887525562373,0.4216101694915253,0.5497630331753556,0.34146341463414637,West,L,0.35992143336207716,0.31222191397501864
P12763,T-Shirt,Rayon,Summer,0.4651646830583366,0.146,0.72,0.9938650306748467,0.8114406779661016,0.2859399684044234,0.5121951219512195,South,L,0.5725447925649132,0.4682066988004454
P12764,T-Shirt,Wool,Summer,0.7634995858515552,0.23,0.9199999999999999,0.5766871165644173,0.5402542372881354,0.17904160084254872,0.6341463414634148,East,S,0.4291271438152725,0.6532189937957974
P12765,Trousers,Wool,Winter,0.4604563034023161,0.10800000000000001,0.2400000000000002,0.5010224948875257,0.1673728813559321,0.02685624012638231,0.8048780487804879,East,XL,0.665684583692632,0.34999101055902115
P12766,Shirt,Denim,Autumn,0.49831545513811765,0.14,0.15999999999999992,0.4826175869120655,0.6080508474576272,0.6234860452869933,0.7804878048780488,South,L,0.39645491999616744,0.46181489371772017
P12767,Jeans,Cotton,Summer,0.5045733483665544,0.512,0.6800000000000002,0.5132924335378324,0.4216101694915253,0.5581885202738284,0.48780487804878053,South,M,0.4206620676439589,0.34894048126847554
P12768,Dress,Cotton,Winter,0.32395738522734074,0.322,0.9600000000000002,0.850715746421268,0.5402542372881354,0.4618220115850448,0.5609756097560976,East,S,0.8330075692248731,0.26636251895248997
P12769,Dress,Polyester,Autumn,0.5152246794680003,0.424,0.7600000000000002,0.42126789366053174,0.5063559322033897,0.19378620326487628,0.4634146341463415,Central,S,0.6224010731052985,0.390644616341871
P12770,Sweater,Linen,Winter,0.7645042501393616,0.9820000000000001,0.28000000000000025,0.6952965235173825,0.43855932203389836,0.23696682464454977,0.07317073170731708,South,M,0.6522372329213375,0.37032074047593033
P12771,T-Shirt,Rayon,Spring,0.5846472966972055,0.156,0.40000000000000013,0.21881390593047037,0.6927966101694913,0.958925750394945,0.878048780487805,North,L,0.3939158762096387,0.5572806980727572
P12772,Hoodie,Linen,Autumn,0.5064346543041519,0.54,0.40000000000000013,0.42535787321063395,0.3707627118644068,0.020537124802527645,0.878048780487805,South,L,0.466015138449746,0.3358800687523558
P12773,Trousers,Linen,Summer,0.4699958900097317,0.098,0.8399999999999999,0.6339468302658487,0.3368644067796609,0.36387572406529756,0.7804878048780488,East,XL,0.5046900450320972,0.3919339462623918
P12774,Hoodie,Polyester,Summer,0.5630863822322443,0.318,0.7600000000000002,0.6278118609406954,0.23516949152542366,0.03896787783043708,0.7317073170731709,North,M,0.46770623742454726,0.3963934432247843
P12775,Trousers,Linen,Spring,0.6422438499743321,0.528,0.6000000000000001,0.5971370143149285,0.5402542372881354,0.19167983149025802,0.8048780487804879,East,M,0.5244850052697134,0.46218325243332553
P12776,Dress,Denim,Autumn,0.6156879588308101,0.946,0.28000000000000025,0.22903885480572597,0.5233050847457625,0.9336492890995263,0.5121951219512195,West,L,0.5230669732681804,0.3229710925970961
P12777,T-Shirt,Polyester,Winter,0.43785293163558714,0.392,0.9199999999999999,0.7668711656441719,0.5063559322033897,0.14955239599789366,1.0,West,XL,0.47346459710644817,0.3392161088401031
P12778,Sweater,Denim,Summer,0.5619368447242526,0.064,0.6399999999999999,0.028629856850715753,0.5233050847457625,0.6008425487098474,0.7073170731707319,Central,XL,0.4639359969339848,0.5203142266039629
P12779,Sweater,Polyester,Spring,0.5912547753047849,0.38799999999999996,0.9600000000000002,0.6932515337423314,0.6080508474576272,0.3470247498683518,0.09756097560975613,South,M,0.6998227459998083,0.47829737110446396
P12780,Jeans,Linen,Spring,0.3102385211593637,0.146,0.6000000000000001,0.16768916155419222,0.2521186440677965,0.6334913112164298,0.9756097560975612,East,L,0.37617610424451464,0.24414262512116147
P12781,Shirt,Denim,Autumn,0.5323543630459909,0.23,0.8399999999999999,0.130879345603272,0.5063559322033897,0.8525539757767248,0.5365853658536586,North,M,0.43463159911852056,0.44962680921181547
P12782,Jeans,Denim,Autumn,0.09215393409528254,0.618,0.52,0.9222903885480573,0.5063559322033897,0.28646656134807796,0.2926829268292683,South,L,0.2940979208584842,0.06968692039314218
P12783,Jacket,Denim,Summer,0.5917460844862826,0.068,0.32000000000000006,0.0040899795501022525,0.8622881355932202,0.0784623486045287,0.1951219512195122,Central,M,0.36846795056050585,0.6325002423477879
P12784,Jacket,Polyester,Spring,0.62534722331577,0.46399999999999997,0.9600000000000002,0.9304703476482619,0.2521186440677965,0.20431806213796733,0.3170731707317073,East,S,0.43203506754814597,0.40718627917611866
P12785,Hoodie,Wool,Winter,0.641824977402927,0.61,0.040000000000000036,0.736196319018405,0.7605932203389831,0.4391785150078989,0.39024390243902446,East,S,0.516125323368784,0.4813800746560174
P12786,Shirt,Linen,Spring,0.4259134886416246,0.42200000000000004,0.7600000000000002,0.48057259713701433,0.6419491525423728,0.5155344918378094,0.8292682926829269,West,XL,0.6208584842387659,0.34427879629996194
P12787,Dress,Denim,Winter,0.558963794292625,0.02,0.9600000000000002,0.7934560327198366,0.5741525423728815,0.9426013691416536,0.4146341463414634,West,S,0.6236562230526013,0.5411175889327083
P12788,Shirt,Rayon,Winter,0.7696409506202777,0.986,0.32000000000000006,0.801635991820041,0.3029661016949152,0.016324381253291206,0.26829268292682934,East,M,0.6949506563188654,0.3476672251828175
P12789,Trousers,Wool,Summer,0.7677166563260781,0.368,0.6399999999999999,0.261758691206544,0.47245762711864403,0.7577672459189049,0.9756097560975612,West,L,0.3577273162786241,0.5887583270154232
P12790,Jacket,Rayon,Spring,0.49505265826611944,0.778,0.56,0.5030674846625768,0.43855932203389836,0.07266982622432859,0.3658536585365854,West,L,0.3777043211650857,0.28852590630879166
P12791,T-Shirt,Linen,Winter,0.5268901231107429,0.326,0.7600000000000002,0.4785276073619632,0.625,0.07793575566087414,0.7073170731707319,North,L,0.3436332279390629,0.44544513161742166
P12792,T-Shirt,Linen,Autumn,0.7104885849350747,0.47600000000000003,0.8800000000000001,0.05930470347648263,0.5572033898305082,0.654555028962612,0.2926829268292683,Central,S,0.756615885790936,0.5315890791587748
P12793,Dress,Denim,Winter,0.21696536270270445,0.38799999999999996,0.6000000000000001,0.14314928425357873,0.5911016949152543,0.9094260136914166,0.4146341463414634,Central,S,0.580698476573728,0.17771559254257407
P12794,Trousers,Denim,Autumn,0.4395126748320573,0.342,0.8,0.9591002044989776,0.5741525423728815,0.2880463401790416,0.26829268292682934,East,L,0.6274312541918174,0.3609408392585755
P12795,Hoodie,Polyester,Autumn,0.7529395878671827,0.022000000000000002,0.32000000000000006,0.3006134969325154,0.40466101694915246,0.2696155871511322,0.8048780487804879,North,M,0.33473220274025095,0.6715029065363058
P12796,Jeans,Wool,Spring,0.6848428755444554,0.36,0.2400000000000002,0.18813905930470348,0.21822033898305082,0.6182201158504477,0.7804878048780488,South,M,0.49947302864807885,0.4647317738339995
P12797,Trousers,Wool,Autumn,0.5703426409128272,0.89,0.44000000000000017,0.5766871165644173,0.5572033898305082,0.7767245918904688,0.12195121951219517,East,XL,0.5807559643575739,0.3194050825664278
P12798,T-Shirt,Denim,Winter,0.21601423851801,0.6900000000000001,0.6800000000000002,0.441717791411043,0.48940677966101687,0.8694049499736706,0.4146341463414634,West,L,0.29579860113059303,0.14321774460085343
P12799,T-Shirt,Linen,Autumn,0.4911316330676274,0.146,0.20000000000000018,0.4846625766871166,0.6080508474576272,0.24960505529225913,0.04878048780487804,South,L,0.4294433266264252,0.45380637835564863
P12800,Hoodie,Denim,Spring,0.38909049537193047,0.5920000000000001,0.6800000000000002,0.4621676891615542,0.23516949152542366,0.7403896787783045,0.12195121951219517,South,M,0.5630688895276419,0.23602680202820045
P12801,Jacket,Linen,Summer,0.5631178764105454,0.892,0.40000000000000013,0.4458077709611452,0.3707627118644068,0.3075302790942602,0.853658536585366,East,L,0.18845932739292898,0.28932538115080914
P12802,Trousers,Linen,Winter,0.3476252602206482,0.7000000000000001,0.8,0.6503067484662578,0.4555084745762712,0.5450236966824645,0.5121951219512195,North,XL,0.7137779055284084,0.21924641297987962
P12803,Trousers,Denim,Winter,0.30673951795010695,0.14800000000000002,0.040000000000000036,0.9366053169734153,0.40466101694915246,0.1911532385466035,0.14634146341463422,Central,M,0.5964740825907827,0.25951630556598204
P12804,T-Shirt,Cotton,Spring,0.11037646566032273,0.868,0.6800000000000002,0.687116564417178,0.3877118644067796,0.14586624539231174,0.7073170731707319,North,M,0.33609274695793806,0.06930777137172618
P12805,Jeans,Wool,Spring,0.7314416617588237,0.302,0.6399999999999999,0.06134969325153375,0.6419491525423728,0.9357556608741444,0.024390243902439046,East,S,0.4935996933984861,0.6298458519236659
P12806,Dress,Rayon,Spring,0.4250222033957023,0.454,0.9600000000000002,0.9509202453987732,0.3368644067796609,0.5476566614007373,0.7560975609756098,Central,XL,0.5689613873718501,0.2936755611529543
P12807,Sweater,Linen,Spring,0.530260000188965,0.526,0.72,0.8220858895705523,0.6588983050847457,0.0047393364928910026,0.34146341463414637,South,S,0.5192871514803103,0.4038711995674749
P12808,Dress,Linen,Winter,0.5001421174795839,0.85,0.8,0.23108384458077713,0.35381355932203395,0.7941021590310691,0.5121951219512195,West,XL,0.4921529175050301,0.2651550961349273
P12809,Trousers,Cotton,Summer,0.2988565251213313,0.932,0.9199999999999999,0.2065439672801636,0.43855932203389836,0.6914165350184309,0.902439024390244,North,S,0.4840615119287151,0.15995923893765446
P12810,Dress,Rayon,Autumn,0.26264451891067936,0.93,0.6800000000000002,0.18813905930470348,0.7266949152542375,0.3259610321221696,0.17073170731707316,Central,L,0.6119718309859155,0.15930393250338765
P12811,T-Shirt,Polyester,Autumn,0.31059440537416655,0.008,0.28000000000000025,0.42126789366053174,0.5741525423728815,0.4644549763033176,0.17073170731707316,North,M,0.6178020503976238,0.30263007626836197
P12812,T-Shirt,Cotton,Summer,0.3639108998201682,0.922,0.8800000000000001,0.9100204498977507,0.4216101694915253,0.4502369668246446,0.9268292682926831,Central,L,0.6010204081632653,0.1918064172503602
P12813,Hoodie,Rayon,Summer,0.569838734060009,0.054000000000000006,0.7600000000000002,0.7975460122699388,0.35381355932203395,0.27488151658767773,0.853658536585366,West,L,0.6020168630832614,0.4886728578712825
P12814,Trousers,Cotton,Summer,0.3502014840056816,0.266,0.44000000000000017,0.46625766871165647,0.2521186440677965,0.9810426540284362,0.4634146341463415,East,XL,0.5697853789403085,0.25879920912763626
P12815,Hoodie,Linen,Spring,0.8305884844686459,0.514,0.72,0.8588957055214725,0.5911016949152543,0.5439705107951555,0.878048780487805,East,XL,0.5856041007952476,0.6148684361577541
P12816,Trousers,Wool,Winter,0.6946596109209212,0.48,0.8800000000000001,0.14314928425357873,0.6419491525423728,0.8978409689310165,0.17073170731707316,Central,XL,0.7420523138832997,0.5385609065880993
P12817,Sweater,Cotton,Winter,0.6533172030650134,0.604,0.9600000000000002,0.6973415132924337,0.40466101694915246,0.5855713533438652,0.3170731707317073,Central,L,0.4843537414965986,0.4196922188053747
P12818,Sweater,Polyester,Winter,0.4779513194485999,0.48,0.9600000000000002,0.9386503067484664,0.5572033898305082,0.6903633491311217,0.4634146341463415,East,M,0.2564913289259365,0.35905846420858045
P12819,Jacket,Denim,Spring,0.7867107952594963,0.934,0.32000000000000006,0.27607361963190186,0.5911016949152543,0.029489204844655087,0.8292682926829269,South,S,0.6790217495448883,0.4259405996393706
P12820,Trousers,Rayon,Winter,0.4593697542509267,0.24,0.44000000000000017,0.8997955010224951,0.4555084745762712,0.5118483412322277,0.5853658536585367,South,XL,0.5655600268276324,0.377574852227382
P12821,Jeans,Cotton,Spring,0.1856223564574089,0.27399999999999997,0.11999999999999988,0.9509202453987732,0.35381355932203395,0.7214323328067405,0.4146341463414634,South,M,0.5765162402989364,0.14669621672530142
P12822,Dress,Cotton,Winter,0.5326819025003228,0.92,0.2400000000000002,0.5787321063394684,0.40466101694915246,0.12216956292785676,0.48780487804878053,West,M,0.3756826674331704,0.2725121498843428
P12823,Trousers,Polyester,Summer,0.6331829748770939,0.076,0.8800000000000001,0.6891615541922291,0.5911016949152543,0.6787783043707216,0.878048780487805,Central,XL,0.26178020503976235,0.600917414124793
P12824,Shirt,Wool,Autumn,0.6209159924287995,0.61,0.3600000000000001,0.7157464212678938,0.6588983050847457,0.08425487098472882,0.7317073170731709,North,L,0.5413049726933026,0.4464602389385474
P12825,Jacket,Cotton,Autumn,0.4107805359679263,0.682,0.6399999999999999,0.032719836400818006,0.18432203389830515,0.8072669826224329,0.12195121951219517,North,L,0.46316470250071856,0.2284727445805131
P12826,Shirt,Cotton,Spring,0.39984575726177013,0.506,0.6800000000000002,0.43762781186094074,0.8283898305084745,0.9784096893101634,1.0,Central,S,0.49789211459231575,0.3318608658776398
P12827,T-Shirt,Wool,Winter,0.62148288763822,0.6940000000000001,0.8,0.8057259713701432,0.5402542372881354,0.6271721958925751,0.4634146341463415,East,M,0.42513653348663405,0.4001802452371094
P12828,Sweater,Polyester,Autumn,0.6357182562303357,0.172,0.20000000000000018,0.8139059304703478,0.5402542372881354,0.07688256977356504,0.6585365853658538,Central,S,0.5085225639551594,0.5614855934286194
P12829,Dress,Rayon,Summer,0.4262347292602962,0.8520000000000001,0.32000000000000006,0.8445807770961147,0.4555084745762712,0.587151132174829,0.9756097560975612,South,L,0.4037223340040241,0.2384523635532343
P12830,Trousers,Rayon,Summer,0.20064193008922307,0.14,0.44000000000000017,0.4969325153374234,0.6758474576271185,0.7414428646656136,0.853658536585366,South,L,0.7159241161253231,0.19213759282019502
P12831,Shirt,Cotton,Summer,0.4613885310800298,0.4,0.3600000000000001,0.19222903885480574,0.8961864406779663,0.9336492890995263,0.9512195121951221,North,S,0.4725926990514515,0.41824797978189393
P12832,Dress,Wool,Spring,0.618390159329048,0.076,1.0,0.245398773006135,0.6419491525423728,0.045286993154291744,0.6097560975609757,Central,S,0.62419277570183,0.6003235008097938
P12833,T-Shirt,Cotton,Spring,0.8417248259159293,0.546,0.8399999999999999,0.010224948875255626,0.5402542372881354,0.7756714060031598,0.2926829268292683,North,M,0.5687314362364664,0.5962235318759525
P12834,Sweater,Denim,Winter,0.2741934340937078,0.67,0.4800000000000002,0.5460122699386504,0.5911016949152543,0.1327014218009479,0.07317073170731708,East,S,0.6871227364185111,0.18897248605966904
P12835,Jeans,Rayon,Summer,0.41995793952487875,0.9420000000000001,0.8800000000000001,0.17586912065439675,0.31991525423728806,0.7909426013691417,0.8048780487804879,West,S,0.5262048481364376,0.2058252073648724
P12836,Jacket,Linen,Winter,0.4269811412860332,0.74,0.3600000000000001,0.3844580777096115,0.6927966101694913,0.8894154818325436,0.878048780487805,West,M,0.6328351058733352,0.28713437854932844
P12837,Dress,Denim,Winter,0.7567629811129412,0.542,0.8,0.20858895705521474,0.21822033898305082,0.8615060558188521,0.8048780487804879,East,L,0.6042588866532528,0.4587860176687164
P12838,Dress,Cotton,Summer,0.49396295969689996,0.932,0.2400000000000002,0.21063394683026587,0.777542372881356,0.6529752501316484,0.3658536585365854,South,M,0.7234023186739484,0.2943306691448154
P12839,Jeans,Polyester,Winter,0.3291098327974074,0.478,0.7600000000000002,0.8568507157464214,0.6080508474576272,0.500789889415482,0.5365853658536586,South,L,0.6027258790840279,0.2551751546932968
P12840,Dress,Rayon,Autumn,0.6061389239699041,0.562,0.44000000000000017,0.5930470347648262,0.3707627118644068,0.8751974723538707,0.5365853658536586,South,L,0.38901025198811917,0.3944766136120973
P12841,T-Shirt,Linen,Spring,0.42410257338930896,0.596,0.11999999999999988,0.13496932515337423,0.2521186440677965,0.5192206424433913,0.34146341463414637,North,S,0.4741304972693302,0.2577574609135435
P12842,T-Shirt,Denim,Winter,0.2691984574151468,0.41000000000000003,0.28000000000000025,0.2147239263803681,0.4555084745762712,0.19010005265929442,0.5853658536585367,North,XL,0.32566829548720894,0.20447865161560397
P12843,Jeans,Rayon,Summer,0.33186242398092713,0.838,0.40000000000000013,0.5051124744376279,0.31991525423728806,0.9431279620853082,0.6829268292682928,West,S,0.45587812589824656,0.17937519118685527
P12844,Jacket,Wool,Spring,0.8282390187673807,0.18600000000000003,0.7600000000000002,0.7096114519427404,0.6758474576271185,0.37335439705107953,0.853658536585366,South,XL,0.3024240682188368,0.7709106948649356
P12845,Trousers,Polyester,Spring,0.5731676687064395,0.554,0.08000000000000007,0.42126789366053174,0.47245762711864403,0.6245392311743023,0.34146341463414637,South,XL,0.6088052122257352,0.3941090982767162
P12846,Shirt,Denim,Winter,0.520928275158337,0.7220000000000001,0.6399999999999999,0.4171779141104295,0.3029661016949152,0.1990521327014218,0.878048780487805,East,S,0.24218645204560696,0.29573593904087425
P12847,Trousers,Wool,Autumn,0.45334176852408825,0.904,0.72,0.6503067484662578,0.48940677966101687,0.11058451816745658,0.8292682926829269,West,S,0.3472118424834722,0.24627364850551536
P12848,Dress,Polyester,Winter,0.5557702846128892,0.8840000000000001,0.6399999999999999,0.16768916155419222,0.5572033898305082,0.5513428120063193,0.9268292682926831,North,S,0.5464980358340519,0.31310344475179863
P12849,Shirt,Wool,Autumn,0.5535184508643577,0.508,0.7600000000000002,0.8650306748466259,0.2860169491525424,0.555028962611901,0.878048780487805,West,XL,0.6159528600172463,0.35818067903220824
P12850,Hoodie,Denim,Spring,0.5557734340307193,0.644,0.15999999999999992,0.16564417177914112,0.5402542372881354,0.37019483938915215,0.9756097560975612,South,L,0.21166043882341667,0.37162475513447396
P12851,Jeans,Denim,Winter,0.5222667777361355,0.394,0.6000000000000001,0.5848670756646218,0.3368644067796609,0.31174302264349657,0.6585365853658538,South,XL,0.5543020024911373,0.3716438800213246
P12852,Jeans,Cotton,Summer,0.6647369921170071,0.46799999999999997,0.9600000000000002,0.0736196319018405,0.8114406779661016,0.3744075829383886,0.7073170731707319,North,M,0.593158953722334,0.557891131718032
P12853,Jacket,Wool,Winter,0.5049292325813572,0.9059999999999999,0.6000000000000001,0.4335378323108385,0.31991525423728806,0.7956819378620328,0.14634146341463422,North,S,0.2588291654690045,0.2517823104669141
P12854,Shirt,Wool,Autumn,0.3157688988690441,0.93,0.6000000000000001,0.9938650306748467,0.23516949152542366,0.35808320168509744,0.07317073170731708,West,XL,0.2429769090734885,0.15392986410366394
P12855,T-Shirt,Cotton,Autumn,0.3848387813012764,0.8959999999999999,0.72,0.26993865030674846,0.06567796610169485,0.922064244339126,0.14634146341463422,Central,XL,0.5021462105969148,0.17365771820404463
P12856,Shirt,Wool,Winter,0.1265991169032405,0.138,0.32000000000000006,0.2331288343558282,0.5063559322033897,0.11321748288572935,0.7804878048780488,South,L,0.5679218166139695,0.11451394360524805
P12857,Dress,Rayon,Autumn,0.8835616923711651,0.85,0.72,0.768916155419223,0.48940677966101687,0.9320695102685626,0.4146341463414634,South,S,0.4335968190092938,0.48889020191613997
P12858,T-Shirt,Cotton,Spring,0.6635937534446757,0.948,0.9199999999999999,0.948875255623722,0.3877118644067796,0.6898367561874672,0.34146341463414637,Central,M,0.530367921816614,0.32536527541672655
P12859,Sweater,Polyester,Winter,0.34371053385781636,0.36200000000000004,0.0,0.4294478527607362,0.23516949152542366,0.344391785150079,0.8292682926829269,West,L,0.5014946823799942,0.23958323721279307
P12860,Sweater,Denim,Autumn,0.1856223564574089,0.518,0.8800000000000001,0.26789366053169733,0.2860169491525424,0.006845708267509208,0.878048780487805,East,XL,0.7878509150138928,0.12622440204590152
P12861,Hoodie,Polyester,Winter,0.3802154359266689,0.78,0.20000000000000018,0.7627811860940696,0.21822033898305082,0.8030542390731965,0.09756097560975613,West,XL,0.17857621922008238,0.2021094477337927
P12862,Sweater,Rayon,Winter,0.7920522078993698,0.562,0.44000000000000017,0.3128834355828221,0.2521186440677965,0.9699842022116906,0.5365853658536586,South,M,0.43299798792756533,0.48211073959385387
P12863,Jeans,Rayon,Summer,0.23225578626790844,0.9940000000000001,0.8399999999999999,0.8323108384458079,0.2521186440677965,0.9831490258030545,0.21951219512195125,East,XL,0.4444811727507904,0.11279064494873291
P12864,Shirt,Linen,Winter,0.522197490543873,0.456,0.8399999999999999,0.8629856850715748,0.5233050847457625,0.4233807266982622,0.5853658536585367,West,XL,0.25443614065344444,0.3913706674937746
P12865,Sweater,Linen,Summer,0.48005513055911614,0.7140000000000001,0.52,0.8977505112474439,0.5911016949152543,0.07056345444971038,0.5121951219512195,East,S,0.5519354220561463,0.3139632708904537
P12866,Trousers,Linen,Autumn,0.6568067580207797,0.792,0.9600000000000002,0.8936605316973416,0.3029661016949152,0.3138493944181148,0.7317073170731709,North,L,0.4196799846699243,0.35087633654681044
P12867,Jacket,Cotton,Summer,0.480908622791077,0.494,0.44000000000000017,0.5991820040899797,0.3877118644067796,0.3101632438125329,0.5365853658536586,West,M,0.3721519593752993,0.3313136361385846
P12868,Trousers,Wool,Summer,0.16832260431659213,0.856,0.6399999999999999,0.7464212678936607,0.5233050847457625,0.10268562401263824,0.6585365853658538,Central,S,0.3206524863466513,0.1042982029750287
P12869,Sweater,Polyester,Summer,0.45311186102248996,0.546,0.40000000000000013,0.3701431492842536,0.3877118644067796,0.5250131648235915,0.34146341463414637,South,S,0.5146689661780204,0.3028513147454316
P12870,Hoodie,Polyester,Spring,0.31685859743826356,0.41200000000000003,0.3600000000000001,0.29856850715746425,0.26906779661016955,0.6050552922590838,0.9512195121951221,West,L,0.5703171409408834,0.21926819203390666
P12871,Jacket,Polyester,Summer,0.5156026096076141,0.10800000000000001,0.44000000000000017,0.4519427402862986,0.3029661016949152,0.7293312269615588,0.14634146341463422,East,S,0.47501676727028835,0.42013501822842325
P12872,Dress,Polyester,Winter,0.7715746931679679,0.394,0.7600000000000002,0.5746421267893661,0.2860169491525424,0.051079515534491846,0.902439024390244,West,XL,0.631450608412379,0.5309821182555999
P12873,Trousers,Polyester,Summer,0.17187199821113072,0.7340000000000001,0.52,0.25766871165644173,0.6419491525423728,0.2754081095313323,0.9512195121951221,Central,M,0.5542732585992143,0.1196038424799903
P12874,Hoodie,Linen,Winter,0.34935114119155075,0.922,0.8,0.6278118609406954,0.40466101694915246,0.35545023696682465,0.34146341463414637,West,S,0.7607789594711123,0.18333471250805305
P12875,Shirt,Polyester,Summer,0.3961231453865753,0.252,0.7600000000000002,0.4130879345603272,0.31991525423728806,0.8925750394944709,0.09756097560975613,Central,M,0.34371466896617797,0.30398759596054603
P12876,Shirt,Wool,Spring,0.4284487699948664,0.35600000000000004,0.040000000000000036,0.2392638036809816,0.6927966101694913,0.9020537124802529,0.26829268292682934,Central,M,0.296660917888282,0.36738768730358545
P12877,Trousers,Linen,Autumn,0.6404234864685262,0.154,0.6399999999999999,0.12269938650306751,0.2860169491525424,0.26013691416535023,0.2926829268292683,West,M,0.5873670594998562,0.5041474958900097
P12878,Sweater,Polyester,Summer,0.467769251603841,0.6900000000000001,0.44000000000000017,0.47034764826175873,0.47245762711864403,0.48762506582411796,0.04878048780487804,South,XL,0.4613346747149563,0.29550393506329464
P12879,Hoodie,Cotton,Summer,0.5791358154945058,0.96,0.44000000000000017,0.9202453987730063,0.9639830508474576,0.42496050552922593,0.43902439024390244,South,M,0.3081105681709303,0.3596094147427427
P12880,Shirt,Denim,Spring,0.38231609761935503,0.64,0.8,0.3047034764826176,0.6588983050847457,0.5271195365982096,0.6097560975609757,East,L,0.35831656606304485,0.27257852886905387
P12881,Dress,Denim,Summer,0.5440103584352433,0.618,0.56,0.294478527607362,0.6758474576271185,0.28646656134807796,0.7073170731707319,West,M,0.6078710357382389,0.39286538530420867
P12882,T-Shirt,Denim,Winter,0.6475411707645841,0.554,0.8800000000000001,0.8057259713701432,0.5741525423728815,0.46340179041600854,0.6585365853658538,West,XL,0.6366436715531282,0.4652466326556227
P12883,Sweater,Linen,Summer,0.3621850188492657,0.08800000000000001,0.72,0.22494887525562374,0.7436440677966103,0.1453396524486572,0.34146341463414637,North,XL,0.6113298840663025,0.3649162855828318
P12884,Hoodie,Polyester,Summer,0.6482119967623984,0.73,0.56,0.3394683026584867,0.4555084745762712,0.7098472880463403,0.4146341463414634,South,L,0.51479352304302,0.39072143835818274
P12885,Dress,Rayon,Autumn,0.5104596102910377,0.6020000000000001,0.7600000000000002,0.3844580777096115,0.18432203389830515,0.37019483938915215,0.14634146341463422,Central,L,0.46757209926224,0.29607428334261543
P12886,Hoodie,Rayon,Autumn,0.6981208211162166,0.662,0.040000000000000036,0.9693251533742333,0.625,0.5429173249078464,0.3170731707317073,North,XL,0.47424547283702206,0.47621873651521834
P12887,Jacket,Rayon,Summer,0.46250342499189023,0.898,0.040000000000000036,0.098159509202454,0.6588983050847457,0.6050552922590838,0.5609756097560976,West,XL,0.5373191530133179,0.2710503983185578
P12888,Dress,Linen,Spring,0.5726070723326793,0.784,0.08000000000000007,0.21676891615541924,0.35381355932203395,0.8367561874670881,0.5609756097560976,West,L,0.525055092459519,0.31729065392825173
P12889,Sweater,Wool,Autumn,0.4928921576346612,0.78,0.44000000000000017,0.18813905930470348,0.5233050847457625,0.08162190626645603,0.2439024390243903,South,XL,0.35952380952380947,0.2980593771428679
P12890,Jacket,Cotton,Summer,0.4823825503355704,0.9279999999999999,0.2400000000000002,0.25153374233128833,0.6080508474576272,0.48288572933122703,0.9268292682926831,West,S,0.6464884545367442,0.2695039118455332
P12891,Sweater,Cotton,Autumn,0.5494934948774718,0.99,1.0,0.6462167689161555,0.5911016949152543,0.8946814112690891,0.9512195121951221,South,M,0.5071476477915109,0.28708950576033654
P12892,Shirt,Denim,Summer,0.6020005889411342,0.5820000000000001,0.56,0.2842535787321064,0.879237288135593,0.330173775671406,0.21951219512195125,North,XL,0.1825045511162211,0.482924303846677
P12893,T-Shirt,Denim,Autumn,0.2644396870738444,0.10800000000000001,0.6800000000000002,0.8098159509202455,0.5233050847457625,0.444971037388099,0.7804878048780488,East,XL,0.3205949985628054,0.24091359510069513
P12894,Sweater,Rayon,Autumn,0.771470762379574,0.46,0.28000000000000025,0.6400817995910022,0.777542372881356,0.08530805687203792,0.4634146341463415,Central,XL,0.440878604963112,0.640970483577353
P12895,Sweater,Rayon,Winter,0.14915209798468756,0.788,0.32000000000000006,0.02044989775051125,0.18432203389830515,0.7509215376513956,1.0,Central,S,0.5307511737089201,0.08621804097458637
P12896,Shirt,Polyester,Summer,0.37115771024726074,0.027999999999999997,0.32000000000000006,0.9141104294478529,0.5233050847457625,0.08530805687203792,0.9268292682926831,East,M,0.5016527737855705,0.350201037040168
P12897,Jeans,Polyester,Summer,0.4827510322216938,0.055999999999999994,0.6800000000000002,0.8466257668711658,0.5402542372881354,0.6313849394418116,0.5121951219512195,East,L,0.40053176200057483,0.4524770870956773
P12898,Shirt,Polyester,Summer,0.5784838860036722,0.068,0.4800000000000002,0.8057259713701432,0.625,0.3744075829383886,0.8292682926829269,East,S,0.6778719938679696,0.5596530026171577
P12899,Jacket,Wool,Summer,0.7984045836627098,0.7320000000000001,0.52,0.7709611451942742,0.2860169491525424,0.3385992627698789,0.6585365853658538,South,S,0.6083740538468908,0.43943572505050604
P12900,Shirt,Wool,Autumn,0.14941349966458703,0.502,0.6000000000000001,0.736196319018405,0.5063559322033897,0.5855713533438652,0.853658536585366,West,L,0.4955878125898246,0.11372997207617688
P12901,Shirt,Wool,Winter,0.4046265735278834,0.368,0.7600000000000002,0.34764826175869123,0.7266949152542375,0.5681937862032649,0.7073170731707319,East,L,0.27577368975759314,0.3496921314907162
P12902,T-Shirt,Denim,Winter,0.09866693016795851,0.106,0.08000000000000007,0.07157464212678938,0.7266949152542375,0.4054765666140074,0.12195121951219517,South,XL,0.45660151384497455,0.09783952280157814
P12903,Shirt,Cotton,Spring,0.5065385850925457,0.7320000000000001,0.7600000000000002,0.2638036809815951,0.8283898305084745,0.27856766719325965,0.0,North,L,0.446354316374437,0.35993312391706256
P12904,Hoodie,Denim,Summer,0.49831545513811765,0.322,0.56,0.6993865030674847,0.21822033898305082,0.5086887835703002,0.07317073170731708,West,S,0.25888186260419654,0.3478969222674307
P12905,Sweater,Wool,Spring,0.8011697725175501,0.266,0.6800000000000002,0.12269938650306751,0.625,0.2669826224328594,0.5853658536585367,East,XL,0.5754335537031714,0.6982764086409364
P12906,Hoodie,Denim,Autumn,0.5233596257231851,0.652,0.32000000000000006,0.8568507157464214,0.35381355932203395,0.10268562401263824,0.9268292682926831,North,L,0.5275701830027785,0.3196872428620514
P12907,T-Shirt,Wool,Spring,0.6978499711828268,0.56,0.40000000000000013,0.6809815950920246,0.5063559322033897,0.7993680884676146,0.2439024390243903,East,S,0.3612244897959183,0.4836171655062251
P12908,Trousers,Linen,Summer,0.6108882460577162,0.36200000000000004,0.2400000000000002,0.9897750511247445,1.0,0.7024749868351765,0.902439024390244,North,M,0.5362077225256299,0.5884460778900333
P12909,Jeans,Rayon,Winter,0.4183170928353893,0.642,0.9600000000000002,0.098159509202454,0.6080508474576272,0.08425487098472882,0.878048780487805,North,L,0.6410366963686882,0.29079534327113055
P12910,Hoodie,Cotton,Winter,0.23431865494663315,0.272,0.4800000000000002,0.8384458077709612,0.3368644067796609,0.1627172195892575,0.26829268292682934,West,S,0.5739484526204848,0.18221388499528351
P12911,T-Shirt,Linen,Summer,0.49831545513811765,0.794,1.0,0.8077709611451944,0.6588983050847457,0.10005265929436545,0.6829268292682928,West,XL,0.4164079716393599,0.3159393107559455
P12912,Jacket,Polyester,Autumn,0.21860935881002402,0.23,0.4800000000000002,0.3783231083844581,0.3368644067796609,0.7909426013691417,0.8048780487804879,North,L,0.8450129347513653,0.17391988542729264
P12913,Trousers,Denim,Summer,0.7453116978826463,0.158,0.20000000000000018,0.4498977505112475,0.5233050847457625,0.7730384412848869,0.4146341463414634,West,L,0.5632126089872569,0.6573580558835643
P12914,T-Shirt,Polyester,Autumn,0.4699392004887896,0.782,0.52,0.010224948875255626,0.48940677966101687,0.4081095313322802,0.1951219512195122,West,XL,0.41063524001149754,0.28005675651245804
P12915,T-Shirt,Denim,Winter,0.7264120414841316,0.708,0.040000000000000036,0.6114519427402864,0.6588983050847457,0.8220115850447605,0.26829268292682934,Central,XL,0.734732202740251,0.4861918316938518
P12916,Jeans,Rayon,Autumn,0.4098199635297415,0.182,0.9199999999999999,0.3558282208588957,0.5402542372881354,0.9747235387045815,0.1951219512195122,East,S,0.2422199865861837,0.3612557673564425
P12917,Sweater,Linen,Summer,0.5513673984863897,0.11599999999999999,0.8,0.5685071574642128,0.35381355932203395,0.9710373880989996,0.0,West,XL,0.33287343106256584,0.45878013881244717
P12918,Hoodie,Rayon,Summer,0.49831545513811765,0.838,0.72,0.7566462167689163,0.5233050847457625,0.9815692469720908,0.14634146341463422,South,S,0.42963016192392445,0.2882180229163274
P12919,Jacket,Wool,Summer,0.49205126307402075,0.7759999999999999,0.6000000000000001,0.9345603271983641,0.6758474576271185,0.8467614533965245,0.9268292682926831,North,S,0.6405672128006131,0.31857956215866046
P12920,Dress,Rayon,Autumn,0.41880525259905704,0.32799999999999996,0.56,0.7218813905930471,0.5741525423728815,0.21695629278567669,1.0,West,XL,0.4053798984382485,0.34684604570267513
P12921,Hoodie,Rayon,Autumn,0.5747234811145159,0.658,1.0,0.7423312883435584,0.5572033898305082,0.0573986308583465,0.8048780487804879,West,L,0.4823799942512216,0.3831826361704346
P12922,Dress,Wool,Autumn,0.3255509906493784,0.12400000000000001,0.28000000000000025,0.41513292433537835,0.5063559322033897,0.8120063191153241,0.7560975609756098,West,XL,0.36828111526300655,0.2915440664678869
P12923,T-Shirt,Denim,Winter,0.2720234852087592,0.508,0.7600000000000002,0.19427402862985685,0.5741525423728815,0.3085834649815693,0.6585365853658538,East,XL,0.6013270096771102,0.2055667609367315
P12924,Shirt,Wool,Spring,0.7354162270604278,0.018000000000000002,0.6000000000000001,0.5746421267893661,0.2521186440677965,0.33807266982622436,0.6097560975609757,North,M,0.5689518060745424,0.607528622092335
P12925,Jacket,Linen,Spring,0.6379732393966975,0.392,0.9600000000000002,0.2740286298568507,0.6927966101694913,0.07319641916798315,0.853658536585366,Central,M,0.29182715339656984,0.533763983120092
P12926,Trousers,Rayon,Summer,0.5130137881512602,0.07400000000000001,0.52,0.8486707566462169,0.6419491525423728,0.7151132174828858,0.9512195121951221,West,XL,0.4938009006419468,0.4986143014862046
P12927,Shirt,Wool,Winter,0.815219325457689,0.47600000000000003,1.0,0.065439672801636,0.5572033898305082,0.43075302790942605,0.3170731707317073,South,L,0.5368113442560123,0.6089013474338568
P12928,Shirt,Rayon,Autumn,0.44996559261020597,0.42200000000000004,0.6000000000000001,0.16564417177914112,0.35381355932203395,0.20431806213796733,0.7317073170731709,North,L,0.47341189997125604,0.31884887330851414
P12929,Hoodie,Linen,Summer,0.7505082373023345,0.444,0.20000000000000018,0.9856850715746424,0.3877118644067796,0.6529752501316484,0.3658536585365854,Central,S,0.49043307463830593,0.5280648412545091
P12930,Jacket,Polyester,Winter,0.5337401068912411,0.046,0.52,0.3006134969325154,0.3707627118644068,0.9805160610847817,0.9268292682926831,South,XL,0.40138449746095617,0.46362416754651065
P12931,Sweater,Polyester,Summer,0.30692218418425354,0.36200000000000004,0.72,0.19222903885480574,0.26906779661016955,0.49868351764086366,1.0,Central,XL,0.619909935805308,0.21849989745488685
P12932,T-Shirt,Cotton,Winter,0.8497778873075311,0.756,0.7600000000000002,0.9243353783231085,0.5741525423728815,0.6066350710900474,0.2439024390243903,Central,M,0.3907540480981124,0.5270025790567259
P12933,T-Shirt,Cotton,Winter,0.6877749835442917,0.368,0.0,0.9795501022494888,0.31991525423728806,0.1627172195892575,0.2439024390243903,North,M,0.6361023282552457,0.48997796396305754
P12934,T-Shirt,Cotton,Spring,0.4776962166043607,0.716,0.52,0.8895705521472393,0.40466101694915246,0.16113744075829384,0.902439024390244,East,M,0.5002682763246142,0.287023077165024
P12935,T-Shirt,Rayon,Summer,0.6379732393966975,0.37,0.2400000000000002,0.3456032719836401,0.40466101694915246,0.4586624539231175,0.26829268292682934,South,S,0.42918463159911846,0.47413891127153857
P12936,Hoodie,Denim,Autumn,0.4242789407877953,0.424,0.8800000000000001,0.4294478527607362,0.4216101694915253,0.845181674565561,1.0,West,XL,0.4918319440452237,0.3106183753103515
P12937,Dress,Denim,Spring,0.6572445270991656,0.564,0.15999999999999992,0.785276073619632,0.6588983050847457,0.9094260136914166,0.1951219512195122,Central,M,0.512762288013797,0.48681414707816867
P12938,T-Shirt,Denim,Spring,0.048732910471499406,0.9500000000000001,0.6800000000000002,0.38854805725971375,0.2860169491525424,0.6419167983149027,0.5121951219512195,South,XL,0.45085752610903507,0.036993633273076296
P12939,Dress,Rayon,Autumn,0.3078575612797974,0.10800000000000001,0.28000000000000025,0.01226993865030675,0.43855932203389836,0.3607161664033702,0.902439024390244,North,S,0.4459902270767461,0.26963684345206046
P12940,Dress,Linen,Winter,0.6856113334950034,0.032,0.3600000000000001,0.7750511247443764,0.8961864406779663,0.750394944707741,0.1951219512195122,South,L,0.35650091022324415,0.7565301690501087
P12941,Sweater,Denim,Autumn,0.45338900979154,0.608,0.9600000000000002,0.6400817995910022,0.5063559322033897,0.292259083728278,0.04878048780487804,West,S,0.7072338794672799,0.3076157432695033
P12942,T-Shirt,Polyester,Summer,0.5397838397072301,0.9500000000000001,0.2400000000000002,0.6973415132924337,0.7605932203389831,0.21958925750394948,0.9268292682926831,West,XL,0.3841429529558301,0.3134921686192903
P12943,Jeans,Cotton,Autumn,0.24606913287078885,0.99,0.08000000000000007,0.8854805725971372,0.43855932203389836,0.7956819378620328,0.8292682926829269,North,XL,0.3255916451087477,0.128431478482245
P12944,Trousers,Linen,Winter,0.8497463931292298,0.484,0.08000000000000007,0.06748466257668713,0.9639830508474576,0.7519747235387046,0.7073170731707319,South,XL,0.5627383347705279,0.7489260793108808
P12945,Shirt,Cotton,Autumn,0.7255333539095298,0.46799999999999997,0.52,0.10224948875255625,0.777542372881356,0.8825697735650344,0.6097560975609757,East,L,0.22931397911277185,0.6000937045039778
P12946,Dress,Denim,Winter,0.49831545513811765,0.644,0.6399999999999999,0.24335378323108386,0.21822033898305082,0.5766192733017378,0.17073170731707316,East,XL,0.5043451183290217,0.28648869657173875
P12947,Jacket,Linen,Winter,0.4240899757179885,0.556,0.32000000000000006,0.2801635991820041,0.6758474576271185,0.8973143759873619,0.7560975609756098,Central,M,0.34058158474657463,0.32058735280906636
P12948,Jacket,Wool,Summer,0.695122575341948,0.634,0.6800000000000002,0.7484662576687118,0.40466101694915246,0.026329647182727747,0.5121951219512195,Central,L,0.5640270192584076,0.4369096276416777
P12949,Trousers,Polyester,Autumn,0.8751810915252315,0.8740000000000001,0.08000000000000007,0.2147239263803681,0.5572033898305082,0.2538177988414956,0.17073170731707316,South,L,0.472913672511258,0.48987085467457375
P12950,Jacket,Denim,Autumn,0.6807927242149289,0.746,0.8399999999999999,0.5746421267893661,0.35381355932203395,0.8046340179041602,0.024390243902439046,Central,L,0.372995113538373,0.3856371950920033
P12951,Jeans,Denim,Summer,0.9109584780753276,0.49600000000000005,0.8,0.06339468302658488,0.3368644067796609,0.42390731964191686,0.3170731707317073,West,S,0.475610807703363,0.6030499506324905
P12952,Jacket,Polyester,Winter,0.3262722073324746,0.462,1.0,0.25153374233128833,0.5233050847457625,0.23959978936282256,0.09756097560975613,North,S,0.5634186068793714,0.2463707364525106
P12953,Shirt,Polyester,Autumn,0.34572931068691953,0.64,0.9199999999999999,0.3456032719836401,0.7266949152542375,0.7967351237493419,0.2926829268292683,Central,S,0.43605921241736123,0.2541043594720678
P12954,Shirt,Wool,Summer,0.2758972691397995,0.456,0.3600000000000001,0.9693251533742333,0.5233050847457625,0.8225381779884151,0.5365853658536586,East,L,0.4473603525917409,0.21016087626609975
P12955,Dress,Denim,Winter,0.5840426084738235,0.45799999999999996,0.40000000000000013,0.9100204498977507,0.4216101694915253,0.45655608214849924,0.2926829268292683,West,L,0.6338363514419851,0.41608808302750877
P12956,T-Shirt,Rayon,Summer,0.5337464057269012,0.016,0.7600000000000002,0.022494887525562373,0.7605932203389831,0.4670879410215903,0.43902439024390244,East,XL,0.5602136629299606,0.5611761969128116
P12957,Sweater,Denim,Autumn,0.47185089711166883,0.174,0.11999999999999988,0.34151329243353784,0.5063559322033897,0.7814639283833598,0.5609756097560976,Central,L,0.43246143527833664,0.41076082223023264
P12958,Jeans,Cotton,Summer,0.6534872716278395,0.488,0.32000000000000006,0.6993865030674847,0.3877118644067796,0.7719852553975778,0.8292682926829269,Central,M,0.51217782887803,0.4486410217561339
P12959,Dress,Linen,Spring,0.7334320938274559,0.8220000000000001,0.11999999999999988,0.15746421267893662,0.8114406779661016,0.8667719852553978,0.3170731707317073,West,S,0.45456548816709774,0.4794008101014328
P12960,Jeans,Linen,Winter,0.21226643130017422,0.278,0.44000000000000017,0.06748466257668713,0.3368644067796609,0.6461295418641391,0.07317073170731708,East,XL,0.649415540864233,0.16522818247295157
P12961,T-Shirt,Cotton,Spring,0.3877582916297922,0.522,0.56,0.42535787321063395,0.4216101694915253,0.18588730911005796,0.6097560975609757,North,M,0.25554757114113247,0.268592118601882
P12962,Hoodie,Linen,Spring,0.6555438414709039,0.344,0.20000000000000018,0.6646216768916157,0.26906779661016955,0.5497630331753556,0.21951219512195125,North,M,0.5793714668966177,0.4615877515790806
P12963,Jacket,Polyester,Winter,0.41217887748449694,0.10400000000000001,0.040000000000000036,0.8384458077709612,0.47245762711864403,0.3828330700368615,0.902439024390244,West,M,0.5698045415349238,0.3662379864207846
P12964,Jacket,Linen,Winter,0.34973222074899457,0.958,0.52,0.014314928425357875,0.5911016949152543,0.02685624012638231,0.902439024390244,Central,L,0.3950416786432882,0.192837399963943
P12965,Sweater,Linen,Summer,0.6930313619027522,0.8540000000000001,0.040000000000000036,0.458077709611452,0.5063559322033897,0.19641916798314907,0.8048780487804879,West,S,0.3702404905624221,0.38796276644985833
P12966,T-Shirt,Cotton,Winter,0.25689368195289103,0.078,0.9600000000000002,0.4621676891615542,0.35381355932203395,0.20589784096893105,0.8048780487804879,East,M,0.6664989939637826,0.22006694752220346
P12967,Dress,Wool,Spring,0.44357542383290444,0.72,0.2400000000000002,0.3558282208588957,0.7436440677966103,0.0821484992101106,0.43902439024390244,North,XL,0.47013030564338404,0.30848936115535547
P12968,Sweater,Linen,Spring,0.5626675096608391,0.348,0.6800000000000002,0.16359918200409,0.4216101694915253,0.4533965244865719,0.04878048780487804,Central,S,0.7070039283318961,0.427788842595583
P12969,T-Shirt,Rayon,Autumn,0.3921328329958207,0.9940000000000001,0.44000000000000017,0.5746421267893661,0.48940677966101687,0.5081621906266457,0.853658536585366,East,S,0.354531953626521,0.19948395548500267
P12970,Trousers,Linen,Winter,0.6485521338880508,0.302,0.040000000000000036,0.11451942740286301,0.09957627118644075,0.34017904160084256,0.07317073170731708,North,L,0.4879706812302385,0.42614630999819314
P12971,Shirt,Wool,Spring,0.39306506067353447,0.23800000000000002,0.4800000000000002,0.2740286298568507,0.48940677966101687,0.4123222748815166,0.6097560975609757,North,M,0.41877934272300466,0.32920692194893064
P12972,Sweater,Cotton,Autumn,0.7667434862165727,0.568,0.52,0.4846625766871166,0.8961864406779663,0.5497630331753556,0.2439024390243903,South,XL,0.43952764204273254,0.6235056170611255
P12973,Sweater,Wool,Autumn,0.47680178194060824,0.836,0.8399999999999999,0.9631901840490799,0.26906779661016955,0.12058978409689312,0.04878048780487804,Central,L,0.5497652582159624,0.2458847758062194
P12974,Dress,Cotton,Summer,0.6274100919944947,0.192,0.72,0.441717791411043,0.8453389830508473,0.5624012638230649,0.1951219512195122,West,S,0.39246910031618276,0.6252321652120342
P12975,Jeans,Polyester,Spring,0.6415352309625565,0.71,0.08000000000000007,0.4621676891615542,0.26906779661016955,0.7103738809899949,0.024390243902439046,South,M,0.4752515090543259,0.3581901794623818
P12976,Trousers,Cotton,Summer,0.38198225932936297,0.062000000000000006,0.20000000000000018,0.05112474437627813,0.7097457627118642,0.8751974723538707,0.3170731707317073,North,S,0.39152055188272483,0.3843448389247953
P12977,Dress,Polyester,Spring,0.11252751803829068,0.918,0.32000000000000006,0.3803680981595092,0.6758474576271185,0.30173775671406006,0.04878048780487804,Central,S,0.5876305451758167,0.07462592862364019
P12978,T-Shirt,Polyester,Summer,0.568733288401639,0.08199999999999999,0.11999999999999988,0.7546012269938651,0.5911016949152543,0.7477619799894683,0.024390243902439046,Central,L,0.7767509820829739,0.5382799865575114
P12979,T-Shirt,Cotton,Summer,0.514223164598024,0.914,0.44000000000000017,0.2392638036809816,0.43855932203389836,0.6061084781463929,0.5121951219512195,South,XL,0.6867826003640891,0.26902923761106695
P12980,T-Shirt,Rayon,Winter,0.6055972241031244,0.49,1.0,0.4008179959100205,0.4216101694915253,0.5028962611901002,0.6829268292682928,East,M,0.36191913385072333,0.42277211935794756
P12981,Hoodie,Denim,Summer,0.4577572523219082,0.44799999999999995,0.52,0.23517382413087934,0.777542372881356,0.9199578725645077,0.7804878048780488,East,L,0.4321500431158378,0.3849835010022829
P12982,T-Shirt,Cotton,Winter,0.41922727458829234,0.9740000000000001,0.7600000000000002,0.6175869120654398,0.0,0.6203264876250659,0.853658536585366,West,XL,0.4930679313979112,0.17029662476257607
P12983,Jeans,Linen,Autumn,0.8800941833402094,0.99,0.6800000000000002,0.2065439672801636,0.11652542372881358,0.36650868878357035,0.21951219512195125,Central,L,0.2071045319536265,0.35657843024317826
P12984,Trousers,Rayon,Spring,0.22234141893870923,0.65,0.8399999999999999,0.7750511247443764,0.43855932203389836,0.7135334386519222,0.902439024390244,South,XL,0.49279965507329687,0.1476450194776182
P12985,Jacket,Rayon,Autumn,0.6392550524535539,0.128,0.20000000000000018,0.33128834355828224,0.5911016949152543,0.9605055292259085,0.48780487804878053,North,S,0.5689805499664654,0.5910256059166
P12986,Shirt,Linen,Spring,0.39198481035780536,0.506,0.52,0.8445807770961147,0.3707627118644068,0.9189046866771986,0.7317073170731709,East,M,0.4981603909169301,0.2676357006222459
P12987,Jeans,Denim,Autumn,0.4371128184455103,0.53,0.8800000000000001,0.3619631901840491,0.5741525423728815,0.9810426540284362,0.8292682926829269,South,M,0.48647120820159045,0.32145333066229853
P12988,Jeans,Rayon,Spring,0.4406433158330682,0.514,0.15999999999999992,0.965235173824131,0.5572033898305082,0.09531332280147446,0.04878048780487804,West,M,0.40611765833093794,0.3247966138978543
P12989,Hoodie,Polyester,Summer,0.9999999999999999,0.5700000000000001,0.3600000000000001,0.570552147239264,0.5233050847457625,0.4439178515007899,0.43902439024390244,West,L,0.4505748778384593,0.6901104292299313
P12990,Jacket,Denim,Spring,0.6085041367603198,0.018000000000000002,0.9600000000000002,0.5828220858895706,0.5063559322033897,0.4328593996840443,0.5121951219512195,Central,L,0.432116508575261,0.5714645426582213
P12991,Jacket,Linen,Spring,0.7633484137957097,0.7120000000000001,0.8,0.43149284253578735,0.5233050847457625,0.3838862559241706,0.4634146341463415,West,XL,0.3510970585417265,0.47910835560601284
P12992,Shirt,Denim,Autumn,0.589380871695867,0.7120000000000001,0.28000000000000025,0.10838445807770962,0.625,0.17851500789889413,0.853658536585366,West,L,0.6337261665229471,0.3894173988943384
P12993,Shirt,Cotton,Autumn,0.520099978269017,0.11599999999999999,0.56,0.13496932515337423,0.48940677966101687,0.8325434439178515,0.43902439024390244,East,S,0.7273546038133563,0.4622294150979546
P12994,Jacket,Denim,Autumn,0.31416269577568584,0.5700000000000001,0.40000000000000013,0.06339468302658488,0.5233050847457625,0.6735123749341759,0.07317073170731708,East,XL,0.4123981987161061,0.22277712506763164
P12995,T-Shirt,Polyester,Winter,0.5982275863806574,0.568,0.4800000000000002,0.5112474437627813,0.2521186440677965,0.6061084781463929,0.7560975609756098,West,L,0.35474753281594323,0.3654462756378906
P12996,Jeans,Cotton,Winter,0.9080389677468118,0.682,0.3600000000000001,0.014314928425357875,0.3029661016949152,0.44707740916271727,0.17073170731707316,Central,M,0.39179361885599306,0.5211187121167246
P12997,Dress,Wool,Spring,0.4286251373933528,0.086,0.28000000000000025,0.8854805725971372,0.31991525423728806,0.3886255924170617,0.6097560975609757,East,S,0.36022803487592214,0.35691077166214663
P12998,Shirt,Linen,Spring,0.42951642263927514,0.626,0.6800000000000002,0.8793456032719837,0.625,0.7867298578199053,0.0,East,M,0.4326770144677589,0.3037001273305696
P12999,Hoodie,Linen,Summer,0.39453898821802785,0.28,0.7600000000000002,0.43762781186094074,0.4555084745762712,0.5271195365982096,0.6097560975609757,West,XL,0.5387036504742742,0.31824913074784705
P13000,Hoodie,Denim,Summer,0.4080814848875185,0.508,0.8800000000000001,0.09202453987730062,0.7097457627118642,0.6082148499210112,0.1951219512195122,Central,XL,0.6732825524576027,0.3225538922443846
P13001,Shirt,Rayon,Spring,0.0,0.774,0.15999999999999992,0.16155419222903886,0.5572033898305082,0.10005265929436545,0.8292682926829269,West,L,0.27208009964549196,0.011169653274483254
P13002,Jacket,Cotton,Winter,0.577101291576252,0.706,0.8399999999999999,0.06952965235173825,0.7944915254237288,0.47182727751448134,0.4146341463414634,North,XL,0.6364520456069751,0.4111282879550123
P13003,Trousers,Wool,Spring,0.34078472469364035,0.11800000000000001,0.2400000000000002,0.3844580777096115,0.5402542372881354,0.13059505002632965,0.43902439024390244,North,XL,0.5000526971351921,0.31056995536335746
P13004,Dress,Cotton,Summer,0.19627998639451502,0.5920000000000001,0.44000000000000017,0.17995910020449898,0.09957627118644075,0.05371248025276462,0.3658536585365854,Central,M,0.19473028648078947,0.11738265182754046
P13005,Dress,Linen,Winter,0.6428894806295056,0.97,0.9199999999999999,0.6830265848670758,0.4555084745762712,0.6898367561874672,0.6585365853658538,North,XL,0.3196129155887707,0.3196284542993589
P13006,Shirt,Cotton,Winter,0.29610078451998145,0.156,0.44000000000000017,0.8875255623721883,0.9809322033898304,0.27488151658767773,0.04878048780487804,Central,S,0.5733639934847178,0.3158656390128244
P13007,T-Shirt,Wool,Summer,0.43656796916090057,0.8520000000000001,0.20000000000000018,0.9120654396728017,0.3877118644067796,0.9657714586624541,0.4146341463414634,North,L,0.3773019066781642,0.23653243327795798
P13008,Trousers,Rayon,Spring,0.7776719660870687,0.7020000000000001,0.15999999999999992,0.27607361963190186,0.21822033898305082,0.6055818852027384,0.2926829268292683,South,XL,0.4448356807511737,0.4225080173212438
P13009,Dress,Denim,Autumn,0.23427141367918144,0.774,0.4800000000000002,0.06748466257668713,0.5063559322033897,0.6456029489204845,0.6341463414634148,East,S,0.4819967423589153,0.147307196087192
P13010,Shirt,Polyester,Spring,0.21095627348284676,0.282,0.7600000000000002,0.572597137014315,0.5911016949152543,0.1969457609268036,0.9512195121951221,West,L,0.6704991855897287,0.18248589992291506
P13011,Hoodie,Cotton,Spring,0.5514524327678028,0.28800000000000003,1.0,0.22903885480572597,0.5741525423728815,0.129015271195366,0.9268292682926831,Central,S,0.31722717255916444,0.46537053513269
P13012,Dress,Polyester,Summer,0.7177763377939587,0.9059999999999999,0.8,0.34969325153374237,0.48940677966101687,0.525539757767246,0.5609756097560976,North,S,0.5929769090734884,0.3814461162886388
P13013,Sweater,Linen,Winter,0.2030669818184109,0.36,0.8800000000000001,0.6912065439672803,0.20127118644067798,0.9262769878883624,0.6829268292682928,South,XL,0.6835393312254479,0.14311512507179894
P13014,Trousers,Denim,Summer,0.5776020490112401,0.064,0.7600000000000002,0.08588957055214726,0.6419491525423728,0.05581885202738285,0.5121951219512195,North,M,0.3600699434703458,0.5640892074021795
P13015,Trousers,Denim,Spring,0.6103528450265967,0.6,0.8800000000000001,0.7791411042944787,0.6927966101694913,0.5086887835703002,0.6097560975609757,South,L,0.6128054038516815,0.448378581674578
P13016,Sweater,Cotton,Autumn,0.11145356655822176,0.12400000000000001,0.52,0.8854805725971372,0.48940677966101687,0.1990521327014218,0.4634146341463415,West,XL,0.42510299894605724,0.10112272759880422
P13017,Jeans,Rayon,Autumn,0.6514527477095857,0.7959999999999999,0.9199999999999999,0.024539877300613498,0.5572033898305082,0.7825171142706688,0.5609756097560976,East,XL,0.4010683146498035,0.3913953983785866
P13018,Hoodie,Denim,Autumn,0.6662109196615005,0.642,0.40000000000000013,0.35378323108384463,0.5911016949152543,0.6824644549763035,0.26829268292682934,East,L,0.4530181086519114,0.4544229885208013
P13019,Sweater,Cotton,Summer,0.44164798012087464,0.8740000000000001,0.9199999999999999,0.25357873210633947,0.5063559322033897,0.09741969457609269,0.4146341463414634,South,L,0.5334626808469867,0.24791437031595306
P13020,Jacket,Cotton,Winter,0.7372145446414229,0.784,0.08000000000000007,0.6768916155419225,0.4555084745762712,0.6166403370194841,0.26829268292682934,North,XL,0.3932020695602184,0.42516002643649725
P13021,Jacket,Polyester,Summer,0.7153134930508094,0.11199999999999999,0.72,0.42126789366053174,0.13347457627118642,0.9842022116903636,0.902439024390244,East,S,0.6321021366292995,0.5285804194298531
P13022,Shirt,Denim,Autumn,0.5200495875837351,0.38200000000000006,0.72,0.6993865030674847,0.35381355932203395,0.5281727224855187,0.7560975609756098,North,M,0.43795630928427703,0.3757926657869714
P13023,Trousers,Cotton,Spring,0.4152558587045185,0.774,1.0,0.8916155419222905,0.43855932203389836,0.28541337546076884,0.5365853658536586,Central,M,0.20791415157612336,0.24468826732097096
P13024,Jeans,Polyester,Winter,0.3167326207250589,0.418,0.7600000000000002,0.9120654396728017,0.3707627118644068,0.15218536071616645,0.07317073170731708,North,L,0.4902174954488837,0.22924912568756575
P13025,Jeans,Wool,Summer,0.493465351679742,0.9720000000000001,0.40000000000000013,0.21063394683026587,0.11652542372881358,0.9899947340705636,0.26829268292682934,West,L,0.31670978250455106,0.21061129091646755
P13026,Dress,Polyester,Summer,0.6082301374090998,0.736,0.56,0.2638036809815951,0.6080508474576272,0.5639810426540286,0.39024390243902446,Central,S,0.46283414774360443,0.39170933426442506
P13027,Dress,Polyester,Winter,0.4393048132552697,0.016,0.3600000000000001,0.07975460122699388,0.4216101694915253,0.37493417588204314,0.48780487804878053,East,S,0.5534684296253712,0.3973135958547762
P13028,Sweater,Cotton,Winter,0.08531339856827472,0.88,0.20000000000000018,0.04498977505112475,0.7266949152542375,0.2143233280674039,0.878048780487805,Central,XL,0.40606975184439964,0.061419611328719745
P13029,Jeans,Linen,Spring,0.740307272950595,0.1,0.2400000000000002,0.5132924335378324,0.5911016949152543,0.950500263296472,0.6829268292682928,North,S,0.253669636868832,0.6939620722983232
P13030,Sweater,Linen,Winter,0.5365084451639114,0.14,0.2400000000000002,0.9038854805725973,0.47245762711864403,0.6271721958925751,0.12195121951219517,West,M,0.3560745424930535,0.46727528456392925
P13031,Hoodie,Rayon,Spring,0.42882984955231024,0.7340000000000001,0.56,0.6625766871165645,0.43855932203389836,0.05792522380200106,0.6585365853658538,North,S,0.6871706429050493,0.25961193000023514
P13032,Sweater,Linen,Autumn,0.6625386984715874,0.8640000000000001,0.9199999999999999,0.5910020449897752,0.2521186440677965,0.059505002632964724,0.17073170731707316,South,S,0.5278288780300853,0.32588065514966474
P13033,Dress,Polyester,Autumn,0.788666583731997,0.536,0.9199999999999999,0.4110429447852761,0.48940677966101687,0.9399684044233809,0.7317073170731709,South,S,0.6238765928906773,0.5496587237117143
P13034,Trousers,Rayon,Summer,0.0,0.29,0.040000000000000036,0.31492842535787324,0.40466101694915246,0.7103738809899949,0.4634146341463415,North,L,0.7398007090160008,0.00627593952308932
P13035,Sweater,Cotton,Autumn,0.5826253704502722,0.35200000000000004,0.08000000000000007,0.11042944785276075,0.5063559322033897,0.10373880989994737,0.3658536585365854,South,S,0.7968285905911661,0.45970852680227625
P13036,T-Shirt,Denim,Autumn,0.2309771226288821,0.342,0.2400000000000002,0.2147239263803681,0.20127118644067798,0.6240126382306478,0.2926829268292683,West,L,0.5309811248443038,0.16296774983477189
P13037,Trousers,Polyester,Spring,0.5948797552272462,0.326,0.2400000000000002,0.5296523517382414,0.7944915254237288,0.4196945760926804,0.34146341463414637,South,M,0.4598783175241927,0.5397285913139179
P13038,Jeans,Polyester,Summer,0.524739070732775,0.242,0.08000000000000007,0.9222903885480573,0.6080508474576272,0.7893628225381781,0.2926829268292683,East,M,0.41065919325476663,0.4610686262457346
P13039,Jeans,Rayon,Winter,0.6206955331806915,0.608,0.40000000000000013,0.4069529652351739,0.879237288135593,0.27382833070036866,0.024390243902439046,West,L,0.5150570087189805,0.48913334347374027
P13040,Sweater,Cotton,Summer,0.4062233283677512,0.9,0.6000000000000001,0.6646216768916157,0.5402542372881354,0.3828330700368615,0.4634146341463415,East,L,0.5668295487208967,0.22769470151831261
P13041,Trousers,Wool,Autumn,0.1465884718709747,0.308,0.56,0.441717791411043,0.48940677966101687,0.1674565560821485,0.6585365853658538,East,S,0.6017581680559547,0.12179903717729172
P13042,Dress,Polyester,Winter,0.4154605708634759,0.18600000000000003,0.56,0.8384458077709612,0.6588983050847457,0.2527646129541864,0.4146341463414634,West,S,0.35457986011305925,0.38480589504916957
P13043,Dress,Wool,Summer,0.5774445781197345,0.838,0.32000000000000006,0.09406952965235175,0.3368644067796609,0.1890468667719853,0.14634146341463422,East,M,0.35652486346651335,0.3043824467373141
P13044,Jacket,Wool,Summer,0.6924392713506907,0.742,0.72,0.7546012269938651,0.5911016949152543,0.024223275408109535,0.48780487804878053,South,M,0.46590495353070804,0.4392561346733355
P13045,Jeans,Linen,Summer,0.2791285718334966,0.93,0.8399999999999999,0.23721881390593047,0.40466101694915246,0.04634017904160084,0.9756097560975612,North,M,0.5008718980549967,0.14844853758365215
P13046,Shirt,Cotton,Summer,0.6946438638317706,0.166,0.3600000000000001,0.7627811860940696,0.31991525423728806,0.8362295945234335,0.9268292682926831,West,M,0.7327919900354507,0.5525804904722343
P13047,Jacket,Wool,Spring,0.3781399695766237,0.14400000000000002,0.52,0.8650306748466259,0.2860169491525424,0.8041074249605056,0.1951219512195122,North,XL,0.1614592315799559,0.30160323603999845
P13048,Dress,Cotton,Summer,0.49831545513811765,0.542,0.28000000000000025,0.43149284253578735,0.20127118644067798,0.14060031595576622,0.21951219512195125,West,S,0.41329405001437186,0.30324142770976326
P13049,Trousers,Linen,Autumn,0.40421085037430826,0.614,0.11999999999999988,0.31492842535787324,0.3707627118644068,0.6682464454976305,0.7317073170731709,West,S,0.6220705183481843,0.2577784710032484
P13050,Hoodie,Cotton,Autumn,0.5349872763519663,0.48,0.4800000000000002,0.5357873210633948,0.2860169491525424,0.7461822011585046,1.0,East,XL,0.35663025773689755,0.352510212094251
P13051,Dress,Polyester,Spring,0.6690989358117152,0.598,0.15999999999999992,0.3067484662576687,0.20127118644067798,0.051079515534491846,0.2926829268292683,North,M,0.49748011880808657,0.3888439995630298
P13052,Trousers,Wool,Winter,0.2687008493979888,0.18,0.4800000000000002,0.43149284253578735,0.4216101694915253,0.08846761453396527,0.09756097560975613,South,S,0.638627000095813,0.2261578146966644
P13053,Jacket,Cotton,Winter,0.37208678850714444,0.48,0.2400000000000002,0.39059304703476483,0.31991525423728806,0.563454449710374,0.9512195121951221,North,S,0.595745903995401,0.2522917617329816
P13054,Jeans,Denim,Autumn,0.5355163785474255,0.658,0.52,0.752556237218814,0.3029661016949152,0.3744075829383886,1.0,West,L,0.5986490370796205,0.31747575108218085
P13055,Dress,Cotton,Autumn,0.9543795016991107,0.43200000000000005,0.040000000000000036,0.4948875255623722,0.23516949152542366,0.6998420221169037,0.902439024390244,South,XL,0.47138066494203307,0.6227019997338886
P13056,Sweater,Wool,Spring,0.33745264062937963,0.68,0.56,0.1983640081799591,0.6080508474576272,0.5581885202738284,0.853658536585366,East,L,0.517936188559931,0.23047388741032762
P13057,Trousers,Linen,Winter,0.8860780772174262,0.452,0.15999999999999992,0.0572597137014315,0.6419491525423728,0.03106898367561875,0.024390243902439046,South,XL,0.5244658426750981,0.6973330878600774
P13058,Jeans,Linen,Winter,0.8793288748074918,0.334,0.0,0.3844580777096115,0.3029661016949152,0.6840442338072671,0.12195121951219517,South,XL,0.4241257066206764,0.6310065663599839
P13059,Hoodie,Wool,Summer,0.4821746887587829,0.304,0.8800000000000001,0.34969325153374237,0.777542372881356,0.2037914691943128,0.2926829268292683,North,XL,0.6203219315895372,0.440295476773259
P13060,Hoodie,Polyester,Summer,0.44422420390590794,0.41000000000000003,0.6800000000000002,0.7566462167689163,0.5063559322033897,0.31279620853080575,0.6829268292682928,West,M,0.31270959087860495,0.34051836232229604
P13061,Shirt,Polyester,Summer,0.36978771349116113,0.024,0.08000000000000007,0.4008179959100205,0.3877118644067796,0.7367035281727227,0.3170731707317073,West,XL,0.404642138545559,0.3282969394922315
P13062,Trousers,Linen,Spring,0.4876767217079922,0.668,0.6800000000000002,0.31492842535787324,0.6419491525423728,0.7714586624539232,0.7073170731707319,West,M,0.6212896426176103,0.33642489237724177
P13063,Jacket,Linen,Autumn,0.23474382635369856,0.846,0.6000000000000001,0.2842535787321064,0.8622881355932202,0.3459715639810427,0.5853658536585367,Central,XL,0.21674810769378172,0.16026781687853867
P13064,Shirt,Wool,Spring,0.48615870231387726,0.354,0.4800000000000002,0.81799591002045,0.5063559322033897,0.08952080042127437,0.9512195121951221,East,M,0.521078854076842,0.38414798405832773
P13065,Shirt,Polyester,Winter,0.7834228030448571,0.046,0.40000000000000013,0.5971370143149285,0.3368644067796609,0.7698788836229595,0.8292682926829269,North,M,0.659006419469196,0.6671871562915519
P13066,T-Shirt,Linen,Autumn,0.3850907347276855,0.986,0.8800000000000001,0.5910020449897752,0.5911016949152543,0.8704581358609796,0.878048780487805,West,M,0.3906103286384976,0.20605420990106554
P13067,Dress,Polyester,Summer,0.45507709774848115,0.264,0.2400000000000002,0.5214723926380369,0.35381355932203395,0.964718272775145,0.14634146341463422,South,S,0.5599070614161157,0.35186075971095276
P13068,T-Shirt,Linen,Spring,0.17910936038473294,0.126,0.40000000000000013,0.9754601226993866,0.26906779661016955,0.3180621379673513,0.902439024390244,Central,L,0.5183625562901216,0.14597815288022778
P13069,T-Shirt,Polyester,Spring,0.5712496732479001,0.37,0.32000000000000006,0.33333333333333337,0.47245762711864403,0.12374934175882045,0.4146341463414634,West,L,0.5947302864807895,0.43925710208006336
P13070,T-Shirt,Denim,Summer,0.5505422510148998,0.738,0.7600000000000002,0.2719836400817996,0.48940677966101687,0.9383886255924172,0.17073170731707316,West,L,0.5025438344351825,0.3368359658206769
P13071,Jacket,Rayon,Spring,0.5126012144155153,0.294,0.9199999999999999,0.7177914110429449,0.5572033898305082,0.40021063717746186,0.14634146341463422,Central,S,0.6654498419085944,0.4282165355904966
P13072,T-Shirt,Cotton,Summer,0.45959021349903467,0.574,0.8399999999999999,0.8486707566462169,0.5741525423728815,0.0937335439705108,0.8048780487804879,East,S,0.5541007952476764,0.32831839607734925
P13073,Sweater,Rayon,Winter,0.4452446152828649,0.41600000000000004,0.8,0.670756646216769,0.26906779661016955,0.4992101105845182,0.853658536585366,South,S,0.6245760275941361,0.3036773808698147
P13074,Sweater,Linen,Autumn,0.5954057080048752,0.11800000000000001,1.0,0.7709611451942742,0.43855932203389836,0.19062664560294895,0.9756097560975612,Central,XL,0.6169205710453194,0.515572718177751
P13075,Trousers,Denim,Winter,0.49511879604055187,0.33,0.6800000000000002,0.8282208588957056,0.4216101694915253,0.35545023696682465,0.21951219512195125,North,XL,0.695520743508671,0.38105850865967933
P13076,Shirt,Denim,Winter,0.5600818376223154,0.7240000000000001,0.7600000000000002,0.5419222903885481,0.5911016949152543,0.320695102685624,0.9512195121951221,East,XL,0.36152151001245564,0.36200535873872386
P13077,Sweater,Linen,Summer,0.541188480059461,0.612,1.0,0.0572597137014315,0.6758474576271185,0.9878883622959455,0.6829268292682928,Central,XL,0.32218070326722237,0.39244476181999866
P13078,Dress,Linen,Spring,0.7128537977254903,0.12,0.0,0.28220858895705525,0.5063559322033897,0.6398104265402845,0.3658536585365854,Central,XL,0.6503209734598063,0.636197745277542
P13079,Sweater,Polyester,Winter,0.628493491728054,0.16399999999999998,0.6399999999999999,0.7096114519427404,0.5063559322033897,0.4918378093733545,0.5853658536585367,East,L,0.5239005461339465,0.548766551460928
P13080,Sweater,Linen,Winter,0.5370092025988995,0.64,0.72,0.9182004089979552,0.6419491525423728,0.5139547130068458,0.6829268292682928,Central,L,0.769938679697231,0.3767300829062604
P13081,Sweater,Wool,Winter,0.7874918508813645,0.8140000000000001,0.9199999999999999,0.6359918200408999,0.3029661016949152,0.6045286993154293,0.17073170731707316,Central,L,0.18539331225447922,0.41091431743105195
P13082,Hoodie,Linen,Spring,0.5799798594729764,0.35000000000000003,0.8800000000000001,0.17177914110429449,0.6080508474576272,0.8730911005792523,0.4634146341463415,East,L,0.49037558685446003,0.47968388819318286
P13083,T-Shirt,Wool,Spring,0.7471572567310931,0.596,0.8399999999999999,0.507157464212679,0.6758474576271185,0.14586624539231174,0.853658536585366,South,L,0.4977771390246239,0.544692925756445
P13084,Shirt,Linen,Summer,0.6152564885880845,0.17,0.9600000000000002,0.7157464212678938,0.3029661016949152,0.5997893628225384,0.6341463414634148,North,S,0.629337932356041,0.4848440108742469
P13085,Dress,Polyester,Winter,0.1525062279737591,0.312,0.52,0.6400817995910022,0.5572033898305082,0.32227488151658773,0.2926829268292683,East,S,0.780923637060458,0.1295648574771759
P13086,Shirt,Wool,Autumn,0.7471320613884522,0.02,0.52,0.474437627811861,0.7436440677966103,0.5718799368088469,0.6097560975609757,West,XL,0.5015473795151864,0.7791148248284391
P13087,Hoodie,Cotton,Spring,0.5261090674888746,0.768,0.0,0.6278118609406954,0.7097457627118642,0.5181674565560822,1.0,Central,L,0.5610472357957266,0.3467924414478318
P13088,Trousers,Wool,Summer,0.49074740409235346,0.402,0.56,0.12269938650306751,0.43855932203389836,0.030015797788309637,0.5853658536585367,North,XL,0.24376257545271626,0.36557952971332713
P13089,Trousers,Polyester,Winter,0.5537294618589753,0.816,0.44000000000000017,0.556237218813906,0.3877118644067796,0.5829383886255926,0.6585365853658538,North,S,0.5417552936667624,0.3048057243887006
P13090,Trousers,Rayon,Autumn,0.4353743398032873,0.708,0.44000000000000017,0.4458077709611452,0.6927966101694913,0.7098472880463403,0.1951219512195122,East,XL,0.5430248155600268,0.29931271457205244
P13091,Jacket,Wool,Spring,0.5434655091506334,0.828,0.40000000000000013,0.5828220858895706,0.6758474576271185,0.2459189046866772,0.6097560975609757,West,L,0.4185925074255054,0.3370787352987664
P13092,Sweater,Linen,Autumn,0.38871886406797695,0.28600000000000003,0.9199999999999999,0.997955010224949,0.35381355932203395,0.10689836756187467,0.26829268292682934,West,L,0.5434511832902175,0.29803720120402943
P13093,Jacket,Linen,Spring,0.741356029088023,0.18600000000000003,0.3600000000000001,0.507157464212679,0.5741525423728815,0.2116903633491311,0.6097560975609757,South,L,0.5363418606879371,0.6596550267296959
P13094,T-Shirt,Rayon,Summer,0.4791008569565915,0.9720000000000001,0.8399999999999999,0.14519427402862986,0.777542372881356,0.6366508688783571,0.5121951219512195,West,S,0.733007569224873,0.27616882328912135
P13095,Trousers,Polyester,Autumn,0.4282692531785499,0.718,0.9199999999999999,0.5971370143149285,0.8453389830508473,0.46919431279620855,0.0,East,XL,0.3912235316661875,0.3106931880973054
P13096,Hoodie,Denim,Winter,0.3257840475688069,0.8340000000000001,0.4800000000000002,0.7934560327198366,0.5063559322033897,0.8657187993680887,0.26829268292682934,North,M,0.37308134521414194,0.19188775383140194
P13097,Dress,Linen,Winter,0.5513548008150693,0.013999999999999999,0.44000000000000017,0.8364008179959102,0.6927966101694913,0.2848867825171143,0.5609756097560976,North,M,0.3781881766791223,0.5639374733777109
P13098,Shirt,Cotton,Spring,0.53591950402968,0.354,0.7600000000000002,0.4028629856850716,0.3707627118644068,0.3654555028962612,0.7073170731707319,West,M,0.4379706812302385,0.39652324936342154
P13099,Sweater,Polyester,Winter,0.5739613219996282,0.742,0.72,0.16155419222903886,0.2860169491525424,0.5281727224855187,0.3170731707317073,Central,M,0.2715004311583788,0.31721519620347927
P13100,Jeans,Wool,Autumn,0.3064497715097364,0.078,0.32000000000000006,0.785276073619632,0.5402542372881354,0.4602422327540811,0.5365853658536586,South,M,0.4628868448787965,0.28487263123021095
P13101,Dress,Wool,Summer,0.1979964191119272,0.568,0.11999999999999988,0.278118609406953,0.31991525423728806,0.5481832543443919,0.024390243902439046,West,S,0.5055667337357478,0.132288925991004
P13102,Sweater,Cotton,Spring,0.6187775377221519,0.43,0.52,0.4335378323108385,0.4216101694915253,0.31226961558715116,0.04878048780487804,East,L,0.7160295103957075,0.4478343533769093
P13103,Jacket,Linen,Autumn,0.7811111303575533,0.018000000000000002,0.11999999999999988,0.6666666666666667,0.4216101694915253,0.16692996313849395,0.12195121951219517,South,M,0.48260515473795146,0.703748557199684
P13104,T-Shirt,Polyester,Spring,0.3066198400725626,0.23600000000000002,0.28000000000000025,0.21676891615541924,0.048728813559322015,0.8035808320168512,0.43902439024390244,West,M,0.6824710165756442,0.2077918460213935
P13105,Dress,Cotton,Summer,0.8009115202554806,0.284,0.28000000000000025,0.9141104294478529,0.7944915254237288,0.03949447077409163,0.48780487804878053,South,M,0.6196608220753089,0.7433168318550861
P13106,Jacket,Linen,Spring,0.5542144722048129,0.11199999999999999,0.6399999999999999,0.42126789366053174,0.3029661016949152,0.3696682464454976,0.4634146341463415,Central,XL,0.5203937913193446,0.4503106665472043
P13107,Trousers,Polyester,Winter,0.49831545513811765,0.632,0.9600000000000002,0.30879345603271985,0.40466101694915246,0.08741442864665615,0.48780487804878053,East,L,0.48008048289738425,0.3166391923155956
P13108,T-Shirt,Wool,Winter,0.42544107596710745,0.242,0.6800000000000002,0.26993865030674846,0.5741525423728815,0.7367035281727227,0.9512195121951221,West,M,0.5776037175433553,0.3689484368245206
P13109,Shirt,Polyester,Spring,0.23893885090341052,0.278,0.9199999999999999,0.8875255623721883,0.47245762711864403,0.3654555028962612,0.07317073170731708,North,S,0.5928810961004118,0.19655990663681697
P13110,T-Shirt,Rayon,Summer,0.6872112377527013,0.898,0.8,0.3374233128834356,0.5741525423728815,0.030015797788309637,0.5853658536585367,East,L,0.42463830602663594,0.3825475956668513
P13111,Sweater,Denim,Summer,0.3540028313266293,0.46799999999999997,0.72,0.8425357873210635,0.43855932203389836,0.07582938388625592,0.14634146341463422,Central,L,0.5848040624700583,0.255932485329401
P13112,Shirt,Polyester,Winter,0.3532091780334405,0.392,0.40000000000000013,0.8773006134969327,0.5572033898305082,0.1985255397577672,0.14634146341463422,Central,L,0.4875538947973555,0.28107126850636666
P13113,Hoodie,Denim,Summer,0.68800489104589,0.7240000000000001,0.32000000000000006,0.36605316973415136,0.7436440677966103,0.7872564507635599,0.7804878048780488,North,XL,0.5789019833285427,0.4721986158443759
P13114,Shirt,Polyester,Spring,0.14474606244035795,0.91,0.8399999999999999,0.245398773006135,0.7097457627118642,0.7993680884676146,0.6097560975609757,East,L,0.7364664175529365,0.09395124230403143
P13115,T-Shirt,Denim,Autumn,0.21265695911110835,0.026000000000000002,0.9199999999999999,0.35378323108384463,0.5911016949152543,0.9973670352817275,0.39024390243902446,West,M,0.4486538277282744,0.2071752854668422
P13116,Dress,Rayon,Spring,0.497137572869655,0.44799999999999995,0.44000000000000017,0.6748466257668713,0.20127118644067798,0.24117956819378622,0.17073170731707316,North,M,0.21520551882724917,0.32025972439723366
P13117,Shirt,Wool,Winter,0.5559844450253371,0.61,0.0,0.13701431492842536,0.3029661016949152,0.06055818852027384,0.6097560975609757,West,XL,0.49288588674906575,0.33993399904807176
P13118,Hoodie,Linen,Winter,0.5921618076398577,0.318,0.8,0.3803680981595092,0.7097457627118642,0.28330700368615064,0.34146341463414637,South,S,0.346272875347322,0.5210286192645308
P13119,Hoodie,Denim,Winter,0.443534481401113,0.772,0.28000000000000025,0.2801635991820041,0.6419491525423728,0.17904160084254872,0.4634146341463415,West,XL,0.5383491424738909,0.28501072233928665
P13120,Hoodie,Rayon,Summer,0.9787150532724024,0.9720000000000001,0.52,0.7218813905930471,0.7944915254237288,0.7109004739336494,0.43902439024390244,South,XL,0.3557391970872856,0.555091977558942
P13121,T-Shirt,Denim,Spring,0.4574990000598389,0.9440000000000001,0.8,0.7914110429447854,0.8283898305084745,0.9699842022116906,0.14634146341463422,West,M,0.48462201782121295,0.27607044546648896
P13122,Shirt,Wool,Autumn,0.45695415077522916,0.266,0.52,0.6278118609406954,0.5741525423728815,0.27330173775671407,0.0,South,L,0.7348807128485197,0.3909760151594122
P13123,Jeans,Denim,Spring,0.34996212825059286,0.226,0.6800000000000002,0.6728016359918202,0.6758474576271185,0.3285939968404424,0.9268292682926831,East,XL,0.7638689278528312,0.32015574057663987
P13124,Dress,Rayon,Autumn,0.5239769116178874,0.958,0.9199999999999999,0.98159509202454,0.47245762711864403,0.3512374934175882,0.878048780487805,Central,S,0.5524576027594136,0.26797124192500643
P13125,Trousers,Rayon,Spring,0.6167713585643693,0.45799999999999996,0.56,0.4846625766871166,0.4555084745762712,0.8572933122696158,0.4146341463414634,East,M,0.37099262240107306,0.4460926739925649
P13126,Shirt,Cotton,Winter,0.7279993480705091,0.20800000000000002,0.52,0.034764826175869123,0.9131355932203391,0.5781990521327015,0.17073170731707316,North,L,0.6260946632173996,0.7390819716959612
P13127,Hoodie,Wool,Autumn,0.2191416104233133,0.706,0.28000000000000025,0.15337423312883436,0.5233050847457625,0.9747235387045815,0.34146341463414637,East,S,0.4336974226310242,0.14565213681294154
P13128,Jeans,Cotton,Spring,0.454078732296335,0.284,0.32000000000000006,0.8875255623721883,0.5911016949152543,0.6276987888362296,0.12195121951219517,East,XL,0.28642330171505215,0.3876757443152948
P13129,Trousers,Wool,Summer,0.5849748361515373,0.268,0.8,0.3067484662576687,0.7266949152542375,0.7061611374407584,0.878048780487805,Central,S,0.7813020983041103,0.5330152351180351
P13130,Trousers,Denim,Summer,0.6114960836989282,0.88,0.44000000000000017,0.21881390593047037,0.48940677966101687,0.08899420747761981,0.5121951219512195,East,XL,0.4990418702692344,0.3340658090581219
P13131,Sweater,Rayon,Spring,0.501801860676054,0.162,0.15999999999999992,0.310838445807771,0.21822033898305082,0.9520800421274355,0.2439024390243903,North,XL,0.5797786720321931,0.38100956780137024
P13132,Shirt,Polyester,Winter,0.6030619427498827,0.064,0.08000000000000007,0.6441717791411044,0.6758474576271185,0.6282253817798843,0.6097560975609757,East,XL,0.4537894030851777,0.597701555719006
P13133,T-Shirt,Denim,Autumn,0.3476976968307408,0.27,0.4800000000000002,0.0736196319018405,0.9978813559322033,0.5202738283307005,0.17073170731707316,East,XL,0.5773689757593177,0.3522646892277822
P13134,Shirt,Rayon,Spring,0.7949528217209048,0.606,0.4800000000000002,0.9222903885480573,0.6419491525423728,0.3875724065297525,0.1951219512195122,East,XL,0.38180990706141604,0.5667026938854239
P13135,Jeans,Wool,Summer,0.6881371665947549,0.12400000000000001,0.6399999999999999,0.6789366053169735,0.40466101694915246,0.07688256977356504,0.2926829268292683,East,M,0.48392737376640793,0.5837359977798263
P13136,Trousers,Rayon,Autumn,0.24641871824993153,0.47200000000000003,0.4800000000000002,0.2965235173824131,0.5233050847457625,0.13322801474460244,0.04878048780487804,Central,XL,0.6323081345214141,0.18680859565186891
P13137,Shirt,Denim,Summer,0.29740779291947883,0.628,0.15999999999999992,0.2556237218813906,0.3707627118644068,0.011585044760400204,0.04878048780487804,Central,L,0.4747437002970201,0.19082546682831786
P13138,T-Shirt,Cotton,Summer,0.3027334584702018,0.848,0.52,0.5807770961145196,0.48940677966101687,0.9994734070563457,0.14634146341463422,North,XL,0.3793523043020024,0.17612420847525687
P13139,Sweater,Cotton,Spring,0.6286761579622006,0.23,0.9199999999999999,0.21881390593047037,0.7436440677966103,0.7867298578199053,0.04878048780487804,North,M,0.6329836159816038,0.5887974697799502
P13140,Shirt,Rayon,Summer,0.25779441545230364,0.818,0.15999999999999992,0.5828220858895706,0.3368644067796609,0.7977883096366509,0.2439024390243903,West,S,0.4486586183769282,0.14547130617073528
P13141,Dress,Denim,Autumn,0.438013551944923,0.23399999999999999,0.6800000000000002,0.48875255623721886,0.6927966101694913,0.7303844128488679,0.6585365853658538,East,L,0.4456357190763629,0.4012958140261275
P13142,Sweater,Polyester,Winter,0.5864865567099921,0.6759999999999999,0.6000000000000001,0.7648261758691208,0.5063559322033897,0.48446550816219064,1.0,West,S,0.338262910798122,0.377227553212083
P13143,T-Shirt,Wool,Spring,0.48806095068326616,0.43,0.7600000000000002,0.2065439672801636,0.43855932203389836,0.08846761453396527,0.7317073170731709,East,S,0.7229472070518348,0.35773579596389976
P13144,Jeans,Wool,Autumn,0.5494840466239814,0.114,0.15999999999999992,0.44785276073619634,0.8961864406779663,0.07214323328067405,0.1951219512195122,West,L,0.6535019641659481,0.581590438489254
P13145,Trousers,Denim,Spring,0.2991651680686825,0.7140000000000001,0.9600000000000002,0.01226993865030675,0.47245762711864403,0.9167983149025805,0.6341463414634148,North,M,0.4640749257449458,0.1898440203002612
P13146,Shirt,Polyester,Summer,0.6129700112434217,0.218,0.6399999999999999,0.4396728016359919,0.5572033898305082,0.0005265929436545566,0.26829268292682934,West,XL,0.3753952285139407,0.5326861431934602
P13147,T-Shirt,Cotton,Summer,0.38468760924543094,0.17600000000000002,0.8399999999999999,0.34355828220858897,0.7266949152542375,0.6993154291732492,0.17073170731707316,North,XL,0.5981124844303918,0.3685028840130928
P13148,Sweater,Linen,Autumn,0.43922292839168675,0.358,0.2400000000000002,0.14928425357873212,0.6419491525423728,0.6287519747235388,0.9756097560975612,Central,XL,0.5584219603334291,0.36812695968076964
P13149,Dress,Linen,Autumn,0.5454874353975667,0.654,0.72,0.5971370143149285,0.4216101694915253,0.5013164823591365,0.5121951219512195,North,S,0.44140557631503297,0.3432425548626277
P13150,T-Shirt,Denim,Winter,0.5200432887480748,0.23399999999999999,0.8,0.05316973415132925,0.7266949152542375,0.9752501316482359,0.4146341463414634,East,L,0.48732394366197174,0.48287154297205803
P13151,Jacket,Polyester,Autumn,0.5050961517263534,0.184,0.40000000000000013,0.5644171779141105,0.6588983050847457,0.19799894681411268,0.7073170731707319,Central,XL,0.5855130784708249,0.4678926884987048
P13152,Hoodie,Polyester,Autumn,0.35872065923614016,0.01,0.40000000000000013,0.9877300613496933,0.8961864406779663,0.7856766719325963,0.2439024390243903,Central,XL,0.5333812398198715,0.39834271817080547
P13153,Dress,Wool,Spring,0.44395965280817834,0.47200000000000003,0.6399999999999999,0.08588957055214726,0.777542372881356,0.6750921537651396,0.024390243902439046,West,M,0.553640892976909,0.36816992246160657
P13154,Sweater,Cotton,Summer,0.500976713204564,0.428,0.08000000000000007,0.6257668711656442,0.5741525423728815,0.9747235387045815,0.6829268292682928,South,M,0.5381000287438918,0.3908477965600207
P13155,Jeans,Rayon,Autumn,0.24072142139525513,0.23399999999999999,0.72,0.18813905930470348,0.5233050847457625,0.9347024749868353,0.6097560975609757,Central,S,0.6053607358436331,0.20676765996020632
P13156,Trousers,Polyester,Winter,0.41316149584749257,0.054000000000000006,0.040000000000000036,0.14314928425357873,0.777542372881356,0.12848867825171145,0.3170731707317073,South,L,0.42033630353549867,0.4291587153275227
P13157,Sweater,Rayon,Autumn,0.5738227476151032,0.43,0.20000000000000018,0.5480572597137016,0.48940677966101687,0.3080568720379147,0.6585365853658538,North,M,0.5236274791606783,0.42936566595138104
P13158,Hoodie,Linen,Summer,0.2591738604618936,0.788,0.6800000000000002,0.22085889570552147,0.5233050847457625,0.8515007898894157,0.8292682926829269,North,L,0.39672798696943556,0.16130914340251928
P13159,Jeans,Rayon,Autumn,0.7191179897895873,0.716,0.08000000000000007,0.3680981595092025,0.3029661016949152,0.22854133754607686,0.12195121951219517,Central,M,0.40724346076458745,0.4052250480751533
P13160,Shirt,Cotton,Spring,0.7404773415134212,0.86,0.9600000000000002,0.43762781186094074,0.3877118644067796,0.37862032648762506,0.853658536585366,West,L,0.7741209159720226,0.3892526420869949
P13161,T-Shirt,Cotton,Summer,0.26527428279882465,0.01,0.8800000000000001,0.9120654396728017,0.5572033898305082,0.626119010005266,0.26829268292682934,North,L,0.2957459039954009,0.25645567873206415
P13162,Jacket,Rayon,Autumn,0.7571062676564236,0.966,0.6399999999999999,0.23108384458077713,0.35381355932203395,0.563454449710374,0.8048780487804879,South,L,0.5965555236178978,0.35736696594758083
P13163,Dress,Denim,Spring,0.4734319048623861,0.342,0.52,0.37627811860940696,0.6419491525423728,0.6408636124275936,0.12195121951219517,Central,S,0.8912187410175336,0.4000326288925594
P13164,Dress,Polyester,Summer,0.5796491706008143,0.99,0.8800000000000001,0.8343558282208591,0.47245762711864403,0.7140600315955767,0.878048780487805,Central,M,0.7541487017342148,0.28672744759111257
P13165,T-Shirt,Denim,Autumn,0.40671463754924897,0.252,0.2400000000000002,0.25357873210633947,0.4555084745762712,0.7293312269615588,0.878048780487805,West,M,0.5814601897096866,0.332782209162066
P13166,T-Shirt,Rayon,Spring,0.6749883471540284,0.47200000000000003,0.8399999999999999,0.21267893660531698,0.5572033898305082,0.7377567140600317,0.17073170731707316,Central,XL,0.7751173708920187,0.5066360380735568
P13167,T-Shirt,Polyester,Winter,0.5773028543173794,0.354,0.20000000000000018,0.4826175869120655,0.5233050847457625,0.9921011058451817,0.878048780487805,East,XL,0.558144102711507,0.45860399637207594
P13168,Shirt,Wool,Spring,0.3467182278855753,0.35600000000000004,0.40000000000000013,0.28629856850715746,0.8114406779661016,0.35703001579778837,0.9512195121951221,South,S,0.45810577752227644,0.3125076214286444
P13169,Hoodie,Denim,Winter,0.280382040129882,0.8420000000000001,0.56,0.5971370143149285,0.6419491525423728,0.04423380726698263,0.7804878048780488,East,M,0.503530708057871,0.17511892405321391
P13170,T-Shirt,Denim,Autumn,0.22461844802988173,0.746,0.72,0.3210633946830266,0.2860169491525424,0.34913112164297,0.9756097560975612,East,XL,0.6299367634377694,0.13170131322238615
P13171,Sweater,Rayon,Spring,0.5360801243390159,0.9920000000000001,0.040000000000000036,0.9672801635991821,0.35381355932203395,0.9120589784096894,0.7317073170731709,South,M,0.7990945674044265,0.25169283774723816
P13172,Dress,Linen,Winter,0.6087403430975783,0.614,0.28000000000000025,0.8077709611451944,0.8453389830508473,0.0832016850974197,0.8048780487804879,Central,XL,0.6532672223819105,0.47154130018075124
P13173,Shirt,Rayon,Summer,0.6235741010774157,0.46399999999999997,0.6000000000000001,0.916155419222904,0.625,0.6471827277514483,0.2439024390243903,Central,S,0.4878125898246622,0.4852962859221682
P13174,Jeans,Denim,Spring,0.4782694106494414,0.09,0.3600000000000001,0.5582822085889572,0.4216101694915253,0.4233807266982622,0.853658536585366,East,XL,0.40877646833381237,0.4172389249541424
P13175,Shirt,Polyester,Autumn,0.2819315537022981,0.996,0.7600000000000002,0.7709611451942742,0.6588983050847457,0.922064244339126,0.07317073170731708,South,S,0.22176870748299315,0.1573265283463566
P13176,Jacket,Linen,Summer,0.3716773641892296,0.552,0.6399999999999999,0.6952965235173825,0.3029661016949152,0.9289099526066352,0.39024390243902446,North,S,0.48094279965507325,0.23944871806702017
P13177,T-Shirt,Rayon,Winter,0.7183180376607383,0.7000000000000001,0.2400000000000002,0.23721881390593047,0.2521186440677965,0.7856766719325963,0.3658536585365854,South,L,0.35183960908306977,0.3988848380179136
P13178,Sweater,Rayon,Spring,0.40898536780476125,0.406,0.15999999999999992,0.7627811860940696,0.4216101694915253,0.09847288046340182,0.7073170731707319,East,S,0.6337740730094854,0.30280728533666396
P13179,T-Shirt,Denim,Spring,0.527664879896951,0.5479999999999999,0.6399999999999999,0.12474437627811862,0.3877118644067796,0.024749868351764084,0.9268292682926831,South,L,0.4642905049343681,0.35064507672825224
P13180,T-Shirt,Denim,Autumn,0.29730386213108506,0.9420000000000001,0.44000000000000017,0.047034764826175884,0.6419491525423728,0.1369141653501843,0.09756097560975613,South,M,0.6403276803679216,0.1714292099878841
P13181,Jeans,Wool,Summer,0.5641666325479735,0.166,0.15999999999999992,0.12065439672801638,0.4555084745762712,0.32174828857293314,0.9512195121951221,North,S,0.8609322602280347,0.48083356427068297
P13182,Sweater,Rayon,Spring,0.4140779764360558,0.292,0.32000000000000006,0.81799591002045,0.35381355932203395,0.24170616113744076,0.878048780487805,West,S,0.4818242790073775,0.31602493865401077
P13183,Hoodie,Denim,Spring,0.6983570274534752,0.152,0.32000000000000006,0.7382413087934562,0.5233050847457625,0.37019483938915215,0.6097560975609757,West,S,0.5239340806745233,0.6180608535543664
P13184,Trousers,Cotton,Summer,0.646738069217905,0.792,0.11999999999999988,0.6441717791411044,0.3368644067796609,0.143233280674039,0.6585365853658538,North,XL,0.55277857621922,0.3515887447833212
P13185,Jacket,Linen,Spring,0.4068941543655655,0.062000000000000006,0.56,0.539877300613497,0.4555084745762712,0.7530279094260138,0.43902439024390244,South,S,0.4599453866053463,0.36608322614962896
P13186,Jeans,Cotton,Summer,0.47662856395995196,0.08199999999999999,0.7600000000000002,0.36605316973415136,0.6419491525423728,0.8457082675092155,0.48780487804878053,East,M,0.5172175912618568,0.4614813120337161
P13187,Trousers,Linen,Summer,0.3964223400804361,0.298,0.56,0.47239263803680986,0.3707627118644068,0.4881516587677725,0.6585365853658538,North,L,0.45022995113538367,0.3043455116445507
P13188,Shirt,Rayon,Summer,0.2323408205493215,0.514,0.8399999999999999,0.9713701431492844,0.6588983050847457,0.9568193786203266,0.43902439024390244,West,M,0.6957075788061704,0.18203121876082443
P13189,Jacket,Wool,Autumn,0.3385360403629389,0.406,0.11999999999999988,0.2903885480572597,0.35381355932203395,0.12058978409689312,0.853658536585366,West,L,0.4695602184535786,0.24415718583268073
P13190,Shirt,Denim,Summer,0.5380201657223662,0.044000000000000004,0.44000000000000017,0.6789366053169735,0.3877118644067796,0.10584518167456557,0.2439024390243903,North,M,0.3211028073201111,0.47169013198503623
P13191,Hoodie,Denim,Summer,0.562028177841326,0.958,0.6000000000000001,0.8404907975460124,0.4555084745762712,0.20063191153238547,0.43902439024390244,South,XL,0.33345789019833283,0.2842053190303985
P13192,Sweater,Denim,Winter,0.5286349005886262,0.9520000000000001,0.6800000000000002,0.49897750511247446,0.4555084745762712,0.9826224328593999,0.09756097560975613,Central,M,0.3796349525725783,0.2695565734989494
P13193,Dress,Rayon,Winter,0.44354707907243346,0.28,0.6800000000000002,0.16359918200409,0.3707627118644068,0.4165350184307531,0.024390243902439046,East,M,0.4361646066877455,0.3430195800145081
P13194,Jacket,Linen,Autumn,0.6768811472699271,0.7320000000000001,0.72,0.2556237218813906,0.5572033898305082,0.9246972090573987,0.5853658536585367,Central,S,0.6263246143527832,0.4263361449645587
P13195,Trousers,Denim,Summer,0.5125728696550442,0.578,0.6399999999999999,0.278118609406953,0.2521186440677965,0.20221169036334913,0.6097560975609757,East,XL,0.6172559164510873,0.31272454378338976
P13196,Hoodie,Cotton,Winter,0.6334538248104837,0.23800000000000002,0.08000000000000007,0.11247443762781188,0.6080508474576272,0.8467614533965245,0.7073170731707319,Central,XL,0.6292900258695027,0.557103588225658
P13197,Dress,Denim,Winter,0.16538104806326556,0.262,0.6800000000000002,0.4335378323108385,0.0,0.3101632438125329,0.39024390243902446,Central,S,0.5029702021653731,0.11253750685494485
P13198,T-Shirt,Rayon,Spring,0.0,0.49200000000000005,0.72,0.1901840490797546,0.47245762711864403,0.7345971563981043,0.48780487804878053,East,L,0.643326626425218,0.008160174970637965
P13199,Trousers,Wool,Summer,0.554189276862172,0.42,1.0,0.7811860940695298,0.6080508474576272,0.9747235387045815,0.4634146341463415,East,M,0.46534444763821015,0.4402971635337075
P13200,Jeans,Cotton,Winter,0.9999999999999999,0.292,0.6800000000000002,0.9366053169734153,0.3707627118644068,0.9336492890995263,0.4146341463414634,West,S,0.23681613490466605,0.7600183400471361
P13201,T-Shirt,Denim,Autumn,0.4604185103883547,0.8079999999999999,0.6800000000000002,0.9754601226993866,0.7436440677966103,0.8320168509741971,0.3658536585365854,South,XL,0.6368640413912043,0.29979264753027013
P13202,Hoodie,Denim,Spring,0.4434777918801709,0.48200000000000004,0.52,0.5950920245398774,0.21822033898305082,0.05002632964718273,0.6585365853658538,South,M,0.40205997892114587,0.2836181031465921
P13203,T-Shirt,Polyester,Spring,0.8005272912802067,0.654,0.8800000000000001,0.25971370143149286,0.5741525423728815,0.6082148499210112,0.26829268292682934,West,M,0.46942608029127136,0.5355553227164661
P13204,Jeans,Linen,Summer,0.5761501673915576,0.19,1.0,0.8977505112474439,0.4216101694915253,0.8357030015797791,0.9512195121951221,Central,L,0.4483711794576985,0.47708793905754343
P13205,Jacket,Cotton,Summer,0.5319071457141147,0.534,0.7600000000000002,0.441717791411043,0.6588983050847457,0.39968404423380727,0.12195121951219517,East,L,0.5755964357574015,0.4030572880404417
P13206,T-Shirt,Polyester,Spring,0.6587247534793192,0.318,0.6000000000000001,0.40490797546012275,0.5741525423728815,0.7314375987361771,0.5609756097560976,North,M,0.5233879467279869,0.5458132075525989
P13207,Sweater,Wool,Autumn,0.570197767692642,0.526,0.08000000000000007,0.03885480572597137,0.6588983050847457,0.13796735123749343,0.12195121951219517,Central,M,0.46761042445147066,0.4337769910197866
P13208,Trousers,Linen,Summer,0.4140779764360558,0.78,0.72,0.11042944785276075,0.5402542372881354,0.17693522906793052,0.39024390243902446,South,M,0.7303439685733448,0.2540957768380207
P13209,Dress,Cotton,Summer,0.7030370623490246,0.768,0.72,0.5010224948875257,0.5063559322033897,0.6440231700895209,1.0,East,L,0.48749640701350955,0.4208094991601421
P13210,T-Shirt,Denim,Spring,0.2908601532506716,0.354,0.52,0.5112474437627813,0.5063559322033897,0.4375987361769353,0.43902439024390244,West,L,0.46648462201782115,0.23223518778753682
P13211,Trousers,Cotton,Spring,0.5616470982838822,0.6940000000000001,0.11999999999999988,0.12065439672801638,0.6419491525423728,0.21853607161664035,0.6585365853658538,Central,S,0.6166475040720513,0.3790986170449524
P13212,Shirt,Denim,Summer,0.20812809627140427,0.9420000000000001,0.6399999999999999,0.33128834355828224,0.9300847457627119,0.28278041074249605,0.6829268292682928,North,L,0.668324231100891,0.1366186664253607
P13213,Trousers,Linen,Winter,0.5391035654559254,0.626,0.28000000000000025,0.4110429447852761,0.6927966101694913,0.6192733017377569,0.14634146341463422,Central,XL,0.62858580051739,0.3900658094550067
P13214,Dress,Denim,Summer,0.5370312485237103,0.14800000000000002,0.7600000000000002,0.4621676891615542,0.5911016949152543,0.7256450763559769,0.43902439024390244,West,XL,0.414625850340136,0.4918153173922564
P13215,Trousers,Wool,Winter,0.8173546307465064,0.68,0.2400000000000002,0.261758691206544,0.6588983050847457,0.2074776197998947,0.17073170731707316,North,M,0.5533438727603717,0.5571080283744858
P13216,Jeans,Rayon,Spring,0.20484010405676514,0.10400000000000001,0.6800000000000002,0.9427402862985687,0.47245762711864403,0.9557661927330175,0.17073170731707316,Central,M,0.5127383347705279,0.18356046554985267
P13217,Hoodie,Denim,Winter,0.3870181784397154,0.872,0.28000000000000025,0.0899795501022495,0.7097457627118642,0.008425487098472878,0.09756097560975613,West,L,0.4726980933218357,0.2383139995858507
P13218,Dress,Wool,Autumn,0.6560225529810814,0.516,0.0,0.4008179959100205,0.26906779661016955,0.7003686150605584,0.8048780487804879,Central,XL,0.36624029893647597,0.41683812090520295
P13219,Hoodie,Rayon,Spring,0.5639272767928848,0.386,0.6399999999999999,0.8650306748466259,0.5233050847457625,0.29120589784096895,0.48780487804878053,East,S,0.5322123215483376,0.439943489556125
P13220,Jacket,Linen,Summer,0.5346345415549936,0.057999999999999996,0.11999999999999988,0.3374233128834356,0.6927966101694913,0.4786729857819905,0.07317073170731708,Central,L,0.6568506275749735,0.5353099486818017
P13221,Hoodie,Linen,Summer,0.31988833739083333,0.38,0.6399999999999999,0.5030674846625768,0.26906779661016955,0.5703001579778832,0.853658536585366,West,L,0.7347561559835201,0.22517358997492778
P13222,Shirt,Cotton,Spring,0.3889204268091043,0.904,0.9199999999999999,0.4601226993865031,0.23516949152542366,0.5618746708794103,0.09756097560975613,South,XL,0.6662834147743604,0.18982869062441987
P13223,T-Shirt,Wool,Spring,0.7358319502140028,0.02,0.9600000000000002,0.570552147239264,0.3707627118644068,0.7767245918904688,0.5365853658536586,West,M,0.43601609657947676,0.6459105336304809
P13224,Jacket,Wool,Autumn,0.4908292889559364,0.474,0.2400000000000002,0.5296523517382414,0.35381355932203395,0.8241179568193787,0.43902439024390244,Central,M,0.3664702500718597,0.33651912771465486
P13225,Trousers,Polyester,Spring,0.571495327838649,0.932,0.8,0.7075664621676893,0.6758474576271185,0.07319641916798315,1.0,East,XL,0.2859729807415924,0.3249676216409778
P13226,Dress,Polyester,Summer,0.4787985128449006,0.394,0.3600000000000001,0.4008179959100205,0.2521186440677965,0.7035281727224856,0.34146341463414637,South,XL,0.6521222573536456,0.3271522740854757
P13227,Shirt,Rayon,Autumn,0.27700271479816957,0.428,0.9199999999999999,0.21676891615541924,0.23516949152542366,0.39915745129015273,0.3170731707317073,West,S,0.6187985053176199,0.18810499508309328
P13228,Jeans,Rayon,Summer,0.6770228710722822,0.578,0.8,0.5480572597137016,0.8961864406779663,0.8188520273828332,0.17073170731707316,South,XL,0.42085369359011204,0.5474987029308256
P13229,Jacket,Polyester,Winter,0.5956576614312844,0.462,0.08000000000000007,0.47239263803680986,0.6419491525423728,0.6092680358083203,0.1951219512195122,East,M,0.3916115742071476,0.4678555549635357
P13230,Jacket,Rayon,Spring,0.9362483032511439,0.168,0.40000000000000013,0.8261758691206545,0.5741525423728815,0.010005265929436541,0.9512195121951221,North,XL,0.6828063619814122,0.8402755680389058
P13231,Shirt,Denim,Winter,0.3086543639908163,0.018000000000000002,0.32000000000000006,0.20449897750511248,0.48940677966101687,0.6666666666666667,0.2439024390243903,South,XL,0.6404713998275365,0.28842616419461997
P13232,Sweater,Polyester,Summer,0.6560005070562706,0.61,0.8,0.32515337423312884,0.18432203389830515,0.9262769878883624,0.4146341463414634,West,S,0.6862843729040911,0.3750043037196739
P13233,Trousers,Wool,Winter,0.25272700216365007,0.92,0.40000000000000013,0.8609406952965236,0.47245762711864403,0.0832016850974197,0.7560975609756098,East,L,0.5812110759796876,0.14059490651923984
P13234,Shirt,Denim,Winter,0.5302977932029264,0.106,0.6800000000000002,0.19222903885480574,0.20127118644067798,0.49447077409162726,0.853658536585366,West,S,0.5934559739388713,0.4099150358917818
P13235,Jacket,Rayon,Summer,0.6850885301352044,0.21,0.6000000000000001,0.8486707566462169,0.48940677966101687,0.626119010005266,0.48780487804878053,East,XL,0.204531953626521,0.578959042578894
P13236,T-Shirt,Linen,Summer,0.109003319486393,0.37,0.9600000000000002,0.42126789366053174,0.625,0.19589257503949448,0.6341463414634148,West,L,0.4467567308613586,0.09379965711136717
P13237,Jeans,Cotton,Spring,0.49831545513811765,0.8079999999999999,0.9199999999999999,0.638036809815951,0.5063559322033897,0.6508688783570301,1.0,East,XL,0.7912810194500335,0.29273209154029106
P13238,Shirt,Polyester,Winter,0.3941358627357732,0.27,0.44000000000000017,0.8813905930470349,0.40466101694915246,0.05002632964718273,0.48780487804878053,Central,L,0.41891827153396566,0.31213571555503694
P13239,Sweater,Linen,Autumn,0.3679201087179034,0.882,0.72,0.8445807770961147,0.7944915254237288,0.9062664560294894,0.2439024390243903,West,XL,0.5319775797643,0.2328290018813332
P13240,Jacket,Rayon,Autumn,0.5733566337762465,0.054000000000000006,0.8399999999999999,0.4785276073619632,0.5741525423728815,0.7630331753554503,0.8048780487804879,East,M,0.7244083548912521,0.5459816851550494
P13241,Trousers,Wool,Summer,0.7123341437835214,0.9400000000000001,0.8800000000000001,0.6666666666666667,0.5572033898305082,0.9415481832543445,0.09756097560975613,North,L,0.626247963974322,0.3791787133609585
P13242,Hoodie,Cotton,Summer,0.47537824508139664,0.56,0.08000000000000007,0.8609406952965236,0.3707627118644068,0.4186413902053712,0.6585365853658538,East,L,0.36178978633707,0.3119360328842879
P13243,Jacket,Linen,Winter,0.5393933118962959,0.658,0.32000000000000006,0.9775051124744377,0.7605932203389831,0.034228541337546076,0.21951219512195125,North,S,0.3318051164127622,0.39263883849278625
P13244,Trousers,Cotton,Summer,0.5221659963655718,0.368,0.52,0.8732106339468304,0.4216101694915253,0.3417588204318062,0.26829268292682934,West,M,0.7318865574398774,0.39301282801165366
P13245,Shirt,Polyester,Autumn,0.5009042765944715,0.782,0.44000000000000017,0.3128834355828221,0.625,0.5160610847814641,0.9756097560975612,East,M,0.6070853693590111,0.3158721628069122
P13246,Trousers,Rayon,Spring,0.29471504067473125,0.166,0.15999999999999992,0.20245398773006135,0.7436440677966103,0.9362822538177991,0.04878048780487804,South,M,0.5515857047044168,0.2858693578235075
P13247,Dress,Wool,Spring,0.7100224710962179,0.048,0.4800000000000002,0.4846625766871166,0.47245762711864403,0.8836229594523435,0.0,South,XL,0.5727603717543355,0.6463996941605643
P13248,Dress,Rayon,Winter,0.5563466280758,0.396,0.6800000000000002,0.21676891615541924,0.47245762711864403,0.5945234333859927,0.878048780487805,Central,XL,0.4474226310242406,0.4215871453375311
P13249,Dress,Cotton,Spring,0.5751832961177126,0.8540000000000001,0.4800000000000002,0.7055214723926382,0.35381355932203395,0.7303844128488679,0.9512195121951221,East,L,0.37254958321356707,0.30192148804816116
P13250,Sweater,Linen,Summer,0.3481606612517676,0.7540000000000001,0.6800000000000002,0.7423312883435584,0.5063559322033897,0.9541864139020538,0.0,Central,XL,0.5637779055284085,0.21631574111640323
P13251,Sweater,Polyester,Summer,0.41378822999568526,0.518,0.08000000000000007,0.2638036809815951,0.5233050847457625,0.850974196945761,0.2926829268292683,Central,XL,0.4140988789882149,0.30021795921631517
P13252,T-Shirt,Polyester,Summer,0.4672810918401733,0.5720000000000001,0.8800000000000001,0.6094069529652353,0.23516949152542366,0.659294365455503,0.902439024390244,South,L,0.4156031426655169,0.2847132323678217
P13253,Sweater,Rayon,Summer,0.21066967646030635,0.13,0.9199999999999999,0.08588957055214726,0.625,0.5402843601895736,0.34146341463414637,West,S,0.4478489987544313,0.19858838490801844
P13254,Hoodie,Linen,Winter,0.1815848027992026,0.84,0.6000000000000001,0.12678936605316973,0.8961864406779663,0.47604002106371773,0.14634146341463422,South,XL,0.6132269809332183,0.12811756740170724
P13255,Shirt,Linen,Spring,0.3870433737823563,0.7859999999999999,0.8800000000000001,0.147239263803681,0.4216101694915253,0.7572406529752503,0.7073170731707319,South,M,0.3996215387563476,0.22520447257431692
P13256,Jacket,Cotton,Autumn,0.5993015378607264,0.6559999999999999,0.11999999999999988,0.3783231083844581,0.26906779661016955,0.8093733543970513,0.5609756097560976,North,M,0.386873622688512,0.3483222339534757
P13257,Jacket,Rayon,Spring,0.37714475354230764,0.466,0.8,0.23721881390593047,0.7436440677966103,0.21800947867298576,0.17073170731707316,West,XL,0.3641899013126377,0.3103959709841483
P13258,T-Shirt,Rayon,Summer,0.3080465263496043,0.9640000000000001,0.11999999999999988,0.6196319018404909,0.625,0.4744602422327541,0.04878048780487804,South,XL,0.478528312733544,0.17291251735998972
P13259,Sweater,Denim,Autumn,0.3466174465150117,0.88,0.40000000000000013,0.008179959100204501,0.4555084745762712,0.7714586624539232,0.34146341463414637,West,L,0.645803391779247,0.19223048867136955
P13260,Hoodie,Rayon,Winter,0.41451889493227173,0.644,0.32000000000000006,0.9693251533742333,1.0,0.6761453396524487,0.853658536585366,North,XL,0.479615789977963,0.3355643964954674
P13261,Trousers,Polyester,Summer,0.43369570009983655,0.37200000000000005,0.6000000000000001,0.15337423312883436,0.40466101694915246,0.59189046866772,0.9756097560975612,West,S,0.5009150138928811,0.3242898912148654
P13262,T-Shirt,Cotton,Summer,0.9097711475533746,0.618,0.32000000000000006,0.5930470347648262,0.4555084745762712,0.3238546603475514,0.3170731707317073,East,L,0.5278432499760467,0.589270705306975
P13263,Hoodie,Linen,Autumn,0.6998498515049492,0.5760000000000001,0.6399999999999999,0.7116564417177915,0.5063559322033897,0.6097946287519749,0.6341463414634148,North,M,0.4531187122736418,0.47989929742458465
P13264,Trousers,Rayon,Winter,0.6942092441712149,0.394,0.3600000000000001,0.815950920245399,0.4555084745762712,0.6124275934702477,0.7073170731707319,West,L,0.3698141228322315,0.5207519905509664
P13265,Hoodie,Cotton,Autumn,0.7213855706272695,0.306,0.8800000000000001,0.16768916155419222,0.5063559322033897,0.4328593996840443,0.9756097560975612,Central,XL,0.43842100220369834,0.58284382552904
P13266,Trousers,Rayon,Winter,0.3118226783279111,0.408,0.6399999999999999,0.883435582822086,0.4555084745762712,0.9610321221695631,0.878048780487805,West,XL,0.41900929385838837,0.23596657475806646
P13267,Jeans,Linen,Summer,0.2695795369725906,0.574,0.20000000000000018,0.12065439672801638,0.3877118644067796,0.6535018430753029,0.12195121951219517,North,S,0.4877790552840854,0.18109144513796757
P13268,Hoodie,Wool,Spring,0.29140500253528134,0.428,0.32000000000000006,0.21676891615541924,0.35381355932203395,0.850974196945761,0.43902439024390244,Central,S,0.4355993101465938,0.20878559597860435
P13269,Jacket,Linen,Summer,0.7527380251260553,0.264,0.8399999999999999,0.23721881390593047,0.6080508474576272,0.129015271195366,0.878048780487805,West,L,0.5329309188464117,0.652045827098521
P13270,Dress,Linen,Spring,0.3971624532705129,0.76,0.40000000000000013,0.6257668711656442,0.7605932203389831,0.7572406529752503,0.0,West,M,0.48438727603717535,0.2711521496620873
P13271,Sweater,Linen,Spring,0.2641026993660222,0.532,0.52,0.7811860940695298,0.26906779661016955,0.602422327540811,0.5853658536585367,North,L,0.4109801667145731,0.17247755641196685
P13272,Trousers,Rayon,Winter,0.4191201943820685,0.068,0.6399999999999999,0.7075664621676893,0.8622881355932202,0.3085834649815693,0.21951219512195125,Central,L,0.7097441793618855,0.447310738284134
P13273,Jeans,Denim,Autumn,0.45547707381290564,0.368,0.3600000000000001,0.16564417177914112,0.4555084745762712,0.13638757240652977,0.6097560975609757,Central,S,0.5695697997508862,0.34921594413290635
P13274,Hoodie,Linen,Winter,0.5512855136228068,0.8840000000000001,0.28000000000000025,0.6421267893660533,0.6419491525423728,0.37967351237493424,0.5365853658536586,West,L,0.47061895180607444,0.32217471841766787
P13275,Jacket,Polyester,Summer,0.5479849237368472,0.756,0.4800000000000002,0.6523517382413089,0.43855932203389836,0.44181147972617174,0.39024390243902446,East,S,0.4228178595381814,0.3232986217877259
P13276,Dress,Polyester,Autumn,0.3440664180726193,0.324,0.20000000000000018,0.736196319018405,0.43855932203389836,0.14060031595576622,0.7073170731707319,North,S,0.6319009293858389,0.2697599521595048
P13277,Trousers,Cotton,Spring,0.6301280395818832,0.938,0.28000000000000025,0.28629856850715746,0.5911016949152543,0.6703528172722487,0.6341463414634148,North,L,0.3758215962441314,0.3425886623305016
P13278,Hoodie,Denim,Spring,0.37977766684828307,0.076,0.08000000000000007,0.4519427402862986,0.3877118644067796,0.3075302790942602,0.2439024390243903,South,S,0.7022947207051835,0.32894465550447977
P13279,Hoodie,Cotton,Summer,0.4710320484758392,0.9620000000000001,0.32000000000000006,0.8364008179959102,0.5911016949152543,0.8062137967351238,0.07317073170731708,Central,XL,0.2944955446967519,0.25418420773506667
P13280,Trousers,Polyester,Autumn,0.6303390505765009,0.24600000000000002,0.32000000000000006,0.1411042944785276,0.3029661016949152,0.648762506582412,0.4146341463414634,Central,XL,0.8983089010251988,0.4771181271085126
P13281,T-Shirt,Polyester,Summer,0.3792832082489552,0.01,0.9600000000000002,0.7893660531697343,0.31991525423728806,0.3106898367561875,0.43902439024390244,South,L,0.4398869406917696,0.32782715190200595
P13282,T-Shirt,Wool,Summer,0.3929768769742913,0.434,0.6000000000000001,0.9611451942740288,0.6080508474576272,0.36018957345971564,0.853658536585366,West,M,0.3139503688799463,0.3113734982746921
P13283,Jacket,Linen,Winter,0.6123684724378697,0.358,0.8,0.022494887525562373,0.5063559322033897,0.9426013691416536,0.6097560975609757,West,M,0.4043834435182523,0.4812157891493875
P13284,Dress,Polyester,Summer,0.33848250025982696,0.54,0.040000000000000036,0.605316973415133,0.6927966101694913,0.9483938915218538,0.0,North,XL,0.4557104531953626,0.26162780717867384
P13285,Trousers,Rayon,Autumn,0.4278503806071447,0.7959999999999999,0.11999999999999988,0.21267893660531698,0.7944915254237288,0.4186413902053712,0.4634146341463415,West,S,0.41955063715627094,0.2875231024168201
P13286,Jacket,Rayon,Summer,0.6055814770139739,0.8420000000000001,0.8,0.42126789366053174,0.5911016949152543,0.6793048973143762,0.2439024390243903,East,M,0.5516910989748012,0.35704377768457596
P13287,Jacket,Cotton,Autumn,0.8887172893590619,0.402,0.6399999999999999,0.130879345603272,0.5063559322033897,0.9805160610847817,0.5853658536585367,East,M,0.5414391108556098,0.6777572654477738
P13288,Shirt,Cotton,Spring,0.6149635927298838,0.43,0.20000000000000018,0.12678936605316973,0.43855932203389836,0.9947340705634545,0.43902439024390244,East,L,0.9568793714668964,0.44875068599059126
P13289,Hoodie,Linen,Summer,0.5898753302951948,0.14800000000000002,0.40000000000000013,0.3619631901840491,0.777542372881356,0.07214323328067405,0.7560975609756098,South,L,0.5130736801762958,0.5850565575739463
P13290,Sweater,Linen,Autumn,0.6008667985222931,0.048,0.52,0.8793456032719837,0.6758474576271185,0.553975776724592,0.0,East,M,0.3100411995784229,0.60021708606973
P13291,Hoodie,Wool,Spring,0.297769975969942,0.642,0.8399999999999999,0.014314928425357875,0.7266949152542375,0.7272248551869407,0.0,South,M,0.47574015521701635,0.21965957006857476
P13292,T-Shirt,Denim,Autumn,0.5224085015384905,0.064,0.08000000000000007,0.3231083844580777,0.4216101694915253,0.18694049499736703,0.04878048780487804,North,XL,0.5203075596435757,0.46123898905103944
P13293,Dress,Cotton,Spring,0.49493927922423536,0.7340000000000001,0.6000000000000001,0.02044989775051125,0.5063559322033897,0.8225381779884151,0.9512195121951221,North,L,0.4272348375970106,0.3071538933755063
P13294,Hoodie,Linen,Winter,0.5613321565008708,0.54,0.72,0.556237218813906,0.48940677966101687,0.468667719852554,0.7560975609756098,East,L,0.5927709111813739,0.3926905575447753
P13295,Trousers,Cotton,Summer,0.5225785701013168,0.198,0.9600000000000002,0.8384458077709612,0.3877118644067796,0.4981569246972091,0.853658536585366,South,M,0.6110376544984191,0.424366083176539
P13296,Jacket,Linen,Summer,0.5723141764744786,0.54,0.8,0.7750511247443764,0.2521186440677965,0.2743549236440232,0.17073170731707316,East,XL,0.40916930152342623,0.35640246143991194
P13297,Trousers,Polyester,Spring,0.44170781905964673,0.182,0.28000000000000025,0.19222903885480574,0.48940677966101687,0.3001579778830964,0.7073170731707319,West,S,0.4498898150809619,0.38022572029880264
P13298,Shirt,Cotton,Winter,0.5116406419773305,0.438,0.72,0.31492842535787324,0.3707627118644068,0.08425487098472882,0.9268292682926831,South,L,0.22654977483951322,0.36098397567651747
P13299,Dress,Polyester,Autumn,0.2685465279243132,0.8,0.7600000000000002,0.4192229038854806,0.625,0.9320695102685626,0.8048780487804879,South,L,0.37542876305451756,0.17216371974733122
P13300,Jacket,Polyester,Winter,0.44011421363760905,0.462,0.72,0.2331288343558282,0.6758474576271185,0.382306477093207,0.17073170731707316,South,M,0.46224968860783744,0.3522583886814008
P13301,Trousers,Denim,Autumn,0.763383057391841,0.14800000000000002,0.8399999999999999,0.7730061349693252,0.5741525423728815,0.16219062664560296,0.5853658536585367,South,M,0.5208009964549198,0.6928100397172553
P13302,T-Shirt,Polyester,Autumn,0.5608093531410718,0.7240000000000001,0.9199999999999999,0.17586912065439675,0.43855932203389836,0.14218009478672988,0.6097560975609757,West,S,0.4811344256012263,0.33837295186352795
P13303,Sweater,Rayon,Summer,0.496611620092026,0.18600000000000003,0.08000000000000007,0.6359918200408999,0.3029661016949152,0.40758293838862564,0.6341463414634148,East,L,0.379558302194117,0.38931227402991175
P13304,Shirt,Rayon,Spring,0.8588639577474103,0.738,0.11999999999999988,0.4008179959100205,0.2860169491525424,0.6324381253291207,0.43902439024390244,North,XL,0.6596387850915013,0.46963908089018486
P13305,Dress,Rayon,Summer,0.24341417364000267,0.48,0.8,0.7137014314928426,0.5741525423728815,0.7783043707214324,0.5365853658536586,Central,XL,0.645324326913864,0.187665990871054
P13306,Shirt,Polyester,Summer,0.29091684277161367,0.454,0.2400000000000002,0.1983640081799591,0.625,0.9252238020010534,0.9756097560975612,Central,M,0.6594040433074637,0.23106030952451115
P13307,T-Shirt,Linen,Summer,0.8242077639448347,0.8520000000000001,0.040000000000000036,0.8793456032719837,0.6588983050847457,0.6361242759347026,0.3658536585365854,South,XL,0.7233639934847178,0.4921457239977691
P13308,Dress,Rayon,Autumn,0.5092502338442738,0.708,0.40000000000000013,0.036809815950920255,0.40466101694915246,0.42074776197998953,0.17073170731707316,South,XL,0.3590495353070805,0.3069399476568466
P13309,Shirt,Denim,Summer,0.45472436295150837,0.032,0.8,0.638036809815951,0.3368644067796609,0.42232754081095314,0.7073170731707319,North,M,0.5621969914726453,0.3915472812348595
P13310,Jeans,Rayon,Autumn,0.27395722775644926,0.29600000000000004,0.11999999999999988,0.8466257668711658,0.8283898305084745,0.5745129015271196,0.17073170731707316,Central,S,0.6316853501964166,0.25716461422647496
P13311,T-Shirt,Cotton,Spring,0.5851638012213441,0.87,0.6800000000000002,0.030674846625766878,0.3029661016949152,0.5381779884149553,0.2439024390243903,South,S,0.8269809332183577,0.2955892652977514
P13312,T-Shirt,Polyester,Autumn,0.6034493211429867,0.018000000000000002,0.0,0.0899795501022495,0.6419491525423728,0.6413902053712481,0.14634146341463422,West,L,0.7156366772060936,0.6026528673786582
P13313,T-Shirt,Cotton,Autumn,0.293741870565226,0.546,0.52,0.31492842535787324,0.3877118644067796,0.5034228541337548,0.48780487804878053,Central,M,0.4636916738526396,0.19973352161548788
P13314,Jeans,Cotton,Winter,0.47405548959274874,0.728,0.3600000000000001,0.9079754601226995,0.3707627118644068,0.058978409689310174,0.8048780487804879,West,M,0.27212800613203025,0.27805491913422353
P13315,Jeans,Cotton,Summer,0.43716320913079215,0.622,0.08000000000000007,0.8364008179959102,0.4216101694915253,0.500789889415482,0.48780487804878053,North,L,0.3266599597585513,0.28313826940957726
P13316,Trousers,Wool,Summer,0.5489360479215416,0.76,0.8399999999999999,0.47034764826175873,0.3707627118644068,0.022643496577145872,0.09756097560975613,North,XL,0.5972262144294337,0.31271509296381766
P13317,Jacket,Wool,Summer,0.2890649850875066,0.726,0.8800000000000001,0.3190184049079755,0.21822033898305082,0.18062137967351238,0.39024390243902446,Central,S,0.5094663217399635,0.16271778681947527
P13318,Sweater,Linen,Summer,0.7371389586135002,0.6920000000000001,0.7600000000000002,0.22903885480572597,0.26906779661016955,0.3875724065297525,0.48780487804878053,East,L,0.40031618281115255,0.4149993039632619
P13319,Shirt,Polyester,Winter,0.6736214998157589,0.8220000000000001,0.2400000000000002,0.768916155419223,0.3877118644067796,0.5513428120063193,0.12195121951219517,Central,L,0.2150186835297499,0.36625143089377166
P13320,Trousers,Denim,Winter,0.49831545513811765,0.6459999999999999,0.52,0.7321063394683027,0.48940677966101687,0.18483412322274884,0.14634146341463422,West,L,0.627891156462585,0.3262190738673081
P13321,Shirt,Denim,Winter,0.45966894894478755,0.402,0.20000000000000018,0.7811860940695298,0.35381355932203395,0.2764612954186414,0.2439024390243903,East,S,0.3348567596052505,0.3293146513699322
P13322,Sweater,Denim,Winter,0.47478615452933526,0.47200000000000003,0.28000000000000025,0.08793456032719837,0.43855932203389836,0.3744075829383886,0.4146341463414634,West,XL,0.7041774456261376,0.3396458110643746
P13323,Jacket,Cotton,Summer,0.3534894762203207,0.716,0.52,0.7443762781186095,0.3029661016949152,0.19747235387045814,0.902439024390244,West,S,0.3569081153588195,0.20555492880829085
P13324,Jeans,Wool,Autumn,0.49831545513811765,0.876,0.72,0.8425357873210635,0.26906779661016955,0.9994734070563457,0.26829268292682934,West,M,0.4366436715531282,0.24848764562075812
P13325,Jacket,Polyester,Spring,0.4494931799356888,0.272,0.08000000000000007,0.7443762781186095,0.5402542372881354,0.8051606108478148,0.5121951219512195,South,M,0.40470920762671264,0.3776894775219822
P13326,Jeans,Polyester,Winter,0.805339601724621,0.342,0.28000000000000025,0.2229038854805726,0.48940677966101687,0.8114797261716694,0.04878048780487804,East,L,0.5916786432883012,0.6317553143620408
P13327,Sweater,Wool,Autumn,0.6794416239658098,0.93,0.9199999999999999,0.22494887525562374,0.3707627118644068,0.5692469720905741,0.43902439024390244,South,M,0.4040528887611382,0.33525683557191244
P13328,Jacket,Wool,Winter,0.6771803419637878,0.578,0.44000000000000017,0.45398773006134974,0.3368644067796609,0.9620853080568722,0.5365853658536586,South,S,0.4701734214812685,0.4276854292969057
P13329,Trousers,Rayon,Summer,0.5704686176260317,0.17800000000000002,0.9199999999999999,0.7873210633946831,0.5911016949152543,0.7324907846234862,0.8048780487804879,West,M,0.45029222956788345,0.5142901849096259
P13330,Dress,Rayon,Summer,0.2894271681379697,0.664,1.0,0.7955010224948876,0.6758474576271185,0.3312269615587151,0.04878048780487804,North,M,0.37428379802625267,0.2065909966085201
P13331,Trousers,Polyester,Autumn,0.4927252384896651,0.99,0.52,0.539877300613497,0.7436440677966103,0.610847814639284,0.5365853658536586,Central,XL,0.5028073201111429,0.2754957314542425
P13332,Shirt,Polyester,Autumn,0.6839515902985333,0.8240000000000001,0.28000000000000025,0.5521472392638038,0.23516949152542366,0.5439705107951555,0.09756097560975613,North,S,0.5386222094471591,0.34374878143960236
P13333,Trousers,Polyester,Autumn,0.26279569096652483,0.746,0.8,0.43149284253578735,0.3877118644067796,0.5808320168509743,0.6829268292682928,West,M,0.6018156558398007,0.15882682734945142
P13334,Sweater,Cotton,Summer,0.620849854654367,0.20800000000000002,0.15999999999999992,0.6400817995910022,0.5402542372881354,0.8183254344391786,0.8048780487804879,Central,S,0.5883060266360065,0.5381760275422184
P13335,T-Shirt,Linen,Summer,0.9394575600200302,0.876,0.2400000000000002,0.5255623721881392,0.43855932203389836,0.5097419694576093,0.09756097560975613,Central,M,0.6037031714094088,0.4958087971701319
P13336,Shirt,Polyester,Spring,0.7012104000075585,0.526,0.8,0.7893660531697343,0.1673728813559321,0.7288046340179043,0.6829268292682928,West,XL,0.24605729615789973,0.41857975067894587
P13337,Jacket,Rayon,Autumn,0.7677670470113599,0.89,0.44000000000000017,0.5030674846625768,0.3029661016949152,0.2506582411795682,0.5609756097560976,South,M,0.49727412091597195,0.37705756248628886
P13338,Shirt,Linen,Spring,0.5418215130433139,0.33,0.20000000000000018,0.8895705521472393,0.3707627118644068,0.9325961032122171,0.9268292682926831,Central,L,0.37199386796972306,0.406245538146534
P13339,Dress,Cotton,Winter,0.6834697293705259,0.062000000000000006,0.6399999999999999,0.11042944785276075,0.1673728813559321,0.08636124275934705,0.48780487804878053,Central,XL,0.5019737472453769,0.5280259713482901
P13340,Jeans,Linen,Spring,0.3649155641079746,0.47600000000000003,0.72,0.6298568507157465,0.7097457627118642,0.9942074776197999,0.7560975609756098,Central,M,0.5205614640222285,0.29467712477989016
P13341,Jacket,Denim,Winter,0.6509551396924278,0.27,0.11999999999999988,0.7137014314928426,0.3877118644067796,0.6329647182727752,0.09756097560975613,Central,L,0.5304014563571907,0.5073558382896804
P13342,Hoodie,Linen,Winter,0.6242197317325892,0.716,0.28000000000000025,0.14519427402862986,0.5911016949152543,0.4702474986835176,0.4146341463414634,East,M,0.26998658618376925,0.40463924609348756
P13343,Shirt,Polyester,Spring,0.555348262623654,0.958,0.2400000000000002,0.6032719836400819,0.7944915254237288,0.3106898367561875,0.902439024390244,South,L,0.8445434511832901,0.3242650363035498
P13344,Jacket,Cotton,Autumn,0.7492421713346287,0.6900000000000001,0.3600000000000001,0.4335378323108385,0.5572033898305082,0.4054765666140074,0.8292682926829269,East,XL,0.8313739580339177,0.4854501035918968
P13345,Jacket,Polyester,Winter,0.39875290927472057,0.886,0.7600000000000002,0.6012269938650308,0.40466101694915246,0.7830437072143234,0.902439024390244,East,M,0.4110472357957267,0.21323271509594047
P13346,Jacket,Rayon,Autumn,0.46521822316144856,0.454,0.72,0.34764826175869123,0.7944915254237288,0.1395471300684571,0.3658536585365854,West,S,0.3405384689086902,0.39244166115740936
P13347,Jeans,Denim,Summer,0.5186040047997127,0.772,0.6800000000000002,0.5010224948875257,0.7944915254237288,0.2527646129541864,0.8292682926829269,South,M,0.9089824662259269,0.3528252394133209
P13348,Hoodie,Rayon,Winter,0.49831545513811765,0.8440000000000001,0.0,0.28629856850715746,0.6588983050847457,0.12374934175882045,0.5609756097560976,North,S,0.6596339944428475,0.30399687314301316
P13349,Sweater,Polyester,Summer,0.49831545513811765,0.71,0.15999999999999992,0.21063394683026587,0.2521186440677965,0.42706687730384413,0.853658536585366,South,XL,0.6081680559547762,0.2786788716683876
P13350,Trousers,Polyester,Spring,0.17574578214217107,0.508,0.2400000000000002,0.21267893660531698,0.6758474576271185,0.3875724065297525,0.09756097560975613,North,S,0.3245520743508671,0.14062440002178897
P13351,Jacket,Polyester,Autumn,0.6984011193030968,0.626,0.28000000000000025,0.48875255623721886,0.6080508474576272,0.6492890995260665,0.1951219512195122,Central,L,0.732173996359107,0.4848474092004447
P13352,T-Shirt,Wool,Spring,0.5093762105574784,0.7000000000000001,0.15999999999999992,0.8588957055214725,0.5063559322033897,0.9963138493944182,0.07317073170731708,North,S,0.37570662067643956,0.32352313456448983
P13353,Sweater,Denim,Winter,0.402132234606433,0.254,0.40000000000000013,0.6339468302658487,0.5911016949152543,0.8925750394944709,0.7804878048780488,North,XL,0.47390054613394644,0.34931848924605874
P13354,Dress,Polyester,Summer,0.49831545513811765,0.81,0.08000000000000007,0.8486707566462169,0.2521186440677965,0.8809899947340707,0.6341463414634148,North,XL,0.6984622017821214,0.25923769242836053
P13355,Jeans,Polyester,Winter,0.45623608350996314,0.9500000000000001,0.7600000000000002,0.8118609406952967,0.4555084745762712,0.6461295418641391,0.5121951219512195,Central,S,0.44136246047714855,0.2349917512453005
P13356,Shirt,Rayon,Spring,0.6306224981812112,0.466,0.8,0.6543967280163601,0.48940677966101687,0.2706687730384413,0.2439024390243903,West,L,0.5340327680367921,0.46099202747712925
P13357,Jeans,Rayon,Autumn,0.604066607037689,0.7020000000000001,0.56,0.8384458077709612,1.0,0.38441284886782523,0.09756097560975613,East,XL,0.669406917696656,0.46689090162406255
P13358,Shirt,Polyester,Autumn,0.36724298388442894,0.738,0.08000000000000007,0.570552147239264,0.6419491525423728,0.25013164823591366,0.21951219512195125,North,M,0.3265018683529749,0.24359760305386985
P13359,Jeans,Cotton,Winter,0.3406933915765671,0.662,0.8800000000000001,0.7566462167689163,0.8114406779661016,0.13533438651922064,0.04878048780487804,South,XL,0.6675194021270479,0.25514997731307193
P13360,Shirt,Wool,Winter,0.6246952938249364,0.5479999999999999,0.9600000000000002,0.752556237218814,0.40466101694915246,0.43601895734597157,0.34146341463414637,West,M,0.7315272587908401,0.4167517736534169
P13361,Jacket,Rayon,Summer,0.3640652212938438,0.882,0.20000000000000018,0.04294478527607362,0.40466101694915246,0.8978409689310165,0.878048780487805,East,S,0.4906486538277282,0.19648792165414444
P13362,Trousers,Cotton,Spring,0.5118862965680794,0.44799999999999995,0.72,0.15746421267893662,0.47245762711864403,0.7440758293838864,0.9512195121951221,North,L,0.6777713902462392,0.3767588570550889
P13363,Shirt,Wool,Winter,0.5239485668574164,0.062000000000000006,0.8399999999999999,0.6134969325153375,0.4216101694915253,0.9852553975776727,0.39024390243902446,East,M,0.38900067069081146,0.4630383407595442
P13364,Hoodie,Polyester,Summer,0.5595338389198756,0.8440000000000001,0.52,0.7995910020449899,0.3877118644067796,0.1948393891521854,0.4634146341463415,North,L,0.2796924403564242,0.3012428894365238
P13365,Shirt,Denim,Winter,0.662746560048375,0.674,0.32000000000000006,0.9693251533742333,0.3029661016949152,0.500789889415482,0.07317073170731708,North,L,0.215766024719747,0.38577640243961125
P13366,T-Shirt,Linen,Autumn,0.9999999999999999,0.85,0.4800000000000002,0.3967280163599182,0.5233050847457625,0.7935755660874145,0.8048780487804879,East,S,0.5742933793235603,0.560444415736443
P13367,Shirt,Linen,Summer,0.139420396889635,0.138,0.52,0.6523517382413089,0.2521186440677965,0.46076882569773564,0.8048780487804879,North,XL,0.5656414678547474,0.113557178351402
P13368,T-Shirt,Polyester,Summer,0.3933359106069243,0.03,0.40000000000000013,0.719836400817996,0.9639830508474576,0.35545023696682465,0.7317073170731709,North,XL,0.4165229472070518,0.444353996049607
P13369,Dress,Rayon,Winter,0.8409910115615128,0.934,0.9199999999999999,0.7566462167689163,0.3877118644067796,0.8162190626645605,0.8048780487804879,West,XL,0.6689613873718501,0.4134765561630208
P13370,Jacket,Cotton,Spring,0.8826830047965633,0.14800000000000002,0.7600000000000002,0.8793456032719837,0.5741525423728815,0.43075302790942605,0.04878048780487804,South,L,0.4078566637922774,0.8007015137484371
P13371,T-Shirt,Denim,Autumn,0.8465938258812857,0.81,0.2400000000000002,0.040899795501022504,0.8453389830508473,0.9136387572406532,0.6585365853658538,Central,XL,0.322080099645492,0.564854153265603
P13372,Trousers,Wool,Spring,0.46409703041392797,0.8240000000000001,0.6000000000000001,0.32515337423312884,0.6588983050847457,0.2685624012638231,0.9756097560975612,West,XL,0.36423301715052214,0.28833101106108044
P13373,Sweater,Polyester,Summer,0.16380633914820852,0.708,0.6800000000000002,0.47239263803680986,0.3707627118644068,0.8967877830437074,0.878048780487805,Central,S,0.703444476382102,0.10519119380073863
P13374,Jacket,Denim,Spring,0.057812682075718366,0.132,0.15999999999999992,0.736196319018405,0.5911016949152543,0.27856766719325965,0.6829268292682928,Central,XL,0.6214812685637634,0.05516222617056462
P13375,T-Shirt,Denim,Summer,0.3845332877717553,0.668,0.3600000000000001,0.6134969325153375,0.9639830508474576,0.2896261190100053,0.34146341463414637,South,L,0.4764539618664367,0.30269042756499953
P13376,Jacket,Rayon,Spring,0.46313645797574315,0.89,0.9199999999999999,0.08793456032719837,0.3029661016949152,0.42074776197998953,0.853658536585366,West,S,0.4617706237424547,0.23324248143893764
P13377,Hoodie,Wool,Winter,0.7463384080952635,0.42600000000000005,0.56,0.605316973415133,0.5402542372881354,0.5160610847814641,0.8292682926829269,North,XL,0.4191003161828111,0.5709956232535208
P13378,Jacket,Denim,Spring,0.6645480270472003,0.414,0.20000000000000018,0.7177914110429449,0.47245762711864403,0.4186413902053712,0.9756097560975612,South,M,0.15062278432499757,0.49691384851164716
P13379,Jacket,Rayon,Summer,0.5435347963428959,0.44200000000000006,0.11999999999999988,0.36605316973415136,0.5063559322033897,0.8625592417061613,0.21951219512195125,North,XL,0.27067643958992044,0.40734513232189223
P13380,Dress,Cotton,Autumn,0.3324135721011971,0.08199999999999999,0.52,0.9631901840490799,0.5233050847457625,0.7962085308056874,0.39024390243902446,North,L,0.48051164127622875,0.30596514894938137
P13381,Trousers,Rayon,Autumn,0.3190096498162315,0.892,0.56,0.8057259713701432,0.31991525423728806,0.3101632438125329,0.7073170731707319,North,S,0.5853166618760179,0.166222403730876
P13382,Jeans,Cotton,Autumn,0.548586462542399,0.87,0.32000000000000006,0.20449897750511248,0.5741525423728815,0.5118483412322277,0.17073170731707316,North,XL,0.45352112676056333,0.3150652959852819
P13383,Jeans,Cotton,Summer,0.6322822413776813,0.998,0.6399999999999999,0.2331288343558282,0.3029661016949152,0.4312796208530806,0.5365853658536586,West,M,0.2776324614352783,0.28534566831483005
P13384,T-Shirt,Denim,Spring,0.574616400908292,0.5860000000000001,0.08000000000000007,0.4335378323108385,0.5402542372881354,0.056345444971037384,0.43902439024390244,Central,XL,0.7342339752802529,0.3991283516550245
P13385,Jacket,Rayon,Autumn,0.3050608782466561,0.752,0.15999999999999992,0.034764826175869123,0.3707627118644068,0.7482885729331229,0.878048780487805,Central,S,0.30342052313883294,0.18031193856302496
P13386,T-Shirt,Cotton,Autumn,0.6235174115564738,0.20199999999999999,0.56,0.8057259713701432,0.20127118644067798,0.1816745655608215,0.853658536585366,West,S,0.5029175050301811,0.4578772258664516
P13387,Dress,Wool,Autumn,0.581047512117385,0.668,0.08000000000000007,0.05316973415132925,0.40466101694915246,0.9347024749868353,0.07317073170731708,Central,S,0.5233975280252946,0.35851334292008596
P13388,Dress,Denim,Winter,0.2982455380622892,0.65,0.8800000000000001,0.8711656441717792,0.5402542372881354,0.39810426540284366,0.6097560975609757,South,S,0.8376018012838937,0.20307087638417298
P13389,Shirt,Rayon,Summer,0.3523556858014796,0.902,0.15999999999999992,0.7300613496932516,0.4555084745762712,0.6224328593996842,0.9512195121951221,North,S,0.3648845453674427,0.19190534078960828
P13390,Hoodie,Rayon,Summer,0.6306665900308327,0.8300000000000001,0.6800000000000002,0.916155419222904,0.0,0.8188520273828332,0.6341463414634148,North,L,0.5072147168726644,0.27808520640639556
P13391,Dress,Linen,Summer,0.45625183059911373,0.938,0.40000000000000013,0.8936605316973416,0.06567796610169485,0.18062137967351238,0.2926829268292683,North,M,0.5262000574877838,0.1961867604981738
P13392,Shirt,Rayon,Summer,0.8008579801523686,0.868,0.40000000000000013,0.5807770961145196,0.5572033898305082,0.5413375460768827,0.8048780487804879,East,M,0.33712752706716487,0.45157958170523743
P13393,Trousers,Denim,Summer,0.49831545513811765,0.868,0.7600000000000002,0.30265848670756645,0.6419491525423728,0.2374934175882043,0.7804878048780488,South,M,0.5439494107502155,0.2961685434853293
P13394,T-Shirt,Wool,Winter,0.40860743766514757,0.064,0.4800000000000002,0.5807770961145196,0.3707627118644068,0.5097419694576093,0.6097560975609757,East,L,0.43781738047331603,0.35275930692402263
P13395,Sweater,Rayon,Spring,0.4986366957567893,0.846,0.72,0.278118609406953,0.2860169491525424,0.5797788309636652,0.4634146341463415,West,S,0.4559931014659384,0.25666843379628956
P13396,Trousers,Linen,Winter,0.512541375476743,0.608,0.52,0.3844580777096115,0.5741525423728815,0.1690363349131122,0.17073170731707316,East,XL,0.396660917888282,0.3571484560535898
P13397,Dress,Denim,Autumn,0.3629251320393425,0.38,0.6000000000000001,0.3865030674846626,0.6588983050847457,0.5813586097946288,0.3658536585365854,West,L,0.6697422631024239,0.30339933825410964
P13398,Trousers,Cotton,Winter,0.3281177661809215,0.055999999999999994,0.7600000000000002,0.40490797546012275,0.3368644067796609,0.45497630331753564,0.09756097560975613,Central,S,0.48234645971064477,0.28049464448596517
P13399,Trousers,Polyester,Summer,0.6331010900135109,0.6779999999999999,0.6000000000000001,0.2065439672801636,0.5572033898305082,0.5223802001053187,0.8048780487804879,South,L,0.38532145252467176,0.4152700042099556
P13400,Hoodie,Polyester,Winter,0.660290014140886,0.32799999999999996,0.6000000000000001,0.9775051124744377,0.7097457627118642,0.9052132701421803,0.6341463414634148,East,XL,0.18930727220465648,0.5773103334616263
P13401,Hoodie,Cotton,Summer,0.6146580992003627,0.46799999999999997,0.8,0.18404907975460125,0.5911016949152543,0.4839389152185361,0.853658536585366,East,XL,0.7708920187793427,0.4701966544396378
P13402,Hoodie,Rayon,Winter,0.7869060591649633,0.682,0.9600000000000002,1.0000000000000002,0.5741525423728815,0.4765666140073724,0.07317073170731708,North,M,0.5114017437961099,0.5162279005855143
P13403,Trousers,Polyester,Summer,0.39818916348313016,0.912,0.3600000000000001,0.45603271983640087,0.5741525423728815,0.47077409162717215,1.0,South,L,0.685647216633132,0.224486259897439
P13404,Dress,Polyester,Autumn,0.8169420570107614,0.826,0.56,0.008179959100204501,0.5911016949152543,0.6234860452869933,0.14634146341463422,North,XL,0.6785714285714284,0.483739703691753
P13405,Sweater,Cotton,Summer,0.3303223586620013,0.45,0.08000000000000007,0.719836400817996,0.26906779661016955,0.3675618746708795,0.878048780487805,South,S,0.5544313500047906,0.22339996136326362
P13406,Jacket,Rayon,Winter,0.3092023626932561,0.38799999999999996,0.52,0.028629856850715753,0.40466101694915246,0.8020010531858874,0.853658536585366,South,M,0.6317380473316087,0.23128194488639223
P13407,Trousers,Rayon,Autumn,0.16799191544443015,0.24,0.40000000000000013,0.8997955010224951,0.4555084745762712,0.2859399684044234,0.5609756097560976,East,XL,0.6824997604675671,0.1412881650635993
P13408,Shirt,Cotton,Winter,0.4163235113489271,0.37200000000000005,0.8399999999999999,0.008179959100204501,0.3368644067796609,0.29963138493944186,0.34146341463414637,North,M,0.35138928810961,0.3016384099564111
P13409,Dress,Rayon,Autumn,0.4053792843892806,0.11199999999999999,0.52,0.8241308793456034,0.5741525423728815,0.5892575039494472,0.12195121951219517,West,S,0.6289977963016191,0.3756731290428299
P13410,Trousers,Rayon,Spring,0.5999471685158998,0.9720000000000001,0.72,0.4683026584867076,0.5741525423728815,0.26013691416535023,0.6097560975609757,North,S,0.5415301331800324,0.3149258405846669
P13411,Sweater,Denim,Spring,0.5466495705768788,0.574,0.0,0.7280163599182006,0.4555084745762712,0.09004739336492891,0.6097560975609757,West,L,0.3726406055379898,0.36855976256763034
P13412,Jacket,Denim,Spring,0.2751351100249119,0.128,0.4800000000000002,0.687116564417178,0.5741525423728815,0.20589784096893105,0.5853658536585367,Central,S,0.6242454728370221,0.2536646359063078
P13413,Hoodie,Cotton,Winter,0.42635125772001037,0.35200000000000004,0.9199999999999999,0.23108384458077713,0.6758474576271185,0.9141653501843077,0.7804878048780488,South,S,0.3625658714189901,0.3638461352994213
P13414,Dress,Wool,Winter,0.430369914871236,0.5479999999999999,0.2400000000000002,0.006134969325153377,0.1673728813559321,0.010531858873091104,0.04878048780487804,North,S,0.5799271821404617,0.25787955260365863
P13415,Jeans,Polyester,Autumn,0.1649653249096905,0.532,0.040000000000000036,0.37423312883435583,0.48940677966101687,0.13375460768825698,0.1951219512195122,South,M,0.5415732490179169,0.12200869157892785
P13416,Jacket,Denim,Autumn,0.3151988542417934,0.036000000000000004,0.44000000000000017,0.4335378323108385,0.3707627118644068,0.7582938388625594,0.878048780487805,North,S,0.4073919708728561,0.2765425895602824
P13417,Shirt,Polyester,Autumn,0.354906714243872,0.9500000000000001,0.72,0.5030674846625768,0.6588983050847457,0.9805160610847817,0.902439024390244,Central,M,0.7713423397528025,0.20218284661860592
P13418,Trousers,Linen,Autumn,0.771470762379574,0.276,0.44000000000000017,0.06748466257668713,0.9300847457627119,0.6887835703001581,0.7073170731707319,North,XL,0.6252706716489411,0.7596411506444765
P13419,Sweater,Cotton,Summer,0.5367415020833398,0.016,0.44000000000000017,0.6032719836400819,0.3368644067796609,0.9225908372827806,0.6341463414634148,Central,XL,0.3849334099837117,0.46499314728762464
P13420,Jeans,Wool,Spring,0.6256905098592525,0.076,0.6800000000000002,0.9243353783231085,0.777542372881356,0.8557135334386521,0.2926829268292683,South,M,0.6806074542493052,0.6436234104887328
P13421,Sweater,Linen,Summer,0.2173747870206193,0.58,0.2400000000000002,0.39877300613496935,0.6080508474576272,0.48025276461295413,0.5365853658536586,East,M,0.4502970202165373,0.1612144119590919
P13422,Jeans,Linen,Summer,0.726229375249985,0.138,0.7600000000000002,0.8282208588957056,0.5911016949152543,0.3338599262769879,0.04878048780487804,West,S,0.44244993772156743,0.6677369657818814
P13423,Dress,Rayon,Summer,0.7464265917945067,0.042,0.15999999999999992,0.25766871165644173,0.7436440677966103,0.6324381253291207,0.5365853658536586,South,S,0.638152725879084,0.770038937376637
P13424,Jeans,Linen,Summer,0.12294579222030813,0.38,0.40000000000000013,0.2883435582822086,0.7605932203389831,0.533965244865719,0.8292682926829269,East,M,0.5948500526971352,0.1095298393380517
P13425,Shirt,Cotton,Spring,0.3672839263162204,0.622,0.6399999999999999,0.9222903885480573,0.8114406779661016,0.025803054239073198,0.5609756097560976,South,L,0.46493245185398097,0.28185719965419426
P13426,Shirt,Denim,Summer,0.5942467222433933,0.11199999999999999,0.8399999999999999,0.27607361963190186,0.48940677966101687,0.9578725645076359,0.878048780487805,South,L,0.7267988885695122,0.5287548254991744
P13427,T-Shirt,Cotton,Autumn,0.6223300810345207,0.314,0.8,0.25971370143149286,0.23516949152542366,0.5703001579778832,0.26829268292682934,North,L,0.38813835393312246,0.43817866682621437
P13428,Shirt,Denim,Winter,0.37235133960487404,0.418,0.72,0.6584867075664623,0.43855932203389836,0.8751974723538707,0.4634146341463415,Central,XL,0.705116412762288,0.2766353861902541
P13429,Jacket,Linen,Autumn,0.44283531064282766,0.16,0.3600000000000001,0.35378323108384463,0.879237288135593,0.735123749341759,0.4146341463414634,Central,S,0.39246910031618276,0.45457263890000993
P13430,Jeans,Linen,Winter,0.3876795561840393,0.506,0.11999999999999988,0.8425357873210635,0.6588983050847457,0.3412322274881517,0.14634146341463422,West,M,0.553252850435949,0.30075849152417755
P13431,Shirt,Wool,Autumn,0.5214290325933251,0.086,0.20000000000000018,0.4437627811860941,0.6927966101694913,0.9015271195365984,0.6097560975609757,North,XL,0.44931972789115643,0.5149546196945555
P13432,Dress,Denim,Autumn,0.7267899716237453,0.046,0.8800000000000001,0.23108384458077713,0.5741525423728815,0.7909426013691417,0.26829268292682934,South,XL,0.6151959375299415,0.6945146351770319
P13433,Sweater,Linen,Winter,0.35486262239425037,0.52,0.8399999999999999,0.7648261758691208,0.21822033898305082,0.4302264349657715,0.8048780487804879,Central,S,0.20794768611670017,0.22401890322668344
P13434,Hoodie,Rayon,Spring,0.6896835307493409,0.24800000000000003,0.9600000000000002,0.7137014314928426,0.5911016949152543,0.8409689310163244,0.7560975609756098,South,M,0.35077608508192004,0.5984185033255475
P13435,Sweater,Polyester,Summer,0.3528564432364677,0.096,0.08000000000000007,0.022494887525562373,0.5233050847457625,0.2717219589257504,0.7073170731707319,East,L,0.5832423110089106,0.32248257700483135
P13436,T-Shirt,Wool,Autumn,0.3403910474648761,0.424,0.52,0.9447852760736197,0.6419491525423728,0.6708794102159032,0.024390243902439046,East,S,0.6275701830027784,0.27593701775394747
P13437,Sweater,Cotton,Spring,0.6552509456127035,0.9159999999999999,0.6399999999999999,0.4969325153374234,0.21822033898305082,0.11479726171669301,0.17073170731707316,North,XL,0.40915492957746474,0.30361951010324856
P13438,Jeans,Wool,Summer,0.6747773361594108,0.7240000000000001,0.72,0.10429447852760737,0.3877118644067796,0.8662453923117431,0.7804878048780488,Central,XL,0.6552313883299798,0.395056859206403
P13439,T-Shirt,Polyester,Spring,0.661452149320198,0.816,0.6399999999999999,0.3783231083844581,0.5233050847457625,0.7298578199052134,1.0,East,XL,0.40053655264922866,0.3851860610879148
P13440,Jeans,Denim,Spring,0.25192390061697095,0.872,0.7600000000000002,0.474437627811861,0.777542372881356,0.152711953659821,0.7073170731707319,Central,XL,0.5752083932164415,0.16307572730878067
P13441,Dress,Cotton,Summer,0.4125158651923192,0.9720000000000001,0.3600000000000001,0.0020449897750511245,0.3368644067796609,0.02159031068983676,1.0,Central,L,0.4804254096004598,0.1990517975359605
P13442,T-Shirt,Cotton,Autumn,0.6560792425020234,0.7640000000000001,0.15999999999999992,0.0,0.625,0.3902053712480253,0.6585365853658538,West,M,0.2845693206860208,0.4160522641732775
P13443,Trousers,Denim,Spring,0.5084156381192937,0.608,0.20000000000000018,0.4867075664621677,0.625,0.6756187467087942,0.2926829268292683,East,L,0.7537894030851777,0.36224215013934125
P13444,Jacket,Wool,Autumn,0.2976723440172084,0.36600000000000005,0.0,0.11042944785276075,0.35381355932203395,0.28330700368615064,0.5609756097560976,East,XL,0.4202404905624221,0.2203967836057997
P13445,Jacket,Linen,Autumn,0.5871699803791268,0.182,0.3600000000000001,0.44785276073619634,0.625,0.9736703528172722,0.7804878048780488,South,M,0.3948644246430966,0.5361733467837596
P13446,Jeans,Wool,Autumn,0.36549190757088545,0.6859999999999999,0.08000000000000007,0.21063394683026587,0.48940677966101687,0.93522906793049,0.09756097560975613,South,S,0.4456644629682859,0.23561545572645745
P13447,Sweater,Polyester,Summer,0.8396651066550347,0.9940000000000001,0.32000000000000006,0.7239263803680983,0.5233050847457625,0.5982095839915745,0.12195121951219517,Central,S,0.4392737376640797,0.41689986129868045
P13448,Hoodie,Rayon,Winter,0.7924836781420953,0.46799999999999997,0.6399999999999999,0.8527607361963191,0.5233050847457625,0.315955766192733,0.07317073170731708,North,L,0.530003832518923,0.5858570742385938
P13449,Hoodie,Linen,Autumn,0.6147179381391349,0.7240000000000001,0.8800000000000001,0.9141104294478529,0.5741525423728815,0.8967877830437074,1.0,South,S,0.4324039474944907,0.39337610164061265
P13450,Trousers,Wool,Winter,0.7577455994759368,0.49600000000000005,0.8399999999999999,0.6605316973415134,0.31991525423728806,0.8041074249605056,0.8048780487804879,West,XL,0.4253760659193254,0.4989080954678632
P13451,T-Shirt,Rayon,Winter,0.5128059265744727,0.43200000000000005,0.2400000000000002,0.6891615541922291,0.40466101694915246,0.08636124275934705,0.6829268292682928,Central,M,0.5700009581297307,0.36905477714868223
P13452,Trousers,Rayon,Spring,0.6452043027346395,0.41000000000000003,0.11999999999999988,0.8077709611451944,0.5402542372881354,0.4765666140073724,0.48780487804878053,East,M,0.5015330075692248,0.4992592393047729
P13453,Trousers,Denim,Autumn,0.7798009725402258,0.504,0.20000000000000018,0.6237218813905931,0.6588983050847457,0.9815692469720908,0.6097560975609757,South,L,0.5671744754239724,0.5991305146772469
P13454,Sweater,Polyester,Autumn,0.5469550641063998,0.36600000000000005,0.9600000000000002,0.5644171779141105,0.6419491525423728,0.45392311743022645,0.7560975609756098,North,M,0.45943278719938674,0.4552035617236747
P13455,Hoodie,Polyester,Autumn,0.45234340307194215,0.748,0.56,0.018404907975460124,0.6758474576271185,0.9336492890995263,0.5121951219512195,Central,S,0.543906294912331,0.29977818603995376
P13456,T-Shirt,Polyester,Winter,0.1784511320582391,0.8740000000000001,0.20000000000000018,0.6952965235173825,0.20127118644067798,0.9778830963665089,0.9756097560975612,East,L,0.28183865095333904,0.09586745178420063
P13457,Dress,Linen,Summer,0.48485484333220996,0.882,0.8399999999999999,0.21063394683026587,0.5402542372881354,0.3875724065297525,0.3170731707317073,West,XL,0.6574638306026634,0.273200224120853
P13458,Sweater,Cotton,Winter,0.6561611273656064,0.228,0.40000000000000013,0.703476482617587,0.3029661016949152,0.9652448657187994,0.8048780487804879,North,L,0.4415684583692631,0.5011891661162371
P13459,Trousers,Linen,Autumn,0.6792558083138331,0.8959999999999999,0.8800000000000001,0.7546012269938651,0.48940677966101687,0.13796735123749343,0.878048780487805,East,S,0.4691242694260802,0.364748601750004
P13460,Trousers,Wool,Autumn,0.5958718218437321,0.342,0.28000000000000025,0.948875255623722,0.6758474576271185,0.16008425487098477,0.0,Central,S,0.5792900258695026,0.5097760170644593
P13461,Dress,Rayon,Autumn,0.39827734718237334,0.31,0.52,0.7566462167689163,0.625,0.2764612954186414,0.7560975609756098,West,S,0.5358005173900546,0.340728810493555
P13462,Trousers,Rayon,Winter,0.12701484005681557,0.726,0.52,0.4028629856850716,0.4216101694915253,0.46761453396524494,0.7560975609756098,North,L,0.5919229663696464,0.0849284878063591
P13463,Trousers,Cotton,Autumn,0.4069854874826388,0.304,0.8800000000000001,0.026584867075664622,0.4216101694915253,0.18114797261716697,0.5609756097560976,South,L,0.6970681230238573,0.31886330999352974
P13464,Trousers,Wool,Spring,0.44305262047310556,0.052000000000000005,0.8800000000000001,0.9897750511247445,0.5233050847457625,0.34017904160084256,0.48780487804878053,South,M,0.4655073296924403,0.413013813278198
P13465,Jacket,Cotton,Autumn,0.44143067029059674,0.374,0.56,0.34151329243353784,0.5402542372881354,0.10373880989994737,0.26829268292682934,North,L,0.4948021462105968,0.35074298325017106
P13466,Sweater,Rayon,Summer,0.6174484833978439,0.7220000000000001,0.2400000000000002,0.7341513292433539,0.5063559322033897,0.4302264349657715,0.4634146341463415,South,XL,0.886840088147935,0.3837896218789102
P13467,Shirt,Linen,Spring,0.8757889291664434,0.326,0.40000000000000013,0.6891615541922291,0.47245762711864403,0.8278041074249606,0.878048780487805,Central,L,0.4323847848998754,0.6872615156376087
P13468,Sweater,Polyester,Autumn,0.5239076244256249,0.63,0.9600000000000002,0.05930470347648263,0.6588983050847457,0.5955766192733019,0.4634146341463415,North,M,0.40383730957171593,0.37292207236182473
P13469,Dress,Rayon,Spring,0.45960911000601534,0.66,0.6000000000000001,0.932515337423313,0.5402542372881354,0.8104265402843603,0.024390243902439046,North,XL,0.6141946919612915,0.305658580237855
P13470,Trousers,Denim,Autumn,0.4515812439570545,0.7340000000000001,0.8,0.026584867075664622,0.35381355932203395,0.13586097946287523,0.3170731707317073,South,XL,0.635345405767941,0.26221450215116526
P13471,Sweater,Polyester,Summer,0.5240682447349607,0.898,0.44000000000000017,0.4846625766871166,0.5233050847457625,0.39968404423380727,0.39024390243902446,North,L,0.6221136341860687,0.2882989130019563
P13472,Jacket,Rayon,Autumn,0.3440443721478085,0.43200000000000005,0.52,0.8895705521472393,0.47245762711864403,0.03949447077409163,0.5609756097560976,West,M,0.405475711411325,0.2580593414232349
P13473,Hoodie,Linen,Spring,0.523277740859602,0.166,0.44000000000000017,0.7464212678936607,0.7097457627118642,0.37019483938915215,0.7073170731707319,North,M,0.48034396857334477,0.4999216896656454
P13474,Dress,Cotton,Summer,0.5857527423555755,0.318,0.72,0.81799591002045,0.6419491525423728,0.6150605581885203,0.34146341463414637,South,XL,0.4998946057296157,0.5006510151172432
P13475,Jeans,Polyester,Winter,0.5401869651894846,0.43200000000000005,0.52,0.12474437627811862,0.6419491525423728,0.5692469720905741,0.8048780487804879,South,XL,0.45817284660343,0.4325941502552317
P13476,Sweater,Linen,Summer,0.5870251071589416,0.7140000000000001,0.52,0.9836400817995912,0.2860169491525424,0.06055818852027384,0.17073170731707316,South,M,0.5242119382964452,0.33073403548209745
P13477,Jeans,Wool,Summer,0.5825277384975387,0.013999999999999999,0.4800000000000002,0.2229038854805726,0.47245762711864403,0.062137967351237514,1.0,South,S,0.4557487783845932,0.5395105527206404
P13478,Trousers,Denim,Summer,0.16573693227806846,0.316,0.3600000000000001,0.8282208588957056,0.4216101694915253,0.3054239073196419,0.04878048780487804,Central,S,0.7197183098591549,0.13281678279020143
P13479,Jacket,Polyester,Spring,0.6209096935931392,0.78,0.15999999999999992,0.6298568507157465,0.4555084745762712,0.7719852553975778,0.2439024390243903,South,L,0.35803391779246907,0.3610894230098533
P13480,Jacket,Cotton,Summer,0.3737654282105953,0.67,0.9199999999999999,0.32515337423312884,0.8283898305084745,0.020537124802527645,0.6341463414634148,West,M,0.7515617514611477,0.27950563234119075
P13481,Sweater,Wool,Autumn,0.2934899171388169,0.7320000000000001,0.32000000000000006,0.6768916155419225,0.6080508474576272,0.6161137440758294,0.1951219512195122,North,XL,0.32090639072530414,0.19483281276929257
P13482,Dress,Linen,Summer,0.2918616681206479,0.812,0.8,0.11042944785276075,0.625,0.1837809373354397,0.34146341463414637,East,S,0.7851729424164031,0.18457391091583056
P13483,Dress,Denim,Summer,0.5824867960657472,0.784,0.72,0.507157464212679,0.48940677966101687,0.944707740916272,0.7560975609756098,East,XL,0.6337501197662163,0.34377854780045936
P13484,Jacket,Cotton,Autumn,0.4585068137654754,0.682,0.8,0.9468302658486709,0.7436440677966103,0.4302264349657715,0.2439024390243903,Central,XL,0.4004455303248059,0.3272046876858847
P13485,Dress,Linen,Autumn,0.18273119088936415,0.44,0.9199999999999999,0.5214723926380369,0.625,0.047919957872564506,0.04878048780487804,East,M,0.49986107118903894,0.1484924429659162
P13486,Jacket,Linen,Winter,0.5908957416721519,0.9840000000000001,0.6399999999999999,0.04294478527607362,0.11652542372881358,0.7140600315955767,0.6097560975609757,South,XL,0.6020935134617227,0.2462915827379317
P13487,Sweater,Polyester,Summer,0.22853002497488342,0.5700000000000001,0.8800000000000001,0.8609406952965236,0.5741525423728815,0.4849921011058453,0.14634146341463422,East,M,0.603559451949794,0.1678118281794368
P13488,Shirt,Polyester,Spring,0.5269846056456464,0.20199999999999999,0.15999999999999992,0.8854805725971372,0.6927966101694913,0.8815165876777251,0.6585365853658538,West,XL,0.4834291463064098,0.4905885712454374
P13489,T-Shirt,Cotton,Summer,0.5456323086177519,0.292,0.6399999999999999,0.20858895705521474,0.8622881355932202,0.6519220642443393,0.9268292682926831,South,S,0.3548146018970968,0.5186659391768073
P13490,Jeans,Polyester,Summer,0.6679084558719319,0.6940000000000001,0.7600000000000002,0.9182004089979552,0.5402542372881354,0.6929963138493945,0.07317073170731708,East,M,0.6518108651911467,0.4293105237678934
P13491,Dress,Rayon,Autumn,0.8372400549258469,0.924,0.28000000000000025,0.6134969325153375,0.40466101694915246,0.7677725118483414,0.7073170731707319,South,XL,0.5405145156654211,0.4187260771478587
P13492,Jacket,Linen,Winter,0.24268665812124635,0.17800000000000002,0.7600000000000002,0.7648261758691208,0.2860169491525424,0.42074776197998953,0.902439024390244,Central,L,0.7025486250838362,0.19259559789258135
P13493,T-Shirt,Polyester,Summer,0.49064977213961997,0.08199999999999999,0.7600000000000002,0.537832310838446,0.6419491525423728,0.7930489731437599,0.3170731707317073,West,L,0.48478010922678927,0.47503721043160124
P13494,Sweater,Denim,Spring,0.44834679184552734,0.882,0.8399999999999999,0.48057259713701433,0.5911016949152543,0.05055292259083728,0.853658536585366,North,L,0.5294145827345023,0.2591404308442603
P13495,Dress,Denim,Summer,0.5825277384975387,0.9159999999999999,0.32000000000000006,0.6543967280163601,0.5402542372881354,0.7661927330173778,0.7317073170731709,South,L,0.7047475328159432,0.31660823530030435
P13496,Shirt,Linen,Spring,0.5413176061904956,0.276,0.6800000000000002,0.474437627811861,0.6927966101694913,0.6366508688783571,0.43902439024390244,West,S,0.535259174092172,0.4842929115082803
P13497,Sweater,Polyester,Autumn,0.4339445041084155,0.378,0.32000000000000006,0.34151329243353784,0.8622881355932202,0.5671406003159558,0.26829268292682934,Central,S,0.3138689278528312,0.3933634261319477
P13498,Shirt,Cotton,Winter,0.4172494401909807,0.66,0.72,0.474437627811861,0.3707627118644068,0.3180621379673513,0.34146341463414637,Central,L,0.29310625658714184,0.25785477210824514
P13499,Hoodie,Cotton,Summer,0.28959408728296576,0.33,0.4800000000000002,0.008179959100204501,0.5911016949152543,0.11427066877303844,0.1951219512195122,West,XL,0.25301810865191143,0.24281258970216874
P13500,Sweater,Cotton,Winter,0.6872364330953422,0.878,0.6000000000000001,0.0899795501022495,0.6419491525423728,0.6477093206951028,0.6341463414634148,East,S,0.3745856088914439,0.4006467833329414
P13501,Dress,Denim,Summer,0.5873368995241229,0.10800000000000001,0.40000000000000013,0.09202453987730062,0.8961864406779663,0.47182727751448134,0.4634146341463415,West,L,0.4398390342052313,0.6236830245718332
P13502,T-Shirt,Polyester,Spring,0.6739899817018823,0.038,0.15999999999999992,0.33333333333333337,0.31991525423728806,0.21800947867298576,0.6585365853658538,East,S,0.6285091501389287,0.571805789180146
P13503,Dress,Polyester,Winter,0.49831545513811765,0.20800000000000002,0.15999999999999992,0.81799591002045,0.4216101694915253,0.04318062137967352,0.5853658536585367,East,S,0.64677110280732,0.40945328521898766
P13504,Dress,Denim,Summer,0.3764455827840224,0.28600000000000003,0.08000000000000007,0.34355828220858897,0.23516949152542366,0.5392311743022644,0.3658536585365854,West,XL,0.19919517102615691,0.2723850723287841
P13505,Shirt,Cotton,Autumn,0.2967999552782668,0.11199999999999999,0.6000000000000001,0.8445807770961147,0.3707627118644068,0.1263823064770932,0.4146341463414634,Central,XL,0.589431829069656,0.25159917293174144
P13506,Shirt,Cotton,Spring,0.5683868524403263,0.066,0.8399999999999999,0.8895705521472393,0.6080508474576272,0.9299631384939443,0.853658536585366,North,M,0.4476286289163552,0.5463224355709599
P13507,Dress,Linen,Winter,0.3040782598836605,0.756,0.040000000000000036,0.6830265848670758,0.6758474576271185,0.15060558188520273,0.07317073170731708,North,XL,0.5507425505413432,0.20361584884086317
P13508,Dress,Rayon,Summer,0.8498975651850753,0.16399999999999998,0.08000000000000007,0.8241308793456034,0.5233050847457625,0.03212216956292786,0.48780487804878053,West,L,0.7775366484622017,0.7468064415595548
P13509,Dress,Wool,Winter,0.25346396593589676,0.914,0.44000000000000017,0.33333333333333337,0.5741525423728815,0.26224328593996843,0.6341463414634148,South,M,0.38248059787295197,0.1473746168945331
P13510,Shirt,Rayon,Summer,0.5522775802392927,0.368,0.72,0.5214723926380369,0.2860169491525424,0.17482885729331232,0.0,West,L,0.5716297786720321,0.3883200123907438
P13511,Dress,Polyester,Spring,0.796644059095676,0.67,0.15999999999999992,0.1329243353783231,0.4555084745762712,0.7914691943127964,0.09756097560975613,North,XL,0.6533007569224871,0.4988229884811129
P13512,Dress,Polyester,Autumn,0.6137699633722706,0.226,0.28000000000000025,0.8752556237218815,0.5402542372881354,0.2896261190100053,0.21951219512195125,West,XL,0.5124077800134137,0.527016097945615
P13513,Hoodie,Polyester,Spring,0.5337590033982218,0.24,0.2400000000000002,0.5296523517382414,0.06567796610169485,0.24539231174302267,0.48780487804878053,Central,S,0.4115742071476477,0.35729865214941403
P13514,Trousers,Rayon,Winter,0.3175546187787187,0.574,0.52,0.8854805725971372,0.13347457627118642,0.9952606635071092,0.21951219512195125,North,L,0.4091501389288109,0.18715718454280506
P13515,T-Shirt,Wool,Winter,0.2394585048453794,0.56,0.2400000000000002,0.17791411042944785,0.21822033898305082,0.1500789889415482,0.6097560975609757,North,M,0.4315368400881479,0.1513110196754653
P13516,Jeans,Linen,Summer,0.646076691473581,0.768,0.3600000000000001,0.48875255623721886,0.6927966101694913,0.08478146392838336,0.3658536585365854,North,XL,0.5341812781450608,0.42062479889102444
P13517,T-Shirt,Rayon,Spring,0.7851738793584006,0.758,0.72,0.6339468302658487,0.5063559322033897,0.30595050026329645,0.902439024390244,Central,M,0.4020647695697997,0.47220744653143015
P13518,Trousers,Wool,Summer,0.41763681858408475,0.67,0.6000000000000001,0.11860940695296525,0.9978813559322033,0.4054765666140074,0.04878048780487804,North,XL,0.5855753569033246,0.3318452881487913
P13519,Jeans,Cotton,Spring,0.2853203272875009,0.45,0.08000000000000007,0.3456032719836401,0.43855932203389836,0.7609268035808321,0.4634146341463415,South,XL,0.5607741688224586,0.20998009523449493
P13520,Sweater,Cotton,Winter,0.03605650370529015,0.89,0.6399999999999999,0.5255623721881392,0.6588983050847457,0.9557661927330175,0.09756097560975613,North,S,0.2535977771390246,0.032345095113941166
P13521,Dress,Polyester,Summer,0.31523349783792465,0.622,0.4800000000000002,0.09202453987730062,0.5572033898305082,0.7640863612427594,0.12195121951219517,West,M,0.6621826195266838,0.21950915072504407
P13522,Trousers,Denim,Summer,0.47908825928527105,0.99,0.9199999999999999,0.0020449897750511245,0.5402542372881354,0.7272248551869407,0.5853658536585367,South,XL,0.8180511641276227,0.2467045165789204
P13523,Hoodie,Polyester,Spring,0.8027413320147769,0.8200000000000001,0.28000000000000025,0.8854805725971372,0.43855932203389836,0.9921011058451817,0.5853658536585367,East,XL,0.43154642138545557,0.44542553542985747
P13524,Sweater,Denim,Autumn,0.6277628267914676,0.044000000000000004,0.72,0.261758691206544,0.8114406779661016,0.7656661400737231,0.26829268292682934,North,S,0.6321739963591069,0.6652727575983349
P13525,Dress,Polyester,Spring,0.5582142328490578,0.32,0.72,0.5480572597137016,0.43855932203389836,0.1395471300684571,0.0,East,XL,0.6941218741017532,0.43468548515844285
P13526,Shirt,Cotton,Autumn,0.4249560656212699,0.5720000000000001,0.2400000000000002,0.6646216768916157,0.5911016949152543,0.4618220115850448,1.0,East,S,0.6035977771390246,0.3068200140278936
P13527,Jacket,Rayon,Spring,0.3903660095931267,0.7220000000000001,0.9199999999999999,0.5664621676891617,0.5233050847457625,0.5039494470774093,0.04878048780487804,Central,S,0.5813020983041104,0.24846760293778106
P13528,Trousers,Denim,Winter,0.7661828898428125,0.55,0.4800000000000002,0.032719836400818006,0.3877118644067796,0.3048973143759874,0.48780487804878053,West,S,0.25723867011593365,0.5041052028522921
P13529,Shirt,Wool,Summer,0.5384957278147134,0.7859999999999999,0.6800000000000002,0.3803680981595092,0.5063559322033897,0.16429699842022122,0.09756097560975613,West,XL,0.4597010635240011,0.3206715419996902
P13530,Trousers,Cotton,Spring,0.10324618369294442,0.282,0.15999999999999992,0.6973415132924337,0.3707627118644068,0.7119536598209585,0.34146341463414637,East,S,0.4787965890581584,0.0847904711131855
P13531,Hoodie,Rayon,Winter,0.37328986611824805,0.184,0.2400000000000002,0.6646216768916157,0.4555084745762712,0.27751448130595047,0.07317073170731708,Central,M,0.6925074255054133,0.3166755568864426
P13532,Trousers,Denim,Spring,0.3383911671427537,0.054000000000000006,0.6000000000000001,0.23517382413087934,0.3877118644067796,0.6250658241179569,0.43902439024390244,West,M,0.3164415061799367,0.29654741964843745
P13533,Shirt,Polyester,Summer,0.39733882066899934,0.574,0.32000000000000006,0.5276073619631902,0.3368644067796609,0.32280147446024227,0.39024390243902446,North,M,0.780779917600843,0.2559444166790445
P13534,Hoodie,Polyester,Spring,0.606935726680923,0.688,0.4800000000000002,0.7464212678936607,0.4216101694915253,0.506582411795682,0.17073170731707316,South,M,0.7355418223627479,0.3717878499866696
P13535,Jeans,Polyester,Autumn,0.48025984271807354,0.326,0.3600000000000001,0.507157464212679,0.6588983050847457,0.33701948393891523,0.878048780487805,North,S,0.3579141515761234,0.41236589882354413
P13536,T-Shirt,Wool,Summer,0.48603902443633296,0.614,0.6399999999999999,0.4028629856850716,0.5741525423728815,0.4117956819378621,0.5609756097560976,East,L,0.3209782504551116,0.33779208613670436
P13537,Dress,Polyester,Autumn,0.7487634598244514,0.052000000000000005,0.4800000000000002,0.687116564417178,0.3029661016949152,0.7324907846234862,0.07317073170731708,Central,XL,0.6560026827632461,0.6249206106350643
P13538,Trousers,Linen,Winter,0.368956267184011,0.1,0.0,0.4621676891615542,0.5572033898305082,0.884149552395998,0.5609756097560976,Central,XL,0.45888186260419656,0.34153991902160746
P13539,Dress,Cotton,Winter,0.8528328226027417,0.7020000000000001,0.6399999999999999,0.35991820040899797,0.47245762711864403,0.5092153765139548,0.43902439024390244,West,L,0.46539714477340227,0.5253119241759505
P13540,Jacket,Wool,Spring,0.3737118881074833,0.368,0.44000000000000017,0.4948875255623722,0.47245762711864403,0.6103212216956294,0.5609756097560976,West,L,0.6414247389096484,0.28995332733838824
P13541,Shirt,Rayon,Autumn,0.5174198236955898,0.672,0.3600000000000001,0.8854805725971372,0.40466101694915246,0.8646656134807795,0.9756097560975612,South,XL,0.33179553511545457,0.3195860620404384
P13542,Dress,Polyester,Autumn,0.447427161839134,0.8320000000000001,0.08000000000000007,0.7280163599182006,0.5911016949152543,0.143233280674039,0.48780487804878053,West,XL,0.6397288492861932,0.26895395352339946
P13543,Shirt,Cotton,Summer,0.5238855785008141,0.8520000000000001,0.2400000000000002,0.06952965235173825,0.2860169491525424,0.16219062664560296,0.39024390243902446,North,L,0.3231100891060649,0.2676927528138885
P13544,Dress,Denim,Autumn,0.584578009504943,0.172,0.2400000000000002,0.8302658486707568,0.8622881355932202,0.3596629805160611,0.17073170731707316,Central,M,0.31426655169109896,0.5926779862183733
P13545,T-Shirt,Polyester,Autumn,0.5825434855866892,0.48600000000000004,0.9199999999999999,0.9304703476482619,0.2521186440677965,0.30911005792522384,0.7317073170731709,Central,S,0.6322745999808373,0.37495695040061056
P13546,T-Shirt,Cotton,Summer,0.3582513959794532,0.7340000000000001,0.44000000000000017,0.2740286298568507,0.3368644067796609,0.9868351764086362,0.43902439024390244,East,XL,0.5998802337836542,0.20891979265546795
P13547,Hoodie,Linen,Summer,0.2883721131648815,0.774,0.040000000000000036,0.6237218813905931,0.47245762711864403,0.5645076355976831,0.2439024390243903,East,XL,0.1866149276612053,0.1761387939920768
P13548,T-Shirt,Denim,Autumn,0.9735752033736562,0.784,0.11999999999999988,0.018404907975460124,0.4555084745762712,0.5239599789362823,0.5365853658536586,South,XL,0.6276995305164319,0.5575877380849971
P13549,Hoodie,Linen,Spring,0.4091081951001357,0.228,0.08000000000000007,0.9672801635991821,0.3368644067796609,0.5792522380200106,0.878048780487805,East,M,0.7779007377598925,0.32031370073158766
P13550,T-Shirt,Rayon,Summer,0.6326916656955961,0.192,0.6000000000000001,0.37218813905930476,0.23516949152542366,0.8757240652975251,0.6585365853658538,North,M,0.5163696464501293,0.47554016270888166
P13551,T-Shirt,Cotton,Summer,0.19677759441167303,0.59,0.20000000000000018,0.4110429447852761,0.40466101694915246,0.243812532912059,0.5365853658536586,West,XL,0.6850004790648654,0.13462895883917542
P13552,T-Shirt,Linen,Autumn,0.44772635653299486,0.742,0.4800000000000002,0.036809815950920255,0.4216101694915253,0.511321748288573,0.26829268292682934,West,M,0.4688128772635814,0.2669284022776822
P13553,Shirt,Rayon,Autumn,0.4765277825893883,0.32,0.3600000000000001,0.04498977505112475,0.47245762711864403,0.27119536598209587,0.3658536585365854,South,XL,0.6565248634665133,0.37792790607244675
P13554,Trousers,Cotton,Summer,0.49831545513811765,0.10400000000000001,0.8,0.19222903885480574,0.3877118644067796,0.7809373354397052,0.3658536585365854,West,S,0.1214094088339561,0.42457668017960226
P13555,Hoodie,Cotton,Autumn,0.0,0.716,0.32000000000000006,0.12883435582822086,0.625,0.7777777777777779,0.3170731707317073,Central,M,0.4117179266072626,0.009809355388619188
P13556,Dress,Linen,Summer,0.5319575363993966,0.3,0.44000000000000017,0.850715746421268,0.21822033898305082,0.9578725645076359,0.14634146341463422,West,S,0.9095477627670785,0.3752906561111182
P13557,T-Shirt,Cotton,Spring,0.28330469987622786,0.166,0.72,0.9182004089979552,0.7436440677966103,0.44707740916271727,0.48780487804878053,East,L,0.716436715531283,0.2748263604144708
P13558,Shirt,Polyester,Spring,0.5618549598606697,0.14800000000000002,0.44000000000000017,0.44785276073619634,0.5572033898305082,0.15850447604002105,0.48780487804878053,Central,XL,0.4562517964932451,0.5066612898696838
P13559,Shirt,Cotton,Summer,0.3047333387923242,0.314,0.8,0.19427402862985685,0.6080508474576272,0.8967877830437074,0.9756097560975612,East,M,0.49761425697039374,0.25927296556597607
P13560,Shirt,Wool,Summer,0.3389076716668924,0.5920000000000001,0.6800000000000002,0.719836400817996,0.6419491525423728,0.8909952606635073,0.8292682926829269,East,S,0.340236658043499,0.24844237594695476
P13561,Hoodie,Rayon,Winter,0.44885699753400576,0.358,0.40000000000000013,0.539877300613497,0.8283898305084745,0.23486045286993157,0.5609756097560976,South,M,0.5029845741113346,0.4060255647398008
P13562,Trousers,Cotton,Winter,0.30170989767541473,0.02,0.52,0.7770961145194275,0.48940677966101687,0.2764612954186414,0.0,South,L,0.2533199195171026,0.28171957984583207
P13563,Hoodie,Wool,Autumn,0.41070494994000356,0.096,0.9600000000000002,0.3190184049079755,0.3707627118644068,0.3133228014744603,0.3170731707317073,Central,S,0.5780396665708536,0.349150979050336
P13564,Dress,Cotton,Autumn,0.27505637457915905,0.29,0.6800000000000002,0.42126789366053174,0.8453389830508473,0.4518167456556082,0.4634146341463415,West,L,0.4207051834818434,0.2606634515028093
P13565,Trousers,Cotton,Summer,0.154159672334569,0.66,0.9199999999999999,0.5582822085889572,0.11652542372881358,0.8293838862559243,0.6585365853658538,North,L,0.6012168247580721,0.09238749134170979
P13566,Jeans,Linen,Summer,0.6929211322786982,0.098,0.15999999999999992,0.6891615541922291,0.43855932203389836,0.14428646656134808,0.4146341463414634,West,S,0.41891348088531183,0.6054831521901444
P13567,Sweater,Polyester,Winter,0.25565596074565616,0.56,0.4800000000000002,0.5010224948875257,0.3029661016949152,0.7008952080042129,0.04878048780487804,Central,M,0.4096675289834243,0.1672225782609718
P13568,Shirt,Rayon,Winter,0.46679923091216585,0.12,0.9199999999999999,0.40490797546012275,0.6419491525423728,0.3528172722485519,0.6341463414634148,North,S,0.6319632078183385,0.4435759529874065
P13569,Hoodie,Polyester,Summer,0.6428327911085635,0.212,0.32000000000000006,0.9427402862985687,0.6758474576271185,0.19589257503949448,0.12195121951219517,East,L,0.4376736610137012,0.5905462930909002
P13570,Jeans,Denim,Spring,0.3843600697910991,0.172,0.9600000000000002,0.5807770961145196,0.2860169491525424,0.3385992627698789,0.07317073170731708,East,XL,0.44720705183481835,0.30226506626835303
P13571,Jacket,Linen,Spring,0.3446364626998699,0.068,0.08000000000000007,0.7586912065439674,0.4555084745762712,0.5334386519220644,0.0,North,S,0.7185637635335824,0.30961572025018425
P13572,Hoodie,Linen,Autumn,0.5433143370947879,0.672,0.9199999999999999,0.16768916155419222,0.5063559322033897,0.922064244339126,0.48780487804878053,East,XL,0.7151911468812877,0.3511892802206203
P13573,T-Shirt,Polyester,Summer,0.7118144898415527,0.46399999999999997,0.44000000000000017,0.6462167689161555,0.7944915254237288,0.6287519747235388,0.8292682926829269,West,M,0.623608316566063,0.5944373021715255
P13574,Sweater,Linen,Summer,0.2796041339258438,0.8320000000000001,0.08000000000000007,0.26993865030674846,0.3707627118644068,0.607161664033702,0.6585365853658538,South,S,0.5047714860592123,0.15742674176124183
P13575,T-Shirt,Polyester,Autumn,0.4721910342373212,0.098,0.8800000000000001,0.21267893660531698,0.7097457627118642,0.10900473933649289,0.4146341463414634,West,XL,0.8583501006036216,0.46691359847421604
P13576,Trousers,Linen,Winter,0.17318215602845818,0.14400000000000002,0.2400000000000002,0.7546012269938651,0.879237288135593,0.08004212743549237,0.8292682926829269,East,L,0.7002443230813451,0.1784131424039571
P13577,Sweater,Cotton,Winter,0.4262630740207672,0.306,0.040000000000000036,0.4826175869120655,0.6080508474576272,0.12954186413902052,0.48780487804878053,South,M,0.4081345214141994,0.3625237895236499
P13578,Hoodie,Polyester,Spring,0.5070267448562134,0.766,0.11999999999999988,0.1390593047034765,0.625,0.09583991574512903,0.3658536585365854,West,XL,0.6075931781163169,0.32343381067661814
P13579,Dress,Polyester,Summer,0.3390714413940583,0.306,0.6399999999999999,0.37423312883435583,0.35381355932203395,0.5766192733017378,0.6097560975609757,East,M,0.3613346747149564,0.258121379480321
P13580,Jeans,Wool,Winter,0.4142071025670904,0.408,0.9600000000000002,0.2392638036809816,0.26906779661016955,0.4528699315429174,0.9268292682926831,West,S,0.5658570470441697,0.2844440204391709
P13581,Dress,Linen,Spring,0.23445722933115815,0.302,0.11999999999999988,0.36605316973415136,0.4555084745762712,0.0047393364928910026,0.1951219512195122,East,XL,0.47571620197374714,0.18929329301380535
P13582,Hoodie,Linen,Spring,0.5151301969330969,0.08,0.4800000000000002,0.5521472392638038,0.40466101694915246,0.3512374934175882,0.5365853658536586,Central,S,0.4233879467279869,0.4476467756929088
P13583,Trousers,Polyester,Spring,0.7000545636639066,0.9400000000000001,0.20000000000000018,0.18200408997955012,0.3029661016949152,0.12743549236440233,0.024390243902439046,North,S,0.5686404139120436,0.33080229966966285
P13584,T-Shirt,Polyester,Winter,0.2932411131302379,0.5479999999999999,0.7600000000000002,0.17791411042944785,0.7944915254237288,0.9884149552395999,0.04878048780487804,East,L,0.37838938392258303,0.23555292156335705
P13585,Sweater,Cotton,Winter,0.3829018893357563,0.788,0.11999999999999988,0.16768916155419222,0.625,0.4602422327540811,0.7804878048780488,West,XL,0.4658522563955159,0.2429246600507953
P13586,Dress,Rayon,Summer,0.5955285353002496,0.658,0.2400000000000002,0.03885480572597137,0.40466101694915246,0.4265402843601896,0.5609756097560976,East,XL,0.568966178020504,0.3697200305085354
P13587,Hoodie,Cotton,Summer,0.7296055511638673,0.514,0.20000000000000018,0.21676891615541924,0.5063559322033897,0.6445497630331755,0.5365853658536586,East,XL,0.5153588195841716,0.5204751633949963
P13588,Dress,Linen,Spring,0.2184046466510666,0.09,0.56,0.670756646216769,1.0,0.35703001579778837,0.12195121951219517,West,M,0.47583117754143905,0.24129023878673903
P13589,Hoodie,Wool,Spring,0.46866998510325364,0.642,0.8800000000000001,0.7096114519427404,0.2860169491525424,0.7156398104265403,0.48780487804878053,West,M,0.45755485292708625,0.2799637614400806
P13590,T-Shirt,Polyester,Winter,0.5540664495667975,0.156,0.52,0.5541922290388549,0.6080508474576272,0.9052132701421803,0.09756097560975613,South,M,0.4629539139599501,0.5090937224630155
P13591,Sweater,Denim,Winter,0.4812802540950305,0.414,0.040000000000000036,0.6748466257668713,0.777542372881356,0.4992101105845182,0.2926829268292683,East,M,0.7307990801954585,0.4127875641303842
P13592,Jeans,Wool,Summer,0.03253545457122258,0.63,0.56,0.1983640081799591,0.5741525423728815,0.38335966298051605,0.9512195121951221,Central,XL,0.6508862700009581,0.030820387694943618
P13593,T-Shirt,Denim,Summer,0.5952513865311997,0.782,0.8,0.8343558282208591,0.3029661016949152,0.5223802001053187,0.2926829268292683,North,XL,0.2612628149851489,0.3216625137632211
P13594,Dress,Wool,Autumn,0.7876650688620207,0.6859999999999999,0.11999999999999988,0.47239263803680986,0.3707627118644068,0.6040021063717748,0.43902439024390244,East,M,0.3554325955734406,0.4680703936730211
P13595,Jeans,Cotton,Summer,0.5226100642796179,0.672,0.08000000000000007,0.7648261758691208,0.5233050847457625,0.8483412322274883,0.1951219512195122,West,L,0.3258503401360544,0.3407817698105798
P13596,Hoodie,Linen,Winter,0.3057222559909801,0.15,0.20000000000000018,0.11451942740286301,0.8283898305084745,0.3949447077409163,0.04878048780487804,South,XL,0.4375011976621634,0.3089769341461931
P13597,Jeans,Denim,Spring,0.4035998633152661,0.34600000000000003,0.7600000000000002,0.30265848670756645,0.4555084745762712,0.051606108478146395,0.7317073170731709,East,M,0.6785378940308517,0.31401253421767206
P13598,Hoodie,Wool,Autumn,0.8350165659377862,0.042,0.6000000000000001,0.7934560327198366,0.5402542372881354,0.6308583464981571,0.9268292682926831,Central,S,0.38460285522659765,0.7869152733281202
P13599,T-Shirt,Linen,Summer,0.6725160541573889,0.72,0.56,0.9366053169734153,0.625,0.9873617693522908,0.2926829268292683,West,L,0.5671217782887803,0.44039283757856207
P13600,Dress,Denim,Summer,0.6215080829808609,0.9520000000000001,0.2400000000000002,0.4785276073619632,0.625,0.854660347551343,0.9756097560975612,Central,XL,0.6602376161732297,0.33889081212653754
P13601,Trousers,Polyester,Winter,0.5679144397658092,0.264,0.32000000000000006,0.278118609406953,0.48940677966101687,0.758820431806214,0.2439024390243903,Central,L,0.18934080674523326,0.46700828030704195
P13602,Dress,Wool,Autumn,0.37563303298385287,0.08800000000000001,0.9600000000000002,0.5439672801635993,0.3368644067796609,0.17640863612427593,0.9756097560975612,North,M,0.42315320494394937,0.315691332164706
P13603,Hoodie,Polyester,Summer,0.46266404530122607,0.47600000000000003,0.2400000000000002,0.46625766871165647,0.5402542372881354,0.7488151658767774,0.2439024390243903,North,S,0.2708393216441506,0.3460370952357848
P13604,Shirt,Cotton,Spring,0.4858406111130357,0.856,0.9199999999999999,0.736196319018405,0.4216101694915253,0.08162190626645603,0.0,East,S,0.40976813260515466,0.26501323462014303
P13605,Sweater,Polyester,Winter,0.49831545513811765,0.552,0.6000000000000001,0.6543967280163601,0.35381355932203395,0.4939441811479727,0.8292682926829269,North,M,0.570216537319153,0.3254821579936917
P13606,Jacket,Polyester,Autumn,0.7856966827181994,0.046,0.11999999999999988,0.9120654396728017,0.35381355932203395,0.37124802527646134,0.8292682926829269,East,L,0.2530420618951806,0.6749411940735969
P13607,Trousers,Rayon,Summer,0.7118900758694754,0.9740000000000001,0.4800000000000002,0.5746421267893661,0.6927966101694913,0.9057398630858348,0.04878048780487804,East,XL,0.5013222190284563,0.38979116516549944
P13608,Jeans,Wool,Summer,0.23235026880281184,0.828,0.9600000000000002,0.4110429447852761,0.06567796610169485,0.16008425487098477,0.07317073170731708,West,M,0.24714477340231863,0.11647916835962843
P13609,Trousers,Cotton,Autumn,0.5428923151055527,0.132,0.40000000000000013,0.47239263803680986,0.3877118644067796,0.7893628225381781,0.5609756097560976,West,L,0.3180128389383922,0.45577358753408614
P13610,Sweater,Polyester,Winter,0.6397873040668431,0.922,0.8800000000000001,0.036809815950920255,0.40466101694915246,0.04844655081621907,0.7073170731707319,South,M,0.6728993005652963,0.32389367614655806
P13611,Jeans,Linen,Autumn,0.617508322336616,0.45,0.2400000000000002,0.030674846625766878,0.4555084745762712,0.701948393891522,0.7560975609756098,North,S,0.6007569224873047,0.4487886629059846
P13612,Sweater,Denim,Autumn,0.3816610187106913,0.37200000000000005,0.56,0.11247443762781188,0.48940677966101687,0.29383886255924174,0.4634146341463415,South,XL,0.31756730861358623,0.29759110267598593
P13613,Jeans,Polyester,Winter,0.9999999999999999,0.462,0.8399999999999999,0.7280163599182006,0.43855932203389836,0.9763033175355452,0.853658536585366,Central,M,0.5003976238382677,0.7106931980194257
P13614,Trousers,Cotton,Summer,0.25923999823632604,0.8340000000000001,0.9199999999999999,0.23108384458077713,0.47245762711864403,0.6719325961032123,0.2926829268292683,East,S,0.467045127910319,0.1530987128926344
P13615,Jeans,Polyester,Spring,0.2958803252718735,0.66,0.4800000000000002,0.997955010224949,0.18432203389830515,0.30911005792522384,0.9268292682926831,East,M,0.5398869406917697,0.1705814640306768
P13616,Jeans,Denim,Winter,0.5447063797756985,0.06,0.6399999999999999,0.13701431492842536,0.40466101694915246,0.2353870458135861,0.07317073170731708,West,S,0.6271150713806649,0.4777784938241251
P13617,Shirt,Cotton,Spring,0.900565399235951,0.958,0.0,0.15746421267893662,0.3368644067796609,0.6398104265402845,0.6585365853658538,Central,S,0.8642473890964837,0.42167979313569853
P13618,Dress,Wool,Summer,0.34255154809633437,0.14800000000000002,0.2400000000000002,0.05930470347648263,0.3368644067796609,0.2727751448130595,0.9512195121951221,East,XL,0.45176295870460853,0.28011971236567057
P13619,Dress,Cotton,Autumn,0.4503309250784992,0.746,0.28000000000000025,0.01226993865030675,0.18432203389830515,0.18694049499736703,0.14634146341463422,East,S,0.7875970106352399,0.23845930903743426
P13620,Jacket,Wool,Spring,0.7041362091717346,0.636,0.08000000000000007,0.8077709611451944,0.5402542372881354,0.6482359136387573,0.1951219512195122,Central,XL,0.3748347226214429,0.47087892423578087
P13621,Jacket,Cotton,Summer,0.49718796355493683,0.188,0.28000000000000025,0.30879345603271985,0.5233050847457625,0.7245918904686678,0.5121951219512195,Central,XL,0.4831081728466034,0.4328682984387246
P13622,Hoodie,Denim,Summer,0.43733642711144843,0.17,0.32000000000000006,0.9938650306748467,0.5233050847457625,0.23802001053185884,0.07317073170731708,East,S,0.43061703554661296,0.3847002492734279
P13623,Hoodie,Denim,Autumn,0.6074490817872316,0.87,0.9600000000000002,0.7402862985685073,0.48940677966101687,0.5360716166403371,0.853658536585366,Central,S,0.4381670978250454,0.3346564232681261
P13624,Hoodie,Cotton,Autumn,0.5520602704090148,0.42,0.6800000000000002,0.04294478527607362,0.3707627118644068,0.664033701948394,0.7804878048780488,North,XL,0.5346842962537126,0.3929901807721016
P13625,Shirt,Polyester,Summer,0.6952800462334537,0.654,0.44000000000000017,0.8793456032719837,0.15042372881355925,0.9426013691416536,0.12195121951219517,Central,M,0.6110616077416882,0.3779729276932429
P13626,Jacket,Denim,Summer,0.7446062282887008,0.504,1.0,0.05930470347648263,0.8283898305084745,0.8041074249605056,0.04878048780487804,South,M,0.5522563955159527,0.6145919562759941
P13627,Sweater,Wool,Spring,0.5585764158995209,0.728,0.15999999999999992,0.9059304703476484,0.5063559322033897,0.42127435492364407,0.8292682926829269,South,M,0.6121299223914918,0.34673022975364065
P13628,Hoodie,Wool,Summer,0.5556915491671364,0.48,0.4800000000000002,0.3394683026584867,0.4216101694915253,0.8446550816219064,0.7804878048780488,East,L,0.6004551116221135,0.3910333898199641
P13629,Hoodie,Linen,Summer,0.541024710332295,0.28800000000000003,0.6399999999999999,0.3006134969325154,0.7266949152542375,0.44181147972617174,0.14634146341463422,East,S,0.5480022995113538,0.4877729463666733
P13630,Trousers,Rayon,Spring,0.5929932539470079,0.364,0.040000000000000036,0.8364008179959102,0.6927966101694913,0.13006845708267512,0.9756097560975612,West,XL,0.48437290409121386,0.5046099907218253
P13631,T-Shirt,Rayon,Winter,0.5109887124864968,0.86,0.72,0.098159509202454,0.5741525423728815,0.3412322274881517,0.8292682926829269,Central,L,0.4126137779055284,0.2966765312386546
P13632,Sweater,Rayon,Spring,0.500447611009105,0.46799999999999997,0.08000000000000007,0.6625766871165645,0.9639830508474576,0.8051606108478148,0.04878048780487804,South,S,0.4338171888473699,0.44675313992938026
P13633,Hoodie,Wool,Spring,0.7266860408353515,0.214,0.15999999999999992,0.9959100204498978,0.6080508474576272,0.956292785676672,0.4146341463414634,West,XL,0.6963399444284755,0.6469352157976824
P13634,Hoodie,Linen,Autumn,0.7870572312208087,0.934,0.15999999999999992,0.6073619631901842,0.20127118644067798,0.9842022116903636,0.04878048780487804,East,S,0.42698572386701156,0.35284716729915216
P13635,Hoodie,Rayon,Spring,0.21568984848150824,0.7959999999999999,0.9199999999999999,0.5337423312883437,0.3368644067796609,0.63928383359663,0.9268292682926831,North,M,0.5852495927948644,0.12569981954639836
P13636,T-Shirt,Rayon,Summer,0.5024569395847177,0.055999999999999994,0.6800000000000002,0.3680981595092025,0.5402542372881354,0.4786729857819905,0.6341463414634148,Central,L,0.7199290983999234,0.47088212411957303
P13637,T-Shirt,Cotton,Summer,0.3704238958928442,0.998,0.6399999999999999,0.5910020449897752,0.5063559322033897,0.16219062664560296,0.1951219512195122,West,XL,0.5766839130018204,0.18995842234715493
P13638,Shirt,Cotton,Summer,0.44180230159455025,0.6940000000000001,0.56,0.24744376278118613,0.43855932203389836,0.10268562401263824,0.39024390243902446,North,S,0.5372568745808182,0.27467281560305007
P13639,Sweater,Cotton,Winter,0.5766257294839048,0.16,0.28000000000000025,0.25153374233128833,0.31991525423728806,0.5186940494997367,0.9756097560975612,East,XL,0.7513461722717254,0.46108385670037305
P13640,Shirt,Polyester,Summer,0.6270636560331823,0.23800000000000002,0.6399999999999999,0.9243353783231085,0.9470338983050848,0.7282780410742498,1.0,South,XL,0.5247963974322123,0.6346324067759747
P13641,Jeans,Rayon,Winter,0.47937485630781146,0.6920000000000001,0.40000000000000013,0.5419222903885481,0.5741525423728815,0.3238546603475514,0.09756097560975613,West,XL,0.44597106448213086,0.31609498882322756
P13642,T-Shirt,Polyester,Summer,0.49831545513811765,0.78,0.15999999999999992,0.05521472392638038,0.48940677966101687,0.6750921537651396,0.07317073170731708,West,M,0.7392066685829262,0.29669439105516887
P13643,Trousers,Linen,Spring,0.3182033988517223,0.24,0.6800000000000002,0.5276073619631902,0.40466101694915246,0.5713533438651923,0.3170731707317073,East,XL,0.44735077129443324,0.25706792316429117
P13644,Jacket,Wool,Autumn,0.6699713245506568,0.256,0.11999999999999988,0.1554192229038855,0.6080508474576272,0.94102159031069,0.6829268292682928,East,L,0.5119957842291846,0.5832984074699278
P13645,Trousers,Rayon,Summer,0.0,0.308,0.20000000000000018,0.8813905930470349,0.6419491525423728,0.2095839915745129,0.2439024390243903,South,L,0.42949123311296344,0.003877316554631048
P13646,Jacket,Wool,Winter,0.7249475621931285,0.598,0.8,0.7484662576687118,0.47245762711864403,0.5913638757240655,0.5121951219512195,South,S,0.19809811248443035,0.48184998627274656
P13647,T-Shirt,Cotton,Winter,0.5990590326878076,0.172,0.6800000000000002,0.3946830265848671,0.3707627118644068,0.41390205371248023,1.0,South,S,0.2722381910510683,0.48819096529430844
P13648,T-Shirt,Rayon,Autumn,0.7492768149307599,0.10400000000000001,0.6399999999999999,0.7791411042944787,0.21822033898305082,0.26171669299631384,0.09756097560975613,North,XL,0.3477819296732777,0.5824755908399382
P13649,T-Shirt,Denim,Summer,0.4630419754408397,0.6779999999999999,0.40000000000000013,0.06952965235173825,0.43855932203389836,0.3575566087414429,0.26829268292682934,North,M,0.5076746191434319,0.2905231050957926
P13650,Shirt,Polyester,Spring,0.11103154456898648,0.78,0.40000000000000013,0.8895705521472393,0.47245762711864403,0.2948920484465508,0.48780487804878053,East,L,0.5245041678643287,0.07487435371029254
P13651,Sweater,Polyester,Summer,0.5818884066780255,0.5,0.6800000000000002,0.23108384458077713,0.15042372881355925,0.5281727224855187,0.34146341463414637,West,XL,0.5515138449746095,0.3517153510381663
P13652,Jacket,Rayon,Summer,0.7414284656981156,0.364,0.7600000000000002,0.12474437627811862,0.3877118644067796,0.5581885202738284,0.5609756097560976,North,L,0.4043163744370987,0.5471706032182794
P13653,Sweater,Cotton,Autumn,0.6753032889370398,0.43200000000000005,0.52,0.10429447852760737,0.43855932203389836,0.8662453923117431,0.2926829268292683,East,S,0.39357094950656313,0.49143522576941323
P13654,Shirt,Polyester,Summer,0.37534013712565234,0.38799999999999996,0.9600000000000002,0.23517382413087934,0.20127118644067798,0.7814639283833598,0.7560975609756098,North,M,0.9532768036792181,0.2526971795678539
P13655,Shirt,Cotton,Spring,0.5169600086923932,0.96,0.9600000000000002,0.09406952965235175,0.6419491525423728,0.3027909426013692,0.6097560975609757,South,L,0.40305643384114204,0.28413894004568735
P13656,Dress,Linen,Winter,0.39987725144007125,0.768,0.40000000000000013,0.8936605316973416,0.5741525423728815,0.9320695102685626,0.9512195121951221,East,S,0.5655073296924402,0.2515222764995275
P13657,Trousers,Wool,Autumn,0.34575135661173034,0.20800000000000002,0.8399999999999999,0.8404907975460124,0.5572033898305082,0.8688783570300159,0.6097560975609757,South,L,0.6585992143336208,0.30356905612159596
P13658,Trousers,Denim,Spring,0.6810982177444499,0.384,0.56,0.20449897750511248,0.5063559322033897,0.626119010005266,0.853658536585366,Central,XL,0.5670211746670498,0.5265246057172647
P13659,Jeans,Wool,Winter,0.27427216953946065,0.544,0.52,0.5685071574642128,0.31991525423728806,0.018430753027909433,0.7073170731707319,West,L,0.4645587812589824,0.18171013894838026
P13660,Hoodie,Wool,Autumn,0.33166401065762996,0.612,0.040000000000000036,0.21676891615541924,0.5911016949152543,0.20905739863085832,0.1951219512195122,South,L,0.3372568745808182,0.23526438630544988
P13661,Shirt,Linen,Autumn,0.2919404035664008,0.46799999999999997,0.56,0.9611451942740288,0.21822033898305082,0.7898894154818327,0.5609756097560976,West,XL,0.3336495161444859,0.19180934427584448
P13662,Jacket,Polyester,Winter,0.21895894418916667,0.81,0.9199999999999999,0.06952965235173825,0.3877118644067796,0.45392311743022645,0.902439024390244,East,M,0.4391300182044648,0.128930213858404
P13663,Dress,Denim,Winter,0.5282317751063715,0.768,0.8,0.997955010224949,0.6588983050847457,0.12585571353343866,0.4146341463414634,Central,M,0.4805643384114208,0.34087312773311
P13664,Dress,Polyester,Spring,0.7200470680494709,0.506,0.8,0.7321063394683027,0.6080508474576272,0.4086361242759347,0.1951219512195122,West,XL,0.4948165181565583,0.5408031321355548
P13665,Hoodie,Rayon,Summer,0.46562764747936336,0.8540000000000001,0.15999999999999992,0.7648261758691208,0.47245762711864403,0.2122169562927857,0.5121951219512195,North,M,0.3968477531857813,0.26086033117457763
P13666,Sweater,Wool,Summer,0.21602998560716055,0.752,0.3600000000000001,0.5869120654396729,0.7436440677966103,0.8931016324381255,0.902439024390244,East,M,0.4314553990610328,0.15161912631563595
P13667,Hoodie,Rayon,Summer,0.6592853498530796,0.778,0.2400000000000002,0.0020449897750511245,0.5741525423728815,0.889942074776198,0.48780487804878053,Central,XL,0.6998323272971159,0.40450336265617537
P13668,Hoodie,Cotton,Summer,0.8191025576422197,0.956,0.32000000000000006,0.4867075664621677,0.2521186440677965,0.38704581358609796,0.14634146341463422,North,L,0.3529558302194117,0.36933477938314374
P13669,Hoodie,Wool,Summer,0.3784454631061448,0.266,0.56,0.7505112474437629,0.1673728813559321,0.1374407582938389,0.26829268292682934,North,M,0.40216537319153006,0.26709018244894
P13670,Trousers,Polyester,Spring,0.4101349053127529,0.268,0.3600000000000001,0.7709611451942742,0.31991525423728806,0.35913638757240657,0.853658536585366,Central,S,0.31303056433841137,0.3118775667905046
P13671,Shirt,Wool,Autumn,0.5980071271325496,0.888,0.56,0.5541922290388549,0.13347457627118642,0.129015271195366,0.2439024390243903,South,S,0.9116077416882244,0.27244443141339314
P13672,Jeans,Cotton,Spring,0.8070402873528827,0.772,0.44000000000000017,0.29243353783231085,0.47245762711864403,0.30437072143233285,0.04878048780487804,Central,XL,0.21979496023761613,0.4723550628759801
P13673,Shirt,Linen,Spring,0.40233379734756025,0.9259999999999999,0.28000000000000025,0.8875255623721883,0.2860169491525424,0.7714586624539232,0.6341463414634148,Central,S,0.449971256108077,0.19722595376629298
P13674,Sweater,Rayon,Spring,0.248777632204687,0.064,0.08000000000000007,0.9202453987730063,0.43855932203389836,0.292259083728278,0.14634146341463422,Central,S,0.762149084986107,0.22300875696570052
P13675,T-Shirt,Rayon,Autumn,0.6198798339626919,0.628,0.8800000000000001,0.18609406952965235,0.3368644067796609,0.54449710373881,0.024390243902439046,West,XL,0.6991185206476955,0.3795721502355858
P13676,Hoodie,Polyester,Spring,0.49831545513811765,0.14400000000000002,0.0,0.4498977505112475,0.3707627118644068,0.11901000526592943,0.21951219512195125,South,S,0.5496502826482705,0.41277126704781497
P13677,Shirt,Wool,Spring,0.5017231252303012,0.504,0.0,0.10838445807770962,0.1673728813559321,0.34755134281200634,0.04878048780487804,East,S,0.5710261569416498,0.3068857728800869
P13678,Sweater,Polyester,Autumn,0.39509643517395804,0.156,0.8399999999999999,0.8241308793456034,0.5063559322033897,0.03949447077409163,0.39024390243902446,North,L,0.34516144485963396,0.34764986147231763
P13679,T-Shirt,Linen,Spring,0.6884678554669169,0.128,1.0,0.46421267893660534,0.6927966101694913,0.5487098472880464,0.0,West,XL,0.2811200536552649,0.6655831215208705
P13680,T-Shirt,Wool,Summer,0.6003439951624941,0.012,0.72,0.065439672801636,0.7436440677966103,0.34755134281200634,0.8048780487804879,South,M,0.40627574973651426,0.6281588186167949
P13681,Hoodie,Wool,Winter,0.3553570809935783,0.63,0.52,0.4355828220858896,0.4216101694915253,0.8725645076355978,0.2926829268292683,Central,XL,0.42593657181182326,0.2309002905296041
P13682,Jeans,Polyester,Spring,0.5098423243963354,0.36,0.2400000000000002,0.27607361963190186,0.5402542372881354,0.39283833596629814,0.3170731707317073,West,S,0.5751125802433649,0.40742641929233253
P13683,Jacket,Polyester,Winter,0.2451400546109052,0.106,0.9600000000000002,0.5051124744376279,0.26906779661016955,0.5581885202738284,0.39024390243902446,West,S,0.4871706429050493,0.19944391972965
P13684,Trousers,Cotton,Spring,0.6301721314315049,0.322,0.8,0.8323108384458079,0.6758474576271185,0.9773565034228543,0.8048780487804879,North,M,0.7402941458273449,0.5450546614567597
P13685,Shirt,Linen,Spring,0.4510111993298039,0.168,0.56,0.10633946830265849,0.3707627118644068,0.6429699842022119,0.39024390243902446,East,M,0.538176679122353,0.36957102506714545
P13686,T-Shirt,Cotton,Summer,0.41822890913614613,0.9420000000000001,0.2400000000000002,0.12883435582822086,0.4216101694915253,0.500789889415482,0.9756097560975612,South,L,0.26715052218070323,0.21479150499811928
P13687,Shirt,Rayon,Autumn,0.49435348750783414,0.32,0.0,0.6400817995910022,0.3368644067796609,0.09794628751974725,0.5853658536585367,South,S,0.29404043307463823,0.3671691277989929
P13688,Jacket,Wool,Winter,0.5081794317820351,0.334,0.040000000000000036,0.7627811860940696,0.3877118644067796,0.821484992101106,0.7073170731707319,South,S,0.4459135766982849,0.3837680164619882
P13689,Trousers,Polyester,Autumn,0.669675279274626,0.84,0.6000000000000001,0.0736196319018405,0.6080508474576272,0.6429699842022119,0.853658536585366,Central,S,0.398246622592699,0.39714179434202995
P13690,Jacket,Wool,Summer,0.6122582428138158,0.648,0.040000000000000036,0.43149284253578735,0.43855932203389836,0.10847814639283836,0.2439024390243903,Central,L,0.49796876497077697,0.3886414890879994
P13691,Trousers,Wool,Summer,0.4710068531331983,0.71,1.0,0.022494887525562373,0.5063559322033897,0.2459189046866772,0.48780487804878053,West,XL,0.6131838650953338,0.2978585038176846
P13692,Dress,Denim,Winter,0.6448704644446474,0.636,0.20000000000000018,0.9550102249488754,0.3877118644067796,0.5381779884149553,0.4634146341463415,East,M,0.5876976142569703,0.40222588877640514
P13693,Trousers,Rayon,Autumn,0.49831545513811765,0.946,0.72,0.16973415132924335,0.5233050847457625,0.045286993154291744,0.6829268292682928,North,L,0.34318290696560305,0.26402206441420645
P13694,Hoodie,Denim,Summer,0.41995164068921853,0.20800000000000002,0.15999999999999992,0.7914110429447854,0.1673728813559321,0.7187993680884678,0.07317073170731708,West,L,0.6715675002395323,0.3043822234896077
P13695,Jeans,Wool,Spring,0.47699704584607533,0.99,0.56,0.1901840490797546,0.40466101694915246,0.22801474460242233,0.8048780487804879,East,S,0.45114017437961096,0.2314076581504116
P13696,Jacket,Polyester,Spring,0.4725563667056144,0.8300000000000001,0.08000000000000007,0.8466257668711658,0.5063559322033897,0.4897314375987362,1.0,South,M,0.5074829931972789,0.2736016483023103
P13697,T-Shirt,Wool,Spring,0.5960418904065583,0.588,0.7600000000000002,0.6973415132924337,0.2860169491525424,0.24170616113744076,0.9756097560975612,East,XL,0.3709207626712656,0.36577120027194543
P13698,Hoodie,Rayon,Autumn,0.43121080943187645,0.662,0.6000000000000001,0.42126789366053174,0.48940677966101687,0.48920484465508157,0.39024390243902446,North,S,0.5598112484430391,0.28061720747679386
P13699,Dress,Denim,Spring,0.4267890267983963,0.648,0.08000000000000007,0.07566462167689163,0.5572033898305082,0.18957345971563982,0.26829268292682934,Central,L,0.5510060362173037,0.2889498537032974
P13700,Jeans,Polyester,Spring,0.8725891206510475,0.057999999999999996,0.8399999999999999,0.8588957055214725,0.6419491525423728,0.5939968404423381,0.07317073170731708,East,L,0.7125802433649515,0.854517208975034
P13701,Shirt,Wool,Summer,0.6781409144019728,0.218,0.56,0.7096114519427404,0.5911016949152543,0.9110057925223803,0.9756097560975612,West,M,0.4093609274695793,0.5980625968709006
P13702,Hoodie,Linen,Summer,0.356837307373732,0.9620000000000001,0.9199999999999999,0.4130879345603272,0.3029661016949152,0.8077935755660876,0.3170731707317073,Central,M,0.5147120820159049,0.17299382913573075
P13703,Jacket,Rayon,Spring,0.6084505966572078,0.534,0.9199999999999999,0.5501022494887526,0.879237288135593,0.24170616113744076,0.07317073170731708,West,M,0.554670882437482,0.5036152237472852
P13704,Sweater,Rayon,Spring,0.5229281554804595,0.378,0.9199999999999999,0.15132924335378323,0.35381355932203395,0.4981569246972091,0.8048780487804879,West,S,0.544739867778097,0.3786937201213952
P13705,Sweater,Linen,Summer,0.5745534125516898,0.762,0.08000000000000007,0.25971370143149286,0.5572033898305082,0.4233807266982622,0.4146341463414634,East,L,0.6872712465267796,0.3555466041493711
P13706,T-Shirt,Wool,Winter,0.5265153423889594,0.524,0.11999999999999988,0.670756646216769,0.31991525423728806,0.9657714586624541,0.2926829268292683,West,M,0.3880856567979304,0.34363770330300436
P13707,Trousers,Rayon,Autumn,0.7253664347645337,0.013999999999999999,1.0,0.30879345603271985,0.7944915254237288,0.7993680884676146,0.21951219512195125,South,XL,0.5693542205614639,0.7749393485592239
P13708,T-Shirt,Polyester,Autumn,0.5658736170118952,0.736,0.4800000000000002,0.018404907975460124,0.2521186440677965,0.10742496050552923,0.3170731707317073,East,M,0.5819775797643001,0.3089342194183633
P13709,Sweater,Wool,Summer,0.4888325580516441,0.7320000000000001,0.2400000000000002,0.07566462167689163,0.8114406779661016,0.16850974196945762,0.1951219512195122,North,M,0.44810290313308415,0.34534306772710316
P13710,Shirt,Wool,Autumn,0.6975003858036841,0.166,0.7600000000000002,0.8711656441717792,0.625,0.7024749868351765,0.4634146341463415,South,S,0.5349477819296733,0.6418471773204937
P13711,Dress,Denim,Summer,0.5446465408369262,0.956,0.28000000000000025,0.21267893660531698,0.35381355932203395,0.16008425487098477,0.0,Central,S,0.5280827824087381,0.26359526441011855
P13712,Dress,Rayon,Summer,0.5235202460325209,0.22399999999999998,0.72,0.3353783231083845,0.48940677966101687,0.9510268562401264,0.6829268292682928,East,S,0.5652869598543642,0.4401774779577617
P13713,Jacket,Rayon,Summer,0.559902320805999,0.45799999999999996,0.8399999999999999,0.8691206543967281,0.3877118644067796,0.9936808846761455,0.39024390243902446,North,S,0.4548241831944045,0.3927718445152156
P13714,Dress,Linen,Summer,0.4828738595170682,0.114,0.8,0.06339468302658488,0.3707627118644068,0.778830963665087,0.17073170731707316,North,M,0.3872377119862029,0.406147383571608
P13715,Jacket,Denim,Winter,0.5023089169467023,0.604,0.28000000000000025,0.43149284253578735,0.43855932203389836,0.02685624012638231,0.39024390243902446,East,L,0.5243891922966368,0.3302655129622083
P13716,Hoodie,Denim,Spring,0.3896983330131425,0.376,0.40000000000000013,0.026584867075664622,0.7605932203389831,0.48288572933122703,0.48780487804878053,South,XL,0.5994299128101944,0.34004130677896127
P13717,Jacket,Rayon,Spring,0.35861987786557653,0.354,0.40000000000000013,0.4683026584867076,0.5402542372881354,0.40652975250131657,0.5853658536585367,North,XL,0.3616796014180319,0.2892262839744561
P13718,Hoodie,Wool,Winter,0.3118699195953628,0.826,0.52,0.26789366053169733,0.5402542372881354,0.7998946814112693,0.4634146341463415,East,L,0.6248203506754814,0.1879168964877778
P13719,Jacket,Denim,Autumn,0.2375279117155194,0.01,0.15999999999999992,0.30879345603271985,0.6758474576271185,0.2869931542917325,0.5853658536585367,East,XL,0.5261569416498993,0.24119615228113017
P13720,Sweater,Linen,Autumn,0.33432841814190645,0.798,0.44000000000000017,0.19427402862985685,0.3029661016949152,0.38651922064244343,0.48780487804878053,West,M,0.48097154354699617,0.18441294931949634
P13721,Sweater,Polyester,Spring,0.4676338266371461,0.5720000000000001,0.52,0.018404907975460124,0.5572033898305082,0.0937335439705108,0.2926829268292683,East,L,0.49229663696464493,0.3318772869867126
P13722,Trousers,Linen,Autumn,0.5200495875837351,0.986,0.52,0.7627811860940696,0.5233050847457625,0.34281200631911535,0.2926829268292683,North,S,0.3361406534444763,0.2655620767037446
P13723,Hoodie,Denim,Spring,0.4492979160302218,0.59,0.8,0.7402862985685073,0.5572033898305082,0.9741969457609269,0.7073170731707319,West,S,0.5299894605729616,0.3155224080668425
P13724,Jeans,Linen,Spring,0.05541912452483165,0.055999999999999994,0.52,0.030674846625766878,0.40466101694915246,0.9426013691416536,0.2926829268292683,North,S,0.4705135575356903,0.051685118337655905
P13725,Hoodie,Denim,Winter,0.798105388968849,0.05,0.2400000000000002,0.3394683026584867,0.777542372881356,0.750394944707741,0.9512195121951221,South,M,0.5385311871227363,0.8320104914515476
P13726,Jacket,Denim,Autumn,0.7058715383961274,0.8840000000000001,0.6800000000000002,0.19427402862985685,0.5572033898305082,0.9078462348604529,0.14634146341463422,South,S,0.4792756539235412,0.39424398950199985
P13727,Jacket,Polyester,Winter,0.584798468753051,0.8420000000000001,0.8,0.034764826175869123,0.3707627118644068,0.21116377040547657,1.0,North,S,0.4266360065152821,0.3121965629576888
P13728,Jeans,Linen,Spring,0.861011860707548,0.34600000000000003,0.32000000000000006,0.8343558282208591,0.6588983050847457,0.6219062664560296,0.26829268292682934,Central,S,0.33947494490754043,0.7276999354367633
P13729,T-Shirt,Linen,Spring,0.31587597907526793,0.618,0.6399999999999999,0.01226993865030675,0.5741525423728815,0.5002632964718273,0.024390243902439046,Central,XL,0.25203602567787675,0.22206139292082516
P13730,Jacket,Linen,Spring,0.8572609040718822,0.49,0.15999999999999992,0.37423312883435583,0.7605932203389831,0.4228541337546077,0.3170731707317073,Central,L,0.44741304972693297,0.6934775255541726
P13731,Trousers,Cotton,Summer,0.3181719046734211,0.968,0.3600000000000001,0.7791411042944787,0.5402542372881354,0.32490784623486046,1.0,North,XL,0.14199482609945382,0.17168534952305856
P13732,Dress,Denim,Summer,0.5456764004673735,0.9500000000000001,0.9199999999999999,0.49897750511247446,0.4555084745762712,0.8667719852553978,0.39024390243902446,East,M,0.29487400594040425,0.2782623410587954
P13733,Dress,Linen,Summer,0.2598541347131983,0.9840000000000001,0.9199999999999999,0.8793456032719837,0.3707627118644068,0.4849921011058453,0.2926829268292683,West,M,0.6232921337549103,0.13171850329578108
P13734,Shirt,Rayon,Winter,0.5033419259949797,0.866,0.56,0.7566462167689163,0.5063559322033897,0.7245918904686678,0.0,East,M,0.3727699530516432,0.28253899814962374
P13735,Shirt,Cotton,Spring,0.5735361505925629,0.91,0.72,0.9509202453987732,0.26906779661016955,0.7061611374407584,0.0,North,XL,0.594548241831944,0.276040505468527
P13736,Dress,Polyester,Autumn,0.4713343925875302,0.218,0.8399999999999999,0.7484662576687118,0.625,0.13638757240652977,0.6097560975609757,East,L,0.5805403851681517,0.42287074523358703
P13737,Dress,Linen,Winter,0.6354631533860965,0.8320000000000001,0.9600000000000002,0.16564417177914112,0.7266949152542375,0.04897314375987362,0.2926829268292683,South,S,0.38875634760946626,0.3994144807987624
P13738,Sweater,Linen,Winter,0.5192748307975271,0.708,0.4800000000000002,0.26584867075664625,0.7266949152542375,0.84044233807267,0.8048780487804879,West,M,0.6374820350675481,0.36023237506487826
P13739,Trousers,Cotton,Winter,0.4018456375838926,0.9620000000000001,0.56,0.261758691206544,0.43855932203389836,0.4907846234860453,0.9512195121951221,North,M,0.6941027115071379,0.20508432264314172
P13740,Jeans,Denim,Autumn,0.39345558848446865,0.5720000000000001,0.40000000000000013,0.5889570552147241,0.8283898305084745,0.8104265402843603,0.1951219512195122,West,XL,0.28940787582638683,0.3134372744888098
P13741,Shirt,Rayon,Spring,0.6537990639930208,0.086,0.08000000000000007,0.9284253578732108,0.40466101694915246,0.296998420221169,0.43902439024390244,Central,S,0.6283510587333524,0.565489392211592
P13742,T-Shirt,Polyester,Summer,0.1856223564574089,0.598,0.44000000000000017,0.14928425357873212,0.5233050847457625,0.8620326487625067,0.5365853658536586,Central,S,0.40803391779246906,0.1330880287535108
P13743,Sweater,Linen,Spring,0.673542764370006,0.6859999999999999,0.8,0.7423312883435584,0.5233050847457625,0.8314902580305424,0.9756097560975612,South,XL,0.276612053272013,0.4319867676619446
P13744,Jeans,Denim,Spring,0.7316148797394801,0.22,0.8,0.11860940695296525,0.43855932203389836,0.38177988414955244,0.6585365853658538,North,XL,0.535345405767941,0.599897643407133
P13745,Sweater,Rayon,Winter,0.18523497806430486,0.394,0.8800000000000001,0.14519427402862986,0.5741525423728815,0.4117956819378621,0.7073170731707319,Central,XL,0.5795966273833476,0.15107938777739643
P13746,Hoodie,Rayon,Winter,0.7146489658886555,0.598,0.040000000000000036,0.32515337423312884,0.5741525423728815,0.3512374934175882,0.14634146341463422,West,L,0.49177924691003155,0.4978821234250246
P13747,Trousers,Polyester,Winter,0.889910918716675,0.374,0.52,0.17586912065439675,0.2860169491525424,0.034755134281200625,0.3170731707317073,West,M,0.7604963112005365,0.6183258981924973
P13748,Dress,Wool,Summer,0.5481833370601444,0.374,0.11999999999999988,0.81799591002045,0.31991525423728806,0.6882569773565036,0.024390243902439046,South,M,0.6076315033055475,0.3908495577363715
P13749,Jacket,Rayon,Summer,0.6137699633722706,0.134,0.20000000000000018,0.9427402862985687,0.6927966101694913,0.2727751448130595,0.26829268292682934,Central,M,0.4913959950177253,0.5916315249971449
P13750,Jeans,Wool,Summer,0.6965209168585186,0.9400000000000001,0.9199999999999999,0.032719836400818006,0.6080508474576272,0.8846761453396527,0.024390243902439046,East,L,0.5247101657564434,0.37942951975647937
P13751,Dress,Rayon,Spring,0.44850741215486317,0.75,0.4800000000000002,0.17995910020449898,0.47245762711864403,0.8978409689310165,0.6585365853658538,Central,XL,0.9358771677685158,0.27205813846537147
P13752,Dress,Polyester,Winter,0.535009322276777,0.002,0.7600000000000002,0.30265848670756645,0.48940677966101687,0.7230121116377042,0.6585365853658538,South,M,0.5686691578039667,0.5024712280836486
P13753,T-Shirt,Cotton,Autumn,0.25222624472866195,0.766,0.08000000000000007,0.6339468302658487,0.1673728813559321,0.1816745655608215,0.26829268292682934,Central,M,0.7014659384880713,0.13677861100436564
P13754,Hoodie,Polyester,Spring,0.5267609969797082,0.74,0.40000000000000013,0.010224948875255626,0.5741525423728815,0.08952080042127437,0.7073170731707319,North,M,0.6384257928523521,0.3346745559429482
P13755,Jeans,Polyester,Summer,0.5946907901574393,0.01,0.6800000000000002,0.16973415132924335,0.4555084745762712,0.8167456556082151,0.9512195121951221,South,L,0.3354843345789019,0.5473488293039107
P13756,Sweater,Cotton,Autumn,0.598101609667453,0.37,0.11999999999999988,0.883435582822086,0.7097457627118642,0.89362822538178,0.9512195121951221,East,XL,0.3487975471878892,0.510815780854495
P13757,Jacket,Cotton,Autumn,0.7018906742588632,0.606,0.32000000000000006,0.16973415132924335,0.20127118644067798,0.3522906793048974,0.5121951219512195,West,M,0.4964213854555906,0.4051459687764765
P13758,Jeans,Denim,Winter,0.3541540033824747,0.452,0.52,0.5092024539877301,0.8283898305084745,0.35334386519220645,0.4146341463414634,Central,M,0.4851250359298649,0.30413030085555465
P13759,Sweater,Rayon,Autumn,0.39992134328969287,0.778,0.6399999999999999,0.3128834355828221,0.5911016949152543,0.3907319641916799,0.3170731707317073,West,L,0.5436188559931014,0.25152242533133184
P13760,Dress,Denim,Summer,0.8587474292876961,0.42600000000000005,0.9600000000000002,0.8486707566462169,0.18432203389830515,0.8278041074249606,0.5853658536585367,South,XL,0.6804254096004598,0.5478836811979094
P13761,Jacket,Cotton,Winter,0.4721563906411899,0.154,0.8399999999999999,0.14519427402862986,0.4555084745762712,0.7072143233280676,0.21951219512195125,West,XL,0.6193638018587716,0.40553757005885105
P13762,Sweater,Wool,Autumn,0.5383634522658486,0.976,0.9600000000000002,0.22085889570552147,0.3368644067796609,0.12216956292785676,0.853658536585366,North,M,0.2886653252850436,0.25420990602660654
P13763,Trousers,Wool,Winter,0.4879003303739303,0.242,0.8399999999999999,0.22699386503067487,0.5741525423728815,0.6350710900473935,0.1951219512195122,South,S,0.40731052984574107,0.4225677980959649
P13764,Sweater,Polyester,Autumn,0.3452946910263638,0.718,0.8399999999999999,0.34969325153374237,0.625,0.010005265929436541,0.2439024390243903,South,L,0.7364089297690906,0.23123151571004033
P13765,T-Shirt,Linen,Spring,0.8073552291358941,0.14400000000000002,0.56,0.3803680981595092,0.40466101694915246,0.7109004739336494,0.6341463414634148,Central,S,0.5900019162594614,0.677146658165394
P13766,Hoodie,Polyester,Spring,0.4008472721317465,0.33,0.52,0.5807770961145196,0.3877118644067796,0.7651395471300686,0.2926829268292683,South,S,0.2754910414870173,0.30485808837850825
P13767,Dress,Polyester,Summer,0.28754696569339155,0.44200000000000006,0.40000000000000013,0.556237218813906,0.6927966101694913,0.8151658767772514,0.0,North,M,0.4742646354316374,0.23637759859090016
P13768,Sweater,Linen,Spring,0.4153912836712133,0.192,0.8,0.034764826175869123,0.6927966101694913,0.626119010005266,0.9268292682926831,Central,M,0.22778097154354696,0.3890760283459101
P13769,Hoodie,Rayon,Spring,0.1223127592364552,0.45,0.20000000000000018,0.34151329243353784,0.3029661016949152,0.18062137967351238,0.2439024390243903,North,M,0.6553559451949793,0.08996185540077378
P13770,Shirt,Cotton,Spring,0.49831545513811765,0.158,0.040000000000000036,0.6503067484662578,0.5402542372881354,0.7941021590310691,0.04878048780487804,East,L,0.5773498131647025,0.44397345793135096
P13771,Shirt,Wool,Autumn,0.31762075655315114,0.56,0.9600000000000002,0.16564417177914112,0.4216101694915253,0.9004739336492893,0.024390243902439046,Central,L,0.47276516240298927,0.2166636354589194
P13772,Hoodie,Polyester,Autumn,0.6172374724032262,0.664,0.0,0.15132924335378323,0.21822033898305082,0.6340179041600843,1.0,South,L,0.4902462393408067,0.3471196481695524
P13773,Hoodie,Linen,Winter,0.37331191204305886,0.062000000000000006,0.9600000000000002,0.8752556237218815,0.6419491525423728,0.2754081095313323,0.5609756097560976,South,S,0.5799032288971926,0.365073079888646
P13774,T-Shirt,Denim,Autumn,0.6683273284433372,0.872,0.72,0.9386503067484664,0.8114406779661016,0.1795681937862033,0.4634146341463415,South,L,0.6795103957075788,0.4203260934598244
P13775,Trousers,Polyester,Spring,0.7648286401758634,0.18600000000000003,0.32000000000000006,0.6830265848670758,0.777542372881356,0.23170089520800424,0.9512195121951221,East,XL,0.5633227939062948,0.7435983968234927
P13776,Dress,Wool,Autumn,0.6481805025840972,0.226,0.6800000000000002,0.7055214723926382,0.5233050847457625,0.01685097419694577,0.34146341463414637,North,L,0.6047139982753664,0.5520129451918943
P13777,Jeans,Cotton,Summer,0.4598642128502546,0.662,0.8,0.507157464212679,0.47245762711864403,0.010005265929436541,0.12195121951219517,South,M,0.5576075500622784,0.29630896629267217
P13778,T-Shirt,Polyester,Winter,0.5272302602363953,0.46799999999999997,0.2400000000000002,0.26584867075664625,0.5911016949152543,0.296998420221169,0.4634146341463415,West,S,0.6986538277282743,0.4042636690353744
P13779,Trousers,Polyester,Winter,0.2123955574312089,0.5,0.7600000000000002,0.7893660531697343,0.6080508474576272,0.9236440231700896,0.5121951219512195,West,L,0.7614640222286098,0.16501974353105045
P13780,Hoodie,Rayon,Autumn,0.47528376254649324,0.128,0.8,0.8609406952965236,0.31991525423728806,0.6219062664560296,0.024390243902439046,Central,M,0.4058158474657468,0.3871836815650279
P13781,Jeans,Linen,Spring,0.3379722945713485,0.8059999999999999,0.2400000000000002,0.7239263803680983,0.6758474576271185,0.38651922064244343,0.34146341463414637,Central,M,0.4729663696464501,0.2172711668840107
P13782,Hoodie,Denim,Winter,0.6317688862713726,0.618,0.040000000000000036,0.40899795501022496,0.3707627118644068,0.011058451816745654,0.8048780487804879,West,XL,0.5084171696847752,0.39582331819316996
P13783,Hoodie,Denim,Summer,0.9867240228143827,0.136,0.20000000000000018,0.7402862985685073,0.7097457627118642,0.9899947340705636,0.7317073170731709,East,XL,0.40143240394749446,0.9567021491610203
P13784,Shirt,Cotton,Summer,0.595012030776111,0.374,0.20000000000000018,0.6032719836400819,0.43855932203389836,0.4560294892048447,0.7073170731707319,Central,L,0.44884545367442746,0.44894267901811885
P13785,Shirt,Wool,Winter,0.12430949014074753,0.81,0.08000000000000007,0.13701431492842536,0.8961864406779663,0.9921011058451817,0.6585365853658538,East,S,0.49002107885407675,0.09232709043447081
P13786,Jeans,Cotton,Spring,0.43230365741892607,0.568,0.72,0.8936605316973416,0.3707627118644068,0.7203791469194314,0.7804878048780488,East,S,0.5034301044361406,0.28315188751966935
P13787,T-Shirt,Polyester,Spring,0.5237092111023277,0.10800000000000001,0.3600000000000001,0.03885480572597137,0.3029661016949152,0.051079515534491846,0.9756097560975612,West,L,0.44058158474657466,0.4266583410155349
P13788,Shirt,Polyester,Autumn,0.5170702383164472,0.37200000000000005,0.8800000000000001,0.5521472392638038,0.06567796610169485,0.859399684044234,0.48780487804878053,Central,L,0.42390054613394645,0.3225352882688489
P13789,Dress,Denim,Autumn,0.3624653170361459,0.242,0.2400000000000002,0.18813905930470348,0.3707627118644068,0.5308056872037916,0.5365853658536586,South,L,0.5086758647120819,0.28711168169917495
P13790,Hoodie,Wool,Winter,0.5469172710924385,0.518,0.44000000000000017,0.26993865030674846,0.4555084745762712,0.4528699315429174,1.0,East,S,0.3846363897671744,0.3821209941051691
P13791,Jacket,Linen,Autumn,0.2657750402338128,0.8440000000000001,0.6399999999999999,0.6012269938650308,0.40466101694915246,0.7582938388625594,0.2926829268292683,East,XL,0.5532049439494107,0.15120832573050866
P13792,Sweater,Wool,Autumn,0.3220078955905001,0.436,0.8800000000000001,0.6032719836400819,0.3029661016949152,0.7751448130595051,0.6097560975609757,Central,S,0.3228993005652965,0.22335742027253883
P13793,T-Shirt,Polyester,Autumn,0.6225977815500804,0.434,0.52,0.2740286298568507,0.4216101694915253,0.7967351237493419,0.43902439024390244,Central,M,0.49768611670020113,0.44947378531170984
P13794,Jeans,Linen,Summer,0.3086386169016657,0.9059999999999999,0.3600000000000001,0.9304703476482619,0.4555084745762712,0.7609268035808321,0.6341463414634148,West,XL,0.7396809427996551,0.16927154571056321
P13795,Shirt,Wool,Autumn,0.6022682894566939,0.5760000000000001,0.8800000000000001,0.7177914110429449,0.5402542372881354,0.6413902053712481,0.9512195121951221,North,M,0.4653875634760946,0.4206719785729828
P13796,T-Shirt,Wool,Winter,0.2417827752040036,0.5660000000000001,0.32000000000000006,0.7259713701431494,0.7266949152542375,0.6761453396524487,0.14634146341463422,North,S,0.6283798026252754,0.1883412655723957
P13797,Hoodie,Linen,Spring,0.8340559934996015,0.262,0.08000000000000007,0.065439672801636,0.47245762711864403,0.8588730911005793,0.5853658536585367,North,M,0.33859825620388995,0.6787655017006017
P13798,Dress,Polyester,Autumn,0.3542547847530384,0.608,0.44000000000000017,0.7627811860940696,0.3707627118644068,0.6908899420747763,0.9512195121951221,East,S,0.44052888761138254,0.22810255027265489
P13799,T-Shirt,Polyester,Spring,0.4582989521886879,0.5760000000000001,0.8,0.5971370143149285,0.3368644067796609,0.10163243812532914,0.853658536585366,West,XL,0.5950847944811727,0.29322847041288225
P13800,Trousers,Linen,Autumn,0.5630391409647926,0.396,0.040000000000000036,0.06339468302658488,0.3877118644067796,0.6456029489204845,0.14634146341463422,North,XL,0.1387898821500431,0.40968196528627154
P13801,Trousers,Rayon,Winter,0.39373273725351865,0.99,0.6000000000000001,0.08588957055214726,0.40466101694915246,0.17008952080042133,0.4634146341463415,Central,XL,0.5893216441506179,0.19365309747262757
P13802,Jacket,Rayon,Summer,0.5276617304791209,0.882,0.6000000000000001,0.9120654396728017,0.6758474576271185,0.014218009478672994,0.5609756097560976,East,M,0.48925457506946435,0.3137872772818867
P13803,Shirt,Polyester,Winter,0.6092851923821881,0.75,0.9199999999999999,0.5950920245398774,0.6927966101694913,0.2143233280674039,0.6585365853658538,East,L,0.451221615406726,0.4026374831311552
P13804,Shirt,Linen,Summer,0.6820871349431057,0.538,0.28000000000000025,0.7218813905930471,0.26906779661016955,0.15429173249078465,0.09756097560975613,Central,XL,0.7091405576315033,0.4269790239431676
P13805,Shirt,Rayon,Autumn,0.6501299922209379,0.462,0.28000000000000025,0.6216768916155421,0.11652542372881358,0.10215903106898368,0.853658536585366,West,S,0.29039954009772917,0.39330362055192586
P13806,Jacket,Linen,Autumn,0.46809679105817287,0.184,0.44000000000000017,0.572597137014315,0.35381355932203395,0.2148499210110585,0.7317073170731709,West,M,0.5566590016288204,0.3771257274526513
P13807,Trousers,Wool,Summer,0.47285556139947527,0.306,0.3600000000000001,0.21881390593047037,0.6758474576271185,0.5639810426540286,0.7804878048780488,North,XL,0.62018779342723,0.4135541719489554
P13808,T-Shirt,Polyester,Winter,0.9444651343699115,0.774,0.72,0.19427402862985685,0.4216101694915253,0.15165876777251186,0.5609756097560976,Central,L,0.39639264156366766,0.5366518906451372
P13809,Jacket,Rayon,Winter,0.6800589098605121,0.454,0.6399999999999999,0.1329243353783231,0.5572033898305082,0.2796208530805687,0.21951219512195125,South,XL,0.20595477627670783,0.5160728674560507
P13810,Jacket,Wool,Summer,0.3263729887030382,0.882,0.7600000000000002,0.016359918200409,0.048728813559322015,0.849921011058452,0.902439024390244,West,M,0.5434511832902175,0.14999658679062172
P13811,T-Shirt,Polyester,Autumn,0.5194574970316737,0.14800000000000002,0.8399999999999999,0.4683026584867076,0.20127118644067798,0.8883622959452345,0.09756097560975613,North,M,0.620048864616269,0.3933791774979012
P13812,Shirt,Cotton,Summer,0.43723249632305466,0.508,0.9199999999999999,0.4498977505112475,0.3707627118644068,0.33333333333333337,0.7317073170731709,East,L,0.7133754910414869,0.29709082937118264
P13813,Dress,Polyester,Autumn,0.4749908666882926,0.6459999999999999,0.44000000000000017,0.7300613496932516,0.3368644067796609,0.89942074776198,0.1951219512195122,West,L,0.26647025007185965,0.28997545366662525
P13814,T-Shirt,Rayon,Summer,0.26823158614130177,0.516,1.0,0.8200408997955011,0.5572033898305082,0.5860979462875199,0.7560975609756098,South,S,0.46160774168822455,0.20046311992539362
P13815,Trousers,Rayon,Autumn,0.42272627779754907,0.89,0.20000000000000018,0.5664621676891617,0.5911016949152543,0.22643496577145866,0.9756097560975612,East,XL,0.8175912618568553,0.243486425696069
P13816,Jeans,Rayon,Summer,0.8428838116774112,0.99,0.72,0.20040899795501024,0.6588983050847457,0.7546076882569774,0.09756097560975613,East,M,0.5373910127431254,0.4459202027366993
P13817,Hoodie,Linen,Spring,0.49831545513811765,0.11599999999999999,0.52,0.5521472392638038,0.6588983050847457,0.9225908372827806,0.6341463414634148,Central,L,0.5435996933984861,0.47787888087611524
P13818,Jeans,Wool,Autumn,0.1856223564574089,0.13,0.8,0.5357873210633948,0.2860169491525424,0.6598209583991576,0.6585365853658538,Central,M,0.5844974609562135,0.1519698236571328
P13819,Sweater,Rayon,Winter,0.730481089320639,0.13,0.4800000000000002,0.8098159509202455,0.23516949152542366,0.2016850974196946,0.26829268292682934,West,L,0.5050110184919038,0.5657857907498255
P13820,Sweater,Wool,Summer,0.706466778366019,0.682,0.8,0.7382413087934562,0.7436440677966103,0.08583464981569248,0.09756097560975613,South,S,0.4598256203890006,0.49966373934351876
P13821,Jacket,Polyester,Winter,0.43267213930504944,0.37200000000000005,0.9199999999999999,0.33333333333333337,0.3877118644067796,0.22959452343338604,0.17073170731707316,Central,XL,0.4718501485101082,0.32094834435035957
P13822,Hoodie,Rayon,Summer,0.6361024852056096,0.7340000000000001,0.72,0.030674846625766878,0.31991525423728806,0.3385992627698789,0.39024390243902446,North,L,0.7083932164415061,0.3582669518680921
P13823,Jeans,Polyester,Winter,0.33816755847681557,0.406,0.7600000000000002,0.34355828220858897,0.5402542372881354,0.3338599262769879,0.17073170731707316,East,M,0.6093178116316949,0.2653071278230044
P13824,Dress,Rayon,Winter,0.4117033153921497,0.628,0.08000000000000007,0.040899795501022504,0.48940677966101687,0.49868351764086366,0.8048780487804879,North,M,0.5537462872472931,0.27449677238388165
P13825,Shirt,Cotton,Summer,0.7837377448278685,0.77,0.20000000000000018,0.05521472392638038,0.6080508474576272,0.5055292259083729,0.5365853658536586,East,S,0.22801571332758452,0.48903933138403355
P13826,Trousers,Denim,Summer,0.44921603116663883,0.5479999999999999,0.9600000000000002,0.6728016359918202,0.6927966101694913,0.47182727751448134,0.4146341463414634,North,S,0.42517485867586463,0.3432941498881132
P13827,Sweater,Polyester,Winter,0.14724984961529866,0.54,0.6800000000000002,0.16768916155419222,0.625,0.3438651922064245,0.21951219512195125,East,L,0.8047092076267126,0.11485293284480781
P13828,Dress,Rayon,Winter,0.48860265055004576,0.08800000000000001,0.56,0.556237218813906,0.2860169491525424,0.10689836756187467,0.9268292682926831,Central,XL,0.3867299032288971,0.3988580979037437
P13829,Trousers,Denim,Winter,0.4857146343998311,0.41000000000000003,0.52,0.6543967280163601,0.35381355932203395,0.4186413902053712,0.9756097560975612,North,L,0.5116173229855322,0.34590820689327395
P13830,Trousers,Polyester,Autumn,0.7270135802896833,0.546,0.040000000000000036,0.8098159509202455,0.5402542372881354,0.9863085834649817,0.09756097560975613,West,M,0.4864376736610136,0.5160899583082428
P13831,Shirt,Linen,Autumn,0.5032726388027172,0.462,0.3600000000000001,0.07157464212678938,0.43855932203389836,0.6540284360189574,0.39024390243902446,West,L,0.29252658810002874,0.3617002535399396
P13832,Hoodie,Rayon,Spring,0.4208996154560829,0.9,0.4800000000000002,0.6400817995910022,0.5741525423728815,0.440231700895208,0.2439024390243903,South,S,0.36464501293475127,0.23885363890288736
P13833,Jacket,Linen,Autumn,0.6980420856704638,0.9059999999999999,0.20000000000000018,1.0000000000000002,0.3877118644067796,0.08372827804107426,0.43902439024390244,South,L,0.2718645204560697,0.35401234668959863
P13834,Jeans,Cotton,Autumn,0.523387970483656,0.8220000000000001,0.15999999999999992,0.5623721881390594,0.1673728813559321,0.21327014218009477,0.48780487804878053,South,S,0.25708057871035733,0.25763043296858623
P13835,Shirt,Rayon,Summer,0.35883718769585443,0.376,0.52,0.474437627811861,0.48940677966101687,0.5750394944707742,0.04878048780487804,North,M,0.5696224968860784,0.27955819477340405
P13836,Dress,Cotton,Spring,0.7188187950957264,0.718,0.6000000000000001,0.21063394683026587,0.4216101694915253,0.4981569246972091,0.9512195121951221,East,XL,0.390294145827345,0.42888255791467195
P13837,Jacket,Denim,Spring,0.537160374654745,0.396,0.2400000000000002,0.8895705521472393,0.5741525423728815,0.018957345971563982,0.0,South,L,0.7694021270480023,0.426577798204116
P13838,Dress,Polyester,Autumn,0.5011184370069193,0.23199999999999998,0.6000000000000001,0.010224948875255626,0.5063559322033897,0.08636124275934705,0.5609756097560976,Central,S,0.6174762862891635,0.4230525680878219
P13839,Jacket,Polyester,Summer,0.5341841748052872,0.342,0.9199999999999999,0.04498977505112475,0.5911016949152543,0.3559768299104792,0.853658536585366,West,L,0.4942895468046373,0.4408944503696039
P13840,Hoodie,Cotton,Summer,0.2982455380622892,0.07,0.4800000000000002,0.3456032719836401,0.2860169491525424,0.14112690889942076,0.12195121951219517,West,S,0.6138401839609082,0.24754214197343632
P13841,Sweater,Wool,Spring,0.4008567203852368,0.332,0.8399999999999999,0.30879345603271985,0.5911016949152543,0.9583991574512903,0.21951219512195125,Central,S,0.18343872760371752,0.3339117185300855
P13842,Dress,Wool,Summer,0.5012412643022938,0.46,0.9199999999999999,0.4969325153374234,0.6758474576271185,0.034228541337546076,0.9512195121951221,West,S,0.4850627574973651,0.4008729580648531
P13843,Shirt,Polyester,Winter,0.46377893921308644,0.956,0.08000000000000007,0.49079754601226994,0.48940677966101687,0.9747235387045815,0.8048780487804879,North,L,0.6535977771390244,0.24101867035452032
P13844,Jacket,Denim,Autumn,0.7410095931267104,0.314,0.08000000000000007,0.5316973415132925,0.26906779661016955,0.6566614007372302,0.5609756097560976,Central,S,0.31033342914630635,0.5295952042820696
P13845,Jacket,Polyester,Winter,0.5416451456448275,0.902,0.4800000000000002,0.8486707566462169,0.625,0.40758293838862564,0.5365853658536586,North,L,0.6006515282169205,0.30987210783836583
P13846,Trousers,Rayon,Spring,0.6621103776466919,0.228,0.6000000000000001,0.09202453987730062,0.5911016949152543,0.539757767245919,0.4634146341463415,West,S,0.5373191530133179,0.5808797666237931
P13847,Trousers,Cotton,Spring,0.5023404111250036,0.19,0.44000000000000017,0.556237218813906,0.5063559322033897,0.41021590310689837,0.902439024390244,Central,XL,0.27471016575644336,0.4334851814621851
P13848,T-Shirt,Wool,Summer,0.7001647932879607,0.518,0.32000000000000006,0.15132924335378323,0.7605932203389831,0.5734597156398106,0.8292682926829269,Central,S,0.727694739867778,0.5573608191940638
P13849,Dress,Polyester,Summer,0.5756840535527007,0.672,0.6399999999999999,0.5766871165644173,0.3029661016949152,0.15218536071616645,0.8048780487804879,Central,L,0.6655887707195554,0.33714201362088825
P13850,Trousers,Polyester,Spring,0.503099420822061,0.044000000000000004,0.0,0.39877300613496935,0.47245762711864403,0.12006319115323856,0.853658536585366,West,L,0.5902797738813834,0.4595865591386647
P13851,T-Shirt,Polyester,Spring,0.4980540534582182,0.222,0.9600000000000002,0.04498977505112475,0.40466101694915246,0.5286993154291733,0.3658536585365854,West,L,0.30534636389767167,0.402971610531775
P13852,Sweater,Cotton,Winter,0.32020957800950495,0.456,0.2400000000000002,0.17586912065439675,0.26906779661016955,0.07161664033701949,0.5365853658536586,West,M,0.3773929290025869,0.21612523640691844
P13853,Sweater,Denim,Winter,0.5963536827717396,0.332,0.9199999999999999,0.752556237218814,0.6419491525423728,0.2927856766719326,0.0,South,XL,0.48349142473890955,0.5056292157228696
P13854,Trousers,Polyester,Summer,0.49296774366258395,0.7120000000000001,0.11999999999999988,0.245398773006135,0.7436440677966103,0.9273301737756715,0.1951219512195122,South,XL,0.7071284851968955,0.3438141186016835
P13855,Dress,Cotton,Winter,0.40570367442578237,0.512,0.2400000000000002,0.8527607361963191,0.5572033898305082,0.8767772511848342,0.26829268292682934,East,XL,0.4675385647216633,0.3000130426271155
P13856,Jacket,Wool,Summer,0.7096476903744342,0.16,0.2400000000000002,0.30265848670756645,0.3877118644067796,0.8320168509741971,0.878048780487805,Central,M,0.5269905145156654,0.58590001221413
P13857,Jeans,Rayon,Summer,0.26431685977846997,0.8940000000000001,1.0,0.3047034764826176,0.5572033898305082,0.5076355976829912,0.39024390243902446,West,M,0.39574590399540094,0.15440796146962874
P13858,Hoodie,Linen,Autumn,0.4207263974754266,0.292,0.0,0.130879345603272,0.7605932203389831,0.027909426013691424,0.04878048780487804,Central,XL,0.7525582063811438,0.38436195458228817
P13859,Dress,Cotton,Summer,0.6947666911271451,0.7320000000000001,0.6399999999999999,0.32515337423312884,0.08262711864406769,0.12164296998420222,0.902439024390244,North,S,0.35343968573344825,0.344116941712802
P13860,Hoodie,Linen,Winter,0.5601857684107092,0.78,0.8800000000000001,0.9100204498977507,0.5063559322033897,0.9199578725645077,0.6829268292682928,North,S,0.5248682571620197,0.334623630660582
P13861,Shirt,Polyester,Spring,0.4915190114607314,0.9640000000000001,0.6800000000000002,0.5787321063394684,0.47245762711864403,0.8367561874670881,0.7317073170731709,West,XL,0.688262910798122,0.2509628673578217
P13862,Sweater,Polyester,Spring,0.5479943719903375,0.498,0.3600000000000001,0.16564417177914112,0.35381355932203395,0.3765139547130069,0.8292682926829269,South,S,0.42028360640030654,0.3691977052913973
P13863,Trousers,Cotton,Winter,0.5344676224099975,0.616,0.9600000000000002,0.01226993865030675,0.35381355932203395,0.7293312269615588,0.902439024390244,East,L,0.4621538756347609,0.3342002537879926
P13864,Trousers,Linen,Spring,0.2139671169284358,0.334,0.8800000000000001,0.3701431492842536,0.5402542372881354,0.8551869404949974,0.6097560975609757,South,M,0.37180703267222376,0.1766184540919866
P13865,Hoodie,Polyester,Summer,0.43456493942094804,0.6779999999999999,0.44000000000000017,0.7300613496932516,0.6588983050847457,0.6208530805687205,0.2926829268292683,Central,XL,0.2995688416211555,0.3008314687188786
P13866,T-Shirt,Wool,Spring,0.806029324229416,0.46399999999999997,0.56,0.9263803680981596,0.0,0.8541337546076884,0.43902439024390244,South,S,0.3204321165085752,0.4519522069325656
P13867,Hoodie,Denim,Winter,0.3759763195273354,0.438,0.9600000000000002,0.026584867075664622,0.625,0.24486571879936814,0.7560975609756098,West,XL,0.728446871706429,0.2996124866311832
P13868,Shirt,Denim,Spring,0.4404165577493,0.856,1.0,0.9754601226993866,0.47245762711864403,0.46234860452869936,0.6341463414634148,South,XL,0.27145731532049433,0.2470512946829044
P13869,Jacket,Polyester,Summer,0.39821750824360114,0.05,0.44000000000000017,0.37218813905930476,0.3029661016949152,0.5792522380200106,0.9268292682926831,North,L,0.3941506179936763,0.33480513104590753
P13870,Shirt,Linen,Summer,0.4841210289777934,0.882,0.8399999999999999,0.6400817995910022,0.5572033898305082,0.6313849394418116,0.2926829268292683,West,M,0.3065727699530516,0.27481361048990366
P13871,Jeans,Rayon,Winter,0.39037545784661704,0.8520000000000001,0.32000000000000006,0.08793456032719837,0.11652542372881358,0.9873617693522908,0.8048780487804879,West,M,0.38686883203985817,0.18673306351119429
P13872,Sweater,Polyester,Winter,0.5925397377794713,0.506,0.3600000000000001,0.35378323108384463,0.5911016949152543,0.8462348604528701,0.43902439024390244,West,XL,0.4591501389288109,0.442958896326841
P13873,Trousers,Rayon,Winter,0.53785009715954,0.49,0.15999999999999992,0.026584867075664622,0.625,0.05529225908372827,0.43902439024390244,South,L,0.5233208776468332,0.41281450268695974
P13874,Trousers,Rayon,Autumn,0.646738069217905,0.36200000000000004,0.20000000000000018,0.6114519427402864,0.6419491525423728,0.1690363349131122,0.04878048780487804,North,S,0.7052026444380568,0.5386377782150125
P13875,Jeans,Linen,Autumn,0.3019744487731443,0.9940000000000001,0.6399999999999999,0.8670756646216771,0.5402542372881354,0.6577145866245393,0.04878048780487804,South,M,0.6344064386317907,0.16023385842186097
P13876,T-Shirt,Rayon,Summer,0.4362530273778891,0.11199999999999999,0.52,0.147239263803681,0.48940677966101687,0.24065297525013168,0.6097560975609757,Central,XL,0.6025917409217207,0.3889658432001378
P13877,Sweater,Wool,Autumn,0.45791157379558384,0.59,0.2400000000000002,0.45398773006134974,0.3029661016949152,0.15903106898367564,0.12195121951219517,East,S,0.6086375395228514,0.2856105145105552
P13878,Jacket,Linen,Autumn,0.5866660735263086,0.682,0.40000000000000013,0.0020449897750511245,0.6419491525423728,0.6671932596103213,0.2926829268292683,East,XL,0.25285043594902745,0.3989474962075175
P13879,Jeans,Polyester,Spring,0.3506738966801986,0.934,0.3600000000000001,0.4274028629856851,0.8114406779661016,0.5365982095839916,0.902439024390244,East,S,0.5092890677397719,0.21473204669230742
P13880,Jacket,Wool,Autumn,0.6735900056374577,0.78,1.0,0.5316973415132925,0.5402542372881354,0.8056872037914694,0.6341463414634148,Central,S,0.6889671361502345,0.40620704031982563
P13881,Hoodie,Cotton,Spring,0.7247554477054915,0.644,0.8399999999999999,0.18200408997955012,0.3368644067796609,0.31964191679831494,0.9756097560975612,Central,S,0.7747005844591357,0.437075178218644
P13882,T-Shirt,Denim,Winter,0.49831545513811765,0.11599999999999999,0.40000000000000013,0.6993865030674847,0.5063559322033897,0.32964718272775145,0.5609756097560976,Central,S,0.6761473603525916,0.4464841264431352
P13883,Trousers,Polyester,Spring,0.4078074855362986,0.374,0.9199999999999999,0.8077709611451944,1.0,0.15060558188520273,0.21951219512195125,North,S,0.4279869694356615,0.39041881368946996
P13884,Jacket,Polyester,Spring,0.4000473200028974,0.138,0.3600000000000001,0.6809815950920246,0.11652542372881358,0.6524486571879938,0.3658536585365854,West,S,0.6039427038421001,0.29240657157901906
P13885,Shirt,Polyester,Winter,0.9979926398105308,0.882,0.6800000000000002,0.5132924335378324,0.47245762711864403,0.7093206951026858,0.5365853658536586,Central,L,0.37901216824758066,0.5317460719069947
P13886,Jacket,Wool,Winter,0.41932805595885597,0.75,0.9600000000000002,0.7811860940695298,0.4555084745762712,0.13849394418114797,0.26829268292682934,East,S,0.7008239915684582,0.253183239435348
P13887,Dress,Cotton,Summer,0.8175782394124445,0.758,0.40000000000000013,0.6789366053169735,0.625,0.2543443917851501,0.6585365853658538,East,S,0.3682763246143528,0.5182546672909665
P13888,Sweater,Linen,Summer,0.26121468321580754,0.652,0.6800000000000002,0.7239263803680983,0.23516949152542366,0.15429173249078465,0.2926829268292683,South,M,0.35322410654402603,0.15655865545744893
P13889,Trousers,Cotton,Summer,0.31355485813447387,0.508,0.28000000000000025,0.09406952965235175,0.47245762711864403,0.7482885729331229,0.4146341463414634,West,M,0.6651671936380186,0.22576398093722563
P13890,Hoodie,Wool,Summer,0.37082072253943854,0.15,0.28000000000000025,0.6830265848670758,0.6758474576271185,0.20905739863085832,0.024390243902439046,West,S,0.5024432308134521,0.3524321498129035
P13891,Jeans,Polyester,Spring,0.34075952935099946,0.33,0.56,0.33128834355828224,0.3368644067796609,0.15218536071616645,0.39024390243902446,West,XL,0.6083884257928522,0.2540359216473974
P13892,Hoodie,Denim,Spring,0.4499403972675651,0.136,0.9600000000000002,0.23517382413087934,0.5741525423728815,0.07003686150605583,0.5365853658536586,Central,M,0.6210117849956884,0.4118130382812268
P13893,Dress,Polyester,Summer,0.3666288474075567,0.7240000000000001,0.44000000000000017,0.8220858895705523,0.6758474576271185,0.8314902580305424,0.5365853658536586,East,L,0.33260994538660527,0.24899727052393061
P13894,Trousers,Linen,Autumn,0.34573875894040984,0.16,0.9199999999999999,0.15950920245398773,0.35381355932203395,0.12427593470247499,0.0,West,L,0.5110568170930343,0.28332706255331275
P13895,Jacket,Rayon,Summer,0.7194738740043902,0.7020000000000001,0.9199999999999999,0.9120654396728017,0.4216101694915253,0.029489204844655087,0.3170731707317073,West,L,0.3881958417169684,0.43427225365384553
P13896,Sweater,Denim,Autumn,0.7318195918984376,0.6920000000000001,0.2400000000000002,0.7566462167689163,0.7266949152542375,0.06424433912585573,0.26829268292682934,Central,M,0.21816134904666087,0.5099590305731285
P13897,T-Shirt,Polyester,Winter,0.6799486802364582,0.46,0.40000000000000013,0.014314928425357875,0.1673728813559321,0.3670352817272249,0.3170731707317073,Central,L,0.4862173038229376,0.42317897590026127
P13898,Sweater,Denim,Spring,0.5995818360476065,0.136,0.6399999999999999,0.04498977505112475,0.5572033898305082,0.5971563981042655,0.902439024390244,West,L,0.4021318386509533,0.5438267494608071
P13899,T-Shirt,Rayon,Spring,0.5180906496934041,0.314,0.52,0.5480572597137016,0.7097457627118642,0.3986308583464982,0.9756097560975612,Central,XL,0.5867442751748586,0.45728341177265525
P13900,Shirt,Cotton,Autumn,0.4066422009391564,0.32,0.08000000000000007,0.5685071574642128,0.5572033898305082,0.45550289626119017,0.3658536585365854,West,XL,0.663428188176679,0.3358897428196344
P13901,Sweater,Wool,Summer,0.32045208318242374,0.7000000000000001,1.0,0.06134969325153375,0.5233050847457625,0.9199578725645077,0.8048780487804879,South,M,0.39512791031905714,0.2089559091733078
P13902,Trousers,Polyester,Spring,0.5691584598087043,0.114,0.7600000000000002,0.8445807770961147,0.4216101694915253,0.7593470247498685,0.4146341463414634,West,S,0.33933601609657943,0.48997756707824613
P13903,T-Shirt,Polyester,Autumn,0.27878843470784426,0.8300000000000001,0.44000000000000017,0.3456032719836401,0.5402542372881354,0.3412322274881517,0.21951219512195125,North,XL,0.49047139982753657,0.16877583658109135
P13904,Jeans,Cotton,Winter,0.3127486071699646,0.762,0.6000000000000001,0.2638036809815951,0.5063559322033897,0.15429173249078465,0.43902439024390244,West,S,0.5441649899396377,0.19438842580699828
P13905,Trousers,Polyester,Winter,0.7184251178669622,0.18600000000000003,0.08000000000000007,0.8057259713701432,0.20127118644067798,0.749341758820432,0.7073170731707319,South,XL,0.5750598831081728,0.530858538247442
P13906,Jeans,Cotton,Spring,0.8597205993972012,0.72,0.4800000000000002,0.8343558282208591,0.7605932203389831,0.5739863085834651,0.07317073170731708,South,XL,0.7931829069656029,0.5937700891929159
P13907,Sweater,Linen,Summer,0.5748841014238517,0.668,0.9199999999999999,0.3190184049079755,0.6758474576271185,0.9626119010005268,0.14634146341463422,East,XL,0.6684871131551211,0.40071403050317744
P13908,Jeans,Polyester,Autumn,0.709644540956604,0.748,0.8800000000000001,0.04294478527607362,0.2521186440677965,0.9088994207477622,0.3658536585365854,East,XL,0.4986490370796205,0.3806962272427489
P13909,T-Shirt,Rayon,Spring,0.45410707705680603,0.188,0.32000000000000006,0.2556237218813906,0.40466101694915246,0.5639810426540286,0.878048780487805,North,S,0.8380090064194692,0.37439419254330825
P13910,Trousers,Rayon,Winter,0.24779186442386128,0.158,0.52,0.8220858895705523,0.15042372881355925,0.07003686150605583,0.09756097560975613,Central,M,0.6247245377024049,0.185620024862849
P13911,Jacket,Linen,Summer,0.6162422563689102,0.23600000000000002,0.6800000000000002,0.932515337423313,0.7266949152542375,0.03106898367561875,0.9268292682926831,Central,S,0.6416882245856088,0.5712364331128539
P13912,Dress,Denim,Autumn,0.6081388042920265,0.36600000000000005,0.3600000000000001,0.34355828220858897,0.4216101694915253,0.8378093733543972,0.7804878048780488,South,L,0.7885216058254287,0.45708050441281334
P13913,T-Shirt,Linen,Spring,0.5141066361383098,0.794,0.08000000000000007,0.3374233128834356,0.3707627118644068,0.6982622432859401,0.8292682926829269,South,S,0.5658953722334004,0.28637870986837216
P13914,T-Shirt,Denim,Autumn,0.4547621559654697,0.738,0.52,0.3190184049079755,0.35381355932203395,0.5602948920484467,0.8048780487804879,East,L,0.5277378557056625,0.2632288901185703
P13915,Jacket,Polyester,Summer,0.6823894790547966,0.9259999999999999,0.6000000000000001,0.6728016359918202,0.5911016949152543,0.6893101632438127,0.7804878048780488,South,S,0.5481124844303917,0.3737745561314685
P13916,Trousers,Denim,Summer,0.31429497132455064,0.057999999999999996,0.0,0.04294478527607362,0.8453389830508473,0.5402843601895736,0.9268292682926831,West,S,0.4957411133467471,0.33425690909482375
P13917,Trousers,Polyester,Winter,0.3543461178701117,0.012,0.08000000000000007,0.9631901840490799,0.2521186440677965,0.578725645076356,0.21951219512195125,West,XL,0.4286480789498897,0.29603067562395996
P13918,Hoodie,Polyester,Summer,0.31006845259653754,0.7000000000000001,0.20000000000000018,0.537832310838446,0.7097457627118642,0.22590837282780413,0.04878048780487804,North,S,0.32954393024815554,0.21839968404000162
P13919,Sweater,Wool,Spring,0.5166198715667408,0.28,0.3600000000000001,0.6175869120654398,0.35381355932203395,0.45550289626119017,0.6829268292682928,West,XL,0.6629970297978345,0.3951462327048761
P13920,Jeans,Polyester,Autumn,0.2949890400259512,0.334,0.56,0.7955010224948876,0.625,0.011058451816745654,0.8292682926829269,North,M,0.6705949985628052,0.25022357017533675
P13921,Sweater,Denim,Summer,0.37126479045348465,0.546,0.28000000000000025,0.5357873210633948,0.47245762711864403,0.6692996313849396,0.7317073170731709,East,S,0.4269138641372041,0.2597167572010532
P13922,Jacket,Wool,Summer,0.36720204145263746,0.102,0.28000000000000025,0.43149284253578735,0.20127118644067798,0.33228014744602424,0.9268292682926831,West,XL,0.5082686595765066,0.2863783129835607
P13923,Sweater,Wool,Spring,0.45131984227715505,0.642,0.8800000000000001,0.948875255623722,0.48940677966101687,0.6566614007372302,0.34146341463414637,North,L,0.4122975950943757,0.29719235746700573
P13924,Jacket,Polyester,Autumn,0.21950379347377644,0.326,0.15999999999999992,0.33333333333333337,0.6080508474576272,0.9268035808320171,0.0,Central,XL,0.5811344256012263,0.18683144133382665
P13925,Trousers,Linen,Autumn,0.5170418935559762,0.632,0.4800000000000002,0.27607361963190186,0.40466101694915246,0.59189046866772,0.43902439024390244,North,L,0.5830506850627575,0.3281400459652144
P13926,Jeans,Linen,Winter,0.7362602710388984,0.8340000000000001,0.9600000000000002,0.5132924335378324,0.5911016949152543,0.32806740389678785,0.878048780487805,West,S,0.45151863562326333,0.4343240719270375
P13927,Sweater,Rayon,Winter,0.5261657570098167,0.172,0.6399999999999999,0.4171779141104295,0.625,0.2074776197998947,0.6341463414634148,North,M,0.4643958992047522,0.483196194747805
P13928,T-Shirt,Wool,Autumn,0.7918191509799413,0.93,0.72,0.7014314928425359,0.43855932203389836,0.2517114270668773,0.48780487804878053,East,S,0.46970393791319337,0.40116380021572673
P13929,Shirt,Polyester,Spring,0.752643542591152,0.53,0.44000000000000017,0.6155419222903886,0.8283898305084745,0.9878883622959455,0.14634146341463422,South,S,0.4166427134233975,0.610862603340123
P13930,Hoodie,Linen,Spring,0.6475285730932636,0.922,0.0,0.4928425357873211,0.47245762711864403,0.6155871511321749,0.7804878048780488,Central,XL,0.553669636868832,0.3381577658798326
P13931,Dress,Polyester,Winter,0.5146766807655604,0.20800000000000002,0.6399999999999999,0.6523517382413089,0.5233050847457625,0.44075829383886256,0.024390243902439046,East,L,0.19288109610041196,0.44333194324428127
P13932,T-Shirt,Polyester,Summer,0.5048158535394732,0.604,0.6399999999999999,0.8466257668711658,0.47245762711864403,0.23117430226434965,0.3170731707317073,Central,M,0.5110424451470728,0.33710520255462845
P13933,Trousers,Wool,Spring,0.6448956597872882,0.40399999999999997,0.11999999999999988,0.5685071574642128,0.9131355932203391,0.7735650342285414,1.0,Central,L,0.751384497460956,0.586080867661637
P13934,Dress,Rayon,Summer,0.42655282046113774,0.774,0.4800000000000002,0.12269938650306751,0.5233050847457625,0.3875724065297525,0.04878048780487804,North,M,0.597887323943662,0.26063276734582586
P13935,Shirt,Wool,Spring,0.14483424613960114,0.606,0.9199999999999999,0.948875255623722,0.43855932203389836,0.30121116377040547,0.3170731707317073,South,S,0.3630545175816805,0.10219143917477329
P13936,Shirt,Cotton,Autumn,0.5935349538137875,0.494,0.20000000000000018,0.6237218813905931,0.6588983050847457,0.2222222222222222,0.09756097560975613,North,XL,0.3678116316949315,0.46044318539352763
P13937,Jeans,Linen,Winter,0.2868320478459557,0.912,0.4800000000000002,0.6155419222903886,0.5233050847457625,0.18588730911005796,0.39024390243902446,North,L,0.4254383443518252,0.16199786257684806
P13938,Dress,Linen,Summer,0.31875454697199224,0.378,0.4800000000000002,0.9631901840490799,0.0,0.27330173775671407,0.9268292682926831,West,S,0.4080578710357382,0.19518157529733368
P13939,Jeans,Linen,Summer,0.5006050819006107,0.22,0.8,0.6094069529652353,0.18432203389830515,0.6276987888362296,0.0,North,S,0.599329309188464,0.3623787777356749
P13940,T-Shirt,Denim,Autumn,0.48259041191235796,0.608,0.8399999999999999,0.8036809815950922,0.47245762711864403,0.2401263823064771,0.6585365853658538,South,XL,0.3883299798792756,0.32184262505170663
P13941,Jacket,Polyester,Spring,0.23372971381240182,0.624,0.7600000000000002,0.19222903885480574,0.6080508474576272,0.06055818852027384,0.902439024390244,East,L,0.59576985723867,0.16824976576354536
P13942,Jacket,Wool,Summer,0.5318347091040221,0.44,0.3600000000000001,0.3006134969325154,0.43855932203389836,0.35913638757240657,0.3170731707317073,North,S,0.4792277474370029,0.38682953628673183
P13943,Jacket,Linen,Spring,0.6831295922448734,0.48600000000000004,0.08000000000000007,0.815950920245399,0.3877118644067796,0.5850447604002107,0.39024390243902446,South,XL,0.5462537127527066,0.46916862355683997
P13944,Dress,Cotton,Autumn,0.2873485523700944,0.96,0.3600000000000001,0.9427402862985687,0.6419491525423728,0.06003159557661929,0.34146341463414637,North,M,0.595410558589633,0.16376816727821655
P13945,Jacket,Linen,Winter,0.7410190413802007,0.7320000000000001,0.6800000000000002,0.5276073619631902,0.4555084745762712,0.4528699315429174,0.14634146341463422,West,S,0.5699243077512695,0.44437138456540765
P13946,T-Shirt,Rayon,Summer,0.205747136391838,0.11,0.72,0.05930470347648263,0.3877118644067796,0.05213270142180096,1.0,North,M,0.7410558589633036,0.1772552557719206
P13947,Jeans,Polyester,Spring,0.9006630311886846,0.212,0.9600000000000002,0.034764826175869123,0.4216101694915253,0.7688256977356505,0.14634146341463422,West,S,0.6975088627000094,0.734401509114807
P13948,Dress,Polyester,Summer,0.42284910509292356,0.976,0.44000000000000017,0.3803680981595092,0.5572033898305082,0.8725645076355978,0.5609756097560976,Central,XL,0.3884736993388904,0.22366096273737804
P13949,Jeans,Wool,Spring,0.5280806030505261,0.726,0.6399999999999999,0.9263803680981596,0.6419491525423728,0.9641916798314903,0.6097560975609757,South,M,0.8144198524480213,0.348937058136977
P13950,Dress,Denim,Spring,0.14303592855860597,0.9159999999999999,0.52,0.43149284253578735,0.8453389830508473,0.6914165350184309,0.3170731707317073,North,XL,0.5267126568937434,0.09654736507677587
P13951,Jeans,Wool,Spring,0.4888231097981538,0.304,0.15999999999999992,0.06952965235173825,0.6080508474576272,0.6324381253291207,0.43902439024390244,Central,L,0.5597633419565009,0.4155663531375877
P13952,Shirt,Linen,Autumn,0.5437395085018534,0.742,0.4800000000000002,0.29856850715746425,0.5572033898305082,0.6945760926803581,0.6097560975609757,Central,S,0.6375491041487016,0.3420633604772778
P13953,Jeans,Rayon,Winter,0.4842816492871292,0.7140000000000001,0.56,0.5746421267893661,0.5741525423728815,0.8551869404949974,0.3658536585365854,West,L,0.36262814985148983,0.3143288514123791
P13954,Jacket,Cotton,Summer,0.39416105807841423,0.294,0.9600000000000002,0.06952965235173825,0.31991525423728806,0.8072669826224329,0.8048780487804879,Central,L,0.7528073201111429,0.2959167696830805
P13955,Shirt,Wool,Winter,0.3216961032253188,0.55,0.3600000000000001,0.15337423312883436,0.6080508474576272,0.43865192206424436,0.024390243902439046,South,M,0.5494107502155792,0.2390889667907626
P13956,Jeans,Denim,Spring,0.714195449721119,0.628,1.0,0.14519427402862986,0.5063559322033897,0.6513954713006846,0.0,West,S,0.7051595286001724,0.4726944241950506
P13957,Dress,Wool,Spring,0.50638426361887,0.48200000000000004,0.56,0.507157464212679,0.5233050847457625,0.16219062664560296,0.853658536585366,Central,L,0.4966369646450129,0.37381151602953255
P13958,Dress,Polyester,Winter,0.7917120707737173,0.828,0.2400000000000002,0.11451942740286301,0.5911016949152543,0.6951026856240127,0.8292682926829269,South,S,0.3832183577656414,0.46840722485141867
P13959,Hoodie,Linen,Winter,0.4010771796333447,0.8320000000000001,0.20000000000000018,0.7280163599182006,0.6419491525423728,0.7309110057925226,0.5609756097560976,East,XL,0.6016575644342244,0.24745061041380104
P13960,Dress,Linen,Summer,0.4184021271168024,0.85,0.15999999999999992,0.6216768916155421,0.48940677966101687,0.8014744602422328,0.09756097560975613,North,M,0.37553415732490175,0.23820369041357478
P13961,Trousers,Linen,Spring,0.6546840504032828,0.804,0.44000000000000017,0.018404907975460124,0.8114406779661016,0.8183254344391786,0.6829268292682928,West,L,0.4520216537319153,0.4351159811523372
P13962,T-Shirt,Linen,Winter,0.19388013000796808,0.488,0.040000000000000036,0.4335378323108385,0.777542372881356,0.440231700895208,0.9756097560975612,Central,XL,0.14620101561751458,0.1620937102588076
P13963,Dress,Linen,Autumn,0.27126132609387155,0.38200000000000006,0.44000000000000017,0.736196319018405,0.48940677966101687,0.9041600842548713,0.0,Central,XL,0.7155600268276323,0.21222440442721038
P13964,Shirt,Linen,Spring,0.7079501541640026,0.8320000000000001,1.0,0.4826175869120655,0.3368644067796609,0.9815692469720908,0.1951219512195122,East,M,0.44451470729136716,0.3718412806044079
P13965,Hoodie,Cotton,Spring,0.2791096753265159,0.49,0.6800000000000002,0.4764826175869121,0.5233050847457625,0.9784096893101634,0.853658536585366,South,XL,0.47384305835010054,0.20845848847808668
P13966,Dress,Denim,Summer,0.15682722923667566,0.24600000000000002,0.7600000000000002,0.8425357873210635,0.3707627118644068,0.5860979462875199,0.3658536585365854,East,XL,0.5240394749449074,0.12743460305714416
P13967,Trousers,Linen,Autumn,0.8536516712385714,0.508,0.11999999999999988,0.45398773006134974,0.5911016949152543,0.5597682991047921,0.34146341463414637,South,L,0.5966992430775127,0.6341772791184712
P13968,Jacket,Denim,Summer,0.2371814757542069,0.142,0.4800000000000002,0.21063394683026587,0.47245762711864403,0.4576092680358083,0.21951219512195125,North,XL,0.3351921050110185,0.2083639802823657
P13969,Shirt,Rayon,Autumn,0.5353557582380897,0.6920000000000001,0.28000000000000025,0.6666666666666667,0.48940677966101687,0.3001579778830964,0.878048780487805,Central,M,0.31051547379515176,0.3387883166239866
P13970,Trousers,Linen,Summer,0.5136184763746421,0.336,0.8800000000000001,0.1983640081799591,0.6080508474576272,0.3338599262769879,0.3658536585365854,West,XL,0.6770192584075883,0.428724523343822
P13971,Jacket,Wool,Autumn,0.0,0.26,0.20000000000000018,0.4601226993865031,0.40466101694915246,0.21590310689836756,0.902439024390244,East,S,0.44131455399061026,0.0058967905016733164
P13972,Sweater,Linen,Autumn,0.450050626891619,0.956,0.44000000000000017,0.4519427402862986,0.5233050847457625,0.956292785676672,0.853658536585366,West,XL,0.5655887707195553,0.23777123480092405
P13973,Sweater,Polyester,Autumn,0.5852992261880391,0.7759999999999999,0.6000000000000001,0.6605316973415134,0.2860169491525424,0.6203264876250659,0.34146341463414637,West,XL,0.44770527929481646,0.31524319960200387
P13974,Shirt,Cotton,Winter,0.5675176131192148,0.788,0.52,0.997955010224949,0.48940677966101687,0.9347024749868353,0.04878048780487804,Central,XL,0.610256778767845,0.33423723849135745
P13975,Jeans,Wool,Spring,0.6712972294571348,0.624,0.8399999999999999,0.9754601226993866,0.7605932203389831,0.3875724065297525,0.43902439024390244,Central,XL,0.4447734023186739,0.49837257383074507
P13976,T-Shirt,Wool,Autumn,0.42734332433649636,0.84,0.2400000000000002,0.965235173824131,0.625,0.29857819905213273,0.9756097560975612,West,L,0.5454249305355945,0.25948167736618505
P13977,Hoodie,Polyester,Winter,0.6352017517061971,0.76,0.3600000000000001,0.6809815950920246,0.5402542372881354,0.1327014218009479,0.878048780487805,North,L,0.5908977675577273,0.3895391185049428
P13978,T-Shirt,Linen,Winter,0.3703042180152999,0.598,0.8,0.570552147239264,0.3877118644067796,0.3001579778830964,0.04878048780487804,West,S,0.5412043690715722,0.2413544845155887
P13979,Trousers,Cotton,Summer,0.2340352073419229,0.9620000000000001,0.52,0.08588957055214726,0.5402542372881354,0.8904686677198527,0.17073170731707316,South,L,0.5654977483951327,0.1305622042029903
P13980,Jacket,Wool,Spring,0.2553378695448147,0.192,0.40000000000000013,0.7157464212678938,0.625,0.582411795681938,0.5609756097560976,South,M,0.4970968669157803,0.23331979956126367
P13981,T-Shirt,Cotton,Spring,0.22427516148639928,0.9440000000000001,0.040000000000000036,0.7791411042944787,0.625,0.4528699315429174,0.3170731707317073,South,L,0.3017964932451853,0.13146893716529587
P13982,Jacket,Wool,Summer,0.6913401245279809,0.402,0.7600000000000002,0.8629856850715748,0.35381355932203395,0.5687203791469195,0.8292682926829269,South,L,0.27709111813739573,0.49114351543301465
P13983,Jacket,Linen,Spring,0.2143639435750302,0.528,0.9600000000000002,0.7096114519427404,0.7605932203389831,0.8931016324381255,0.3658536585365854,East,L,0.32907444668008046,0.1736126717779477
P13984,Trousers,Rayon,Summer,0.5523468674315553,0.122,0.52,0.310838445807771,0.6927966101694913,0.19273301737756715,0.14634146341463422,North,M,0.3996454919996167,0.5357478614606095
P13985,Trousers,Wool,Winter,0.45031517798934867,0.54,0.8399999999999999,0.6912065439672803,0.6927966101694913,0.9662980516061087,0.9756097560975612,East,S,0.6374341285810098,0.3458597869462799
P13986,Trousers,Rayon,Winter,0.4811668750531464,0.612,0.52,0.9222903885480573,0.7605932203389831,0.6666666666666667,0.8292682926829269,East,XL,0.20777043211650853,0.36217522543801445
P13987,T-Shirt,Wool,Autumn,0.7582369086574345,0.998,0.2400000000000002,0.5910020449897752,0.5572033898305082,0.8557135334386521,0.17073170731707316,South,M,0.5680559547762767,0.3822361155057835
P13988,Sweater,Denim,Summer,0.41771555402983757,0.976,0.0,0.45603271983640087,0.08262711864406769,0.525539757767246,0.26829268292682934,North,M,0.4086854460093896,0.17712800457925695
P13989,Trousers,Linen,Winter,0.6161351761626863,0.966,0.6399999999999999,0.965235173824131,0.5911016949152543,0.23696682464454977,0.3658536585365854,North,L,0.570494394941075,0.3271691416899613
P13990,Hoodie,Polyester,Winter,0.5076629272578963,0.348,0.4800000000000002,0.24130879345603273,0.43855932203389836,0.5676671932596103,0.07317073170731708,West,L,0.7252467184056721,0.3897563881338982
P13991,T-Shirt,Rayon,Summer,0.4718382994403484,0.9920000000000001,0.8,0.4355828220858896,0.3029661016949152,0.0679304897314376,0.8292682926829269,East,S,0.5284229184631599,0.21810264056394948
P13992,Trousers,Polyester,Winter,0.9351775011889051,0.456,0.6800000000000002,0.10633946830265849,0.5063559322033897,0.8525539757767248,0.9756097560975612,North,L,0.631115263006611,0.6896962799292076
P13993,Dress,Linen,Spring,0.22819933610272147,0.8520000000000001,1.0,0.44785276073619634,0.4216101694915253,0.649815692469721,0.7560975609756098,Central,M,0.4040672607070997,0.13189338066581593
P13994,Jacket,Polyester,Winter,0.7441653097924847,0.21600000000000003,0.52,0.8957055214723928,0.6927966101694913,0.28278041074249605,0.26829268292682934,East,L,0.4156318865574398,0.686866813692645
P13995,Hoodie,Linen,Summer,0.624600811290033,0.506,0.44000000000000017,0.4948875255623722,0.6080508474576272,0.2743549236440232,0.48780487804878053,North,L,0.6649037079620579,0.47004697925512856
P13996,Trousers,Polyester,Spring,0.4099522390786063,0.966,0.28000000000000025,0.10633946830265849,0.5402542372881354,0.903106898367562,0.34146341463414637,Central,S,0.8027977388138354,0.2175587099298893
P13997,Shirt,Rayon,Spring,0.8084480771229438,0.948,0.4800000000000002,0.8200408997955011,0.7605932203389831,0.8414955239599791,0.8292682926829269,Central,M,0.6173900546133946,0.46429626716936095
P13998,Jacket,Denim,Winter,0.15133464454095666,0.684,0.8800000000000001,0.23721881390593047,0.48940677966101687,0.7635597682991049,0.04878048780487804,Central,M,0.24057679409792082,0.10385686706472229
P13999,Jacket,Polyester,Autumn,0.4019684648792671,0.798,0.040000000000000036,0.7975460122699388,0.5233050847457625,0.4149552395997894,0.024390243902439046,South,XL,0.34607166810386125,0.241995602317847
P14000,Trousers,Rayon,Spring,0.2722030020250757,0.17600000000000002,0.9600000000000002,0.9120654396728017,0.3877118644067796,0.8730911005792523,0.12195121951219517,West,XL,0.44786816134904656,0.22598045679655812
P14001,Sweater,Wool,Summer,0.5784334953183903,0.7220000000000001,1.0,0.6748466257668713,0.13347457627118642,0.24697209057398634,0.3658536585365854,West,S,0.5627718693111046,0.2992979058075261
P14002,Jeans,Linen,Autumn,0.2902334191024789,0.618,0.6000000000000001,0.08384458077709613,0.5233050847457625,0.024223275408109535,0.5365853658536586,North,M,0.4143527833668678,0.2004771597255978
P14003,Sweater,Cotton,Autumn,0.5823986123665039,0.092,0.32000000000000006,0.8057259713701432,0.40466101694915246,0.4328593996840443,0.7317073170731709,North,M,0.5863418606879371,0.5026439970031228
P14004,Trousers,Cotton,Spring,0.46533475162116283,0.114,0.2400000000000002,0.5030674846625768,0.15042372881355925,0.9199578725645077,0.9756097560975612,West,L,0.34702500718597296,0.34934582468744574
P14005,Jacket,Linen,Winter,0.40998373325690746,0.10800000000000001,0.28000000000000025,0.801635991820041,0.48940677966101687,0.5713533438651923,0.7073170731707319,Central,S,0.6452045606975183,0.36643915740957644
P14006,T-Shirt,Denim,Autumn,0.57400541384925,0.7240000000000001,0.040000000000000036,0.5930470347648262,0.3029661016949152,0.22959452343338604,0.04878048780487804,North,S,0.525107789594711,0.3241216368601212
P14007,Shirt,Polyester,Winter,0.44980497230087013,0.142,0.4800000000000002,0.5051124744376279,0.5402542372881354,0.6513954713006846,0.3658536585365854,South,XL,0.6001628820542301,0.40428391016075715
P14008,Hoodie,Denim,Spring,0.49831545513811765,0.46799999999999997,0.040000000000000036,0.20449897750511248,0.5572033898305082,0.7451290152711955,0.07317073170731708,South,XL,0.2345405767940979,0.3767846793731323
P14009,Hoodie,Cotton,Summer,0.9999999999999999,0.35600000000000004,0.72,0.17586912065439675,0.6419491525423728,0.5508162190626648,0.853658536585366,West,L,0.5440739676152151,0.8332559159898044
P14010,Jacket,Rayon,Autumn,0.40850665629458394,0.55,0.3600000000000001,0.719836400817996,0.625,0.8430753027909428,0.6585365853658538,North,XL,0.39260802912714377,0.3037199219605395
P14011,Sweater,Linen,Summer,0.081512051247327,0.706,0.20000000000000018,0.916155419222904,0.5063559322033897,0.5929436545550291,0.6585365853658538,North,S,0.502697135192105,0.06051776501065487
P14012,Shirt,Linen,Winter,0.341436654184474,0.684,0.56,0.16973415132924335,0.35381355932203395,0.09583991574512903,0.04878048780487804,Central,S,0.4372712465267796,0.20810749347298124
P14013,T-Shirt,Denim,Winter,0.2610918559204331,0.516,0.9600000000000002,0.5316973415132925,0.6419491525423728,0.8098999473407057,0.6097560975609757,North,XL,0.39044744658426744,0.20213755213950185
P14014,Dress,Rayon,Summer,0.6566776318897452,0.46399999999999997,0.6800000000000002,0.4498977505112475,0.4216101694915253,0.14639283833596628,0.9268292682926831,West,L,0.4939158762096387,0.4651041013977191
P14015,Jacket,Denim,Spring,0.5613447541721912,0.39799999999999996,0.4800000000000002,0.3128834355828221,0.20127118644067798,0.883096366508689,0.2926829268292683,North,L,0.5932068602088723,0.3709960895931742
P14016,Trousers,Polyester,Spring,0.5759076622186389,0.8620000000000001,0.7600000000000002,0.10224948875255625,0.5063559322033897,0.5223802001053187,0.14634146341463422,North,XL,0.6996933984861549,0.32246191418933645
P14017,T-Shirt,Wool,Autumn,0.43064391422245596,0.33,0.72,0.07566462167689163,0.5741525423728815,0.7324907846234862,0.2926829268292683,South,M,0.42778097154354694,0.3561188872421476
P14018,Dress,Rayon,Autumn,0.4477767472182767,0.26,0.8800000000000001,0.5276073619631902,0.7266949152542375,0.9726171669299631,0.07317073170731708,West,M,0.6534780109226788,0.41031293772053773
P14019,Trousers,Wool,Spring,0.4304706962417997,0.7440000000000001,0.20000000000000018,0.9570552147239265,0.7605932203389831,0.43233280674038976,0.3658536585365854,East,XL,0.6812158666283414,0.2965322884150018
P14020,Hoodie,Polyester,Spring,0.48522017580050325,0.36,0.8399999999999999,0.3803680981595092,0.777542372881356,0.45971563981042657,0.6585365853658538,West,L,0.3591261856855418,0.4293532384957232
P14021,Jeans,Wool,Summer,0.6584129611141379,0.846,0.32000000000000006,0.024539877300613498,0.3368644067796609,0.8262243285939971,0.2926829268292683,West,XL,0.540936092746958,0.3429549125955463
P14022,Trousers,Cotton,Winter,0.5640721500130701,0.32799999999999996,0.9600000000000002,0.45398773006134974,0.3029661016949152,0.11005792522380199,1.0,East,XL,0.6195985436428091,0.4089926259794248
P14023,Shirt,Wool,Winter,0.595068720297053,0.7020000000000001,0.28000000000000025,0.948875255623722,0.5572033898305082,0.027909426013691424,0.21951219512195125,East,S,0.4680655360735843,0.3843252675425319
P14024,Shirt,Polyester,Autumn,0.5949647895086593,0.046,0.9199999999999999,0.8548057259713703,0.3029661016949152,0.6045286993154293,0.09756097560975613,South,L,0.4892497844208105,0.4989435670478844
P14025,Jeans,Wool,Spring,0.6676942954594842,0.386,0.9600000000000002,0.17586912065439675,0.6419491525423728,0.1674565560821485,0.853658536585366,Central,L,0.5776420427325859,0.5482037191877236
P14026,T-Shirt,Linen,Summer,0.5550144243336619,0.344,0.15999999999999992,0.5276073619631902,0.21822033898305082,0.2559241706161138,0.43902439024390244,West,L,0.5005221807032671,0.3817865938462414
P14027,Dress,Denim,Autumn,0.5683742547690058,0.816,0.9600000000000002,0.3680981595092025,0.47245762711864403,0.9768299104791999,0.7073170731707319,West,XL,0.4873335249592794,0.32511627980815777
P14028,Trousers,Cotton,Summer,0.7252058144551979,0.968,0.08000000000000007,0.6339468302658487,0.6588983050847457,0.6535018430753029,0.9756097560975612,West,M,0.4067883491424738,0.39333103040921497
P14029,Shirt,Linen,Spring,0.3748929197937761,0.46,0.20000000000000018,0.3517382413087935,0.3368644067796609,0.8562401263823067,0.6585365853658538,West,XL,0.4185446009389671,0.25920229526424143
P14030,T-Shirt,Linen,Spring,0.3388572809816105,0.8240000000000001,0.44000000000000017,0.6564417177914111,0.6080508474576272,0.8983675618746709,0.7317073170731709,South,L,0.4074063428188176,0.20919322148524022
P14031,Jeans,Polyester,Spring,0.2764673137670502,0.7000000000000001,1.0,0.3967280163599182,0.7605932203389831,0.12164296998420222,0.853658536585366,West,S,0.44718309859154926,0.19950667714045686
P14032,Sweater,Denim,Winter,0.5351290001543214,0.968,0.4800000000000002,0.6932515337423314,0.3707627118644068,0.9283833596629806,0.0,East,L,0.4901839609083069,0.2586528826587234
P14033,Jacket,Denim,Spring,0.1502732907322082,0.812,0.56,0.49897750511247446,0.625,0.8667719852553978,0.1951219512195122,East,L,0.415488167097825,0.1004475769239661
P14034,Sweater,Rayon,Autumn,0.5878943464800531,0.078,0.6800000000000002,0.8732106339468304,0.5233050847457625,0.045286993154291744,0.26829268292682934,North,L,0.37282265018683525,0.5405264042007876
P14035,Sweater,Cotton,Winter,0.47992915384591156,0.7140000000000001,0.9600000000000002,0.670756646216769,0.31991525423728806,0.9778830963665089,0.5365853658536586,South,XL,0.37615215100124555,0.2772760326917988
P14036,Shirt,Polyester,Summer,0.7149702065073271,0.536,0.8,0.7505112474437629,0.13347457627118642,0.4586624539231175,0.26829268292682934,North,M,0.4978873239436619,0.415942699160023
P14037,Hoodie,Cotton,Autumn,0.3735953596477691,0.016,0.2400000000000002,0.39877300613496935,0.6419491525423728,0.9752501316482359,1.0,West,S,0.28065057008718974,0.3733599355300312
P14038,Hoodie,Rayon,Autumn,0.4621443913592572,0.252,0.32000000000000006,0.12474437627811862,0.6080508474576272,0.8241179568193787,0.1951219512195122,South,S,0.6223052601322219,0.4043128331413899
P14039,Jeans,Wool,Summer,0.712620740806062,0.922,0.08000000000000007,0.049079754601227,0.6080508474576272,0.440231700895208,0.6097560975609757,South,M,0.6815272587908401,0.39401089409118883
P14040,Trousers,Linen,Winter,0.7619280263543283,0.9259999999999999,0.6399999999999999,0.10429447852760737,0.40466101694915246,0.5118483412322277,0.7073170731707319,Central,M,0.683783654306793,0.38168697575857335
P14041,Hoodie,Cotton,Autumn,0.37203954723969274,0.798,0.20000000000000018,0.10020449897750512,0.48940677966101687,0.2754081095313323,0.4634146341463415,Central,M,0.4521462105969148,0.22159783146107884
P14042,Sweater,Linen,Autumn,0.5349148397418736,0.9820000000000001,0.2400000000000002,0.7709611451942742,0.879237288135593,0.48709847288046343,0.3658536585365854,North,S,0.42360352591740913,0.31637404845626194
P14043,Hoodie,Polyester,Autumn,0.5561986054377848,0.8059999999999999,0.8800000000000001,0.785276073619632,0.5402542372881354,0.10742496050552923,0.2926829268292683,North,S,0.41615885790936086,0.33080272135977495
P14044,Sweater,Wool,Winter,0.5711709378021472,0.01,0.32000000000000006,0.6012269938650308,0.8453389830508473,0.9088994207477622,0.8292682926829269,East,L,0.35901121011784987,0.6236604021375819
P14045,Dress,Polyester,Winter,0.45094506155537145,0.28800000000000003,0.56,0.10429447852760737,0.40466101694915246,0.7135334386519222,0.07317073170731708,East,XL,0.6009198045415348,0.3528410155845751
P14046,Shirt,Wool,Winter,0.7427008305014817,0.03,0.40000000000000013,0.6768916155419225,0.6080508474576272,0.8056872037914694,0.5853658536585367,East,XL,0.22378077991760081,0.726366303249167
P14047,Shirt,Wool,Autumn,0.14347684705482197,0.094,0.08000000000000007,0.07975460122699388,0.879237288135593,0.5313322801474462,0.2926829268292683,South,XL,0.4246335153779821,0.15080687674375062
P14048,Trousers,Linen,Spring,0.420984649737496,0.218,0.3600000000000001,0.47239263803680986,0.40466101694915246,0.12585571353343866,0.6585365853658538,West,S,0.417045127910319,0.34215896010623015
P14049,Hoodie,Polyester,Summer,0.5852078930709658,0.504,0.40000000000000013,0.12065439672801638,0.6080508474576272,0.5376513954713008,0.26829268292682934,North,M,0.43593944620101555,0.4413970553726743
P14050,Hoodie,Polyester,Spring,0.5869621188023393,0.848,0.8800000000000001,0.4396728016359919,0.777542372881356,0.3291205897840969,0.5609756097560976,East,S,0.4176631215866628,0.3726660816584546
P14051,Jacket,Cotton,Winter,0.7561897870678603,0.8620000000000001,0.32000000000000006,0.932515337423313,0.3707627118644068,0.010005265929436541,0.6585365853658538,South,S,0.5214285714285714,0.3933129225396937
P14052,T-Shirt,Polyester,Autumn,0.7269883849470424,0.616,0.3600000000000001,0.7464212678936607,0.5233050847457625,0.6155871511321749,0.0,Central,S,0.5889623455015809,0.4887607678570135
P14053,Dress,Cotton,Autumn,0.44660831320330435,0.9279999999999999,0.8,0.6932515337423314,0.18432203389830515,0.8541337546076884,0.8048780487804879,West,S,0.5459135766982849,0.20631059748924716
P14054,Shirt,Denim,Spring,0.7461935348750782,0.5,0.7600000000000002,0.4008179959100205,0.20127118644067798,0.7109004739336494,0.04878048780487804,Central,XL,0.35927469579381044,0.46052638237212296
P14055,Dress,Denim,Spring,0.3656336313732406,0.89,0.8,0.5623721881390594,0.47245762711864403,0.22380200105318587,0.5121951219512195,Central,L,0.24573632269809328,0.2019639646451041
P14056,Shirt,Denim,Summer,0.49831545513811765,0.454,0.9600000000000002,0.6952965235173825,0.03177966101694918,0.8193786203264877,0.48780487804878053,West,M,0.7492814027019257,0.2912360342436184
P14057,Dress,Rayon,Autumn,0.8426885477719442,0.278,0.8,0.0020449897750511245,0.31991525423728806,0.30963665086887837,0.6341463414634148,South,S,0.6360783750119765,0.6299682412773896
P14058,Jeans,Polyester,Spring,0.7301472510306468,0.9159999999999999,0.40000000000000013,0.9570552147239265,0.3707627118644068,0.21853607161664035,0.48780487804878053,Central,M,0.7716297786720321,0.36352155793957647
P14059,Sweater,Rayon,Summer,0.5205503450187233,0.38799999999999996,0.8399999999999999,0.2147239263803681,0.4555084745762712,0.9615587151132178,0.5121951219512195,South,M,0.5643575740155217,0.39361041251115864
P14060,Shirt,Polyester,Winter,0.4378686787247377,0.504,0.52,0.4396728016359919,0.48940677966101687,0.01685097419694577,0.2926829268292683,Central,S,0.7033965698955638,0.3151288719710123
P14061,Dress,Cotton,Spring,0.21171528317990423,0.32799999999999996,0.28000000000000025,0.539877300613497,0.4555084745762712,0.1674565560821485,0.3658536585365854,East,L,0.2435996933984861,0.1693018329827352
P14062,Hoodie,Rayon,Winter,0.49831545513811765,0.662,0.32000000000000006,0.3394683026584867,0.5063559322033897,0.4670879410215903,0.5609756097560976,West,L,0.30863274887419756,0.3251710995227361
P14063,T-Shirt,Rayon,Summer,0.2898271442023942,0.996,0.2400000000000002,0.5030674846625768,0.01483050847457612,0.16692996313849395,0.39024390243902446,North,XL,0.4098735268755389,0.12203801144437199
P14064,Jeans,Rayon,Winter,0.3506896437693492,0.026000000000000002,0.15999999999999992,0.8445807770961147,0.31991525423728806,0.16692996313849395,0.09756097560975613,West,XL,0.5192536169397335,0.30118710231521756
P14065,Jeans,Wool,Autumn,0.2755539825963171,0.9,0.20000000000000018,0.8936605316973416,0.3029661016949152,0.634544497103739,0.902439024390244,Central,L,0.4024480214621059,0.14363318377721426
P14066,T-Shirt,Cotton,Autumn,0.41356462132974714,0.004,0.08000000000000007,0.4274028629856851,0.31991525423728806,0.8193786203264877,1.0,Central,S,0.646775893455974,0.35810326168867934
P14067,Dress,Denim,Winter,0.4952794163498877,0.364,0.8800000000000001,0.11656441717791412,0.3877118644067796,0.6619273301737758,0.6341463414634148,East,XL,0.6346411804158283,0.3679680817296954
P14068,Hoodie,Cotton,Autumn,0.5522681319858024,0.168,0.9199999999999999,0.8732106339468304,0.8283898305084745,0.10163243812532914,0.9756097560975612,East,S,0.6391779246910032,0.5534839987454471
P14069,Trousers,Wool,Summer,0.387090615049808,0.758,0.6000000000000001,0.08588957055214726,0.48940677966101687,0.8957345971563984,0.7560975609756098,West,S,0.5982082974034684,0.2368044234002888
P14070,T-Shirt,Polyester,Autumn,0.7026213391954497,0.05,0.8399999999999999,0.2801635991820041,0.7266949152542375,0.9231174302264351,0.6097560975609757,North,S,0.5448740059404042,0.7167507764803283
P14071,Dress,Cotton,Winter,0.46122161193503375,0.554,0.20000000000000018,0.22085889570552147,0.4555084745762712,0.2812006319115324,0.14634146341463422,West,S,0.7364520456069752,0.31642125294352097
P14072,T-Shirt,Rayon,Winter,0.3517132045641363,0.294,0.9199999999999999,0.997955010224949,0.879237288135593,0.5534491837809374,0.853658536585366,North,M,0.7569847657372808,0.3365676964934532
P14073,T-Shirt,Denim,Winter,0.5433269347661084,0.134,0.52,0.09611451942740287,0.5572033898305082,0.4855186940494998,0.14634146341463422,South,M,0.46574686212513167,0.49353380382043305
P14074,Shirt,Denim,Spring,0.8716065022880519,0.772,0.08000000000000007,0.2556237218813906,0.6927966101694913,0.668773038441285,0.6341463414634148,Central,S,0.3750790457027881,0.5622252130800136
P14075,Dress,Polyester,Winter,0.5638989320324137,0.218,0.52,0.9570552147239265,0.6927966101694913,0.9784096893101634,0.902439024390244,South,L,0.6746143527833668,0.520406899207431
P14076,Trousers,Cotton,Summer,0.431998163889405,0.22399999999999998,0.32000000000000006,0.4355828220858896,0.5402542372881354,0.9868351764086362,0.5609756097560976,West,M,0.7704704416978059,0.37247820631084555
P14077,Sweater,Wool,Autumn,0.49831545513811765,0.276,0.040000000000000036,0.81799591002045,0.7605932203389831,0.5092153765139548,0.5609756097560976,North,S,0.8596627383347706,0.4588154119500627
P14078,Shirt,Polyester,Autumn,0.45910205373536694,0.5860000000000001,0.32000000000000006,0.25971370143149286,0.4216101694915253,0.09215376513954714,0.6829268292682928,North,S,0.5916498993963781,0.3038556565660474
P14079,T-Shirt,Cotton,Spring,0.5449583332021075,0.66,0.040000000000000036,0.7934560327198366,0.26906779661016955,0.33438651922064244,0.6341463414634148,South,XL,0.4752227651624029,0.31697091360204616
P14080,Sweater,Linen,Spring,0.4273244278295157,0.018000000000000002,0.2400000000000002,0.4028629856850716,0.5233050847457625,0.41390205371248023,0.8048780487804879,East,XL,0.3373478969052409,0.4048814450496607
P14081,Jacket,Denim,Summer,0.18586486163032767,0.242,0.28000000000000025,0.4110429447852761,0.5402542372881354,0.535018430753028,0.48780487804878053,East,XL,0.48984861550253894,0.1610958674269789
P14082,Sweater,Wool,Winter,0.33983674992677604,0.43,1.0,0.39059304703476483,0.43855932203389836,0.9610321221695631,0.0,South,M,0.36946440548050197,0.2514290085688423
P14083,T-Shirt,Rayon,Spring,0.775420132338537,0.332,0.2400000000000002,0.21676891615541924,0.777542372881356,0.26276987888362296,0.21951219512195125,East,M,0.3449985628054038,0.6954561699762395
P14084,T-Shirt,Wool,Autumn,0.7715400495718365,0.8840000000000001,0.2400000000000002,0.3946830265848671,0.47245762711864403,0.5371248025276462,0.7073170731707319,North,XL,0.638900067069081,0.41340697729451753
P14085,Hoodie,Rayon,Spring,0.3330214097424091,0.788,0.6800000000000002,0.6666666666666667,0.7605932203389831,0.29120589784096895,0.6585365853658538,West,XL,0.4322889719267988,0.22432991208703765
P14086,Dress,Wool,Spring,0.627690390181375,0.626,0.8399999999999999,0.4846625766871166,0.21822033898305082,0.9199578725645077,1.0,East,S,0.4971926798888569,0.3620252773951973
P14087,Dress,Denim,Winter,0.2778562070301305,0.33799999999999997,0.40000000000000013,0.26789366053169733,0.3368644067796609,0.990521327014218,0.7073170731707319,North,L,0.7291990035450799,0.2076647436605341
P14088,Shirt,Rayon,Spring,0.7659309364164034,0.7000000000000001,0.8800000000000001,0.7280163599182006,0.48940677966101687,0.8709847288046341,0.6585365853658538,West,XL,0.20049822745999804,0.47735791995051635
P14089,Trousers,Cotton,Summer,0.546904673421118,0.8440000000000001,0.3600000000000001,0.16768916155419222,0.5063559322033897,0.3391258557135335,0.6829268292682928,North,S,0.3635623263389862,0.31127722890262044
P14090,Shirt,Rayon,Autumn,0.6800116685930605,0.594,0.20000000000000018,0.5787321063394684,0.7605932203389831,0.27804107424960506,0.7317073170731709,Central,M,0.6161684392066685,0.5151441569973124
P14091,Jeans,Polyester,Winter,0.1764701482430973,0.784,0.32000000000000006,0.9550102249488754,0.40466101694915246,0.4312796208530806,0.9756097560975612,West,XL,0.43002778576219214,0.10885644983956427
P14092,T-Shirt,Cotton,Autumn,0.6286131696055983,0.75,0.6000000000000001,0.4519427402862986,0.3368644067796609,0.7477619799894683,0.07317073170731708,Central,M,0.4253425313787486,0.3530288909321842
P14093,Sweater,Polyester,Summer,0.4991154072669667,0.5720000000000001,0.3600000000000001,0.2147239263803681,0.7605932203389831,0.009478672985781991,0.43902439024390244,East,S,0.5475088627000095,0.385435106307085
P14094,Jacket,Wool,Summer,0.6615497812729316,0.312,0.6800000000000002,0.5991820040899797,0.47245762711864403,0.9957872564507638,0.21951219512195125,East,XL,0.4772252562997029,0.5247263950525928
P14095,T-Shirt,Cotton,Spring,0.6734419829994425,0.746,0.2400000000000002,0.1329243353783231,0.18432203389830515,0.8836229594523435,0.7317073170731709,North,M,0.21674810769378172,0.3497411467649274
P14096,T-Shirt,Wool,Spring,0.5129948916442796,0.20600000000000002,0.72,0.3967280163599182,0.6758474576271185,0.02369668246445497,0.8048780487804879,South,S,0.411344256012264,0.4731863133082125
P14097,Shirt,Linen,Spring,0.38702762669320573,0.78,0.3600000000000001,0.38241308793456036,0.6419491525423728,0.382306477093207,0.9756097560975612,North,XL,0.2838219794960237,0.24858562655857908
P14098,Jacket,Wool,Autumn,0.6479002043972171,0.804,0.44000000000000017,0.09406952965235175,0.6588983050847457,0.6882569773565036,0.9268292682926831,Central,L,0.624858675864712,0.40443586743293214
P14099,Jacket,Wool,Summer,0.4891978905199374,0.8220000000000001,0.56,0.7382413087934562,0.6758474576271185,0.24170616113744076,1.0,West,L,0.30125035929864896,0.30593406790758654
P14100,Jacket,Polyester,Winter,0.3356385759592339,0.47200000000000003,0.6800000000000002,0.7321063394683027,0.6419491525423728,0.14270668773038442,0.7317073170731709,South,XL,0.30080961962249686,0.26472172272615013
P14101,Shirt,Rayon,Spring,0.32668793048604966,0.192,0.2400000000000002,0.049079754601227,0.7097457627118642,0.629805160610848,0.2439024390243903,North,XL,0.3194739867778097,0.30846572170377484
P14102,T-Shirt,Linen,Autumn,0.22143123718580626,0.1,0.8399999999999999,0.1329243353783231,0.40466101694915246,0.9041600842548713,0.853658536585366,Central,S,0.6215531282935709,0.1927527394726056
P14103,Shirt,Wool,Spring,0.4041384137642156,0.7440000000000001,0.72,0.9938650306748467,0.47245762711864403,0.956292785676672,0.7560975609756098,Central,M,0.40886270000958125,0.24733400069514375
P14104,Dress,Wool,Summer,0.7089359219448284,0.886,0.2400000000000002,0.6830265848670758,0.3368644067796609,0.010531858873091104,0.5365853658536586,East,M,0.6917600843154164,0.3564150129220733
P14105,Dress,Linen,Winter,0.5341684277161366,0.65,0.9600000000000002,0.13496932515337423,0.3029661016949152,0.874670879410216,0.9512195121951221,North,XL,0.626832423110089,0.31842810099249974
P14106,Shirt,Linen,Summer,0.4004567443208123,0.14400000000000002,0.6800000000000002,0.4008179959100205,0.2521186440677965,0.5608214849921013,0.9268292682926831,North,L,0.6606448213088052,0.31361411147760115
P14107,Jacket,Cotton,Autumn,0.6526526759028592,0.934,0.44000000000000017,0.5010224948875257,0.7097457627118642,0.23802001053185884,0.04878048780487804,Central,M,0.4504838555140365,0.37394531582158475
P14108,Hoodie,Polyester,Spring,0.3432538682724498,0.99,0.15999999999999992,0.6032719836400819,0.625,0.6171669299631386,0.6585365853658538,North,XL,0.32386222094471584,0.18705744242863342
P14109,T-Shirt,Linen,Summer,0.518581958874902,0.434,0.52,0.20245398773006135,0.35381355932203395,0.9963138493944182,0.5853658536585367,East,M,0.4548720896809427,0.3636068881740332
P14110,Shirt,Linen,Autumn,0.46661971409584935,0.594,0.15999999999999992,0.3619631901840491,0.23516949152542366,0.2764612954186414,0.6585365853658538,West,S,0.08318482322506465,0.28037567826374005
P14111,Shirt,Denim,Spring,0.6477931241909932,0.778,0.44000000000000017,0.2331288343558282,0.625,0.27698788836229593,0.43902439024390244,Central,XL,0.5813212608987256,0.4065913984543916
P14112,Shirt,Rayon,Winter,0.20252213253380116,0.736,0.40000000000000013,0.34151329243353784,0.2860169491525424,0.6993154291732492,0.43902439024390244,East,L,0.5387611382581201,0.12076029040458536
P14113,Hoodie,Linen,Summer,0.33990603711903855,0.968,0.72,0.24130879345603273,0.5402542372881354,0.04318062137967352,1.0,East,L,0.40462776659959754,0.18246156592291446
P14114,Hoodie,Polyester,Spring,0.19099211385775341,0.114,0.20000000000000018,0.9918200408997957,0.48940677966101687,0.8209583991574514,0.6829268292682928,West,S,0.4268180511641276,0.17181232785741438
P14115,Jeans,Rayon,Spring,0.45150880734696186,0.58,0.8399999999999999,0.3353783231083845,0.48940677966101687,0.6529752501316484,0.43902439024390244,South,S,0.6604436140653445,0.30961331413601495
P14116,Dress,Rayon,Spring,0.7294827238684929,0.6920000000000001,0.32000000000000006,0.4458077709611452,0.6927966101694913,0.8414955239599791,0.4146341463414634,East,L,0.570829740346843,0.5011329573048188
P14117,Sweater,Wool,Spring,0.4050517449349488,0.89,0.44000000000000017,0.4008179959100205,0.3029661016949152,0.23064770932069512,0.5609756097560976,West,L,0.7127622880137969,0.20582089124254813
P14118,Jacket,Wool,Summer,0.4040628277362929,0.8740000000000001,0.7600000000000002,0.81799591002045,0.7944915254237288,0.8478146392838338,0.902439024390244,West,S,0.37482514132413525,0.25625202721320084
P14119,Trousers,Polyester,Spring,0.665288140237277,0.978,0.6399999999999999,0.6482617586912066,0.6419491525423728,0.4486571879936809,0.3658536585365854,North,L,0.3176343776947398,0.3561170764551955
P14120,Hoodie,Wool,Autumn,0.7024827648109246,0.512,0.32000000000000006,0.9918200408997957,0.625,0.1327014218009479,0.4146341463414634,East,L,0.5528504359490274,0.5297262506857425
P14121,Sweater,Denim,Summer,0.4838281331195928,0.8300000000000001,0.40000000000000013,0.4826175869120655,0.3368644067796609,0.9020537124802529,0.9756097560975612,Central,M,0.6146833381239819,0.2588383518921632
P14122,Hoodie,Linen,Spring,0.6299516721833968,0.428,0.32000000000000006,0.34355828220858897,0.5063559322033897,0.7056345444971038,0.2926829268292683,North,L,0.5437290409121394,0.4749521778607531
P14123,Jacket,Wool,Summer,0.2970582075403362,0.42200000000000004,0.6000000000000001,0.15337423312883436,0.5402542372881354,0.16850974196945762,0.07317073170731708,South,S,0.43821979496023755,0.23175723925337632
P14124,Trousers,Cotton,Autumn,0.760951706826993,0.254,0.32000000000000006,0.8691206543967281,0.6080508474576272,0.24644549763033174,0.2926829268292683,Central,M,0.9239484526204846,0.6627572272476108
P14125,Jeans,Wool,Autumn,0.9065933849627894,0.818,0.72,0.5848670756646218,0.625,0.26908899420747767,0.8292682926829269,Central,M,0.7949506563188655,0.5471876940704714
P14126,Shirt,Linen,Summer,0.5990558832699775,0.986,0.56,0.065439672801636,0.7605932203389831,0.9636650868878359,0.07317073170731708,West,L,0.39391108556098486,0.33565257933950626
P14127,Jeans,Wool,Spring,0.10669794563474946,0.256,0.15999999999999992,0.6094069529652353,0.40466101694915246,0.8867825171142708,0.43902439024390244,East,M,0.4140366005557152,0.0893857026810859
P14128,Hoodie,Denim,Spring,0.39507753866697737,0.055999999999999994,0.32000000000000006,0.7116564417177915,0.5063559322033897,0.3464981569246972,0.5609756097560976,West,XL,0.3912235316661875,0.36497318894267006
P14129,Jeans,Polyester,Autumn,0.6163682330821147,0.816,0.2400000000000002,0.4683026584867076,0.6758474576271185,0.4670879410215903,0.7804878048780488,West,S,0.7010251988119192,0.3844344108656742
P14130,Sweater,Polyester,Spring,0.42091851196306357,0.62,0.40000000000000013,0.3967280163599182,0.7605932203389831,0.28541337546076884,0.7804878048780488,East,S,0.6310434032768035,0.3160464696550307
P14131,T-Shirt,Linen,Autumn,0.7409655012770889,0.96,0.52,0.5991820040899797,0.7097457627118642,0.7430226434965772,0.1951219512195122,East,L,0.6072386701159336,0.41324847142295407
P14132,Hoodie,Polyester,Spring,0.6117039452757157,0.252,0.52,0.605316973415133,0.2521186440677965,0.16113744075829384,0.04878048780487804,East,L,0.47783366867873905,0.44967614695493596
P14133,Hoodie,Polyester,Autumn,0.3670634670681124,0.07200000000000001,0.7600000000000002,0.7627811860940696,0.048728813559322015,0.3385992627698789,0.04878048780487804,West,S,0.6267461914343202,0.2671976638169345
P14134,Sweater,Cotton,Winter,0.5066614123879201,0.49200000000000005,0.20000000000000018,0.9120654396728017,0.3368644067796609,0.6066350710900474,0.7073170731707319,East,S,0.5529414582734502,0.3404732910908984
P14135,Dress,Linen,Spring,0.3316608612397998,0.086,0.9600000000000002,0.8650306748466259,0.31991525423728806,0.8778304370721435,0.4146341463414634,East,L,0.47532336878413334,0.27724636555214466
P14136,Trousers,Linen,Spring,0.46606226713991916,0.262,0.3600000000000001,0.8445807770961147,0.35381355932203395,0.6361242759347026,0.024390243902439046,Central,S,0.5553415732490179,0.36057972369077873
P14137,Shirt,Polyester,Spring,0.39576411175394227,0.126,0.32000000000000006,0.8793456032719837,0.5572033898305082,0.9399684044233809,0.7560975609756098,West,L,0.7301188080866148,0.36158225472444233
P14138,Sweater,Polyester,Summer,0.7225540046422418,0.22399999999999998,0.6800000000000002,0.5664621676891617,0.47245762711864403,0.931542917324908,0.1951219512195122,East,M,0.6151001245568649,0.6009744167058342
P14139,Trousers,Polyester,Spring,0.9004173765979357,0.106,0.8,0.4683026584867076,0.5402542372881354,0.7187993680884678,0.024390243902439046,West,XL,0.36038612628149846,0.821617740195432
P14140,Jacket,Rayon,Summer,0.23012048097909105,0.9540000000000001,0.3600000000000001,0.19427402862985685,0.3877118644067796,0.2790942601369142,0.4634146341463415,South,XL,0.3784612436523905,0.12189860565435838
P14141,Trousers,Denim,Summer,0.1371433677984625,0.278,0.7600000000000002,0.7811860940695298,0.43855932203389836,0.6835176408636126,0.6341463414634148,North,XL,0.6096244131455398,0.11362477279584811
P14142,Jacket,Wool,Autumn,0.4542362031878407,0.444,0.8800000000000001,0.8957055214723928,0.5402542372881354,0.19273301737756715,0.853658536585366,Central,M,0.40497748395132693,0.3464169884162222
P14143,Sweater,Denim,Summer,0.21363642805627386,0.898,0.7600000000000002,0.34764826175869123,0.5402542372881354,0.33333333333333337,0.9756097560975612,Central,L,0.5529127143815272,0.1260926858991093
P14144,Hoodie,Linen,Summer,0.5092974751117256,0.6779999999999999,0.040000000000000036,0.6462167689161555,0.3707627118644068,0.7582938388625594,0.43902439024390244,West,L,0.41351441985244797,0.3084377165192686
P14145,Hoodie,Cotton,Winter,0.6420863790828264,0.618,0.8399999999999999,0.6728016359918202,0.40466101694915246,0.850974196945761,0.3658536585365854,East,L,0.6182236274791606,0.408794927732733
P14146,Dress,Wool,Spring,0.7829062985207182,0.706,0.7600000000000002,0.06339468302658488,0.2521186440677965,0.4170616113744076,0.6097560975609757,West,S,0.34949698189134804,0.43173157072819723
P14147,Sweater,Cotton,Summer,0.5386217045279179,0.828,0.6800000000000002,0.7914110429447854,0.5063559322033897,0.5239599789362823,0.3170731707317073,North,XL,0.5448021462105969,0.31061204995866937
P14148,Jacket,Rayon,Spring,0.4640655362356268,0.878,0.7600000000000002,0.9734151329243356,0.8961864406779663,0.38651922064244343,0.4146341463414634,Central,L,0.43698380760755,0.3033192667434043
P14149,Trousers,Linen,Summer,0.12671879478078482,0.642,0.9600000000000002,0.0899795501022495,0.03177966101694918,0.4797261716692996,0.6585365853658538,Central,L,0.49279486442464304,0.07638338417923873
P14150,Trousers,Rayon,Autumn,0.5055118748799284,0.89,0.44000000000000017,0.14519427402862986,0.5572033898305082,0.5129015271195367,0.43902439024390244,North,M,0.5184583692631981,0.28454780581735895
P14151,Jacket,Linen,Winter,0.5140341995282172,0.536,0.08000000000000007,0.03885480572597137,0.6080508474576272,0.6919431279620855,0.7073170731707319,West,L,0.6628101945003353,0.3808489782845468
P14152,Jeans,Cotton,Summer,0.6213033708219035,0.278,0.4800000000000002,0.4867075664621677,0.43855932203389836,0.7509215376513956,0.9756097560975612,Central,XL,0.48887132317715815,0.49448379722718405
P14153,Dress,Cotton,Spring,0.36668553692849876,0.88,0.040000000000000036,0.40490797546012275,0.18432203389830515,0.9757767245918906,0.48780487804878053,East,L,0.6419756635048386,0.17869607166390286
P14154,T-Shirt,Cotton,Autumn,0.4183548858493507,0.542,0.28000000000000025,0.130879345603272,0.8283898305084745,0.4381253291205898,0.48780487804878053,West,M,0.372884928619335,0.33930831014285767
P14155,Hoodie,Linen,Spring,0.22127376629430054,0.9059999999999999,0.6000000000000001,0.38241308793456036,0.6419491525423728,0.0832016850974197,0.7073170731707319,East,XL,0.2641707387180224,0.13438611494518374
P14156,Shirt,Polyester,Autumn,0.06758847502039254,0.04,0.32000000000000006,0.17995910020449898,0.35381355932203395,0.6887835703001581,1.0,South,S,0.5670259653157037,0.061675874890397775
P14157,Trousers,Cotton,Winter,0.2910963595879302,0.39799999999999996,0.6800000000000002,0.8364008179959102,0.35381355932203395,0.49868351764086366,0.878048780487805,North,L,0.4563715627095908,0.2120216955097742
P14158,Shirt,Rayon,Autumn,0.2038259915154684,0.948,0.8399999999999999,0.40899795501022496,1.0,0.8414955239599791,0.9756097560975612,Central,L,0.3499952093513461,0.13641985194013667
P14159,T-Shirt,Wool,Spring,0.5641918278906144,0.25,0.44000000000000017,0.04498977505112475,0.35381355932203395,0.14639283833596628,0.7560975609756098,North,L,0.3524671840567213,0.4379430908853319
P14160,Sweater,Linen,Spring,0.40265503796623187,0.9420000000000001,0.9199999999999999,0.6032719836400819,0.6927966101694913,0.64507635597683,0.7073170731707319,North,L,0.37203219315895364,0.2322951670046637
P14161,Shirt,Rayon,Summer,0.3988568400631143,0.9540000000000001,0.08000000000000007,0.2638036809815951,0.5063559322033897,0.45971563981042657,0.5121951219512195,East,M,0.5453770240490562,0.2111299449491
P14162,T-Shirt,Denim,Autumn,0.31454377533312966,0.882,0.8399999999999999,0.3128834355828221,1.0,0.4196945760926804,0.5609756097560976,Central,M,0.44907061416115734,0.2159221306046709
P14163,Hoodie,Denim,Spring,0.0,0.564,0.8399999999999999,0.15746421267893662,0.08262711864406769,0.5650342285413377,0.21951219512195125,South,XL,0.29434224393982944,0.012763617093074745
P14164,Jacket,Wool,Summer,0.7855833036763152,0.6459999999999999,0.32000000000000006,0.3865030674846626,0.43855932203389836,0.6845708267509216,0.5609756097560976,North,M,0.4178547475328159,0.4963819236431327
P14165,Jeans,Polyester,Winter,0.31154867897669114,0.87,0.28000000000000025,0.6114519427402864,0.3029661016949152,0.8515007898894157,0.0,East,L,0.3923972405863753,0.16408904864825496
P14166,Hoodie,Cotton,Spring,0.42263179526264566,0.7759999999999999,0.32000000000000006,0.8466257668711658,0.5911016949152543,0.2353870458135861,0.8292682926829269,East,XL,0.3471591453482801,0.26557209804523313
P14167,Trousers,Linen,Summer,0.22563885940683867,0.63,0.8,0.3128834355828221,0.23516949152542366,0.2933122696155872,0.3658536585365854,Central,S,0.6398294529079236,0.13869712737750126
P14168,T-Shirt,Rayon,Spring,0.6842255896497531,0.9820000000000001,0.8399999999999999,0.22903885480572597,0.20127118644067798,0.5487098472880464,0.09756097560975613,West,XL,0.48723292133754903,0.29616551723864215
P14169,Shirt,Cotton,Autumn,0.5276680293147811,0.6859999999999999,0.32000000000000006,0.6912065439672803,0.8114406779661016,0.3464981569246972,0.7317073170731709,West,L,0.8270384210022035,0.3845919989411113
P14170,Trousers,Rayon,Summer,0.3444097046161017,0.976,0.6000000000000001,0.9918200408997957,0.6080508474576272,0.5687203791469195,0.878048780487805,South,L,0.6099597585513077,0.18858036386597954
P14171,Jeans,Linen,Autumn,0.4264457402549139,0.057999999999999996,0.11999999999999988,0.23721881390593047,0.1673728813559321,0.20010531858873093,0.5853658536585367,East,S,0.6173373574782024,0.3324928553292353
P14172,Jacket,Denim,Winter,0.8176821702008382,0.138,0.52,0.008179959100204501,0.3707627118644068,0.3080568720379147,0.5853658536585367,West,L,0.522300469483568,0.6762993587035995
P14173,Sweater,Cotton,Autumn,0.4867759882085796,0.452,1.0,0.768916155419223,0.47245762711864403,0.32490784623486046,0.04878048780487804,North,XL,0.7021557918942223,0.3577967425877544
P14174,Trousers,Wool,Summer,0.466222887449255,0.384,0.15999999999999992,0.6646216768916157,0.48940677966101687,0.9926276987888364,0.902439024390244,South,M,0.6800277857621921,0.3596425050138954
P14175,Sweater,Polyester,Spring,0.32267557217048426,0.782,0.9600000000000002,0.06952965235173825,0.18432203389830515,0.854660347551343,0.7560975609756098,North,M,0.5331608699817955,0.17057099619377544
P14176,T-Shirt,Wool,Summer,0.14255406763059852,0.16,0.8399999999999999,0.5541922290388549,0.43855932203389836,0.8383359662980518,0.4634146341463415,West,XL,0.1044600938967136,0.12404783612943644
P14177,Jeans,Polyester,Autumn,0.4703234294640635,0.976,0.52,0.3231083844580777,0.5911016949152543,0.5139547130068458,0.7073170731707319,East,XL,0.2087668870365047,0.25077484317840837
P14178,Shirt,Rayon,Autumn,0.5620691202731174,0.316,0.15999999999999992,0.4274028629856851,0.26906779661016955,0.4670879410215903,0.024390243902439046,West,XL,0.39557823129251696,0.40321160181618454
P14179,Jeans,Cotton,Spring,0.7083469808105971,0.428,0.20000000000000018,0.026584867075664622,0.31991525423728806,0.07003686150605583,0.09756097560975613,South,S,0.5337309571716009,0.4868709512168042
P14180,Jeans,Cotton,Winter,0.07567618000812557,0.27399999999999997,0.0,0.049079754601227,0.2860169491525424,0.19747235387045814,0.43902439024390244,South,M,0.2959471112388617,0.06245185911263898
P14181,Dress,Polyester,Summer,0.28795953942913655,0.58,0.72,0.6830265848670758,0.09957627118644075,0.8957345971563984,0.4634146341463415,North,S,0.5614113250934176,0.16736252976760113
P14182,Jeans,Denim,Spring,0.3908258245963233,0.057999999999999996,0.6399999999999999,0.4437627811860941,0.48940677966101687,0.5260663507109006,0.5121951219512195,North,S,0.5160917888282073,0.3579508331157908
P14183,Jeans,Linen,Spring,0.4999059111423253,0.15,0.15999999999999992,0.5173824130879346,0.21822033898305082,0.9878883622959455,0.2439024390243903,South,L,0.48164223435853204,0.3818923388431859
P14184,Hoodie,Polyester,Spring,0.4731579055111662,0.746,0.8,0.9877300613496933,0.5402542372881354,0.59189046866772,0.4146341463414634,North,M,0.508757305739197,0.2959943358584137
P14185,Trousers,Rayon,Summer,0.4775702398911561,0.18600000000000003,0.28000000000000025,0.4130879345603272,0.48940677966101687,0.377567140600316,0.6341463414634148,Central,S,0.15546133946536358,0.40993703819351524
P14186,Shirt,Wool,Summer,0.577680784456993,0.23600000000000002,0.11999999999999988,0.20449897750511248,0.5911016949152543,0.2743549236440232,0.7317073170731709,South,XL,0.7291894222477722,0.5050691120327438
P14187,Hoodie,Wool,Summer,0.329871991912295,0.792,0.44000000000000017,0.736196319018405,0.35381355932203395,0.9189046866771986,0.8292682926829269,North,XL,0.44790648653827725,0.18721068957644552
P14188,Hoodie,Rayon,Winter,0.6770827100110544,0.094,0.08000000000000007,0.46625766871165647,0.48940677966101687,0.37072143233280674,0.48780487804878053,West,XL,0.5255341573249017,0.6075200642635886
P14189,Trousers,Rayon,Spring,0.5824710489765966,0.438,0.28000000000000025,0.40490797546012275,0.6080508474576272,0.14639283833596628,0.4634146341463415,East,L,0.5158378844495544,0.45751891329763555
P14190,Trousers,Cotton,Autumn,0.4401268113089295,0.024,0.3600000000000001,0.8200408997955011,0.43855932203389836,0.27856766719325965,0.1951219512195122,Central,S,0.4131072147168726,0.3997654013879657
P14191,T-Shirt,Wool,Autumn,0.8030783197225991,0.34600000000000003,0.8399999999999999,0.3619631901840491,0.5063559322033897,0.6461295418641391,0.7317073170731709,Central,M,0.514486921529175,0.6335932383131562
P14192,Trousers,Linen,Spring,0.7946725235340246,0.698,0.8,0.5623721881390594,0.09957627118644075,0.13322801474460244,0.1951219512195122,East,M,0.3562038900067068,0.4051907423442656
P14193,Dress,Linen,Autumn,0.6768496530916258,0.09,0.44000000000000017,0.6359918200408999,0.20127118644067798,0.0916271721958926,0.14634146341463422,East,L,0.48714668966178015,0.5255792509017471
P14194,Dress,Polyester,Winter,0.0,0.888,0.72,0.2638036809815951,0.5063559322033897,0.4576092680358083,0.7804878048780488,West,XL,0.5106160774168822,0.0130939988932867
P14195,Hoodie,Rayon,Winter,0.7989305364403388,0.91,0.56,0.8364008179959102,0.3707627118644068,0.08372827804107426,0.0,East,XL,0.4583453099549678,0.398447594982225
P14196,Sweater,Cotton,Summer,0.6507472781156403,0.10400000000000001,0.3600000000000001,0.5685071574642128,0.7944915254237288,0.39336492890995267,0.43902439024390244,Central,S,0.5091597202261186,0.6647553438307382
P14197,T-Shirt,Linen,Summer,0.8797068049471054,0.99,0.72,0.5869120654396729,0.6080508474576272,0.32280147446024227,0.04878048780487804,West,M,0.592210405288876,0.45465273521601596
P14198,Sweater,Denim,Summer,0.7344021145191311,0.298,0.6800000000000002,0.28629856850715746,0.47245762711864403,0.39178515007898895,0.9268292682926831,East,M,0.6663744370987832,0.5864665652824416
P14199,Sweater,Cotton,Summer,0.7988171573984548,0.084,0.6000000000000001,0.024539877300613498,0.43855932203389836,0.4881516587677725,0.26829268292682934,West,XL,0.7907780013413814,0.7024213495849726
P14200,Hoodie,Cotton,Summer,0.6665982980546046,0.006,0.52,0.81799591002045,0.625,0.18536071616640337,0.7073170731707319,West,XL,0.593657181182332,0.6645918768990318
P14201,Jacket,Linen,Autumn,0.7554213291173125,0.408,0.6800000000000002,0.441717791411043,0.3877118644067796,0.4428646656134808,0.3658536585365854,North,M,0.45798601130593075,0.5431177147451934
P14202,Hoodie,Denim,Autumn,0.8773825345884811,0.63,0.40000000000000013,0.3783231083844581,0.47245762711864403,0.36176935229067936,0.2926829268292683,West,M,0.3374676631215866,0.5685331018304228
P14203,Shirt,Polyester,Summer,0.5414845253354917,0.332,0.8800000000000001,0.9591002044989776,0.5741525423728815,0.7956819378620328,0.5609756097560976,North,M,0.42727795343489505,0.44600774064291965
P14204,Shirt,Linen,Winter,0.2034669578828354,0.836,0.15999999999999992,0.05316973415132925,0.4216101694915253,0.6951026856240127,0.39024390243902446,Central,S,0.305226597681326,0.12030523716298402
P14205,Trousers,Denim,Autumn,0.44246367933887415,0.716,0.52,0.81799591002045,0.40466101694915246,0.8730911005792523,0.6341463414634148,West,S,0.4592124173613107,0.266713637984099
P14206,Trousers,Cotton,Winter,0.5742510684399988,0.35000000000000003,0.3600000000000001,0.4437627811860941,0.6588983050847457,0.6692996313849396,0.6829268292682928,Central,XL,0.543158953722334,0.4856389711515345
P14207,Jacket,Denim,Winter,0.5147144737795218,0.7340000000000001,0.11999999999999988,0.8609406952965236,0.43855932203389836,0.12111637704054766,0.9756097560975612,West,L,0.5537175433553703,0.30928161765486517
P14208,Trousers,Cotton,Spring,0.26500658228326496,0.9400000000000001,0.6000000000000001,0.026584867075664622,0.5572033898305082,0.5071090047393366,0.3170731707317073,East,XL,0.5283127335441218,0.14949993505972273
P14209,Shirt,Linen,Spring,0.19234951294253264,0.094,0.3600000000000001,0.2883435582822086,0.6419491525423728,0.7430226434965772,0.09756097560975613,South,M,0.5300565296541151,0.18564321781901677
P14210,Sweater,Rayon,Summer,0.360509528563645,0.306,0.8,0.8077709611451944,0.5233050847457625,0.8420221169036335,0.902439024390244,East,L,0.5447925649132892,0.2961680721846157
P14211,Hoodie,Linen,Winter,0.6531975251874691,0.46399999999999997,0.44000000000000017,0.6625766871165645,0.6927966101694913,0.18114797261716697,0.12195121951219517,West,S,0.6770719555427804,0.5231765846692724
P14212,Jeans,Wool,Autumn,0.7991919381202383,0.498,0.6800000000000002,0.9897750511247445,0.2860169491525424,0.22380200105318587,0.5609756097560976,South,XL,0.3675481460189709,0.5158822139147616
P14213,Dress,Wool,Spring,0.6737632236181141,0.542,0.32000000000000006,0.6605316973415134,0.15042372881355925,0.8625592417061613,0.9512195121951221,South,S,0.4014659384880713,0.39487255582209674
P14214,Jeans,Wool,Spring,0.7003821031182386,0.3,0.20000000000000018,0.11042944785276075,0.7436440677966103,0.4855186940494998,0.7804878048780488,East,L,0.7236753856472165,0.630941551666812
P14215,Jeans,Linen,Winter,0.48529261241059585,0.668,0.40000000000000013,0.38854805725971375,0.3368644067796609,0.4528699315429174,0.1951219512195122,Central,S,0.4035642425984478,0.29166117229255845
P14216,Shirt,Polyester,Spring,0.17137124077614257,0.6459999999999999,0.6000000000000001,0.5807770961145196,0.4216101694915253,0.49447077409162726,1.0,East,M,0.6941170834530994,0.11570958390497148
P14217,Jeans,Linen,Spring,0.4145440902749126,0.578,0.6399999999999999,0.17995910020449898,0.4555084745762712,0.1732490784623486,0.04878048780487804,West,M,0.6862220944715913,0.28104948945233965
P14218,Hoodie,Rayon,Autumn,0.4516662782384676,0.114,0.56,0.0899795501022495,0.4216101694915253,0.6282253817798843,0.5365853658536586,Central,S,0.41741400785666377,0.3896240270492874
P14219,Jacket,Denim,Winter,0.40663905152132623,0.47600000000000003,1.0,0.26789366053169733,0.5233050847457625,0.8083201685097422,0.48780487804878053,West,XL,0.5367059499856279,0.3027441310410457
P14220,T-Shirt,Linen,Spring,0.5109005287872537,0.35600000000000004,0.6800000000000002,0.815950920245399,0.8283898305084745,0.8372827804107426,0.5121951219512195,Central,M,0.5854028935517868,0.46231997925086205
P14221,Trousers,Linen,Winter,0.5839764706993911,0.49200000000000005,0.9199999999999999,0.1329243353783231,0.47245762711864403,0.0305423907319642,0.17073170731707316,North,L,0.774302960620868,0.41738587155557316
P14222,T-Shirt,Cotton,Spring,0.661754493431889,0.922,0.11999999999999988,0.5685071574642128,0.35381355932203395,0.7156398104265403,0.4634146341463415,Central,XL,0.4935038804254095,0.32645546838311407
P14223,Sweater,Cotton,Autumn,0.44800980413770514,0.48,0.08000000000000007,0.6605316973415134,0.5063559322033897,0.09110057925223804,0.3170731707317073,North,S,0.4879227747437002,0.32947397581641935
P14224,Hoodie,Cotton,Winter,0.14081873840620568,0.013999999999999999,0.32000000000000006,0.3006134969325154,0.5572033898305082,0.9673512374934178,0.7073170731707319,West,L,0.6098926894701542,0.13627181390547455
P14225,Hoodie,Linen,Spring,0.4093160566769232,0.438,0.11999999999999988,0.294478527607362,0.5063559322033897,0.4823591363875725,0.17073170731707316,East,S,0.3954009772923253,0.30924535230522104
P14226,Dress,Polyester,Autumn,0.5088250624372085,0.8200000000000001,0.52,0.8895705521472393,0.5911016949152543,0.7756714060031598,0.43902439024390244,West,XL,0.5018779342723003,0.30709463351210015
P14227,T-Shirt,Denim,Spring,0.7316306268286306,0.78,0.52,0.010224948875255626,0.48940677966101687,0.6224328593996842,0.902439024390244,East,M,0.18929769090734883,0.43008767383926816
P14228,T-Shirt,Denim,Winter,0.39326977283249187,0.514,0.56,0.16564417177914112,0.4555084745762712,0.9526066350710901,0.853658536585366,North,M,0.8355130784708249,0.2778774372076137
P14229,Hoodie,Rayon,Spring,0.5974181859983181,0.25,0.7600000000000002,0.9550102249488754,0.26906779661016955,0.9741969457609269,0.12195121951219517,East,M,0.7320302768994922,0.44374443058985713
P14230,Jeans,Polyester,Winter,0.5553797568019551,0.466,0.9600000000000002,0.24948875255623726,0.5233050847457625,0.2790942601369142,0.8048780487804879,West,M,0.49867778097154347,0.4132714907420168
P14231,Dress,Polyester,Winter,0.5088597060333397,0.564,0.8800000000000001,0.3394683026584867,0.6419491525423728,0.48288572933122703,0.21951219512195125,West,L,0.36796972310050774,0.3758482048552705
P14232,Trousers,Denim,Spring,0.6764024357597498,1.0,0.11999999999999988,0.4826175869120655,0.7605932203389831,0.5044760400210638,0.7317073170731709,West,L,0.3607933314170738,0.3725239224800617
P14233,Jacket,Wool,Autumn,0.375689722504795,0.644,0.32000000000000006,0.21267893660531698,0.43855932203389836,0.1779884149552396,0.2439024390243903,Central,XL,0.5843441601992909,0.24316792563489914
P14234,Jacket,Cotton,Summer,0.39187458073375137,0.6940000000000001,0.2400000000000002,0.5910020449897752,0.11652542372881358,0.9041600842548713,0.8292682926829269,West,XL,0.37033151288684485,0.2093429710856516
P14235,T-Shirt,Cotton,Autumn,0.49831545513811765,0.49200000000000005,0.15999999999999992,0.9959100204498978,0.4216101694915253,0.34965771458662454,0.2439024390243903,Central,XL,0.32721567500239523,0.34898193092596896
P14236,Jacket,Denim,Autumn,0.3795981500319666,0.354,0.56,0.4846625766871166,0.7097457627118642,0.08741442864665615,0.9512195121951221,South,S,0.30443614065344443,0.32859720765737643
P14237,Jeans,Polyester,Spring,0.596561544348527,0.812,0.56,0.6319018404907977,0.48940677966101687,0.15481832543443919,0.7560975609756098,North,M,0.5166235508287822,0.34434063591464237
P14238,Hoodie,Rayon,Autumn,0.36579425168257645,0.494,0.2400000000000002,0.9631901840490799,0.879237288135593,0.5134281200631913,0.6097560975609757,South,M,0.5360783750119765,0.31223868235830143
P14239,T-Shirt,Wool,Autumn,0.5433269347661084,0.9940000000000001,0.72,0.16564417177914112,0.21822033898305082,0.8820431806213798,0.5121951219512195,South,XL,0.7809954967902653,0.23810779312101385
P14240,Trousers,Denim,Summer,0.48163613830983343,0.45799999999999996,0.72,0.1901840490797546,0.4555084745762712,0.6287519747235388,0.0,Central,XL,0.40617035546613006,0.3500812274377186
P14241,Jeans,Cotton,Autumn,0.5411790318059706,0.068,0.040000000000000036,0.6543967280163601,0.35381355932203395,0.2148499210110585,0.6829268292682928,Central,L,0.5812973076554565,0.46115390686958985
P14242,Jacket,Linen,Summer,0.4136905980429518,0.682,0.40000000000000013,0.6993865030674847,0.7436440677966103,0.296998420221169,0.9268292682926831,North,M,0.4005125994059595,0.2960344708349692
P14243,Sweater,Polyester,Spring,0.4364892337151477,0.046,0.8800000000000001,0.5807770961145196,0.2860169491525424,0.9763033175355452,0.5121951219512195,North,M,0.37688512024528115,0.3640986532606915
P14244,Hoodie,Linen,Summer,0.5187079355881065,0.25,0.52,0.605316973415133,0.6419491525423728,0.05265929436545551,0.7560975609756098,North,M,0.5656989556385934,0.4606217339480682
P14245,T-Shirt,Rayon,Winter,0.5387476812411225,0.354,0.3600000000000001,0.736196319018405,0.47245762711864403,0.9947340705634545,0.5853658536585367,West,L,0.6477100699434704,0.418434813306873
P14246,Sweater,Denim,Winter,0.4997704861756304,0.74,0.2400000000000002,0.6503067484662578,0.40466101694915246,0.9062664560294894,0.9512195121951221,West,XL,0.47664558781258975,0.2946660616157716
P14247,Dress,Cotton,Summer,0.8228188706817543,0.494,0.2400000000000002,0.8486707566462169,0.35381355932203395,0.6787783043707216,0.6829268292682928,North,L,0.31482705758359675,0.5510270833203105
P14248,Sweater,Wool,Winter,0.3133501459755164,0.027999999999999997,0.08000000000000007,0.1329243353783231,1.0,0.9436545550289629,0.878048780487805,Central,XL,0.6131024240682188,0.3581726917253783
P14249,Dress,Linen,Spring,0.4884325819872196,0.616,0.8,0.22699386503067487,0.5911016949152543,0.152711953659821,0.7560975609756098,South,XL,0.5773258599214333,0.34147120833862926
P14250,Dress,Wool,Winter,0.20320240678510584,0.41200000000000003,0.08000000000000007,0.7259713701431494,0.26906779661016955,0.9431279620853082,0.7073170731707319,North,XL,0.590404330746383,0.1439267793164671
P14251,Jacket,Rayon,Summer,0.5708748925261165,0.922,0.28000000000000025,0.8752556237218815,0.06567796610169485,0.21274354923644023,0.4146341463414634,North,XL,0.7574207147647791,0.24446303519048634
P14252,Dress,Cotton,Spring,0.28982084536673397,0.5,0.040000000000000036,0.81799591002045,0.4555084745762712,0.5466034755134282,0.04878048780487804,South,M,0.37580722429816993,0.20873573732416886
P14253,Shirt,Linen,Winter,0.44797201112374374,0.708,0.8,0.34764826175869123,0.3877118644067796,0.48920484465508157,0.26829268292682934,East,L,0.6092986490370795,0.26926059665082797
P14254,Trousers,Rayon,Spring,0.4302565358293519,0.218,0.040000000000000036,0.5030674846625768,0.9639830508474576,0.5129015271195367,0.4634146341463415,North,M,0.5923445434511831,0.4426971011831037
P14255,Trousers,Wool,Summer,0.5536412781597321,0.76,0.32000000000000006,0.1329243353783231,0.4216101694915253,0.26750921537651395,0.17073170731707316,North,S,0.4985771773498131,0.32298671993654604
P14256,Jacket,Wool,Winter,0.49831545513811765,0.72,0.56,0.13701431492842536,0.8453389830508473,0.7809373354397052,0.7317073170731709,West,M,0.5123502922295677,0.35968385545018594
P14257,Shirt,Linen,Spring,0.3880732334128036,0.904,0.40000000000000013,0.06748466257668713,0.6080508474576272,0.7430226434965772,0.5609756097560976,South,XL,0.5638689278528313,0.22362474699833537
P14258,Sweater,Cotton,Spring,0.7718896349509793,0.034,0.28000000000000025,0.0,0.4216101694915253,0.9547130068457083,0.2926829268292683,North,XL,0.5905863753952285,0.6900821263818165
P14259,Jeans,Wool,Winter,0.5543372995001873,0.44799999999999995,0.28000000000000025,0.3067484662576687,0.18432203389830515,0.5071090047393366,0.17073170731707316,North,XL,0.38704608604004975,0.35270280044899577
P14260,T-Shirt,Denim,Spring,0.3945452870536881,0.68,0.8,0.7955010224948876,0.3877118644067796,0.5481832543443919,1.0,East,M,0.6395659672319631,0.24310854174498941
P14261,Hoodie,Rayon,Spring,0.4531654011256019,0.096,0.9600000000000002,0.5541922290388549,0.7436440677966103,0.9036334913112166,0.3170731707317073,South,XL,0.5810577752227651,0.45491825115486034
P14262,Jeans,Linen,Summer,0.8114778170755135,0.41000000000000003,0.3600000000000001,0.5255623721881392,0.7097457627118642,0.9199578725645077,0.34146341463414637,North,S,0.4145396186643671,0.6753252545445543
P14263,Dress,Polyester,Summer,0.4561258538859092,0.9420000000000001,0.040000000000000036,0.4846625766871166,0.40466101694915246,0.649815692469721,0.48780487804878053,East,M,0.561928715148031,0.2311665010168685
P14264,T-Shirt,Polyester,Summer,0.3703136662687902,0.436,0.040000000000000036,0.23517382413087934,0.47245762711864403,0.8209583991574514,0.34146341463414637,North,M,0.5708105777522275,0.276564145366603
P14265,Jeans,Cotton,Summer,0.37112306665112954,0.986,0.7600000000000002,0.15337423312883436,0.5572033898305082,0.5055292259083729,0.6097560975609757,Central,S,0.5655504455303247,0.19634310830857518
P14266,T-Shirt,Denim,Summer,0.3967971208022197,0.055999999999999994,0.56,0.5766871165644173,0.26906779661016955,0.3886255924170617,0.902439024390244,East,M,0.49803104340327675,0.3270419649131998
P14267,Trousers,Wool,Summer,0.38822440546864906,0.718,0.8,0.036809815950920255,0.5233050847457625,0.8646656134807795,0.902439024390244,Central,XL,0.36749544888377883,0.24784972770229197
P14268,T-Shirt,Polyester,Winter,0.25875498789048845,0.5820000000000001,0.6800000000000002,0.5787321063394684,0.6927966101694913,0.7777777777777779,0.7804878048780488,North,XL,0.3815751652773785,0.19658074308941684
P14269,Trousers,Cotton,Summer,0.2881296079919627,0.5,0.52,0.06952965235173825,0.9470338983050848,0.24275934702474988,0.21951219512195125,East,S,0.7403803775031139,0.2521027701468404
P14270,Shirt,Rayon,Spring,0.34385225766017147,0.97,0.8800000000000001,0.7566462167689163,0.4216101694915253,0.047919957872564506,0.43902439024390244,South,S,0.5112196991472644,0.1751509476964359
P14271,Shirt,Denim,Winter,0.6123495759308891,0.13,0.52,0.6605316973415134,0.5233050847457625,0.5660874144286467,0.2439024390243903,West,M,0.6431541630736801,0.5484481754262618
P14272,Jacket,Polyester,Spring,0.42852435602278915,0.8959999999999999,0.4800000000000002,0.6216768916155421,0.48940677966101687,0.8420221169036335,0.04878048780487804,North,M,0.5126808469866819,0.2350279669843432
P14273,Jacket,Cotton,Summer,0.46141687584050084,0.6920000000000001,0.32000000000000006,0.49079754601226994,0.6419491525423728,0.24749868351764087,0.5365853658536586,East,M,0.349803583405193,0.31355180056220716
P14274,Dress,Cotton,Summer,0.7405655252126644,0.258,0.52,0.01226993865030675,0.23516949152542366,0.7677725118483414,0.12195121951219517,Central,XL,0.5821548337644917,0.536161861929529
P14275,Jeans,Wool,Spring,0.7452739048686849,0.902,0.52,0.0736196319018405,0.5233050847457625,0.41442864665613477,0.9756097560975612,East,S,0.5144725495832135,0.4030895845419715
P14276,Dress,Cotton,Spring,0.4472539438584777,0.43,0.6000000000000001,0.7566462167689163,0.2860169491525424,0.3359662980516061,0.9756097560975612,South,XL,0.6331991951710261,0.3051479383173532
P14277,Trousers,Wool,Spring,0.38135237576334013,0.8140000000000001,0.20000000000000018,0.310838445807771,0.4216101694915253,0.17272248551869407,0.6829268292682928,East,S,0.47421193829644526,0.21759678606648555
P14278,Dress,Wool,Autumn,0.3372164342921211,0.38799999999999996,0.6399999999999999,0.49897750511247446,0.1673728813559321,0.9347024749868353,0.07317073170731708,Central,L,0.427388138353933,0.2240875146884588
P14279,T-Shirt,Linen,Autumn,0.631475990413172,0.85,0.44000000000000017,0.5092024539877301,0.6588983050847457,0.22590837282780413,0.04878048780487804,North,S,0.2244227268372137,0.38035798216221056
P14280,Trousers,Denim,Autumn,0.46188298967935776,0.636,0.6399999999999999,0.2331288343558282,0.40466101694915246,0.2790942601369142,0.4634146341463415,Central,L,0.6071859729807415,0.293485279691176
P14281,Jacket,Rayon,Autumn,0.4275291399884731,0.142,0.2400000000000002,0.08179959100204501,0.3368644067796609,0.3317535545023697,0.17073170731707316,Central,S,0.5490274983232729,0.3493323057985565
P14282,Shirt,Denim,Winter,0.34680956100264865,0.65,0.44000000000000017,0.687116564417178,0.6080508474576272,0.2848867825171143,0.12195121951219517,Central,XL,0.4203219315895371,0.24134602590804516
P14283,Jacket,Denim,Summer,0.3551240240741499,0.192,0.20000000000000018,0.12474437627811862,0.5402542372881354,0.16324381253291204,0.09756097560975613,West,M,0.5643671553128293,0.31191068186695803
P14284,Jeans,Linen,Spring,0.5610424100605003,0.41200000000000003,0.8800000000000001,0.34355828220858897,0.5741525423728815,0.3543970510795156,0.17073170731707316,North,M,0.3556769186547858,0.4411202778273057
P14285,Trousers,Wool,Summer,0.25199318780923347,0.17,0.4800000000000002,0.2883435582822086,0.43855932203389836,0.47182727751448134,0.17073170731707316,West,M,0.7954728370221327,0.2150135868554132
P14286,Trousers,Wool,Spring,0.6885591885839902,0.022000000000000002,0.2400000000000002,0.9897750511247445,0.8114406779661016,0.5518694049499738,0.8292682926829269,East,L,0.24106544026061125,0.7377949734737076
P14287,T-Shirt,Cotton,Summer,0.39968513695243435,0.212,0.040000000000000036,0.8936605316973416,0.625,0.15639810426540285,0.43902439024390244,North,M,0.43295008144102703,0.36012881293439664
P14288,Jeans,Linen,Winter,0.4722886661900547,0.536,0.6800000000000002,0.5255623721881392,0.7097457627118642,0.7798841495523962,0.21951219512195125,North,XL,0.45601226406055373,0.36588726427398705
P14289,Shirt,Cotton,Autumn,0.24792099055489594,0.48200000000000004,0.20000000000000018,0.17791411042944785,0.6588983050847457,0.31174302264349657,0.8292682926829269,East,XL,0.45400977292325373,0.19736543397220874
P14290,Sweater,Linen,Summer,0.49822727143887446,0.502,1.0,0.9447852760736197,0.5063559322033897,0.9183780937335442,0.1951219512195122,East,S,0.4884114209063906,0.36065828207814044
P14291,Trousers,Cotton,Spring,0.4385237576334014,0.24800000000000003,0.52,0.09611451942740287,0.3877118644067796,0.32964718272775145,0.17073170731707316,Central,M,0.4966034301044361,0.3478321060166646
P14292,Trousers,Polyester,Summer,0.4911001388893263,0.6859999999999999,0.28000000000000025,0.8875255623721883,0.777542372881356,0.8630858346498158,0.17073170731707316,North,XL,0.5225304206189517,0.35368769491385166
P14293,T-Shirt,Denim,Winter,0.7786671821213849,0.7040000000000001,0.6399999999999999,0.98159509202454,0.5741525423728815,0.3528172722485519,0.17073170731707316,South,M,0.4558733352495927,0.5028624572865125
P14294,Dress,Denim,Winter,0.5341432323734957,0.358,0.28000000000000025,0.6339468302658487,0.4216101694915253,0.5060558188520274,0.4634146341463415,Central,S,0.38611190955255337,0.40415670857869496
P14295,Hoodie,Rayon,Summer,0.35039989732897875,0.882,0.8399999999999999,0.022494887525562373,0.6927966101694913,0.37230121116377046,0.14634146341463422,North,L,0.53659576506659,0.21374844210308866
P14296,Shirt,Wool,Autumn,0.3661501358973794,0.644,0.32000000000000006,0.4294478527607362,0.5572033898305082,0.38704581358609796,0.5121951219512195,East,XL,0.7853214525246717,0.2498931387645234
P14297,Jacket,Rayon,Spring,0.6130235513465335,0.7140000000000001,1.0,0.4969325153374234,0.4216101694915253,0.6187467087941023,0.39024390243902446,East,XL,0.32166331321260894,0.36851831291013704
P14298,Jeans,Polyester,Winter,0.7459730756269702,0.278,0.6000000000000001,0.4867075664621677,0.6758474576271185,0.6935229067930491,0.09756097560975613,South,M,0.4386461626904282,0.6607031995166737
P14299,Trousers,Rayon,Winter,0.9999999999999999,0.0,0.8399999999999999,0.4008179959100205,0.625,0.8709847288046341,0.8048780487804879,North,L,0.5796253712752706,1.0
P14300,Trousers,Denim,Summer,0.6307075324626242,0.866,0.08000000000000007,0.523517382413088,0.1673728813559321,0.5692469720905741,0.5853658536585367,West,XL,0.6945434511832902,0.2969757575811696
P14301,Jacket,Wool,Winter,0.6157824413657135,0.8220000000000001,0.3600000000000001,0.4785276073619632,0.23516949152542366,0.21695629278567669,0.34146341463414637,Central,L,0.9767797259748969,0.31139696408916767
P14302,Shirt,Polyester,Winter,0.7687181711960543,0.12400000000000001,0.72,0.3803680981595092,0.6080508474576272,0.9899947340705636,0.7317073170731709,North,M,0.6691434320206955,0.71725655656189
P14303,Hoodie,Denim,Spring,0.13216098879122198,0.374,0.6399999999999999,0.40899795501022496,0.01483050847457612,0.6840442338072671,0.43902439024390244,West,S,0.39288109610041194,0.08849402653631382
P14304,Dress,Cotton,Autumn,0.626644783461777,0.662,0.20000000000000018,0.20858895705521474,0.6080508474576272,0.37493417588204314,0.7317073170731709,East,XL,0.6270671648941266,0.42523474000224837
P14305,Trousers,Linen,Spring,0.6864553774734738,0.652,0.3600000000000001,0.5910020449897752,0.43855932203389836,0.9689310163243813,0.26829268292682934,East,L,0.5555284085465171,0.43326396779041626
P14306,Hoodie,Polyester,Autumn,0.24759345110056408,0.86,0.28000000000000025,0.4498977505112475,0.5402542372881354,0.958925750394945,0.5365853658536586,West,S,0.3617227172559164,0.14807759911677254
P14307,Shirt,Wool,Spring,0.3332040759765557,0.14,0.6000000000000001,0.7505112474437629,0.7097457627118642,0.0795155344918378,0.5365853658536586,West,L,0.43769761425697035,0.32283577968170035
P14308,Jacket,Rayon,Summer,0.3397958074949845,0.43,0.3600000000000001,0.6155419222903886,0.4555084745762712,0.020010531858873082,0.853658536585366,South,M,0.239264156366772,0.2533264652416716
P14309,T-Shirt,Rayon,Winter,0.3628495460114198,0.098,0.32000000000000006,0.3803680981595092,0.31991525423728806,0.04423380726698263,0.2439024390243903,North,S,0.2530995496790265,0.3011464960379485
P14310,Dress,Polyester,Autumn,0.40953651592503126,0.39,0.20000000000000018,0.9182004089979552,0.7944915254237288,0.6856240126382307,0.5121951219512195,East,XL,0.4017150522180703,0.35916683856740056
P14311,Jeans,Wool,Summer,0.54640706540396,0.016,0.40000000000000013,0.8220858895705523,0.4216101694915253,0.711427066877304,0.7073170731707319,Central,XL,0.5199626329405,0.4935462064707901
P14312,Trousers,Polyester,Winter,0.6641449015649457,0.898,0.20000000000000018,0.8404907975460124,0.2860169491525424,0.7245918904686678,0.09756097560975613,East,S,0.6493005652965411,0.32321388688048636
P14313,Shirt,Wool,Winter,0.704895218868792,0.528,0.9600000000000002,0.20040899795501024,0.40466101694915246,0.6303317535545025,0.878048780487805,North,L,0.4532432691386413,0.47510743423792307
P14314,T-Shirt,Rayon,Winter,0.3422460545668133,0.85,0.15999999999999992,0.8650306748466259,0.40466101694915246,0.28541337546076884,0.4634146341463415,West,S,0.3727651624029893,0.1900488624735588
P14315,T-Shirt,Denim,Spring,0.3409453450029762,0.06,0.9199999999999999,0.49897750511247446,0.6927966101694913,0.1674565560821485,0.21951219512195125,South,M,0.7815655839800708,0.34093878736410044
P14316,Sweater,Cotton,Summer,0.7492075277384974,0.228,0.44000000000000017,0.638036809815951,0.5402542372881354,0.9283833596629806,0.5121951219512195,East,XL,0.3401791702596531,0.6417580518750277
P14317,Shirt,Denim,Summer,0.6227772983663968,0.26,0.52,0.6257668711656442,0.6758474576271185,0.9136387572406532,1.0,South,S,0.3623646641755293,0.5575760795936613
P14318,Shirt,Cotton,Winter,0.5162230449201465,0.386,0.2400000000000002,0.04294478527607362,0.6080508474576272,0.24275934702474988,0.7073170731707319,West,XL,0.4361071189038995,0.41876603848730926
P14319,Jeans,Rayon,Autumn,0.5900076058440596,0.802,0.6399999999999999,0.13701431492842536,0.2521186440677965,0.16798314902580308,0.7073170731707319,North,S,0.7249736514324039,0.306214591053363
P14320,T-Shirt,Denim,Summer,0.4949329803885751,0.386,0.6800000000000002,0.7995910020449899,0.625,0.3754607688256978,0.5121951219512195,East,L,0.6043499089776756,0.4046825065379331
P14321,Sweater,Denim,Spring,0.5996920656716606,0.204,0.4800000000000002,0.6441717791411044,0.7266949152542375,0.04844655081621907,0.902439024390244,North,XL,0.41629778672032186,0.5655246653492075
P14322,Hoodie,Polyester,Autumn,0.4370592783423983,0.064,0.040000000000000036,0.130879345603272,0.4555084745762712,0.16219062664560296,0.902439024390244,Central,S,0.4742263102424068,0.3926421624030819
P14323,Hoodie,Linen,Autumn,0.5513579502328994,0.08,0.9199999999999999,0.5950920245398774,0.2860169491525424,0.3807266982622433,0.902439024390244,North,S,0.48638018587716775,0.4511817294870829
P14324,Jacket,Rayon,Autumn,0.2151229532720877,0.76,1.0,0.9284253578732108,0.08262711864406769,0.23907319641916802,0.14634146341463422,West,M,0.25034492670307557,0.11462460005173394
P14325,T-Shirt,Wool,Autumn,0.3705971138735004,0.444,0.44000000000000017,0.441717791411043,0.4555084745762712,0.7372301211163772,0.853658536585366,West,XL,0.555001437194596,0.27339871613716776
P14326,Dress,Rayon,Summer,0.3726316377917542,0.726,0.6000000000000001,0.0572597137014315,0.31991525423728806,0.9052132701421803,0.3170731707317073,Central,S,0.5006323656223053,0.21627166209703416
P14327,Trousers,Wool,Winter,0.42981876675096603,0.682,0.44000000000000017,0.39263803680981596,0.40466101694915246,0.9094260136914166,0.2439024390243903,North,M,0.4720705183481843,0.26555565213085963
P14328,Jeans,Wool,Autumn,0.32548485287494605,0.136,0.32000000000000006,0.11247443762781188,0.5063559322033897,0.6045286993154293,0.14634146341463422,West,S,0.541712177828878,0.28979931122625396
P14329,Jacket,Cotton,Spring,0.39974182647337636,0.142,0.08000000000000007,0.6891615541922291,0.26906779661016955,0.7040547656661401,0.7560975609756098,West,XL,0.6132413528791798,0.3160916649129319
P14330,Sweater,Wool,Spring,0.21439228833550122,0.756,0.44000000000000017,0.7914110429447854,0.3877118644067796,0.49447077409162726,0.4146341463414634,West,S,0.49497940021078846,0.13098734225193037
P14331,Jeans,Wool,Winter,0.6042492732718356,0.7220000000000001,0.8,0.43149284253578735,0.8961864406779663,0.14691943127962087,0.8048780487804879,West,XL,0.4784277091118137,0.4425047360760654
P14332,Jeans,Polyester,Summer,0.48497137179192423,0.378,0.0,0.4846625766871166,0.48940677966101687,0.635597682991048,0.024390243902439046,South,XL,0.6134569320686021,0.375125353587159
P14333,T-Shirt,Denim,Winter,0.1783409024341851,0.078,0.6000000000000001,0.4069529652351739,0.7436440677966103,0.3501843075302791,0.14634146341463422,East,M,0.3329596627383347,0.1802162397128697
P14334,Trousers,Rayon,Autumn,0.34280980035840375,0.012,0.8800000000000001,0.9693251533742333,0.47245762711864403,0.005792522380200109,0.7317073170731709,South,S,0.3169014084507042,0.3185719965419426
P14335,Dress,Rayon,Summer,0.5641697819658036,0.28800000000000003,0.20000000000000018,0.3619631901840491,0.7944915254237288,0.5750394944707742,0.4146341463414634,West,XL,0.4763629395420139,0.5229820863063727
P14336,Hoodie,Wool,Summer,0.3979529571458716,0.01,0.20000000000000018,0.8629856850715748,0.2521186440677965,0.1985255397577672,0.4634146341463415,North,S,0.6084842387659288,0.33218281387560894
P14337,Shirt,Linen,Autumn,0.3688680834847678,0.23,0.7600000000000002,0.8548057259713703,0.5572033898305082,0.8867825171142708,0.14634146341463422,South,L,0.48960429242119374,0.32000388252566775
P14338,Shirt,Rayon,Spring,0.4864673452612284,0.42,0.2400000000000002,0.310838445807771,0.7266949152542375,0.9341758820431807,0.5121951219512195,Central,L,0.6462872472932835,0.407165690776526
P14339,Jeans,Wool,Autumn,0.5654925374544515,0.122,0.20000000000000018,0.9427402862985687,0.7097457627118642,0.16219062664560296,0.878048780487805,East,S,0.4654354699626329,0.552457902676105
P14340,Hoodie,Cotton,Winter,0.2291441614517557,0.10400000000000001,0.3600000000000001,0.08793456032719837,0.6758474576271185,0.029489204844655087,0.8048780487804879,North,M,0.7327392929002587,0.22298253776284563
P14341,Hoodie,Cotton,Autumn,0.6045201232052254,0.8959999999999999,0.40000000000000013,0.8793456032719837,0.8961864406779663,0.004212743549236446,0.9268292682926831,South,L,0.47840854651719833,0.38622287304716546
P14342,Trousers,Cotton,Spring,0.49831545513811765,0.5860000000000001,0.8800000000000001,0.34151329243353784,0.5572033898305082,0.9136387572406532,1.0,East,XL,0.598634665133659,0.3499114103490294
P14343,Sweater,Wool,Autumn,0.4971753658836164,0.934,0.6000000000000001,0.5848670756646218,0.879237288135593,0.15218536071616645,0.9512195121951221,South,S,0.6080770336303535,0.3074795125579811
P14344,Sweater,Polyester,Winter,0.4938716265798267,0.34600000000000003,0.40000000000000013,0.4008179959100205,0.7097457627118642,0.43549236440231703,0.3658536585365854,Central,XL,0.565042636773019,0.4283102004059933
P14345,Jacket,Linen,Winter,0.4009669500092908,0.6779999999999999,0.52,0.687116564417178,0.48940677966101687,0.0573986308583465,0.3170731707317073,West,XL,0.5202836064003066,0.25885804730093026
P14346,T-Shirt,Wool,Spring,0.30712689634321094,0.204,0.9600000000000002,0.14928425357873212,0.40466101694915246,0.37335439705107953,0.9756097560975612,Central,L,0.47157708153684,0.2528247532294269
P14347,Trousers,Polyester,Winter,0.44657996844283326,0.618,0.11999999999999988,0.34764826175869123,0.5911016949152543,0.7856766719325963,0.7560975609756098,West,XL,0.5634808853118711,0.3125455983440378
P14348,Trousers,Polyester,Winter,0.8076953662615464,0.13,0.20000000000000018,0.7750511247443764,0.4216101694915253,0.4070563454449711,0.902439024390244,East,S,0.652917505030181,0.6880703668832963
P14349,T-Shirt,Rayon,Autumn,0.24325355333066687,0.002,0.9600000000000002,0.37218813905930476,0.2860169491525424,0.7761979989468143,0.9268292682926831,South,M,0.6805403851681517,0.20898319500409338
P14350,Hoodie,Wool,Summer,0.8203528765207749,0.932,0.9600000000000002,0.030674846625766878,0.3029661016949152,0.6893101632438127,0.6097560975609757,South,L,0.4080243364951614,0.3877319779320138
P14351,Sweater,Wool,Winter,0.4514867614221511,0.554,0.15999999999999992,0.13701431492842536,0.35381355932203395,0.5176408636124277,0.7073170731707319,Central,L,0.38250455111622106,0.2954714153140584
P14352,Sweater,Polyester,Winter,0.5072472041043213,0.9259999999999999,0.15999999999999992,0.7648261758691208,0.4216101694915253,0.7382833070036863,0.9756097560975612,North,S,0.34297690907348855,0.2609157958269745
P14353,T-Shirt,Polyester,Spring,0.2952126486918893,0.334,0.44000000000000017,0.6625766871165645,0.47245762711864403,0.879410215903107,0.9268292682926831,East,M,0.32348855034971735,0.2346405826030901
P14354,Sweater,Polyester,Spring,0.35482167996245895,0.32799999999999996,0.040000000000000036,0.08384458077709613,0.47245762711864403,0.7935755660874145,0.1951219512195122,West,M,0.5620245281211076,0.28169943794165214
P14355,Jeans,Rayon,Autumn,0.4055304564451261,0.4,0.6399999999999999,0.2229038854805726,0.4216101694915253,0.6919431279620855,0.7560975609756098,East,XL,0.5851968956596723,0.30133866270258114
P14356,Trousers,Wool,Autumn,0.3029633659718001,0.706,0.08000000000000007,0.08179959100204501,0.6588983050847457,0.701948393891522,0.14634146341463422,Central,M,0.6817763725208392,0.20853989947503054
P14357,Shirt,Polyester,Winter,0.4610861869683389,0.5660000000000001,0.040000000000000036,0.6237218813905931,0.3707627118644068,0.16113744075829384,0.26829268292682934,South,S,0.5082926128197758,0.30171294988505715
P14358,T-Shirt,Cotton,Summer,0.4236522066396026,0.9259999999999999,0.4800000000000002,0.9550102249488754,0.6758474576271185,0.9510268562401264,0.5365853658536586,West,M,0.4515330075692248,0.24534739377154774
P14359,Sweater,Wool,Summer,0.8502975412494999,0.026000000000000002,0.9600000000000002,0.010224948875255626,0.47245762711864403,0.20589784096893105,0.39024390243902446,West,M,0.7724441889431828,0.7820455463025169
P14360,Jacket,Rayon,Autumn,0.28023716690969674,0.708,0.44000000000000017,0.6748466257668713,0.5063559322033897,0.34913112164297,0.48780487804878053,West,XL,0.45699913768324224,0.18180082712779125
P14361,Sweater,Cotton,Spring,0.5199677027201521,0.33,0.3600000000000001,0.3680981595092025,0.35381355932203395,0.5181674565560822,0.26829268292682934,West,XL,0.3093752994155408,0.38691402314096424
P14362,Sweater,Denim,Winter,0.547399132020446,0.18,1.0,0.556237218813906,0.40466101694915246,0.1263823064770932,0.5121951219512195,East,S,0.4048289738430583,0.45215037647997103
P14363,Dress,Wool,Winter,0.2983116758367216,0.51,0.52,0.736196319018405,0.40466101694915246,0.5939968404423381,0.5365853658536586,East,M,0.36858771677685154,0.2086035498766631
P14364,Jeans,Denim,Summer,0.6303516482478213,0.506,0.3600000000000001,0.37627811860940696,0.7944915254237288,0.18272775144813058,0.09756097560975613,Central,M,0.6384018396090829,0.513283585806645
P14365,T-Shirt,Polyester,Autumn,0.42529305332909206,0.138,0.40000000000000013,0.6584867075664623,0.7266949152542375,0.9236440231700896,0.4146341463414634,South,L,0.3862077225256299,0.4151994579347245
P14366,Dress,Rayon,Summer,0.029590748900065893,0.20199999999999999,0.20000000000000018,0.29243353783231085,0.5911016949152543,0.888888888888889,0.878048780487805,South,M,0.7104340327680367,0.029161384377879584
P14367,Dress,Polyester,Summer,0.6252527407808666,0.408,0.52,0.8895705521472393,0.6588983050847457,0.54449710373881,0.878048780487805,East,L,0.5061176583309379,0.5107961598616301
P14368,Jacket,Rayon,Autumn,0.28950275416589244,0.408,0.44000000000000017,0.20245398773006135,0.5063559322033897,0.44971037388098994,0.14634146341463422,Central,XL,0.5404378652869597,0.2245099985702225
P14369,Trousers,Linen,Spring,0.30257283816086594,0.318,0.28000000000000025,0.18200408997955012,0.625,0.10268562401263824,0.04878048780487804,North,XL,0.6353789403085177,0.25873856016739016
P14370,Jacket,Polyester,Winter,0.6305532109889486,0.14800000000000002,0.15999999999999992,0.9631901840490799,0.5233050847457625,0.8235913638757242,0.0,West,XL,0.6541199578422918,0.5595019879464098
P14371,Trousers,Denim,Spring,0.4349617660675424,0.004,0.32000000000000006,0.5010224948875257,0.5741525423728815,0.37967351237493424,0.12195121951219517,South,L,0.4605969148222669,0.42440138111945525
P14372,Trousers,Rayon,Autumn,0.6739899817018823,0.97,0.52,0.4867075664621677,0.35381355932203395,0.24644549763033174,0.14634146341463422,West,L,0.6601705470920762,0.3186700767009664
P14373,T-Shirt,Polyester,Autumn,0.7292433681134041,0.9440000000000001,0.040000000000000036,0.8527607361963191,0.8453389830508473,0.9957872564507638,0.6341463414634148,South,L,0.5307463830602663,0.4360669419658161
P14374,Sweater,Wool,Winter,0.3786942671147238,0.484,0.15999999999999992,0.43149284253578735,0.9978813559322033,0.668773038441285,0.7317073170731709,North,M,0.5663313212608987,0.33971236368619073
P14375,T-Shirt,Rayon,Spring,0.65046383051093,0.996,0.9600000000000002,0.16359918200409,0.43855932203389836,0.07372301211163772,0.17073170731707316,South,XL,0.26585704704416974,0.31330746835017265
P14376,Jeans,Rayon,Winter,0.3578073280654071,0.674,0.56,0.2331288343558282,0.7944915254237288,0.8014744602422328,0.3170731707317073,North,L,0.5978921145923157,0.263722962098195
P14377,Trousers,Polyester,Summer,0.9225451862723174,0.068,0.08000000000000007,0.5623721881390594,0.4216101694915253,0.7509215376513956,0.34146341463414637,South,XL,0.35907348855034965,0.8104480125050465
P14378,Dress,Linen,Summer,0.36962079434616507,0.11800000000000001,0.6800000000000002,0.16155419222903886,0.6758474576271185,0.40126382306477093,0.14634146341463422,East,L,0.6960381335632844,0.3568897863777424
P14379,Sweater,Polyester,Summer,0.694458048179794,0.9159999999999999,0.08000000000000007,0.11247443762781188,0.8114406779661016,0.12374934175882045,0.14634146341463422,West,L,0.8038804254096004,0.4204119446055962
P14380,Shirt,Denim,Spring,0.6600097159540058,0.63,0.72,0.36400817995910023,0.6588983050847457,0.4976303317535545,0.7804878048780488,Central,XL,0.3102232442272683,0.46764592536720023
P14381,Jeans,Denim,Summer,0.5602928486169332,0.8440000000000001,0.7600000000000002,0.6298568507157465,0.5402542372881354,0.7635597682991049,0.9756097560975612,Central,M,0.7130209830411036,0.32343611756958457
P14382,T-Shirt,Rayon,Winter,0.37385361190983846,0.898,0.6399999999999999,0.098159509202454,0.625,0.07582938388625592,0.14634146341463422,South,S,0.5765210309475902,0.21842111581981866
P14383,Jacket,Rayon,Spring,0.47195482790006266,0.44799999999999995,0.72,0.5296523517382414,0.7097457627118642,0.16377040547656663,0.4634146341463415,Central,L,0.424164031809907,0.38593485870057326
P14384,Jeans,Polyester,Winter,0.09361211455062537,0.048,0.08000000000000007,0.5582822085889572,0.625,0.6192733017377569,0.14634146341463422,West,XL,0.2632461435278336,0.09179444621223554
P14385,Jeans,Denim,Autumn,0.5429710505513056,0.188,0.52,0.5950920245398774,0.8622881355932202,0.5597682991047921,0.3170731707317073,East,XL,0.049089776755772696,0.5458717976728857
P14386,Sweater,Denim,Spring,0.5666294772911227,0.066,0.11999999999999988,0.7607361963190186,0.13347457627118642,0.9057398630858348,0.34146341463414637,East,L,0.6671888473699337,0.4298029834029717
P14387,Jeans,Linen,Winter,0.5257909762880331,0.188,0.32000000000000006,0.5930470347648262,0.5233050847457625,0.8151658767772514,0.4146341463414634,North,XL,0.6782648270575835,0.45756502635166313
P14388,Jeans,Wool,Winter,0.0,0.41000000000000003,0.9600000000000002,0.05930470347648263,0.5402542372881354,0.9194312796208532,0.21951219512195125,Central,S,0.41838171888473696,0.006382379068453799
P14389,Shirt,Linen,Spring,0.2614036482856144,0.11800000000000001,0.52,0.7627811860940696,0.48940677966101687,0.4660347551342812,0.8292682926829269,West,M,0.38526396474082586,0.23360751624424728
P14390,Hoodie,Polyester,Autumn,0.35920252016414767,0.166,0.9600000000000002,0.5132924335378324,0.7097457627118642,0.7883096366508691,0.6341463414634148,Central,L,0.5040624700584458,0.3434987440084036
P14391,Jacket,Linen,Spring,0.5556789514958159,0.446,0.08000000000000007,0.12678936605316973,0.48940677966101687,0.04897314375987362,0.0,West,XL,0.4889527642042732,0.4120608928459627
P14392,Jacket,Polyester,Summer,0.5552380329996,0.34,0.4800000000000002,0.16564417177914112,0.43855932203389836,0.2948920484465508,0.6585365853658538,North,XL,0.6403947494490754,0.4275857615986361
P14393,Jacket,Wool,Summer,0.46839913516986376,0.46799999999999997,0.08000000000000007,0.8261758691206545,0.3707627118644068,0.6445497630331755,0.8048780487804879,Central,XL,0.5000431158378844,0.32536770633619655
P14394,Trousers,Polyester,Autumn,0.6206042000636182,0.43,0.6399999999999999,0.8895705521472393,0.7097457627118642,0.7640863612427594,0.04878048780487804,East,M,0.6417552936667623,0.5114042370033371
P14395,Dress,Cotton,Winter,0.30663873657954327,0.644,0.08000000000000007,0.9795501022494888,0.9470338983050848,0.5708267509215378,0.04878048780487804,North,XL,0.4026875538947973,0.2450086525849951
P14396,Hoodie,Wool,Winter,0.6158769239006169,0.938,0.15999999999999992,0.6625766871165645,0.8453389830508473,0.4807793575566088,0.2439024390243903,Central,L,0.5302864807894989,0.372008592357725
P14397,Jacket,Rayon,Winter,0.5902753063596193,0.10800000000000001,0.2400000000000002,0.7770961145194275,0.15042372881355925,0.23328067403896785,0.07317073170731708,East,M,0.5989173134042349,0.44252879721775806
P14398,Jeans,Denim,Spring,0.49831545513811765,0.1,0.7600000000000002,0.34355828220858897,0.6758474576271185,0.17430226434965773,0.7073170731707319,East,M,0.4538995880042157,0.48521839727792576
P14399,Jeans,Linen,Spring,0.4661661979283129,0.8520000000000001,0.15999999999999992,0.6319018404907977,0.20127118644067798,0.8757240652975251,0.9268292682926831,West,L,0.48846890869023657,0.2298705976916584
P14400,Jacket,Polyester,Autumn,0.8465119410177027,0.506,0.8399999999999999,0.6993865030674847,0.48940677966101687,0.14218009478672988,0.7560975609756098,East,XL,0.7825428763054516,0.6008503157863612
P14401,Sweater,Cotton,Summer,0.5937617118975557,0.766,0.11999999999999988,0.3210633946830266,0.1673728813559321,0.43549236440231703,0.3658536585365854,South,L,0.6981651815655838,0.30275072925103563
P14402,Jacket,Denim,Winter,0.31758296353918974,0.21600000000000003,0.040000000000000036,0.9693251533742333,0.6588983050847457,0.888888888888889,0.39024390243902446,Central,M,0.3305308038708441,0.29019733708151346
P14403,Jeans,Linen,Summer,0.547484166301859,0.828,0.40000000000000013,0.11247443762781188,0.48940677966101687,0.14797261716693,0.2439024390243903,Central,XL,0.5435422056146402,0.31312358665597856
P14404,Trousers,Denim,Spring,0.6427572050806407,0.924,0.9600000000000002,0.6830265848670758,0.9809322033898304,0.12743549236440233,0.853658536585366,West,L,0.21905720034492665,0.4133257647399794
P14405,T-Shirt,Linen,Spring,0.3894306324975828,0.636,0.11999999999999988,0.8670756646216771,0.5233050847457625,0.6929963138493945,0.7560975609756098,East,S,0.5667337357478202,0.2627030673540315
P14406,T-Shirt,Rayon,Spring,0.7063974911737564,0.106,0.11999999999999988,0.2883435582822086,0.5402542372881354,0.3317535545023697,0.8292682926829269,West,M,0.3782600364089297,0.6450667069107865
P14407,Hoodie,Wool,Summer,0.5727550949706947,0.8959999999999999,0.7600000000000002,0.30265848670756645,0.4216101694915253,0.43601895734597157,0.6341463414634148,South,XL,0.4713854555906869,0.3001775017708504
P14408,Hoodie,Denim,Autumn,0.057916612864112135,0.792,0.32000000000000006,0.7668711656441719,0.31991525423728806,0.626119010005266,0.8048780487804879,West,S,0.5842196033342913,0.043321763148868216
P14409,Jacket,Denim,Autumn,0.49831545513811765,0.75,0.72,0.4601226993865031,0.5063559322033897,0.3791469194312796,0.09756097560975613,Central,L,0.5400929385838842,0.3056188173408102
P14410,Shirt,Denim,Spring,0.4238380222915794,0.036000000000000004,0.20000000000000018,0.9672801635991821,0.5572033898305082,0.8004212743549237,0.5853658536585367,West,XL,0.3834099837117945,0.4043156609456713
P14411,Jacket,Wool,Winter,0.6020730255512268,0.798,0.4800000000000002,0.049079754601227,0.9809322033898304,0.9694576092680359,0.6585365853658538,Central,XL,0.3090495353070805,0.4299586862755545
P14412,Sweater,Cotton,Summer,0.6789881077982735,0.138,0.28000000000000025,0.3619631901840491,0.7097457627118642,0.9336492890995263,0.4146341463414634,North,S,0.5607933314170738,0.657842925096624
P14413,Jacket,Linen,Spring,0.5374438222594553,0.222,0.44000000000000017,0.7443762781186095,0.48940677966101687,0.5455502896261191,0.04878048780487804,South,S,0.397662163456932,0.4522432723311456
P14414,Hoodie,Rayon,Summer,0.8152382219646698,0.578,0.7600000000000002,0.19222903885480574,0.3368644067796609,0.3549236440231701,0.6585365853658538,South,M,0.46425697039379127,0.5127282447342563
P14415,T-Shirt,Denim,Summer,0.4667960814943357,0.264,0.7600000000000002,0.10633946830265849,0.47245762711864403,0.43391258557135337,0.024390243902439046,Central,S,0.32414486921529173,0.3817452930205524
P14416,Jeans,Wool,Autumn,0.6186326645019667,0.662,0.52,0.6196319018404909,0.7436440677966103,0.330173775671406,0.8048780487804879,North,XL,0.17068123023857426,0.444806047849822
P14417,Jacket,Cotton,Spring,0.65267157240984,0.608,0.9199999999999999,0.1411042944785276,0.5741525423728815,0.44181147972617174,0.5121951219512195,East,XL,0.5897144773402319,0.45240105884898835
P14418,Jeans,Linen,Autumn,0.48216838992312266,0.10800000000000001,0.28000000000000025,0.35787321063394684,0.5402542372881354,0.01316482359136388,0.5121951219512195,West,L,0.43406630257736895,0.4405901389404426
P14419,Jeans,Wool,Spring,0.6477238369987307,0.6559999999999999,0.2400000000000002,0.26789366053169733,0.3877118644067796,0.05529225908372827,0.7073170731707319,East,M,0.38974322123215477,0.39844362613411066
P14420,Shirt,Rayon,Summer,0.38819291129034794,0.924,0.6000000000000001,0.8323108384458079,0.5741525423728815,0.7719852553975778,0.8048780487804879,North,L,0.6994826099453866,0.2170655309410903
P14421,Jeans,Rayon,Autumn,0.42071379980410617,0.162,0.6399999999999999,1.0000000000000002,0.3368644067796609,0.33491311216429703,0.0,South,XL,0.6169828494778191,0.3404458068177071
P14422,T-Shirt,Linen,Summer,0.25255063476516365,0.598,0.040000000000000036,0.8466257668711658,0.6588983050847457,0.7946287519747236,0.6829268292682928,East,L,0.5574302960620867,0.18771195509327734
P14423,Trousers,Denim,Spring,0.5461834567380219,0.342,0.6000000000000001,0.6912065439672803,0.5063559322033897,0.48025276461295413,0.43902439024390244,North,S,0.5145444093130209,0.4337758499759537
P14424,Trousers,Rayon,Winter,0.5620250284234959,0.46,0.3600000000000001,0.9366053169734153,0.11652542372881358,0.8062137967351238,0.43902439024390244,South,L,0.30899683817188844,0.34194928089929333
P14425,Dress,Cotton,Autumn,0.7234043474563726,0.28800000000000003,0.7600000000000002,0.8425357873210635,0.6419491525423728,0.664033701948394,0.9756097560975612,East,XL,0.5797882533295007,0.6278729871366655
P14426,Sweater,Wool,Autumn,0.6500607050286754,0.354,0.8,0.7934560327198366,0.625,0.20115850447604006,0.9756097560975612,South,S,0.6814649803583406,0.5398578269306387
P14427,Jacket,Cotton,Summer,0.4467468875878293,0.027999999999999997,0.56,0.6891615541922291,0.6588983050847457,0.44813059505002634,0.6829268292682928,Central,XL,0.4957267414007856,0.4472362231607886
P14428,Sweater,Denim,Summer,0.2779286436402231,0.9820000000000001,0.0,0.9202453987730063,0.20127118644067798,0.7045813586097948,0.7804878048780488,South,M,0.6692392449937721,0.13002494619482222
P14429,T-Shirt,Cotton,Winter,0.5823576699347125,0.624,0.6399999999999999,0.7341513292433539,0.7097457627118642,0.3307003686150606,0.39024390243902446,South,M,0.3765641467854747,0.4243005723773529
P14430,Jeans,Cotton,Autumn,0.7104570907567734,0.5,0.7600000000000002,0.6748466257668713,0.3877118644067796,0.1932596103212217,0.902439024390244,West,S,0.28558972884928613,0.4833292999914372
P14431,Trousers,Polyester,Spring,0.6432674107691192,0.384,0.2400000000000002,0.4335378323108385,0.26906779661016955,0.5402843601895736,0.0,North,M,0.4122401073105298,0.44283050409034447
P14432,Sweater,Cotton,Spring,0.7054936082565137,0.54,0.4800000000000002,0.9754601226993866,0.26906779661016955,0.27382833070036866,0.9756097560975612,West,M,0.532782408738143,0.44069829005155636
P14433,T-Shirt,Linen,Autumn,0.46052559059457854,0.38,0.9600000000000002,0.4294478527607362,0.5911016949152543,0.5945234333859927,0.7804878048780488,North,M,0.5010587333524958,0.3726888529245102
P14434,Trousers,Wool,Autumn,0.4123898884791146,0.36,0.28000000000000025,0.8916155419222905,0.5063559322033897,0.2717219589257504,0.853658536585366,Central,M,0.4594950656318865,0.3256774997368157
P14435,Jeans,Polyester,Autumn,0.3613157795281542,0.46399999999999997,0.2400000000000002,0.703476482617587,0.35381355932203395,0.9073196419167985,0.5121951219512195,Central,XL,0.5769426080291271,0.2515828262385708
P14436,Sweater,Wool,Winter,0.49000099206661646,0.276,0.20000000000000018,0.12883435582822086,0.6419491525423728,0.3438651922064245,0.4146341463414634,South,S,0.4851873143623646,0.42924553388002223
P14437,Trousers,Wool,Spring,0.4857146343998311,0.18,0.56,0.06952965235173825,0.15042372881355925,0.9078462348604529,0.39024390243902446,North,S,0.2984717830794289,0.35255729255500645
P14438,Jacket,Denim,Spring,0.5396200699800642,0.556,0.9600000000000002,0.022494887525562373,0.47245762711864403,0.2796208530805687,0.7560975609756098,West,XL,0.5727603717543355,0.37109156519562303
P14439,Hoodie,Denim,Summer,0.476130955942794,0.8420000000000001,0.6000000000000001,0.8793456032719837,0.4555084745762712,0.6045286993154293,0.4634146341463415,North,L,0.40699913768324225,0.2669089053113209
P14440,Jacket,Polyester,Summer,0.47531210730696427,0.152,0.32000000000000006,0.7055214723926382,0.6080508474576272,0.13006845708267512,0.5365853658536586,West,L,0.5214525246718404,0.43792190715852203
P14441,Dress,Rayon,Autumn,0.3537949697498417,0.032,0.6399999999999999,0.6339468302658487,0.7097457627118642,0.778830963665087,0.6585365853658538,South,M,0.44659863945578226,0.36102664079374575
P14442,Dress,Denim,Summer,0.6784967986167756,0.24600000000000002,0.6399999999999999,0.5051124744376279,0.048728813559322015,0.20010531858873093,0.6097560975609757,Central,S,0.29751365334866336,0.44566091292833415
P14443,Trousers,Denim,Winter,0.5150231167268731,0.98,0.6000000000000001,0.22699386503067487,0.35381355932203395,0.8646656134807795,0.14634146341463422,North,S,0.5504119957842291,0.2449685424137403
P14444,Hoodie,Denim,Spring,0.46759918304101483,0.828,0.15999999999999992,0.6625766871165645,0.4555084745762712,0.4528699315429174,0.9756097560975612,North,S,0.405892497844208,0.26519143590047356
P14445,T-Shirt,Wool,Spring,0.49831545513811765,0.596,0.6399999999999999,0.9529652351738243,0.6080508474576272,0.0947867298578199,0.4634146341463415,Central,L,0.3668582926128197,0.3554326982084917
P14446,Jacket,Polyester,Summer,0.24887841357525065,0.93,0.44000000000000017,0.18404907975460125,0.4555084745762712,0.36387572406529756,0.9756097560975612,Central,M,0.4369359011210117,0.13670764303902241
P14447,T-Shirt,Wool,Autumn,0.49831545513811765,0.446,0.0,0.5991820040899797,0.7097457627118642,0.7798841495523962,0.2439024390243903,East,S,0.5548146018970967,0.4076906205502391
P14448,Hoodie,Linen,Summer,0.6053704660193563,0.9840000000000001,0.52,0.0572597137014315,0.11652542372881358,0.07635597682991051,0.14634146341463422,East,L,0.5037702404905624,0.25190931360657065
P14449,T-Shirt,Wool,Autumn,0.19370061319165155,0.29600000000000004,1.0,0.022494887525562373,0.40466101694915246,0.626119010005266,0.902439024390244,East,XL,0.348831081728466,0.15453178953079386
P14450,Hoodie,Linen,Winter,0.6447728324919139,0.24,0.3600000000000001,0.29856850715746425,0.31991525423728806,0.5076355976829912,0.6341463414634148,West,S,0.4488789882150042,0.4937330648010699
P14451,Trousers,Cotton,Spring,0.6748812669478046,0.638,0.9600000000000002,0.278118609406953,0.48940677966101687,0.3101632438125329,0.1951219512195122,East,XL,0.5688847369933888,0.4406794132177128
P14452,T-Shirt,Cotton,Winter,0.5240682447349607,0.378,0.08000000000000007,0.6891615541922291,0.625,0.7561874670879412,0.07317073170731708,North,S,0.4975759317811631,0.43018525789227774
P14453,Jacket,Linen,Spring,0.8025523669449701,0.626,0.72,0.3190184049079755,0.47245762711864403,0.05265929436545551,0.902439024390244,Central,L,0.36014180320015327,0.522333452497998
P14454,Jeans,Linen,Winter,0.5415160195137928,0.304,0.11999999999999988,0.5276073619631902,0.625,0.4981569246972091,0.6829268292682928,North,L,0.6059116604388234,0.46333888178299704
P14455,Dress,Wool,Summer,0.2328352791486494,0.618,0.28000000000000025,0.17586912065439675,0.48940677966101687,0.5071090047393366,0.6097560975609757,Central,S,0.7072865766024719,0.16045063194480205
P14456,Jeans,Linen,Winter,0.5695678841266191,0.276,0.56,0.3210633946830266,0.9131355932203391,0.08636124275934705,0.5853658536585367,South,M,0.42640126473124457,0.5572039504723475
P14457,T-Shirt,Polyester,Winter,0.5468416850645158,0.05,0.6000000000000001,0.3783231083844581,0.7605932203389831,0.13586097946287523,0.3170731707317073,North,M,0.4873383156079333,0.5656130466356522
P14458,Jeans,Cotton,Summer,0.38656151285434887,0.912,0.7600000000000002,0.7014314928425359,0.5572033898305082,0.4096893101632438,0.878048780487805,Central,L,0.5712321548337644,0.2167729028085653
P14459,Jacket,Cotton,Spring,0.608948204674366,0.8840000000000001,0.6000000000000001,0.6298568507157465,0.7605932203389831,0.5365982095839916,0.6585365853658538,West,XL,0.46691578039666565,0.3724804387879098
P14460,Jacket,Rayon,Spring,0.18543339138760204,0.97,0.6000000000000001,0.7280163599182006,0.5233050847457625,0.05318588730911006,0.17073170731707316,Central,XL,0.5787582638689277,0.1050818768404913
P14461,T-Shirt,Linen,Summer,0.6877466387838208,0.716,0.9199999999999999,0.46625766871165647,0.6758474576271185,0.011585044760400204,1.0,South,S,0.3103238478489987,0.4614683388614426
P14462,Trousers,Denim,Winter,0.3346307622535974,0.682,0.44000000000000017,0.006134969325153377,0.20127118644067798,0.19273301737756715,0.2439024390243903,Central,XL,0.49675194021270475,0.19014356911168548
P14463,Jeans,Denim,Winter,0.314442993962566,0.56,0.2400000000000002,0.11451942740286301,0.4216101694915253,0.4881516587677725,0.8292682926829269,South,XL,0.6304014563571907,0.2145912518054538
P14464,Trousers,Linen,Winter,0.49831545513811765,0.126,0.15999999999999992,0.8936605316973416,0.23516949152542366,0.04054765666140074,0.7317073170731709,East,XL,0.33963303631311675,0.38874564654569815
P14465,Trousers,Polyester,Autumn,0.5823797158595233,0.19,0.40000000000000013,0.05521472392638038,0.6758474576271185,0.7335439705107952,0.8048780487804879,North,L,0.4764587525150905,0.5414517907492302
P14466,Hoodie,Denim,Spring,0.5315386638279913,0.29,0.52,0.030674846625766878,0.43855932203389836,0.15218536071616645,0.853658536585366,South,S,0.3150091022324423,0.4211119253864492
P14467,Shirt,Rayon,Winter,0.36022608095893477,0.89,0.040000000000000036,0.024539877300613498,0.5233050847457625,0.7730384412848869,0.39024390243902446,West,S,0.4900737759892689,0.20352945197847574
P14468,T-Shirt,Linen,Spring,0.40493206705740437,0.172,0.11999999999999988,0.4069529652351739,0.48940677966101687,0.20484465508162192,0.48780487804878053,North,S,0.6175385647216632,0.3506595382185686
P14469,Dress,Polyester,Winter,0.2864572671241721,0.922,0.11999999999999988,0.37423312883435583,0.5741525423728815,0.3470247498683518,0.6097560975609757,Central,L,0.4543451183290217,0.16386242742093038
P14470,Jacket,Polyester,Summer,0.45810683770105093,0.522,0.6000000000000001,0.6298568507157465,0.5911016949152543,0.47919957872564506,0.9756097560975612,Central,L,0.6113634186068793,0.34070574156389083
P14471,Jacket,Wool,Summer,0.703704738929009,0.716,0.2400000000000002,0.6196319018404909,0.40466101694915246,0.34755134281200634,0.6585365853658538,South,L,0.6477531857813548,0.41730341873599924
P14472,T-Shirt,Polyester,Spring,0.49975788850430997,0.11,0.15999999999999992,0.572597137014315,0.18432203389830515,0.02369668246445497,0.5121951219512195,West,L,0.24662738334770523,0.38241270444156766
P14473,Hoodie,Denim,Spring,0.6629638698786529,0.27,0.6000000000000001,0.6564417177914111,0.6927966101694913,0.9088994207477622,0.9756097560975612,South,M,0.3952285139407875,0.5944489606628611
P14474,Sweater,Denim,Summer,0.7755839020657029,0.958,0.7600000000000002,0.3210633946830266,0.2860169491525424,0.28646656134807796,0.04878048780487804,West,XL,0.3109466321739963,0.35606414194347147
P14475,Sweater,Linen,Autumn,0.3894495290045635,0.266,0.32000000000000006,0.7341513292433539,0.9470338983050848,0.13586097946287523,0.6585365853658538,South,S,0.5153827728274407,0.38809420973834274
P14476,Sweater,Linen,Summer,0.46530955627852183,0.29600000000000004,0.56,0.5276073619631902,0.11652542372881358,0.1327014218009479,0.853658536585366,East,L,0.6519785378940308,0.312441093612129
P14477,Hoodie,Polyester,Winter,0.9108450990334435,0.198,0.08000000000000007,0.8302658486707568,0.5402542372881354,0.9752501316482359,0.024390243902439046,East,S,0.5434224393982945,0.7920906760744243
P14478,Dress,Rayon,Autumn,0.7734958380443374,0.13,0.9199999999999999,0.3190184049079755,0.6758474576271185,0.12322274881516589,0.4634146341463415,East,M,0.5577991760084315,0.7414403852719619
P14479,Jacket,Cotton,Summer,0.18453895672384965,0.23399999999999999,0.32000000000000006,0.8670756646216771,0.7097457627118642,0.3464981569246972,0.9512195121951221,South,L,0.4428283989652198,0.17145327112957684
P14480,T-Shirt,Wool,Autumn,0.5737219662445396,0.642,1.0,0.1901840490797546,0.3368644067796609,0.06740389678778304,0.853658536585366,North,M,0.5945961483184823,0.34883024651210187
P14481,Hoodie,Cotton,Autumn,0.500671219675043,0.456,0.9600000000000002,0.5439672801635993,0.48940677966101687,0.7356503422854135,0.17073170731707316,Central,L,0.528614544409313,0.36978700482046367
P14482,Jacket,Polyester,Autumn,0.6567343214106871,0.554,0.7600000000000002,0.040899795501022504,0.7266949152542375,0.5971563981042655,0.9268292682926831,North,S,0.678255245760276,0.5039529727218092
P14483,Trousers,Polyester,Spring,0.3597883118805489,0.122,0.040000000000000036,0.25766871165644173,0.6758474576271185,0.533965244865719,0.5853658536585367,Central,XL,0.5255149947302864,0.3467371504325399
P14484,Jeans,Cotton,Summer,0.341905917441161,0.802,0.56,0.7075664621676893,0.35381355932203395,0.8562401263823067,0.34146341463414637,West,M,0.28922104052888753,0.19219370241041045
P14485,Jeans,Wool,Spring,0.3728111546080706,0.784,0.08000000000000007,0.8323108384458079,0.48940677966101687,0.5734597156398106,0.7073170731707319,East,XL,0.32414007856663785,0.22429372115329568
P14486,Hoodie,Cotton,Spring,0.39248871721062356,0.022000000000000002,0.8800000000000001,0.7157464212678938,0.7097457627118642,0.956292785676672,0.8048780487804879,East,M,0.3394557823129251,0.40250497321474016
P14487,Jacket,Linen,Winter,0.6546305103001709,0.384,0.8,0.7137014314928426,0.6588983050847457,0.6229594523433387,0.07317073170731708,Central,L,0.41908594423684964,0.542193791709493
P14488,Shirt,Denim,Winter,0.27735859901297244,0.068,0.9600000000000002,0.916155419222904,0.48940677966101687,0.3543970510795156,0.5121951219512195,East,XL,0.7176966561272395,0.2535185078798006
P14489,Dress,Rayon,Autumn,0.3829113375892466,0.792,0.6000000000000001,0.785276073619632,0.5911016949152543,0.03686150605581885,0.5853658536585367,North,S,0.6658762096387849,0.23884532912714812
P14490,Sweater,Linen,Autumn,0.16250248016654126,0.738,0.52,0.8936605316973416,0.7944915254237288,0.7256450763559769,0.1951219512195122,South,S,0.5618808086614927,0.11936308223125863
P14491,Dress,Denim,Winter,0.690874010689124,0.902,0.52,0.9304703476482619,0.48940677966101687,0.37388098999473407,0.5365853658536586,East,XL,0.6139503688799464,0.3688960480294123
P14492,Dress,Rayon,Winter,0.7407450420289808,0.23600000000000002,0.40000000000000013,0.22699386503067487,0.5063559322033897,0.5992627698788837,0.9268292682926831,East,S,0.6012503592986489,0.6219141833832069
P14493,Hoodie,Rayon,Summer,0.43875996397065997,0.456,0.4800000000000002,0.4764826175869121,0.3707627118644068,0.8767772511848342,0.26829268292682934,West,S,0.6498371179457698,0.3075134462093581
P14494,Trousers,Rayon,Autumn,0.44426199691986934,0.184,0.6399999999999999,0.06748466257668713,0.31991525423728806,0.007898894154818321,0.3170731707317073,South,L,0.3515138449746095,0.3522534772318594
P14495,Dress,Polyester,Autumn,0.5862062585231119,0.37200000000000005,0.9199999999999999,0.16155419222903886,0.6588983050847457,0.759873617693523,0.14634146341463422,Central,XL,0.6847082494969818,0.48942306938608166
P14496,Jeans,Rayon,Winter,0.7791899854811837,0.522,0.6000000000000001,0.9693251533742333,0.625,0.43549236440231703,0.7317073170731709,South,XL,0.5143096675289833,0.5830557124077403
P14497,Trousers,Wool,Summer,0.5777784164097266,0.054000000000000006,0.8399999999999999,0.9222903885480573,0.5741525423728815,0.12427593470247499,0.12195121951219517,South,M,0.5467663121586662,0.5501835790695253
P14498,T-Shirt,Cotton,Winter,0.36875155502505363,0.7140000000000001,0.8800000000000001,0.16768916155419222,0.6758474576271185,0.5829383886255926,0.5365853658536586,Central,L,0.6616939733639935,0.252127625058156
P14499,Dress,Wool,Winter,0.1946643350476665,0.544,0.52,0.0572597137014315,0.5572033898305082,0.5329120589784098,0.43902439024390244,South,S,0.5409839992334962,0.14532277203005886
P14500,Dress,Cotton,Spring,0.2898428912915447,0.828,0.3600000000000001,0.997955010224949,0.35381355932203395,0.8425487098472881,0.48780487804878053,West,M,0.3759701063524001,0.16195524707022113
P14501,T-Shirt,Linen,Autumn,0.5143995319965105,0.272,0.6399999999999999,0.26584867075664625,0.43855932203389836,0.5218536071616642,0.43902439024390244,North,XL,0.4761521510012455,0.4117218539958015
P14502,Dress,Linen,Summer,0.3767290303887326,0.904,0.44000000000000017,0.02044989775051125,0.4216101694915253,0.8278041074249606,0.43902439024390244,South,M,0.602529462489221,0.20090582012723926
P14503,T-Shirt,Cotton,Spring,0.537406029245494,0.998,0.08000000000000007,0.7995910020449899,0.5063559322033897,0.5450236966824645,0.8048780487804879,North,XL,0.4145060841237903,0.2690268811074991
P14504,Trousers,Wool,Autumn,0.3960822029547838,0.92,0.3600000000000001,0.12474437627811862,0.7944915254237288,0.44707740916271727,0.2926829268292683,West,S,0.41867394845262046,0.24227262791622278
P14505,Jeans,Cotton,Winter,0.3006107508527049,0.778,1.0,0.7321063394683027,0.7266949152542375,0.37124802527646134,0.853658536585366,West,L,0.5501149755676917,0.20227231933828188
P14506,T-Shirt,Rayon,Summer,0.278145953470501,0.812,0.040000000000000036,0.065439672801636,0.625,0.1737756714060032,0.5853658536585367,South,L,0.526693494299128,0.17642457586160468
P14507,Shirt,Polyester,Autumn,0.7957937162815452,0.574,0.6800000000000002,0.27607361963190186,0.5233050847457625,0.5845181674565562,0.7804878048780488,East,S,0.40822554373862213,0.5494999945924445
P14508,Hoodie,Linen,Winter,0.6685509371092753,0.19,0.8399999999999999,0.8343558282208591,0.5911016949152543,0.54449710373881,0.48780487804878053,South,M,0.6930248155600267,0.5984769942246314
P14509,Hoodie,Polyester,Spring,0.8275713421873965,0.6779999999999999,0.6399999999999999,0.17791411042944785,0.3707627118644068,0.9763033175355452,0.8048780487804879,North,M,0.5307894988981507,0.4940192187501085
P14510,T-Shirt,Rayon,Summer,0.6025958289110257,0.7120000000000001,0.56,0.8364008179959102,0.4216101694915253,0.41284886782517116,0.5853658536585367,West,L,0.19222477723483755,0.362965497513467
P14511,Hoodie,Rayon,Autumn,0.4193123088697054,0.986,0.72,0.8364008179959102,0.31991525423728806,0.4218009478672986,0.4146341463414634,North,M,0.5599645491999616,0.1981441467775285
P14512,Dress,Linen,Spring,0.7506279151798789,0.542,0.44000000000000017,0.032719836400818006,0.5063559322033897,0.16377040547656663,0.2439024390243903,North,S,0.594490754048098,0.5256781000250931
P14513,Sweater,Linen,Winter,0.4943156944938728,0.272,0.08000000000000007,0.18404907975460125,0.7436440677966103,0.59768299104792,0.43902439024390244,Central,XL,0.601192871514803,0.4529685049081256
P14514,Sweater,Rayon,Winter,0.5422970751356612,0.684,0.9600000000000002,0.8425357873210635,0.4555084745762712,0.8483412322274883,0.8048780487804879,West,M,0.4392785283127335,0.3396415445526518
P14515,Hoodie,Denim,Autumn,0.492473285063256,0.98,0.44000000000000017,0.6094069529652353,0.1673728813559321,0.2480252764612954,0.024390243902439046,West,L,0.36612053272013023,0.2143980929287926
P14516,Trousers,Polyester,Winter,0.0,0.17800000000000002,0.6800000000000002,0.9938650306748467,0.7605932203389831,0.008952080042127435,0.7073170731707319,North,L,0.5059883108172847,0.0006186193945105466
P14517,Jacket,Polyester,Summer,0.8038026858235254,0.326,0.52,0.5153374233128836,0.26906779661016955,0.6919431279620855,0.902439024390244,West,S,0.5285522659768132,0.5699033962524747
P14518,Trousers,Denim,Autumn,0.5933459887439806,0.542,0.040000000000000036,0.147239263803681,0.3877118644067796,0.03159557661927331,0.34146341463414637,South,L,0.6102136629299606,0.3945935954102653
P14519,Jacket,Wool,Spring,0.5628879689089471,0.17,0.9600000000000002,0.4192229038854806,0.3707627118644068,0.4096893101632438,0.2439024390243903,Central,S,0.5491185206476956,0.4594991700642487
P14520,Sweater,Polyester,Autumn,0.48888924757258617,0.022000000000000002,0.8,0.5316973415132925,0.8961864406779663,0.6129541864139022,0.5609756097560976,South,M,0.6592124173613108,0.541103722769609
P14521,Sweater,Cotton,Autumn,0.531447330710918,0.336,0.15999999999999992,0.3619631901840491,0.18432203389830515,0.3859926276987889,0.07317073170731708,East,M,0.6659768132605153,0.36099337688548805
P14522,T-Shirt,Rayon,Spring,0.3876984526910201,0.866,1.0,0.9754601226993866,0.23516949152542366,0.26066350710900477,0.43902439024390244,East,M,0.5029462489221039,0.19487589957663304
P14523,Jeans,Rayon,Winter,0.6170768520938904,0.044000000000000004,0.72,0.6359918200408999,0.13347457627118642,0.7998946814112693,0.6829268292682928,North,S,0.3614256970393791,0.4724567646089082
P14524,Shirt,Denim,Spring,0.25356789672429053,0.428,0.4800000000000002,0.9120654396728017,0.5911016949152543,0.30121116377040547,0.3170731707317073,East,L,0.6484478298361598,0.20232200435561237
P14525,Trousers,Polyester,Summer,0.535724240124213,0.762,0.6000000000000001,0.638036809815951,0.5063559322033897,0.18009478672985785,0.39024390243902446,West,S,0.5839034205231388,0.3248382619977534
P14526,Dress,Wool,Winter,0.6066806238366838,0.9540000000000001,0.11999999999999988,0.44785276073619634,0.7097457627118642,0.3886255924170617,0.17073170731707316,East,M,0.35829740346842953,0.3424559043610794
P14527,Jacket,Polyester,Autumn,0.463023078933859,0.986,0.56,0.3517382413087935,0.5063559322033897,0.13164823591363878,0.2926829268292683,North,M,0.4677589345597393,0.2362715559303471
P14528,Hoodie,Rayon,Winter,0.5706449850245181,0.42200000000000004,0.08000000000000007,0.3353783231083845,0.47245762711864403,0.6908899420747763,0.5365853658536586,West,M,0.3548146018970968,0.4256902645445632
P14529,Dress,Linen,Winter,0.31323676693363234,0.9500000000000001,0.56,0.6687116564417179,0.5402542372881354,0.7103738809899949,0.6829268292682928,Central,M,0.22226693494299124,0.17170382947209062
P14530,Jeans,Cotton,Summer,0.3180553762137069,0.036000000000000004,0.56,0.6830265848670758,0.5572033898305082,0.014744602422327543,0.2439024390243903,North,M,0.3602519881191913,0.30368154816033466
P14531,T-Shirt,Denim,Winter,0.5452953209099297,0.746,0.8800000000000001,0.44785276073619634,0.31991525423728806,0.6951026856240127,0.3658536585365854,North,S,0.19312541918175719,0.3062557182419471
P14532,Trousers,Linen,Winter,0.6287863875862546,0.642,0.72,0.5950920245398774,0.5233050847457625,0.29910479199578727,0.5365853658536586,North,M,0.5683146498035834,0.41655653113149577
P14533,T-Shirt,Wool,Winter,0.1462798289236235,0.25,0.2400000000000002,0.32719836400818,0.48940677966101687,0.6566614007372302,0.26829268292682934,South,S,0.5077656414678546,0.12476510620488722
P14534,Dress,Linen,Autumn,0.599207055325823,0.508,0.8800000000000001,0.7955010224948876,0.3029661016949152,0.706687730384413,0.902439024390244,West,S,0.3799367634377694,0.3902599605436965
P14535,Jeans,Linen,Winter,0.3979183135497403,0.13,0.56,0.5051124744376279,0.4555084745762712,0.27804107424960506,0.5609756097560976,North,M,0.6050828782217111,0.3464830201267233
P14536,Trousers,Wool,Spring,0.46413167401005917,0.872,0.6000000000000001,0.7566462167689163,0.6080508474576272,0.18536071616640337,0.7317073170731709,West,M,0.2949794002107885,0.27191044770491934
P14537,Sweater,Linen,Winter,0.2474422790447186,0.358,0.15999999999999992,0.9386503067484664,0.47245762711864403,0.8267509215376515,0.902439024390244,North,XL,0.6791079812206573,0.1952121106225128
P14538,Sweater,Denim,Summer,0.3396383366034788,0.626,0.8399999999999999,0.14314928425357873,0.5572033898305082,0.7393364928909953,0.853658536585366,South,M,0.4349334099837117,0.2351953779588631
P14539,Trousers,Rayon,Winter,0.6831295922448734,0.158,0.9199999999999999,0.8752556237218815,0.8283898305084745,0.8378093733543972,0.0,North,S,0.5626568937434128,0.6883002376050145
P14540,Trousers,Polyester,Winter,0.5067747914298042,0.20600000000000002,0.7600000000000002,0.18609406952965235,0.4216101694915253,0.43601895734597157,0.6097560975609757,East,L,0.3504934368113442,0.4167520713170255
P14541,Trousers,Linen,Autumn,0.4282314601645885,0.9920000000000001,0.9600000000000002,0.7975460122699388,0.5572033898305082,0.45655608214849924,0.39024390243902446,South,S,0.5181086519114687,0.22322999544277017
P14542,Jacket,Denim,Spring,0.47855285825415167,0.7540000000000001,0.32000000000000006,0.736196319018405,0.7266949152542375,0.344391785150079,0.853658536585366,North,M,0.4851010826865957,0.32182407068677243
P14543,Trousers,Polyester,Winter,0.5930090010361584,0.9620000000000001,0.8800000000000001,0.6543967280163601,0.9131355932203391,0.4992101105845182,0.39024390243902446,North,S,0.45831177541439105,0.36038088440025395
P14544,Dress,Polyester,Spring,0.5838032527187349,0.29600000000000004,0.4800000000000002,0.49897750511247446,0.4216101694915253,0.6466561348077936,0.878048780487805,North,L,0.4339848615502539,0.4566870923434867
P14545,Jeans,Linen,Summer,0.48638546039764546,0.16399999999999998,0.15999999999999992,0.047034764826175884,0.6419491525423728,0.8151658767772514,0.6341463414634148,East,L,0.5582447063332374,0.4519737379335855
P14546,Jacket,Denim,Autumn,0.7070966619320418,0.504,0.6800000000000002,0.0899795501022495,0.6419491525423728,0.18325434439178517,0.5853658536585367,East,L,0.3727124652677972,0.5398763564902722
P14547,Trousers,Rayon,Spring,0.6839484408807032,0.494,0.6800000000000002,0.3844580777096115,0.3029661016949152,0.4054765666140074,0.7073170731707319,North,S,0.21785474753281592,0.4479388333035173
P14548,Shirt,Linen,Autumn,0.5786760004913091,0.174,0.28000000000000025,0.8220858895705523,0.3877118644067796,0.4612954186413902,0.9756097560975612,East,L,0.49094567404426553,0.4752299724234511
P14549,Hoodie,Wool,Winter,0.510884781698103,0.7340000000000001,0.52,0.7607361963190186,0.3368644067796609,0.4881516587677725,0.5853658536585367,North,L,0.6531857813547954,0.2926264953751509
P14550,Shirt,Polyester,Summer,0.6247740292706893,0.36200000000000004,0.20000000000000018,0.8486707566462169,0.47245762711864403,0.5423907319641919,0.902439024390244,East,S,0.25851777330650566,0.4820170995836579
P14551,Jeans,Linen,Autumn,0.5599495620734506,0.18600000000000003,0.40000000000000013,0.5828220858895706,0.777542372881356,0.8020010531858874,0.7560975609756098,West,M,0.5123311296349525,0.5445502952773386
P14552,Sweater,Polyester,Winter,0.7010182855199215,0.332,0.15999999999999992,0.6543967280163601,0.6419491525423728,0.8867825171142708,0.26829268292682934,North,L,0.5002251604867298,0.593630708208203
P14553,T-Shirt,Polyester,Spring,0.6705508174313978,0.564,0.20000000000000018,0.8486707566462169,0.5572033898305082,0.15903106898367564,0.48780487804878053,North,XL,0.5786097537606592,0.4747242419524907
P14554,T-Shirt,Cotton,Summer,0.30815045713799805,0.726,0.40000000000000013,0.8997955010224951,0.3029661016949152,0.7130068457082676,1.0,Central,XL,0.5140270192584075,0.17960436736015342
P14555,Hoodie,Linen,Summer,0.2953543724942444,0.48200000000000004,0.9600000000000002,0.8241308793456034,0.6080508474576272,0.47919957872564506,0.8048780487804879,Central,S,0.40067069081153583,0.22915226098827693
P14556,Sweater,Rayon,Spring,0.3680523842667683,0.526,0.7600000000000002,0.6952965235173825,0.11652542372881358,0.4181147972617167,0.0,South,L,0.26821883683050685,0.2192715655548038
P14557,Jacket,Linen,Spring,0.6850192429429418,0.138,0.32000000000000006,0.16768916155419222,0.6419491525423728,0.11321748288572935,0.2926829268292683,West,S,0.513068889527642,0.6444141042542976
P14558,Jacket,Polyester,Summer,0.20269535051445745,0.914,0.9600000000000002,0.4519427402862986,0.7436440677966103,0.06424433912585573,0.48780487804878053,West,M,0.4032384784899875,0.12791594991750252
P14559,Jacket,Denim,Autumn,0.5751581007750717,0.9279999999999999,0.6399999999999999,0.7546012269938651,0.2860169491525424,0.9784096893101634,0.0,South,S,0.3769426080291271,0.27497762313822577
P14560,T-Shirt,Wool,Summer,0.5690734255272912,0.684,0.44000000000000017,0.9713701431492844,0.5063559322033897,0.6429699842022119,0.2926829268292683,Central,S,0.5137826961770623,0.36428749601502847
P14561,Shirt,Rayon,Spring,0.7202643778797488,0.018000000000000002,0.4800000000000002,0.7177914110429449,0.26906779661016955,0.4528699315429174,0.7317073170731709,South,XL,0.34450991664271335,0.60051301330725
P14562,T-Shirt,Denim,Autumn,0.5346408403906537,0.538,0.40000000000000013,0.8445807770961147,0.5233050847457625,0.7619799894681413,0.5365853658536586,Central,L,0.5175481460189709,0.38073522117547154
P14563,Dress,Linen,Winter,0.2467431082864333,0.63,0.2400000000000002,0.6993865030674847,0.3368644067796609,0.09110057925223804,0.04878048780487804,North,S,0.5772827440835488,0.15761469152475305
P14564,Trousers,Wool,Summer,0.31928049974962125,0.9940000000000001,0.40000000000000013,0.4458077709611452,0.3368644067796609,0.6076882569773565,0.2439024390243903,South,XL,0.2844160199290984,0.15475793945740488
P14565,Jacket,Denim,Spring,0.27720742695712697,0.996,0.52,0.9897750511247445,0.8114406779661016,0.6608741442864667,0.6829268292682928,East,M,0.6391779246910032,0.16377952810594365
P14566,Shirt,Cotton,Winter,0.39891038016622626,0.858,0.52,0.9038854805725973,0.5063559322033897,0.45234333859926285,0.4146341463414634,Central,S,0.4960333429146306,0.22797648973442552
P14567,Jeans,Rayon,Summer,0.46600242820114696,0.064,0.52,0.4437627811860941,0.2860169491525424,0.2527646129541864,0.5853658536585367,North,S,0.6470345884832804,0.3850778107555982
P14568,Hoodie,Polyester,Summer,0.2803379482802604,0.9540000000000001,0.3600000000000001,0.3865030674846626,0.5402542372881354,0.9552395997893629,0.8048780487804879,East,S,0.4549295774647887,0.15462280017911412
P14569,Jeans,Denim,Autumn,0.7784687687980876,0.612,0.72,0.13496932515337423,0.6927966101694913,0.30121116377040547,0.4146341463414634,East,M,0.765545654881671,0.5651542229883422
P14570,Trousers,Denim,Spring,0.25013188187163604,0.8,0.56,0.06134969325153375,0.5741525423728815,0.12480252764612955,0.0,West,XL,0.7114161157420715,0.15796489276023562
P14571,Shirt,Cotton,Winter,0.7549300199358148,0.408,0.9600000000000002,0.6564417177914111,0.09957627118644075,0.6308583464981571,0.6585365853658538,Central,M,0.49932451853981025,0.46530951409293314
P14572,T-Shirt,Linen,Summer,0.724519241368233,0.32,0.40000000000000013,0.5092024539877301,0.9978813559322033,0.5745129015271196,0.07317073170731708,North,S,0.4776085081920091,0.7143525752019821
P14573,T-Shirt,Rayon,Autumn,0.6703114616763091,0.46399999999999997,0.52,0.10838445807770962,0.5233050847457625,0.755134281200632,0.48780487804878053,Central,XL,0.15346842962537124,0.49789420360647235
P14574,Dress,Rayon,Winter,0.3694664728724895,0.146,0.8399999999999999,0.018404907975460124,0.40466101694915246,0.7540810953133229,0.12195121951219517,North,S,0.47093992526588097,0.31197636630324915
P14575,Dress,Polyester,Winter,0.5652752276241736,0.358,0.6399999999999999,0.3374233128834356,0.5911016949152543,0.6203264876250659,0.48780487804878053,Central,XL,0.5397719651240778,0.4620394561050855
P14576,T-Shirt,Denim,Summer,0.2591864581332141,0.858,0.6399999999999999,0.6912065439672803,0.879237288135593,0.2074776197998947,0.878048780487805,East,S,0.4982082974034684,0.17542975927646312
P14577,Jeans,Wool,Winter,0.6726924215558753,0.038,0.08000000000000007,0.8466257668711658,0.3707627118644068,0.8878357030015799,0.7073170731707319,West,XL,0.5268947015425888,0.5856531498614227
P14578,Hoodie,Denim,Summer,0.4865838737209426,0.15,0.9600000000000002,0.5807770961145196,0.7605932203389831,0.24855186940495,0.4634146341463415,South,L,0.5703410941841525,0.47877172287002084
P14579,Jacket,Polyester,Autumn,0.42321758697904693,0.126,0.11999999999999988,0.310838445807771,0.5572033898305082,0.09426013691416536,0.9756097560975612,Central,M,0.4575596435757401,0.3865027264498227
P14580,Jeans,Denim,Autumn,0.26931813529269116,0.40399999999999997,0.56,0.06339468302658488,0.15042372881355925,0.30173775671406006,0.7560975609756098,East,S,0.5312637731148797,0.17794910964349722
P14581,Hoodie,Cotton,Winter,0.032403179022357786,0.996,0.32000000000000006,0.032719836400818006,0.6927966101694913,0.48341232227488157,0.7317073170731709,South,XL,0.40912618568554177,0.030089697951806476
P14582,Dress,Denim,Summer,0.30431761563874915,0.174,0.44000000000000017,0.7566462167689163,0.7097457627118642,0.2074776197998947,0.853658536585366,South,S,0.32591261856855414,0.29002513868395574
P14583,Trousers,Denim,Spring,0.7108444691498775,0.146,0.6000000000000001,0.6134969325153375,0.48940677966101687,0.3338599262769879,0.5853658536585367,South,XL,0.7396809427996551,0.6210399949754383
P14584,Hoodie,Wool,Autumn,0.42444271051496124,0.9159999999999999,0.9199999999999999,0.6216768916155421,0.5233050847457625,0.5139547130068458,0.09756097560975613,East,M,0.3286049631120053,0.23258538902301942
P14585,T-Shirt,Cotton,Summer,0.46856605431485987,0.882,0.44000000000000017,0.6993865030674847,0.5741525423728815,0.3233280674038968,0.17073170731707316,North,L,0.46172750790457023,0.26832898397190613
P14586,Dress,Cotton,Summer,0.6244401909806971,0.032,1.0,0.2965235173824131,0.8453389830508473,0.08952080042127437,0.39024390243902446,South,S,0.6081297307655456,0.674872111311108
P14587,Dress,Denim,Summer,0.841772067183381,0.752,0.6000000000000001,0.15132924335378323,0.5063559322033897,0.19747235387045814,0.34146341463414637,West,XL,0.4632413528791798,0.5077336230195572
P14588,Jacket,Rayon,Winter,0.7509428569628903,0.6559999999999999,0.15999999999999992,0.7730061349693252,0.7097457627118642,0.7946287519747236,0.4634146341463415,North,M,0.5822506467375681,0.532863104208755
P14589,T-Shirt,Wool,Spring,0.49831545513811765,0.768,0.20000000000000018,0.25153374233128833,0.7605932203389831,0.9547130068457083,0.6829268292682928,East,L,0.655058924978442,0.3358359897329868
P14590,Jacket,Denim,Winter,0.9999999999999999,0.494,0.72,0.10429447852760737,0.5911016949152543,0.14849921011058453,0.853658536585366,South,M,0.5109418415253425,0.7483606424811017
P14591,T-Shirt,Denim,Autumn,0.9464492676028835,0.9920000000000001,0.040000000000000036,0.8241308793456034,0.7605932203389831,0.6814112690889943,0.6585365853658538,East,M,0.5667912235316661,0.51999736369264
P14592,Jacket,Polyester,Winter,0.929322733442723,0.044000000000000004,0.4800000000000002,0.3865030674846626,0.5741525423728815,0.9062664560294894,0.17073170731707316,East,S,0.5803248059787294,0.8886475415813736
P14593,Hoodie,Polyester,Summer,0.5361746068739193,0.23399999999999999,0.15999999999999992,0.28629856850715746,0.6419491525423728,0.29910479199578727,0.3170731707317073,South,M,0.37963016192392446,0.4801268860586371
P14594,Jeans,Rayon,Winter,0.2604871676970512,0.396,0.44000000000000017,0.17791411042944785,0.4555084745762712,0.8299104791995789,0.7804878048780488,East,S,0.30061799367634373,0.19959545531171283
P14595,Trousers,Wool,Summer,0.6825815935424336,0.45,0.7600000000000002,0.8711656441717792,0.5063559322033897,0.9052132701421803,0.8048780487804879,West,L,0.7901456357190764,0.5072460252234189
P14596,Trousers,Linen,Spring,0.4801590613475099,0.922,0.44000000000000017,0.16973415132924335,0.5233050847457625,0.29963138493944186,0.6829268292682928,West,S,0.5632078183386029,0.26007246521329436
P14597,T-Shirt,Polyester,Winter,0.4792142359984756,0.56,0.15999999999999992,0.4948875255623722,0.625,0.05687203791469195,0.5121951219512195,Central,M,0.3760180128389383,0.3527409013908927
P14598,Shirt,Linen,Winter,0.6695870955753829,0.046,0.2400000000000002,0.2147239263803681,0.6588983050847457,0.9173249078462351,0.04878048780487804,South,M,0.8009629203794193,0.6646120188032117
P14599,Sweater,Cotton,Winter,0.5637477599765682,0.408,0.3600000000000001,0.18609406952965235,0.35381355932203395,0.3307003686150606,0.5365853658536586,South,XL,0.28684487879658904,0.4006119070801373
P14600,Dress,Polyester,Summer,0.27648621027403086,0.41600000000000004,0.08000000000000007,0.7239263803680983,0.5402542372881354,0.01369141653501843,0.04878048780487804,South,M,0.3746910031618281,0.2168765889655505
P14601,Dress,Polyester,Summer,0.43919773304904586,0.966,0.6000000000000001,0.040899795501022504,0.5572033898305082,0.47498683517640866,0.12195121951219517,Central,S,0.4330602663600651,0.23376106105566793
P14602,T-Shirt,Wool,Winter,0.6254983953716154,0.6,0.6000000000000001,0.010224948875255626,0.7266949152542375,0.11585044760400214,0.9512195121951221,West,L,0.6411564625850339,0.46590407234575093
P14603,Hoodie,Rayon,Winter,0.5969835663377624,0.636,0.08000000000000007,0.9284253578732108,0.5911016949152543,0.9020537124802529,0.5365853658536586,West,XL,0.44459614831848226,0.4098253647297001
P14604,Jacket,Linen,Spring,0.550076137176043,0.7140000000000001,0.40000000000000013,0.4498977505112475,0.20127118644067798,0.15481832543443919,0.26829268292682934,South,L,0.48560410079524763,0.2974957759053414
P14605,Shirt,Polyester,Spring,0.6769472850443595,0.77,0.40000000000000013,0.6298568507157465,0.4555084745762712,0.30437072143233285,0.09756097560975613,East,M,0.32379036121490845,0.39557871312282755
P14606,Jeans,Polyester,Autumn,0.4322123243018528,0.636,0.32000000000000006,0.17586912065439675,0.6080508474576272,0.7909426013691417,0.09756097560975613,North,XL,0.47632461435278334,0.30136143396863674
P14607,Jacket,Wool,Spring,0.5343258986076423,0.23800000000000002,0.56,0.36605316973415136,0.3707627118644068,0.8067403896787785,0.04878048780487804,North,S,0.46104723579572665,0.42126395707452635
P14608,Jacket,Wool,Spring,0.0,0.8740000000000001,0.3600000000000001,0.9243353783231085,0.6080508474576272,0.9015271195365984,0.07317073170731708,South,M,0.27105969148222664,0.012158764640460559
P14609,T-Shirt,Rayon,Spring,0.41559599583017076,0.7320000000000001,0.40000000000000013,0.6973415132924337,0.2860169491525424,0.4976303317535545,0.5609756097560976,South,S,0.45473795151863555,0.2349001204644624
P14610,T-Shirt,Linen,Summer,0.6449145562942689,0.742,0.8,0.801635991820041,0.4555084745762712,0.9873617693522908,0.09756097560975613,West,L,0.3713710836447255,0.3853817997158503
P14611,Hoodie,Cotton,Spring,0.4267921762162264,0.996,0.15999999999999992,0.7177914110429449,0.3877118644067796,0.5165876777251186,0.7317073170731709,West,XL,0.7072242981699721,0.20599328808251155
P14612,Dress,Rayon,Spring,0.4124623250892072,0.802,0.6000000000000001,0.5010224948875257,0.5572033898305082,0.7909426013691417,0.8292682926829269,East,S,0.5392066685829261,0.2508998122834063
P14613,T-Shirt,Cotton,Winter,0.3037664675184792,0.8300000000000001,0.52,0.9345603271983641,0.5063559322033897,0.3622959452343339,1.0,West,S,0.7122640605537989,0.18027671503601084
P14614,T-Shirt,Denim,Summer,0.6901653916773484,0.9520000000000001,0.32000000000000006,0.35378323108384463,0.11652542372881358,0.9415481832543445,0.43902439024390244,North,M,0.22599885024432304,0.29291098736904164
P14615,T-Shirt,Polyester,Autumn,0.604205181422214,0.152,0.72,0.22903885480572597,0.6927966101694913,0.6856240126382307,0.17073170731707316,North,S,0.3518635623263389,0.5770747823260446
P14616,Hoodie,Linen,Autumn,0.6565390575052201,0.498,0.56,0.9713701431492844,0.3707627118644068,0.07688256977356504,0.6585365853658538,West,XL,0.396689661780205,0.4441811527142307
P14617,Dress,Rayon,Spring,0.1743694865504112,0.58,0.4800000000000002,0.9366053169734153,0.5063559322033897,0.10847814639283836,0.902439024390244,North,L,0.383869885982562,0.1260068595586383
P14618,Jeans,Polyester,Autumn,0.4702446940183107,0.33,0.6800000000000002,0.14314928425357873,0.31991525423728806,0.8915218536071617,0.5365853658536586,North,L,0.5454440931302098,0.3448012455436037
P14619,Jeans,Linen,Autumn,0.49831545513811765,0.84,0.8,0.3210633946830266,0.4555084745762712,0.8098999473407057,0.14634146341463422,North,XL,0.4592267893072721,0.2791787976989809
P14620,Sweater,Linen,Autumn,0.44754683971667836,0.762,0.9600000000000002,0.6094069529652353,0.7436440677966103,0.330173775671406,0.902439024390244,North,XL,0.3555140366005557,0.3018766152591692
P14621,Sweater,Linen,Spring,0.3841553576321417,0.72,0.6399999999999999,0.4826175869120655,0.7944915254237288,0.5218536071616642,0.2926829268292683,Central,L,0.9094423684966944,0.2737371100495104
P14622,T-Shirt,Polyester,Autumn,0.43516332880866965,0.998,0.8800000000000001,0.3803680981595092,0.5063559322033897,0.8530805687203793,0.48780487804878053,South,M,0.5280971543546995,0.22061348271283865
P14623,Sweater,Rayon,Spring,0.661118311030206,0.26,0.0,0.4948875255623722,0.40466101694915246,0.10373880989994737,0.878048780487805,East,S,0.21016096579476856,0.522333973409313
P14624,Dress,Wool,Winter,0.13910230568879348,0.736,0.52,0.3374233128834356,0.9639830508474576,0.13796735123749343,0.12195121951219517,Central,S,0.6049247868161348,0.10907314894660322
P14625,Hoodie,Polyester,Winter,0.8364117580365269,0.552,0.20000000000000018,0.06748466257668713,0.48940677966101687,0.716166403370195,0.21951219512195125,East,M,0.8458225543738622,0.5763551309417253
P14626,Jeans,Linen,Autumn,0.5919917390770315,0.312,0.08000000000000007,0.5194274028629858,0.6080508474576272,0.0821484992101106,0.6341463414634148,Central,L,0.6050972501676726,0.5001498240163136
P14627,Jacket,Rayon,Winter,0.4925646181803293,0.16,0.52,0.6155419222903886,0.5233050847457625,0.3528172722485519,0.6097560975609757,Central,L,0.35193063140749253,0.4350726462919895
P14628,Jeans,Denim,Spring,0.6719239636053275,0.8959999999999999,0.7600000000000002,0.44785276073619634,0.5233050847457625,0.2517114270668773,1.0,East,M,0.43629874485005266,0.36655311296105736
P14629,Jeans,Cotton,Winter,0.22621835228757967,0.596,0.40000000000000013,0.06339468302658488,0.3029661016949152,0.7609268035808321,0.6585365853658538,South,M,0.6173565200728178,0.14616086872528833
P14630,Dress,Linen,Autumn,0.3749590575682085,0.8240000000000001,0.6800000000000002,0.815950920245399,0.08262711864406769,0.002632964718272776,0.3658536585365854,West,XL,0.3654546325572482,0.18046965066496562
P14631,Sweater,Denim,Spring,0.4776836189330402,0.546,0.4800000000000002,0.8629856850715748,0.15042372881355925,0.11532385466034757,0.6585365853658538,Central,XL,0.4783989652198907,0.2827139995461622
P14632,Jacket,Wool,Summer,0.7586085399613881,0.22,0.44000000000000017,0.523517382413088,0.4555084745762712,0.09899947340705635,0.04878048780487804,South,L,0.37073392737376637,0.6269674448287943
P14633,Dress,Polyester,Spring,0.4917772637228008,0.33799999999999997,0.28000000000000025,0.9836400817995912,0.4216101694915253,0.3180621379673513,0.0,West,L,0.5852783366867873,0.3768515544638577
P14634,T-Shirt,Denim,Winter,0.5856078691353902,0.38200000000000006,0.40000000000000013,0.474437627811861,0.4216101694915253,0.23275408109531331,0.04878048780487804,East,S,0.6168055954776277,0.43636815273238816
P14635,Hoodie,Linen,Summer,0.38915348372853276,0.9720000000000001,0.52,0.8997955010224951,0.6080508474576272,0.22854133754607686,0.7073170731707319,Central,L,0.6909313020983041,0.21203149360355633
P14636,Trousers,Polyester,Spring,0.5925617837042821,0.006,0.6399999999999999,0.43762781186094074,0.5063559322033897,0.37072143233280674,0.43902439024390244,West,L,0.6460381335632843,0.5597330989331637
P14637,Jeans,Rayon,Summer,0.8175026533845218,0.986,0.11999999999999988,0.4928425357873211,0.3877118644067796,0.2143233280674039,0.7804878048780488,South,S,0.7045319536265209,0.3840686070960424
P14638,Trousers,Denim,Summer,0.6886851652971948,0.98,0.08000000000000007,0.49897750511247446,0.625,0.10637177461822013,0.17073170731707316,West,XL,0.7341621155504454,0.36485119647375786
P14639,Hoodie,Rayon,Summer,0.48517293453305155,0.996,0.6800000000000002,0.03885480572597137,0.6927966101694913,0.5834649815692471,0.43902439024390244,East,M,0.29969818913480883,0.26460253325621863
P14640,Hoodie,Polyester,Spring,0.6282068947055136,0.47600000000000003,0.56,0.4274028629856851,0.6758474576271185,0.9520800421274355,0.853658536585366,West,S,0.38858388425792845,0.4960578671946028
P14641,Dress,Polyester,Winter,0.6096946167001029,0.9640000000000001,0.44000000000000017,0.4274028629856851,0.23516949152542366,0.6076882569773565,0.878048780487805,North,S,0.36912906007473406,0.2746387083145681
P14642,Dress,Rayon,Spring,0.5962906944151373,0.396,0.15999999999999992,0.8691206543967281,0.3368644067796609,0.7572406529752503,0.09756097560975613,Central,L,0.5241544505125993,0.42265015169433595
P14643,Dress,Denim,Winter,0.7106838488405418,0.026000000000000002,0.40000000000000013,0.9959100204498978,0.35381355932203395,0.9726171669299631,0.8048780487804879,South,M,0.4095333908211171,0.6168363894952131
P14644,Trousers,Rayon,Spring,0.7092729096526507,0.22399999999999998,0.8,0.9570552147239265,0.3707627118644068,0.15323854660347552,0.902439024390244,South,L,0.44562613777905524,0.5614309225458454
P14645,Dress,Rayon,Spring,0.47653408142504855,0.946,0.8800000000000001,0.14519427402862986,0.777542372881356,0.4602422327540811,0.6341463414634148,Central,M,0.6545175816805595,0.280999382744897
P14646,Hoodie,Cotton,Spring,0.6218576683600037,0.013999999999999999,0.72,0.3292433537832311,0.5572033898305082,0.582411795681938,0.9268292682926831,Central,S,0.579864903707962,0.5990243231848895
P14647,T-Shirt,Denim,Winter,0.4281716212258164,0.546,0.040000000000000036,0.3619631901840491,0.26906779661016955,0.32227488151658773,1.0,North,M,0.4292037941937338,0.27068062570081175
P14648,Dress,Cotton,Spring,0.32613678236577964,0.076,0.6800000000000002,0.02044989775051125,0.7266949152542375,0.6134807793575567,1.0,North,L,0.6139407875826386,0.3281740044218921
P14649,Shirt,Linen,Summer,0.4496380531558741,0.28600000000000003,0.2400000000000002,0.7402862985685073,0.5741525423728815,0.6240126382306478,0.5609756097560976,South,M,0.5420714764779151,0.3806646749002405
P14650,Sweater,Rayon,Spring,0.49831545513811765,0.08800000000000001,0.32000000000000006,0.6094069529652353,0.6588983050847457,0.8425487098472881,0.7317073170731709,West,M,0.5425840758838746,0.48456666280696187
P14651,Trousers,Linen,Summer,0.1865829288955937,0.86,0.20000000000000018,0.5419222903885481,0.7436440677966103,0.8330700368615062,0.5121951219512195,Central,M,0.596660917888282,0.12319681587253489
P14652,Shirt,Denim,Autumn,0.6631370878593091,0.5920000000000001,0.7600000000000002,0.014314928425357875,0.5402542372881354,0.14270668773038442,0.5365853658536586,North,L,0.1479639743221232,0.4574344264434031
P14653,Dress,Rayon,Autumn,0.0,0.902,0.6399999999999999,0.9304703476482619,0.48940677966101687,0.1690363349131122,0.9756097560975612,North,S,0.37208009964549194,0.01340198150695377
P14654,Hoodie,Linen,Winter,0.9999999999999999,0.688,0.6000000000000001,0.5603271983640082,0.47245762711864403,0.2227488151658768,0.5609756097560976,North,XL,0.35407684200440737,0.6204015561456571
P14655,T-Shirt,Wool,Winter,0.7843676283938913,0.9720000000000001,0.6800000000000002,0.39263803680981596,0.5911016949152543,0.2611901000526593,0.9512195121951221,West,S,0.5052218070326722,0.41056533165530434
P14656,Jeans,Polyester,Autumn,0.45124110683140223,0.51,0.2400000000000002,0.6339468302658487,0.48940677966101687,0.5650342285413377,0.7560975609756098,South,M,0.6109226789307272,0.3233142739324766
P14657,Jacket,Rayon,Spring,0.5023467099606638,0.638,0.44000000000000017,0.8895705521472393,0.8622881355932202,0.32754081095313325,0.7804878048780488,South,XL,0.426305451758168,0.3865100936241348
P14658,Sweater,Polyester,Spring,0.5578142567846333,0.5760000000000001,0.52,0.5276073619631902,0.6419491525423728,0.9536598209583992,0.6585365853658538,North,M,0.36617322985532236,0.4080800885767522
P14659,Jacket,Cotton,Spring,0.38923221917428563,0.484,0.6399999999999999,0.10633946830265849,0.5741525423728815,0.1184834123222749,0.39024390243902446,West,M,0.188847369933889,0.29519396802557046
P14660,Dress,Linen,Autumn,0.5369619613314478,0.846,0.8,0.6114519427402864,0.4216101694915253,0.24644549763033174,0.6097560975609757,West,S,0.5537175433553703,0.2938031844251287
P14661,Sweater,Cotton,Summer,0.47335316941663325,0.644,0.28000000000000025,0.19427402862985685,0.43855932203389836,0.8688783570300159,0.4146341463414634,South,L,0.3312110759796876,0.3036649286088562
P14662,Sweater,Rayon,Winter,0.4827510322216938,0.802,0.7600000000000002,0.6196319018404909,0.7436440677966103,0.5845181674565562,0.34146341463414637,West,M,0.5442464309667528,0.315279638588753
P14663,T-Shirt,Polyester,Summer,0.5348550008031016,0.7859999999999999,0.44000000000000017,0.6319018404907977,0.26906779661016955,0.5476566614007373,0.902439024390244,North,M,0.37311487975471874,0.2846684091894312
P14664,Sweater,Polyester,Autumn,0.2523522214418665,0.192,0.6800000000000002,0.815950920245399,0.47245762711864403,0.5945234333859927,0.5121951219512195,West,M,0.5802433649516143,0.21625315734270142
P14665,Trousers,Linen,Summer,0.50804085739751,0.65,0.44000000000000017,0.8445807770961147,0.8283898305084745,0.25223802001053186,0.4146341463414634,Central,S,0.5531762000574878,0.3825162665720493
P14666,Shirt,Rayon,Spring,0.5314504801287481,0.2,0.9600000000000002,0.18609406952965235,0.5402542372881354,0.7619799894681413,0.48780487804878053,East,XL,0.24475423972405858,0.46314138197871085
P14667,Shirt,Wool,Spring,0.5249122887134313,0.584,0.15999999999999992,0.8404907975460124,0.5911016949152543,0.4965771458662454,0.43902439024390244,North,S,0.6260371754335536,0.3741495130570638
P14668,Shirt,Wool,Summer,0.4597791785688415,0.6779999999999999,0.6800000000000002,0.29243353783231085,0.5063559322033897,0.04265402843601897,0.024390243902439046,East,XL,0.5433170451279102,0.29754111999504684
P14669,Trousers,Linen,Autumn,0.7155780441485391,0.998,0.56,0.997955010224949,0.5572033898305082,0.17746182201158506,0.7073170731707319,South,L,0.656227843249976,0.36153155268978265
P14670,Jacket,Rayon,Summer,0.43373664253162797,0.03,0.15999999999999992,0.6257668711656442,0.3877118644067796,0.8172722485518695,0.5853658536585367,West,M,0.30113538373095716,0.38344591963221475
P14671,T-Shirt,Linen,Spring,0.5435221986715756,0.092,0.08000000000000007,0.850715746421268,0.6758474576271185,0.3454449710373881,0.6097560975609757,South,M,0.34113729999041864,0.5313019826083091
P14672,Sweater,Rayon,Spring,0.7457085245292407,0.078,0.8,0.8343558282208591,0.3368644067796609,0.7740916271721959,0.9268292682926831,West,S,0.4447398677780971,0.6253170985616795
P14673,Trousers,Cotton,Autumn,0.4855634623439856,0.39799999999999996,0.15999999999999992,0.034764826175869123,0.5911016949152543,0.6635071090047394,0.39024390243902446,West,S,0.4779773881383539,0.38860259437647954
P14674,Shirt,Linen,Summer,0.5410908481067275,0.8220000000000001,0.20000000000000018,0.2556237218813906,0.9639830508474576,0.30173775671406006,0.3658536585365854,Central,XL,0.4616939733639934,0.3776819367105651
P14675,Dress,Rayon,Spring,0.4823510561572693,0.8440000000000001,0.9600000000000002,0.3128834355828221,0.7266949152542375,0.1269088994207478,0.6341463414634148,East,M,0.2201734214812685,0.302892417128715
P14676,Jeans,Wool,Spring,0.7343832180121503,0.736,0.72,0.010224948875255626,0.5402542372881354,0.8072669826224329,0.04878048780487804,South,XL,0.5386605346363897,0.45677004126907483
P14677,Sweater,Rayon,Summer,0.45186469156176473,0.8959999999999999,0.2400000000000002,0.8609406952965236,0.5063559322033897,0.6434965771458664,1.0,South,M,0.45957650665900157,0.24894567549844515
P14678,Trousers,Rayon,Summer,0.7430724618054352,0.322,0.6000000000000001,0.8732106339468304,0.5741525423728815,0.30121116377040547,0.902439024390244,West,M,0.4458129730765545,0.6136963360884085
P14679,Hoodie,Linen,Winter,0.48099050765465995,0.08800000000000001,0.52,0.9202453987730063,0.5572033898305082,0.5234333859926278,0.6829268292682928,West,S,0.5029654115167193,0.44728042620666125
P14680,Trousers,Cotton,Autumn,0.3381549608054951,0.057999999999999996,0.8399999999999999,0.8711656441717792,0.13347457627118642,0.6124275934702477,0.024390243902439046,West,M,0.535484334578902,0.2602286393865907
P14681,T-Shirt,Cotton,Autumn,0.6289407090599302,0.8520000000000001,0.72,0.7955010224948876,0.35381355932203395,0.0021063717746182195,0.9512195121951221,North,L,0.4832902174954488,0.32937634215280837
P14682,T-Shirt,Cotton,Summer,0.44299278153433336,0.73,0.8399999999999999,0.6809815950920246,0.23516949152542366,0.6708794102159032,0.3170731707317073,East,S,0.36106639839034205,0.24366358515376954
P14683,Trousers,Cotton,Autumn,0.6178169652839671,0.698,0.20000000000000018,0.9141104294478529,0.6080508474576272,0.6566614007372302,0.26829268292682934,East,L,0.3015186356232633,0.408840569486047
P14684,Shirt,Denim,Spring,0.0,0.34,0.6399999999999999,0.6891615541922291,0.4216101694915253,0.08267509215376513,0.5609756097560976,North,L,0.6272731627862411,0.006723824032784272
P14685,Jeans,Linen,Summer,0.5015467578318147,0.38,0.040000000000000036,0.6850715746421269,0.43855932203389836,0.7883096366508691,0.6585365853658538,South,XL,0.3593130209830411,0.37822060862087387
P14686,Sweater,Polyester,Summer,0.41371579338559267,0.958,0.08000000000000007,0.17791411042944785,0.40466101694915246,0.8256977356503424,0.9268292682926831,Central,XL,0.3214094088339561,0.20825307578287264
P14687,T-Shirt,Linen,Summer,0.29964387957885985,0.064,0.72,0.5480572597137016,0.625,0.2901527119536598,0.4146341463414634,Central,XL,0.503588195841717,0.29076354287561496
P14688,Sweater,Denim,Winter,0.3960223640160116,0.774,0.040000000000000036,0.130879345603272,0.2860169491525424,0.16219062664560296,0.5853658536585367,South,S,0.5692871514803104,0.21793138476781893
P14689,Shirt,Cotton,Autumn,0.3921548789206315,0.31,0.56,0.3374233128834356,0.6927966101694913,0.6866771985255399,0.878048780487805,Central,M,0.6827584554948738,0.34524421860375726
P14690,Sweater,Denim,Winter,0.49149696553592065,0.04,0.8399999999999999,0.12883435582822086,0.6419491525423728,0.12322274881516589,0.12195121951219517,West,L,0.37451374916163643,0.48566581048690716
P14691,Dress,Wool,Spring,0.2421859006862582,0.742,0.3600000000000001,0.5501022494887526,0.48940677966101687,0.8583464981569249,0.7073170731707319,East,XL,0.39489795918367343,0.15406894742476826
P14692,T-Shirt,Wool,Autumn,0.5603274922130643,0.33,0.040000000000000036,0.294478527607362,0.3029661016949152,0.48025276461295413,0.7317073170731709,West,XL,0.5302337836543067,0.4058770305991244
P14693,Shirt,Linen,Winter,0.7587313672567625,0.7220000000000001,0.72,0.768916155419223,0.5741525423728815,0.9104791995787257,0.8048780487804879,Central,M,0.5925984478298361,0.48382414093538406
P14694,Shirt,Linen,Summer,0.5536507264132224,0.708,0.9199999999999999,0.6789366053169735,0.4216101694915253,0.6424433912585572,0.43902439024390244,Central,XL,0.4163744370987831,0.3353673679918948
P14695,Jeans,Polyester,Winter,0.6534337315247276,0.534,0.72,0.5480572597137016,0.48940677966101687,0.28541337546076884,0.6585365853658538,East,L,0.5948069368592507,0.4574647385208757
P14696,Jeans,Polyester,Summer,0.7073990060437326,0.778,0.56,0.670756646216769,0.8622881355932202,0.4681411269088995,0.17073170731707316,West,S,0.414209063907253,0.4887831670435584
P14697,Dress,Wool,Winter,0.7342162988671542,0.5820000000000001,0.2400000000000002,0.7955010224948876,0.18432203389830515,0.5297525013164824,0.2439024390243903,East,XL,0.5176966561272396,0.42611056555986404
P14698,Shirt,Cotton,Winter,0.8539540153502624,0.28600000000000003,0.0,0.010224948875255626,0.26906779661016955,0.8156924697209058,0.3658536585365854,Central,M,0.31199099358053073,0.6187373437154431
P14699,Jacket,Denim,Winter,0.4062327766212415,0.7340000000000001,0.6800000000000002,0.245398773006135,0.47245762711864403,0.8625592417061613,0.6097560975609757,East,L,0.5607933314170738,0.25031329094801985
P14700,Shirt,Polyester,Summer,0.3647958862304303,0.59,0.2400000000000002,0.7137014314928426,0.5063559322033897,0.6835176408636126,0.0,West,L,0.5738334770527929,0.25220132160657777
P14701,Jeans,Rayon,Winter,0.6486119728268228,0.012,0.8399999999999999,0.8588957055214725,0.5063559322033897,0.2943654555028963,0.7317073170731709,Central,S,0.5292325380856567,0.6107900974461355
P14702,Jacket,Polyester,Autumn,0.6344017995773481,0.902,0.4800000000000002,0.638036809815951,0.5233050847457625,0.5286993154291733,0.6341463414634148,East,L,0.23060745424930532,0.3450807516720509
P14703,T-Shirt,Cotton,Autumn,0.6471411947001596,0.546,0.52,0.6298568507157465,0.2860169491525424,0.13059505002632965,0.1951219512195122,West,S,0.443269138641372,0.4071290037367697
P14704,T-Shirt,Cotton,Autumn,0.8575726964370636,0.868,0.7600000000000002,0.6155419222903886,0.21822033898305082,0.23012111637704058,0.6097560975609757,Central,L,0.5521989077321069,0.4087279038102033
P14705,Sweater,Linen,Summer,0.502712042428957,0.882,0.7600000000000002,0.6809815950920246,0.7436440677966103,0.3033175355450237,0.12195121951219517,West,M,0.38646162690428276,0.3078645900462678
P14706,Trousers,Denim,Summer,0.5810916039670067,0.444,0.6399999999999999,0.26789366053169733,0.48940677966101687,0.07266982622432859,0.14634146341463422,South,S,0.6737376640797164,0.43108598797181047
P14707,Jeans,Cotton,Autumn,0.31530593444801724,0.508,0.9199999999999999,0.5910020449897752,0.3029661016949152,0.8852027382833071,0.2926829268292683,West,L,0.8276468333812397,0.21010598213561932
P14708,Trousers,Polyester,Autumn,0.9040644024452079,0.41600000000000004,1.0,0.9182004089979552,0.7266949152542375,0.12269615587151135,0.21951219512195125,West,L,0.3741831944045223,0.7545821839797247
P14709,Jacket,Polyester,Autumn,0.43696794522532506,0.45,0.9600000000000002,0.9120654396728017,0.8283898305084745,0.697209057398631,0.7317073170731709,West,XL,0.5907253042061895,0.374751413678893
P14710,Jeans,Wool,Spring,0.44232195553651904,0.8959999999999999,0.8399999999999999,0.3844580777096115,0.7266949152542375,0.5060558188520274,0.878048780487805,North,M,0.47829836159816036,0.26737569146016005
P14711,Dress,Cotton,Autumn,0.43504050151329526,0.788,0.72,0.42535787321063395,0.48940677966101687,0.8320168509741971,0.4146341463414634,Central,XL,0.5646306409887898,0.2589927400838081
P14712,Shirt,Rayon,Winter,0.37870056595038404,0.126,0.6800000000000002,0.08384458077709613,0.21822033898305082,0.7414428646656136,0.2439024390243903,North,XL,0.484147743604484,0.29435232417233886
P14713,Dress,Linen,Spring,0.3627267187160453,0.61,0.11999999999999988,0.15746421267893662,0.3877118644067796,0.7604002106371776,0.21951219512195125,East,L,0.47389575548529267,0.2348402900791398
P14714,Jacket,Denim,Spring,0.4016031324109738,0.996,0.28000000000000025,0.6523517382413089,0.3707627118644068,0.4186413902053712,0.6585365853658538,Central,S,0.43424355657756053,0.19326268684468734
P14715,Jeans,Rayon,Summer,0.24247564712662867,0.596,0.0,0.294478527607362,0.47245762711864403,0.8346498156924699,0.48780487804878053,West,L,0.5744802146210597,0.1677188331070594
P14716,Hoodie,Linen,Winter,0.3521667207316727,0.7859999999999999,0.11999999999999988,0.9079754601226995,0.625,0.0947867298578199,0.5853658536585367,West,L,0.28316566063044935,0.22461817448663693
P14717,Jacket,Polyester,Summer,0.8688507616867022,0.77,0.44000000000000017,0.7627811860940696,0.4216101694915253,0.4444444444444445,0.12195121951219517,West,M,0.399832327297116,0.49619149334955
P14718,Hoodie,Rayon,Summer,0.6395762930722255,0.35000000000000003,0.15999999999999992,0.5828220858895706,0.7436440677966103,0.9952606635071092,1.0,West,M,0.512288013797068,0.5602605092369483
P14719,Shirt,Linen,Winter,0.675526897602978,0.37200000000000005,0.9199999999999999,0.34764826175869123,0.7944915254237288,0.9483938915218538,0.2439024390243903,East,L,0.4144917121778288,0.5964986970767746
P14720,T-Shirt,Polyester,Summer,0.7230169690632685,0.7240000000000001,0.8,0.18813905930470348,0.7944915254237288,0.0821484992101106,0.7804878048780488,South,M,0.6771725591645108,0.5062490009665137
P14721,T-Shirt,Polyester,Winter,0.8471512728372159,0.5,0.08000000000000007,0.5357873210633948,0.35381355932203395,0.5734597156398106,0.09756097560975613,Central,XL,0.5786528695985436,0.564897364099447
P14722,Jacket,Polyester,Winter,0.16582826539514176,0.5700000000000001,0.2400000000000002,0.932515337423313,0.5741525423728815,0.315955766192733,0.8048780487804879,South,L,0.34619143432020694,0.12402719811924226
P14723,Trousers,Polyester,Summer,0.2681591495312092,0.7120000000000001,0.8,0.8773006134969327,0.23516949152542366,0.7288046340179043,0.7560975609756098,Central,XL,0.4638162307176391,0.1544947552168276
P14724,Jeans,Polyester,Autumn,0.34868976344722674,0.778,0.8,0.04498977505112475,0.7266949152542375,0.736176935229068,0.5609756097560976,West,L,0.6133515377982178,0.23304480799754645
P14725,Jeans,Wool,Summer,0.4118009473448833,0.272,0.9600000000000002,0.5950920245398774,0.5572033898305082,0.0,0.2926829268292683,North,XL,0.5445482418319441,0.3490077532440124
P14726,T-Shirt,Rayon,Spring,0.44376753832054144,0.146,1.0,0.2883435582822086,0.20127118644067798,0.8462348604528701,0.12195121951219517,East,S,0.482533295008144,0.33740589240988555
P14727,Sweater,Linen,Summer,0.416099902682989,0.292,0.9600000000000002,0.3006134969325154,0.5572033898305082,0.22380200105318587,0.8048780487804879,Central,L,0.47897384305835006,0.3488477342491053
P14728,Dress,Wool,Winter,0.5420073286952906,0.508,0.40000000000000013,0.8977505112474439,0.625,0.9662980516061087,0.5853658536585367,West,S,0.6690332471016576,0.4113280946522649
P14729,Sweater,Wool,Spring,0.5072346064330009,0.342,0.2400000000000002,0.23517382413087934,0.5063559322033897,0.9057398630858348,0.9756097560975612,North,S,0.30905911660438823,0.4032586574716393
P14730,Shirt,Cotton,Winter,0.3639738881767705,0.568,0.7600000000000002,0.16359918200409,0.5572033898305082,0.19062664560294895,0.5365853658536586,West,L,0.7639024623934081,0.26082642232850134
P14731,T-Shirt,Cotton,Autumn,0.08946118185053498,0.054000000000000006,0.28000000000000025,0.8486707566462169,0.5741525423728815,0.6366508688783571,0.2926829268292683,East,M,0.5300709016000766,0.08614851171668457
P14732,Dress,Cotton,Autumn,0.3129470204932618,0.51,0.8,0.049079754601227,0.5233050847457625,0.2964718272775145,0.6585365853658538,North,L,0.7467806841046276,0.2300911912309095
P14733,Jacket,Denim,Spring,0.396778224295239,0.368,0.52,0.2331288343558282,0.5402542372881354,0.1032122169562928,0.2926829268292683,Central,L,0.4958369263198236,0.31692291534516426
P14734,T-Shirt,Cotton,Autumn,0.45387402013737754,0.534,0.8,0.1901840490797546,0.35381355932203395,0.874670879410216,0.14634146341463422,Central,M,0.8585608891443901,0.3007022579074585
P14735,Sweater,Linen,Autumn,0.2870965989436853,0.42200000000000004,0.28000000000000025,0.6216768916155421,0.4555084745762712,0.18114797261716697,0.39024390243902446,Central,XL,0.4096292037941937,0.216159120447694
P14736,Sweater,Wool,Summer,0.40782008320761903,0.284,0.52,0.37627811860940696,0.5063559322033897,0.42127435492364407,0.1951219512195122,Central,M,0.5116316949314936,0.3357717440041371
P14737,T-Shirt,Linen,Summer,0.28684779493510626,0.904,0.56,0.5766871165644173,0.5063559322033897,0.9246972090573987,0.3170731707317073,North,XL,0.6177254000191625,0.16187562205492867
P14738,Sweater,Rayon,Autumn,0.4767891842692878,0.184,0.9600000000000002,0.31492842535787324,0.3877118644067796,0.07530279094260138,0.7073170731707319,East,S,0.6132844687170642,0.3904428252205613
P14739,Hoodie,Cotton,Autumn,0.29778887247692265,0.682,0.28000000000000025,0.35378323108384463,0.31991525423728806,0.5508162190626648,0.9756097560975612,North,L,0.37608987256874576,0.1804354193499801
P14740,T-Shirt,Denim,Summer,0.34015169170978743,0.924,0.9199999999999999,0.7157464212678938,0.7605932203389831,0.5724065297525014,0.902439024390244,Central,M,0.29253616939733634,0.20636571486743402
P14741,Jacket,Rayon,Autumn,0.25326870203042967,0.538,0.8,0.3517382413087935,0.43855932203389836,0.7635597682991049,0.7073170731707319,West,M,0.3799607166810386,0.1782357348932494
P14742,Trousers,Denim,Autumn,0.4715580012534683,0.876,0.72,0.3128834355828221,0.4555084745762712,0.8278041074249606,0.7804878048780488,South,XL,0.4657229088818626,0.25752272835288537
P14743,Dress,Rayon,Winter,0.3368353547346773,0.12400000000000001,0.8,0.026584867075664622,0.6080508474576272,0.4244339125855714,0.5853658536585367,South,S,0.4797163935996933,0.3152311194205561
P14744,Jacket,Wool,Autumn,0.6719145153518371,0.494,0.6000000000000001,0.7709611451942742,0.5741525423728815,0.7440758293838864,0.7317073170731709,North,L,0.5157468621251317,0.5013187490071678
P14745,Jeans,Linen,Spring,0.5772556130499277,0.45799999999999996,0.2400000000000002,0.6196319018404909,0.3029661016949152,0.9110057925223803,0.5365853658536586,Central,M,0.6044553032480597,0.38800736638054245
P14746,Shirt,Polyester,Winter,0.4873649293428109,0.008,0.20000000000000018,0.25971370143149286,0.3368644067796609,0.8867825171142708,0.6341463414634148,South,XL,0.4847609466321739,0.4241480693885622
P14747,Trousers,Linen,Spring,0.34986764571568946,0.444,0.8800000000000001,0.6952965235173825,0.5233050847457625,0.501843075302791,0.7804878048780488,South,S,0.21430008623167573,0.26642249816961683
P14748,Jeans,Cotton,Autumn,0.5724684979481542,0.37,0.72,0.18609406952965235,0.43855932203389836,0.607161664033702,0.4634146341463415,West,S,0.6402031235029222,0.433192305276653
P14749,Dress,Polyester,Summer,0.6310823131844078,0.67,0.20000000000000018,0.5521472392638038,0.4555084745762712,0.6729857819905214,0.6585365853658538,West,XL,0.6675194021270479,0.39736605906578676
P14750,Sweater,Denim,Winter,0.527526305512426,0.938,0.6000000000000001,0.4519427402862986,0.4555084745762712,0.8193786203264877,0.17073170731707316,East,S,0.5471112388617418,0.2722425162655798
P14751,T-Shirt,Wool,Summer,0.8036074219180582,0.086,0.44000000000000017,0.965235173824131,0.1673728813559321,0.5081621906266457,0.5121951219512195,East,XL,0.45994059595669246,0.6123858472463785
P14752,Dress,Wool,Winter,0.5874187843877059,0.32799999999999996,0.15999999999999992,0.6257668711656442,0.43855932203389836,0.11216429699842022,0.8292682926829269,Central,XL,0.5369790169588962,0.4550547299193897
P14753,Jacket,Denim,Summer,0.6732026272443538,0.444,0.52,0.6319018404907977,0.5402542372881354,0.3854660347551343,0.7317073170731709,South,XL,0.6675912618568554,0.5101103677127855
P14754,Shirt,Cotton,Winter,0.5258035739593536,0.456,0.28000000000000025,0.8057259713701432,0.5402542372881354,0.7203791469194314,0.5609756097560976,North,S,0.340543259557344,0.39704969226047826
P14755,Jacket,Denim,Winter,0.6282415383016449,0.774,0.08000000000000007,0.21881390593047037,0.5911016949152543,0.6240126382306478,0.34146341463414637,North,L,0.411650857526109,0.39004807366499605
P14756,Trousers,Rayon,Spring,0.3499999212645542,0.444,0.4800000000000002,0.6748466257668713,0.7605932203389831,0.7540810953133229,0.7317073170731709,West,L,0.4095621347130401,0.2941310112793671
P14757,Trousers,Cotton,Summer,0.4139425514693609,0.027999999999999997,0.6000000000000001,0.05521472392638038,0.20127118644067798,0.5002632964718273,0.09756097560975613,East,M,0.33922583117754135,0.3334805775983726
P14758,Shirt,Polyester,Spring,0.566582236023671,0.71,0.040000000000000036,0.8957055214723928,0.625,0.17430226434965773,0.5121951219512195,Central,XL,0.8841285810098687,0.375269670826714
P14759,Hoodie,Denim,Spring,0.5652090898497412,0.8840000000000001,0.40000000000000013,0.4008179959100205,0.3877118644067796,0.11532385466034757,0.39024390243902446,West,M,0.5186020887228131,0.29460268407244694
P14760,Jeans,Cotton,Summer,0.5964859583206044,0.514,0.2400000000000002,0.9713701431492844,0.1673728813559321,0.4813059505002633,0.6585365853658538,West,M,0.338262910798122,0.36047586389668845
P14761,Jeans,Polyester,Winter,0.7085013022842725,0.5820000000000001,0.040000000000000036,0.4069529652351739,0.40466101694915246,0.20589784096893105,0.04878048780487804,Central,M,0.30257736897575926,0.4609968893160692
P14762,Trousers,Denim,Spring,0.2312952138297236,0.162,0.11999999999999988,0.3128834355828221,0.3029661016949152,0.9826224328593999,0.43902439024390244,Central,XL,0.6213902462393408,0.18668987748265092
P14763,Trousers,Wool,Summer,0.3164271271955379,0.22,0.11999999999999988,0.7832310838445808,0.5063559322033897,0.1990521327014218,0.902439024390244,South,M,0.6649420331512887,0.27037728167837827
P14764,Sweater,Denim,Winter,0.5439442206608108,0.23600000000000002,0.20000000000000018,0.1411042944785276,0.3707627118644068,0.5671406003159558,0.6341463414634148,Central,XL,0.6378269617706236,0.4291938892439354
P14765,T-Shirt,Linen,Spring,0.36368414173640007,0.43,0.8,0.32515337423312884,0.6419491525423728,0.0015797788309636698,0.39024390243902446,Central,S,0.7701159336974226,0.29342671437618983
P14766,Sweater,Denim,Spring,0.9999999999999999,0.9279999999999999,0.44000000000000017,0.8813905930470349,0.35381355932203395,0.2538177988414956,0.7560975609756098,West,XL,0.4373526875538947,0.48329541595066167
P14767,Sweater,Linen,Spring,0.5980165753860398,0.522,0.15999999999999992,0.7177914110429449,0.5233050847457625,0.2590837282780411,0.878048780487805,West,XL,0.3158570470441697,0.42923087394730025
P14768,Hoodie,Polyester,Winter,0.48576187566728285,0.192,0.11999999999999988,0.8077709611451944,0.7266949152542375,0.7382833070036863,0.48780487804878053,North,XL,0.8699722142378077,0.4612289180989495
P14769,Jeans,Denim,Spring,0.4031589448190502,0.266,0.28000000000000025,0.9263803680981596,0.5063559322033897,0.49605055292259087,0.878048780487805,North,L,0.40240490562422143,0.33518179953725213
P14770,Hoodie,Polyester,Winter,0.40982941178323185,0.384,0.8,0.9406952965235175,0.3368644067796609,0.012111637704054767,0.2439024390243903,North,S,0.5921864520456068,0.29507450569733107
P14771,Hoodie,Polyester,Autumn,0.5062582869056654,0.624,0.3600000000000001,0.20858895705521474,0.48940677966101687,0.3791469194312796,0.0,Central,XL,0.37986969435661583,0.33618824980842865
P14772,T-Shirt,Cotton,Spring,0.5217250778693558,0.44,0.15999999999999992,0.9959100204498978,0.43855932203389836,0.64507635597683,0.7073170731707319,South,L,0.6545798601130592,0.3796250599420092
P14773,Jeans,Polyester,Autumn,0.4142637920880325,0.392,0.40000000000000013,0.48057259713701433,0.5402542372881354,0.6371774618220116,0.6097560975609757,West,XL,0.3168343393695506,0.3261809977307118
P14774,T-Shirt,Polyester,Summer,0.4489483306510791,0.564,0.56,0.3844580777096115,0.3368644067796609,0.05371248025276462,0.853658536585366,East,S,0.8687985053176199,0.2896478500600933
P14775,Jacket,Denim,Spring,0.7545867333923324,0.242,0.040000000000000036,0.8527607361963191,0.8453389830508473,0.9294365455502897,0.6097560975609757,South,S,0.5563811440068984,0.7319772870760116
P14776,Trousers,Denim,Summer,0.7621862786163976,0.078,0.6399999999999999,0.6993865030674847,0.5063559322033897,0.24697209057398634,1.0,East,M,0.30728178595381805,0.6945952524043529
P14777,Trousers,Wool,Summer,0.5481896358958046,0.024,0.40000000000000013,0.736196319018405,0.5402542372881354,0.8920484465508164,0.6341463414634148,Central,L,0.19497460956213467,0.5215910050423224
P14778,T-Shirt,Cotton,Summer,0.24711159017255663,0.252,0.0,0.22085889570552147,0.5402542372881354,0.21327014218009477,0.6097560975609757,East,XL,0.4901791702596531,0.21177428744045115
P14779,Hoodie,Polyester,Autumn,0.6023218295598057,0.092,0.6800000000000002,0.687116564417178,0.40466101694915246,0.5681937862032649,0.4146341463414634,North,XL,0.6586519114688127,0.5197097958414608
P14780,Sweater,Cotton,Winter,0.7942693980517701,0.336,0.72,0.6134969325153375,0.3707627118644068,0.40652975250131657,0.7804878048780488,West,L,0.4341573249017916,0.5901656309461406
P14781,Shirt,Linen,Autumn,0.7594053426724069,0.772,0.6399999999999999,0.7505112474437629,0.777542372881356,0.5818852027382835,0.853658536585366,South,L,0.6863849765258216,0.5088261476842119
P14782,Hoodie,Polyester,Autumn,0.6393463855706272,0.716,0.3600000000000001,0.5194274028629858,0.5741525423728815,0.4981569246972091,0.878048780487805,North,M,0.354531953626521,0.4111097087847774
P14783,Trousers,Cotton,Summer,0.7693512041799072,0.61,0.52,0.6441717791411044,0.8961864406779663,0.0021063717746182195,0.8048780487804879,West,M,0.6101561751461146,0.6080776130077409
P14784,Dress,Wool,Spring,0.5106517247786746,0.8520000000000001,0.40000000000000013,0.39263803680981596,0.40466101694915246,0.3517640863612428,0.6097560975609757,North,M,0.4605537989843824,0.2765604493767966
P14785,Sweater,Wool,Winter,0.6192530998144992,0.282,0.72,0.14314928425357873,0.15042372881355925,0.011058451816745654,0.5121951219512195,South,M,0.6050301810865191,0.423805036884986
P14786,Trousers,Polyester,Summer,0.3719198693621484,0.886,0.6000000000000001,0.5480572597137016,0.4216101694915253,0.6835176408636126,0.5609756097560976,Central,S,0.38237041295391394,0.20132108566649512
P14787,Dress,Linen,Winter,0.5557923305377,0.4,0.08000000000000007,0.6809815950920246,0.7944915254237288,0.8541337546076884,0.26829268292682934,East,L,0.4173661013701255,0.48336110038695274
P14788,Hoodie,Wool,Autumn,0.7517994986126812,0.4,0.6399999999999999,0.42535787321063395,0.3877118644067796,0.38493944181147977,0.2439024390243903,Central,M,0.3018875155696081,0.5431280585555913
P14789,T-Shirt,Wool,Winter,0.3891849779068339,0.406,0.6800000000000002,0.9754601226993866,0.5911016949152543,0.5250131648235915,0.48780487804878053,East,XL,0.6683050685062757,0.31117674262942735
P14790,T-Shirt,Linen,Winter,0.3377801800837115,0.098,0.3600000000000001,0.35787321063394684,0.5233050847457625,0.06582411795681939,0.3658536585365854,East,XL,0.42996550732969235,0.3085092550065282
P14791,Sweater,Cotton,Spring,0.5189850843571565,0.976,0.8800000000000001,0.4867075664621677,0.625,0.3854660347551343,0.853658536585366,South,M,0.4307320111143048,0.2792625651994926
P14792,Trousers,Wool,Summer,0.45773205697926733,0.138,0.8399999999999999,0.7770961145194275,0.21822033898305082,0.13902053712480256,0.14634146341463422,South,M,0.42710549008335724,0.35233600446733543
P14793,Jeans,Denim,Winter,0.6232308145339334,0.34,0.15999999999999992,0.883435582822086,0.4555084745762712,0.06477093206951028,0.6585365853658538,Central,XL,0.5788444955446967,0.48303592769989073
P14794,Dress,Rayon,Winter,0.414912572161036,0.32,0.9199999999999999,0.1983640081799591,0.47245762711864403,0.17219589257503948,0.5609756097560976,West,M,0.17783366867873907,0.32982586381235046
P14795,Shirt,Rayon,Autumn,0.8252880142605638,0.07400000000000001,0.44000000000000017,0.7075664621676893,0.15042372881355925,0.8715113217482887,0.2926829268292683,West,L,0.3165804349908977,0.6264485179378539
P14796,Trousers,Wool,Autumn,0.2568590383567598,0.152,0.72,0.9018404907975461,0.5233050847457625,0.9826224328593999,0.3170731707317073,Central,S,0.6952764204273258,0.2292841011615727
P14797,Shirt,Cotton,Winter,0.7374759463213223,0.044000000000000004,0.8,0.17995910020449898,0.4555084745762712,0.8799368088467616,0.7317073170731709,East,XL,0.5337501197662162,0.6671568442140793
P14798,Trousers,Cotton,Summer,0.3560342058270528,0.292,0.52,0.5132924335378324,0.5572033898305082,0.9699842022116906,0.17073170731707316,South,S,0.4135910702309092,0.2991537622050761
P14799,Jeans,Polyester,Winter,0.16118602351355357,0.866,0.40000000000000013,0.20040899795501024,0.3029661016949152,0.7314375987361771,0.0,Central,M,0.6274695793810481,0.09205063535801143
P14800,Jeans,Polyester,Winter,0.5455157801580377,0.34,0.9199999999999999,0.670756646216769,0.5741525423728815,0.15955766192733023,0.9512195121951221,West,S,0.529951135383731,0.4472701568121656
P14801,Sweater,Cotton,Spring,0.4524536326959961,0.12400000000000001,0.2400000000000002,0.6646216768916157,0.47245762711864403,0.563454449710374,0.39024390243902446,East,M,0.6948883778863657,0.3977789681014747
P14802,Sweater,Linen,Summer,0.29088534859331255,0.6459999999999999,0.2400000000000002,0.9079754601226995,0.8961864406779663,0.7319641916798316,0.9756097560975612,West,M,0.41304014563571906,0.2282216653266843
P14803,Jeans,Denim,Spring,0.18284142051341815,0.996,0.3600000000000001,0.3128834355828221,0.47245762711864403,0.5139547130068458,0.2926829268292683,East,XL,0.38573823895755477,0.10005840656106157
P14804,Jacket,Rayon,Summer,0.4989831317181019,0.23199999999999998,0.8399999999999999,0.9918200408997957,0.6080508474576272,0.555028962611901,0.6341463414634148,West,L,0.30145156654210975,0.44093756198224515
P14805,Jeans,Denim,Summer,0.6849625534219999,0.28,0.9199999999999999,0.6012269938650308,0.4555084745762712,0.5866245392311744,0.2926829268292683,North,S,0.6565919325476668,0.5484094047412454
P14806,T-Shirt,Linen,Summer,0.6110992570523338,0.9720000000000001,0.2400000000000002,0.9018404907975461,0.7266949152542375,0.4670879410215903,0.9512195121951221,East,S,0.6541247484909456,0.3417638860817557
P14807,T-Shirt,Wool,Spring,0.5112784589268673,0.17800000000000002,0.8800000000000001,0.5766871165644173,0.26906779661016955,0.29067930489731436,0.6341463414634148,East,M,0.601082686595765,0.39533879625432017
P14808,Jacket,Linen,Spring,0.5910500631458274,0.512,0.2400000000000002,0.6032719836400819,0.43855932203389836,0.6371774618220116,0.7560975609756098,East,L,0.35864233017150515,0.41051423273583315
P14809,Hoodie,Linen,Spring,0.4954211401522428,0.24,0.9600000000000002,0.7730061349693252,0.5233050847457625,0.05371248025276462,0.26829268292682934,North,M,0.2949794002107885,0.4197645758675579
P14810,Dress,Wool,Autumn,0.23039762974814107,0.932,0.6000000000000001,0.06134969325153375,0.6080508474576272,0.1711427066877304,0.2926829268292683,North,XL,0.6296828590591166,0.13506568096354898
P14811,Hoodie,Wool,Spring,0.23206367178027146,0.9820000000000001,0.0,0.26584867075664625,0.6588983050847457,0.9257503949447078,0.3658536585365854,West,XL,0.5358196799846698,0.13334196061692172
P14812,Shirt,Wool,Autumn,0.4621727361197282,0.8140000000000001,0.040000000000000036,0.4396728016359919,0.7097457627118642,0.48920484465508157,0.8048780487804879,South,L,0.3685254383443518,0.29546764490834987
P14813,Hoodie,Wool,Autumn,0.47020690100434925,0.314,0.15999999999999992,0.028629856850715753,0.4216101694915253,0.8220115850447605,0.12195121951219517,West,S,0.5905001437194595,0.36542060215165145
P14814,Trousers,Wool,Autumn,0.6613702644566151,0.40399999999999997,0.20000000000000018,0.8936605316973416,0.8453389830508473,0.726698262243286,0.4146341463414634,East,L,0.7692967327776179,0.5850718872497876
P14815,Hoodie,Linen,Winter,0.6436673868335437,0.242,0.7600000000000002,0.6646216768916157,0.3877118644067796,0.320695102685624,0.39024390243902446,East,S,0.45052218070326716,0.5094147030542568
P14816,Trousers,Polyester,Winter,0.614913202044602,0.89,0.2400000000000002,0.5439672801635993,0.47245762711864403,0.8041074249605056,0.9268292682926831,West,S,0.4884449554469675,0.33054469662174624
P14817,Jacket,Polyester,Winter,0.44760037981979023,0.914,0.9600000000000002,0.5828220858895706,0.3707627118644068,0.0916271721958926,0.3170731707317073,Central,S,0.636011305930823,0.2288019357262908
P14818,T-Shirt,Cotton,Autumn,0.23966951583999702,0.418,0.6399999999999999,0.5930470347648262,0.48940677966101687,0.8751974723538707,0.14634146341463422,South,M,0.6785426846795055,0.18470160860390708
P14819,Sweater,Polyester,Autumn,0.5784303459005602,0.6559999999999999,0.6800000000000002,0.7505112474437629,0.3029661016949152,0.6808846761453398,0.12195121951219517,North,M,0.5087046086040049,0.3424377964915581
P14820,Trousers,Rayon,Summer,0.5998022952957145,0.166,0.20000000000000018,0.9918200408997957,0.8622881355932202,0.9273301737756715,0.26829268292682934,South,L,0.24737472453770237,0.6100356194196135
P14821,T-Shirt,Polyester,Autumn,0.04921477139950686,0.434,0.8800000000000001,0.08588957055214726,0.4555084745762712,0.8957345971563984,0.8048780487804879,Central,M,0.6533151288684487,0.04308556707546794
P14822,Dress,Linen,Winter,0.34290428289330716,0.632,0.6800000000000002,0.9079754601226995,0.21822033898305082,0.3802001053185888,0.0,West,M,0.40665421098016663,0.2025409607450163
P14823,Shirt,Wool,Autumn,0.3699798279787981,0.386,0.8800000000000001,0.34151329243353784,0.26906779661016955,0.8572933122696158,0.6829268292682928,West,XL,0.5609178882820733,0.2581916280919435
P14824,Dress,Wool,Autumn,0.5229281554804595,0.358,0.9600000000000002,0.7116564417177915,0.9809322033898304,0.563454449710374,0.6585365853658538,East,L,0.6642042732585991,0.5013965880408089
P14825,Jacket,Linen,Summer,0.34875590122165917,0.0,0.11999999999999988,0.9611451942740288,0.43855932203389836,0.15745129015271198,0.09756097560975613,West,S,0.599635910702309,0.3208025884033631
P14826,Hoodie,Rayon,Autumn,0.493358271473518,0.804,0.08000000000000007,0.8691206543967281,0.48940677966101687,0.8299104791995789,0.48780487804878053,Central,L,0.5158091405576315,0.2886279553159297
P14827,Hoodie,Polyester,Spring,0.46078069343881783,0.89,0.8,0.5194274028629858,0.6419491525423728,0.9083728278041076,0.9268292682926831,West,M,0.4951758168055954,0.2699530862308653
P14828,Jeans,Linen,Summer,0.4704903486090596,0.97,0.8800000000000001,0.3456032719836401,0.2860169491525424,0.08478146392838336,0.902439024390244,West,S,0.393546996263294,0.2198694229126166
P14829,Jeans,Cotton,Autumn,0.36518956345919457,0.72,0.6000000000000001,0.7648261758691208,0.8622881355932202,0.9310163243812534,0.8048780487804879,Central,XL,0.5377503113921625,0.2674353730136783
P14830,Jeans,Wool,Autumn,0.37981860928007455,0.5479999999999999,0.3600000000000001,0.5276073619631902,0.01483050847457612,0.601369141653502,0.48780487804878053,North,L,0.34739388713231767,0.210876112306892
P14831,Dress,Denim,Summer,0.2964314733921435,0.27,0.6399999999999999,0.7055214723926382,0.5063559322033897,0.025803054239073198,0.5609756097560976,West,XL,0.6219699147264539,0.24721843279911646
P14832,Trousers,Cotton,Autumn,0.5723834636667411,1.0,0.32000000000000006,0.15746421267893662,0.9470338983050848,0.5418641390205372,0.2926829268292683,West,S,0.634535786145444,0.34079873663626825
P14833,Shirt,Rayon,Winter,0.608482090835509,0.59,0.2400000000000002,0.6912065439672803,0.3029661016949152,0.7972617166929965,0.5365853658536586,South,M,0.4915684583692631,0.3759061996483402
P14834,Jeans,Cotton,Spring,0.3549445072578334,0.682,0.4800000000000002,0.17177914110429449,0.4216101694915253,0.5334386519220644,0.7560975609756098,South,XL,0.4002586950273066,0.22294843047436366
P14835,Jacket,Linen,Spring,0.7879107234527697,0.682,0.20000000000000018,0.7750511247443764,0.48940677966101687,0.7077409162717221,0.17073170731707316,East,M,0.24960716681038608,0.497157287732856
P14836,Jacket,Polyester,Winter,0.44111572850758535,0.846,0.4800000000000002,0.30265848670756645,0.3368644067796609,0.8799368088467616,0.2439024390243903,North,L,0.38289259365718115,0.23432813503529445
P14837,Jeans,Wool,Autumn,0.7897153398694251,0.01,0.9600000000000002,0.40899795501022496,0.6080508474576272,0.8704581358609796,0.2926829268292683,South,S,0.39980837405384684,0.7798811597887025
P14838,Hoodie,Rayon,Autumn,0.379223369310183,0.22,0.8399999999999999,0.1554192229038855,0.7266949152542375,0.17904160084254872,0.4634146341463415,West,M,0.510285522659768,0.35519198757036147
P14839,Jeans,Rayon,Spring,0.11761067841609484,0.6659999999999999,0.9600000000000002,0.736196319018405,0.5572033898305082,0.42759347024749866,0.0,Central,S,0.3732106927277953,0.08569316081147466
P14840,Shirt,Denim,Autumn,0.5765658905451326,0.8959999999999999,0.8,0.5092024539877301,0.3877118644067796,0.11111111111111112,0.024390243902439046,Central,L,0.6282121299223914,0.29731420110411366
P14841,Jeans,Cotton,Spring,0.5475314075693107,0.6859999999999999,0.3600000000000001,0.10633946830265849,0.18432203389830515,0.5955766192733019,0.2439024390243903,Central,L,0.7056290121682474,0.2993351881744995
P14842,Shirt,Denim,Spring,0.5070645378701747,0.414,0.8,0.6114519427402864,0.5063559322033897,0.9552395997893629,0.7073170731707319,Central,L,0.5179601418032,0.3868303796669561
P14843,Jacket,Polyester,Winter,0.37920447280320235,0.36200000000000004,0.9199999999999999,0.6155419222903886,0.23516949152542366,0.18220115850447605,0.09756097560975613,Central,M,0.3058445913576698,0.26339468874854377
P14844,Jeans,Polyester,Spring,0.4940322468891625,0.738,0.9600000000000002,0.5971370143149285,0.40466101694915246,0.4038967877830437,0.14634146341463422,East,M,0.17760371754335535,0.2918384557767626
P14845,Dress,Denim,Autumn,0.40395259811223894,0.742,0.6800000000000002,0.5991820040899797,0.47245762711864403,0.9547130068457083,0.5609756097560976,North,XL,0.5086710740634282,0.24757481055447686
P14846,Sweater,Wool,Autumn,0.4434305506127192,0.608,0.20000000000000018,0.22085889570552147,0.15042372881355925,0.750394944707741,0.7317073170731709,North,M,0.4433553703171409,0.2532588707972255
P14847,Dress,Polyester,Summer,0.6596034410539211,0.292,0.040000000000000036,0.7443762781186095,0.18432203389830515,0.07109004739336494,0.7073170731707319,East,M,0.3525342531378748,0.456864276606488
P14848,Jacket,Denim,Autumn,0.5353746547450703,0.9259999999999999,0.15999999999999992,0.17791411042944785,0.2521186440677965,0.42864665613480785,0.34146341463414637,East,XL,0.45978729519976996,0.25314377420191175
P14849,Shirt,Cotton,Summer,0.615823383797505,0.552,0.9600000000000002,0.3374233128834356,0.35381355932203395,0.9884149552395999,0.853658536585366,West,XL,0.852055188272492,0.3998598847783859
P14850,Dress,Denim,Spring,0.45674943861627176,0.79,0.4800000000000002,0.5439672801635993,0.2860169491525424,0.4533965244865719,0.21951219512195125,South,L,0.7615742071476477,0.24641369923334755
P14851,Shirt,Denim,Autumn,0.43593493617704765,0.214,0.8399999999999999,0.18813905930470348,0.5063559322033897,0.629805160610848,0.0,Central,M,0.754421768707483,0.372060311409714
P14852,Dress,Linen,Winter,0.2825960808644522,0.344,0.4800000000000002,0.3517382413087935,0.5233050847457625,0.7014218009478674,0.14634146341463422,South,M,0.436121490849861,0.22866878087205714
P14853,Dress,Polyester,Winter,0.4306407648046258,0.8740000000000001,0.6800000000000002,0.12883435582822086,0.6419491525423728,0.664033701948394,0.6097560975609757,West,M,0.45826386892785276,0.2563352738023976
P14854,Shirt,Wool,Winter,0.0,0.05,0.040000000000000036,0.8732106339468304,0.6588983050847457,0.5192206424433913,0.7073170731707319,North,L,0.6413959950177253,0.0
P14855,Trousers,Polyester,Spring,0.3890338058509884,0.512,0.2400000000000002,0.2556237218813906,0.5063559322033897,0.1327014218009479,0.0,Central,L,0.5083501006036216,0.28165384579893954
P14856,Dress,Linen,Spring,0.4850941990872987,0.48200000000000004,0.44000000000000017,0.7505112474437629,0.9470338983050848,0.7087941021590313,0.34146341463414637,West,XL,0.5852927086327488,0.42670172548648405
P14857,Jeans,Rayon,Summer,0.6070774504832781,0.752,0.6399999999999999,0.4683026584867076,0.879237288135593,0.9336492890995263,0.4634146341463415,East,M,0.31917696656127237,0.43191433618385927
P14858,Sweater,Wool,Winter,0.4497923746295497,0.282,0.15999999999999992,0.21267893660531698,0.5911016949152543,0.9420747761979991,0.5121951219512195,South,S,0.5635383730957171,0.38447010569340184
P14859,Jacket,Denim,Summer,0.5662609954049993,0.22,0.7600000000000002,0.42535787321063395,0.7097457627118642,0.5934702474986836,0.5853658536585367,North,S,0.2853597777139024,0.5257952058497646
P14860,Trousers,Linen,Summer,0.088661229721686,0.9259999999999999,0.3600000000000001,0.12474437627811862,0.6080508474576272,0.492364402317009,0.853658536585366,West,XL,0.16164606687745517,0.060134151035110314
P14861,Shirt,Cotton,Autumn,0.4898246246681301,0.5720000000000001,0.8,0.48875255623721886,0.4555084745762712,0.33438651922064244,0.878048780487805,North,XL,0.44528600172463345,0.3316491278307437
P14862,Trousers,Polyester,Autumn,0.18319730472822104,0.10400000000000001,0.08000000000000007,0.9672801635991821,0.31991525423728806,0.10373880989994737,0.6341463414634148,Central,M,0.6373526875538946,0.1540729162728825
P14863,T-Shirt,Polyester,Winter,0.27223764562120695,0.19399999999999998,0.6800000000000002,0.12269938650306751,0.6419491525423728,0.8836229594523435,0.43902439024390244,Central,XL,0.5547139982753664,0.2500931687094824
P14864,T-Shirt,Polyester,Spring,0.4651961772366378,0.998,0.28000000000000025,0.7055214723926382,0.40466101694915246,0.1369141653501843,0.43902439024390244,South,XL,0.4749017917025965,0.22448712808296403
P14865,Dress,Denim,Autumn,0.7417339592276367,0.196,0.8,0.022494887525562373,0.6588983050847457,0.2880463401790416,0.3658536585365854,East,M,0.1973986777809715,0.6818527198168852
P14866,Dress,Cotton,Spring,0.5707079733811204,0.61,0.40000000000000013,0.9509202453987732,0.5572033898305082,0.7409162717219591,0.48780487804878053,Central,M,0.2680080482897384,0.39318703563856927
P14867,Jeans,Linen,Summer,0.504009602574964,0.42,0.6800000000000002,0.278118609406953,0.4555084745762712,0.7051079515534493,0.7804878048780488,West,L,0.4595812973076554,0.3743088623088516
P14868,Sweater,Linen,Summer,0.4968730217719254,0.886,0.9199999999999999,0.3967280163599182,0.18432203389830515,0.6814112690889943,1.0,South,XL,0.4508383635144198,0.2355727906092291
P14869,Jacket,Polyester,Summer,0.3657123668189935,0.756,0.040000000000000036,0.14928425357873212,0.6758474576271185,0.7419694576092681,0.7317073170731709,Central,S,0.4923445434511832,0.24286852565527914
P14870,Trousers,Cotton,Summer,0.3977702909117249,0.596,0.0,0.7402862985685073,0.2521186440677965,0.5423907319641919,0.8048780487804879,West,L,0.7591118137395803,0.24247020213641107
P14871,T-Shirt,Cotton,Winter,0.5813246608864351,0.01,0.7600000000000002,0.7873210633946831,0.5402542372881354,0.15481832543443919,0.34146341463414637,North,S,0.5209542972118424,0.556768865497821
P14872,Dress,Cotton,Summer,0.23877823059407471,0.88,0.6399999999999999,0.27607361963190186,0.3877118644067796,0.998946814112691,0.853658536585366,West,XL,0.6934559739388713,0.1328645329940762
P14873,Hoodie,Wool,Autumn,0.6126298741177693,0.444,0.28000000000000025,0.7586912065439674,0.3707627118644068,0.8925750394944709,0.6097560975609757,South,L,0.39696272875347316,0.42901303379642847
P14874,Hoodie,Wool,Summer,0.42715120984885946,0.932,0.4800000000000002,0.08588957055214726,0.3368644067796609,0.4312796208530806,0.7073170731707319,Central,L,0.17802529462489217,0.212482875660652
P14875,Jacket,Polyester,Spring,0.656564252847861,0.49600000000000005,0.040000000000000036,0.8200408997955011,0.47245762711864403,0.5308056872037916,0.7317073170731709,East,M,0.6549966465459423,0.46708420933252803
P14876,Trousers,Cotton,Autumn,0.6821784680601789,0.6940000000000001,0.20000000000000018,0.8895705521472393,0.8622881355932202,0.3938915218536072,0.5853658536585367,East,XL,0.6913528791798409,0.5021755737044366
P14877,Dress,Rayon,Spring,0.18440983059281496,0.07,0.44000000000000017,0.07770961145194276,0.40466101694915246,0.6382306477093208,0.07317073170731708,West,M,0.7108747724441888,0.16327846103151752
P14878,Dress,Cotton,Spring,0.39066520428698753,0.746,0.8399999999999999,0.06134969325153375,0.3707627118644068,0.7314375987361771,0.26829268292682934,West,XL,0.36492766120532716,0.22839207774259063
P14879,T-Shirt,Linen,Winter,0.338898223413402,0.33799999999999997,0.4800000000000002,0.2883435582822086,0.5063559322033897,0.23170089520800424,0.43902439024390244,West,XL,0.41660438823416684,0.27195115320339125
P14880,T-Shirt,Linen,Winter,0.1580208585942889,0.35200000000000004,0.6000000000000001,0.6523517382413089,1.0,0.4328593996840443,0.1951219512195122,Central,XL,0.420633323752036,0.15357690947980207
P14881,Dress,Polyester,Spring,0.30545140605759025,0.11800000000000001,0.8800000000000001,0.7321063394683027,0.6419491525423728,0.6403370194839391,0.5853658536585367,East,XL,0.5735843633227938,0.29095283212536477
P14882,Shirt,Rayon,Spring,0.9618751161347824,0.146,0.32000000000000006,0.719836400817996,0.5911016949152543,0.9884149552395999,0.9756097560975612,East,M,0.3645683625562901,0.8800498259114384
P14883,Dress,Cotton,Summer,0.615741498933922,0.18600000000000003,0.72,0.9734151329243356,0.625,0.32490784623486046,0.14634146341463422,South,XL,0.5476717447542396,0.5609764150208597
P14884,Jacket,Rayon,Autumn,0.8628637183916551,0.32799999999999996,0.8800000000000001,0.08793456032719837,0.5063559322033897,0.74565560821485,0.6341463414634148,South,XL,0.6322123215483375,0.6874235438618738
P14885,Dress,Polyester,Summer,0.6572350788456753,0.892,0.20000000000000018,0.38241308793456036,0.048728813559322015,0.3470247498683518,0.12195121951219517,North,L,0.6023378365430678,0.28316662186829356
P14886,Jeans,Linen,Winter,0.3603804024326103,0.368,0.3600000000000001,0.719836400817996,0.5233050847457625,0.09215376513954714,0.8292682926829269,Central,M,0.3565536073584363,0.28624865567672775
P14887,Sweater,Linen,Winter,0.4284235746522255,0.7240000000000001,0.9600000000000002,0.9856850715746424,0.625,0.7704054765666142,0.7560975609756098,West,L,0.6389240203123502,0.2833304608795106
P14888,Jeans,Wool,Summer,0.6117574853788277,0.08199999999999999,1.0,0.0020449897750511245,0.3029661016949152,0.649815692469721,0.3170731707317073,South,L,0.5105681709303439,0.5039635645852142
P14889,Jeans,Polyester,Autumn,0.5832363575093144,0.5920000000000001,0.2400000000000002,0.9856850715746424,0.5911016949152543,0.5144813059505003,0.12195121951219517,North,XL,0.41773019066781636,0.4126177222363943
P14890,Shirt,Polyester,Spring,0.39146515641583646,0.48200000000000004,0.08000000000000007,0.8486707566462169,0.48940677966101687,0.6756187467087942,0.4146341463414634,North,M,0.6481364376736609,0.28634237010282587
P14891,Shirt,Cotton,Summer,0.21522688406048146,0.978,0.28000000000000025,0.5950920245398774,0.625,0.8799368088467616,0.7317073170731709,East,M,0.5101034780109226,0.12350901538732337
P14892,Hoodie,Cotton,Winter,0.9999999999999999,0.846,0.40000000000000013,0.6339468302658487,0.625,0.7567140600315957,0.3658536585365854,Central,XL,0.7038708441122927,0.5887964031520194
P14893,Dress,Wool,Autumn,0.47389171986558276,0.454,0.44000000000000017,0.7546012269938651,0.4216101694915253,0.8583464981569249,0.04878048780487804,Central,L,0.6523522084890294,0.33997286895429085
P14894,Jeans,Denim,Winter,0.4390119173970691,0.7759999999999999,0.6000000000000001,0.6993865030674847,0.4555084745762712,0.2901527119536598,0.7317073170731709,West,XL,0.5995400977292324,0.25959806383713596
P14895,Shirt,Rayon,Autumn,0.5219801807135951,0.19399999999999998,0.8800000000000001,0.9120654396728017,0.23516949152542366,0.8009478672985784,0.902439024390244,Central,S,0.49480693685925065,0.3931555329066623
P14896,T-Shirt,Denim,Autumn,0.45469601819103733,0.562,0.32000000000000006,0.6625766871165645,0.47245762711864403,0.36018957345971564,0.39024390243902446,West,S,0.29561655648174756,0.31291680966922525
P14897,Dress,Denim,Autumn,0.5237564523697794,0.07400000000000001,0.8399999999999999,0.7484662576687118,0.3368644067796609,0.020537124802527645,0.09756097560975613,Central,XL,0.28807607550062275,0.44138117998021725
P14898,Jacket,Polyester,Summer,0.7437527360567399,0.348,0.08000000000000007,0.6850715746421269,0.5063559322033897,0.04318062137967352,0.3658536585365854,East,XL,0.8718932643479926,0.5865462647136361
P14899,Sweater,Rayon,Summer,0.47702854002437645,0.226,0.040000000000000036,0.6032719836400819,0.5063559322033897,0.7309110057925226,0.39024390243902446,North,L,0.5771917217591261,0.40419815823618827
P14900,Trousers,Polyester,Summer,0.280851303386569,0.718,0.52,0.047034764826175884,0.43855932203389836,0.27224855186940494,0.7317073170731709,Central,M,0.6907061416115741,0.17587846236108162
P14901,Dress,Rayon,Autumn,0.47001793593454244,0.49,0.040000000000000036,0.7607361963190186,0.6588983050847457,0.3075302790942602,0.3658536585365854,Central,M,0.5228753473220273,0.36684241718328664
P14902,Trousers,Linen,Autumn,0.4128087610505197,0.752,0.52,0.9018404907975461,0.5911016949152543,0.6229594523433387,0.48780487804878053,East,XL,0.48567116987640124,0.26419788438566844
P14903,Jeans,Polyester,Winter,0.7696315023667875,0.516,0.8800000000000001,0.21063394683026587,0.23516949152542366,0.7419694576092681,0.9756097560975612,South,XL,0.5140461818530229,0.4785494921809227
P14904,Sweater,Polyester,Spring,0.7218642821374468,0.086,0.2400000000000002,0.8404907975460124,0.6080508474576272,0.5592417061611376,0.9268292682926831,West,XL,0.5331321260898725,0.6867221243735793
P14905,Trousers,Polyester,Summer,0.5208841833087153,0.736,0.72,0.12474437627811862,0.6080508474576272,0.706687730384413,0.878048780487805,West,M,0.5070183002778575,0.3369264803629829
P14906,Jeans,Wool,Autumn,0.25892820587114473,0.8340000000000001,0.32000000000000006,0.310838445807771,0.31991525423728806,0.9415481832543445,0.9756097560975612,North,XL,0.735230430200249,0.14339264677618901
P14907,T-Shirt,Polyester,Winter,0.26891186039260645,0.904,0.040000000000000036,0.5357873210633948,0.43855932203389836,0.854660347551343,0.21951219512195125,South,L,0.6248443039187506,0.14842933828089938
P14908,Trousers,Cotton,Winter,0.5034206614407326,0.5720000000000001,0.56,0.5991820040899797,0.43855932203389836,0.24117956819378622,0.7560975609756098,North,M,0.5574925744945864,0.3379220411071459
P14909,Sweater,Cotton,Winter,0.5641162418626916,0.7540000000000001,0.8399999999999999,0.9284253578732108,0.5572033898305082,0.9073196419167985,0.5853658536585367,West,S,0.624216728945099,0.3513646785019702
P14910,Hoodie,Rayon,Summer,0.42977467490134447,0.752,0.40000000000000013,0.7648261758691208,0.5063559322033897,0.2975250131648236,0.7804878048780488,East,S,0.6397192679888857,0.2647513898658043
P14911,Dress,Linen,Summer,0.40982941178323185,0.156,0.6000000000000001,0.4948875255623722,0.4555084745762712,0.6608741442864667,0.9268292682926831,North,XL,0.5514659384880711,0.3521734057211541
P14912,Jeans,Wool,Spring,0.38854564608732073,0.16399999999999998,0.9199999999999999,0.6973415132924337,0.8453389830508473,0.8751974723538707,0.878048780487805,West,XL,0.5883491424738909,0.39269412950807814
P14913,Dress,Rayon,Winter,0.49614235683533897,0.07,0.8,0.6973415132924337,0.5063559322033897,0.6240126382306478,0.902439024390244,East,M,0.6076315033055475,0.4547226613587292
P14914,Sweater,Cotton,Summer,0.05030446996872635,0.32,0.20000000000000018,0.7075664621676893,0.7605932203389831,0.8067403896787785,0.902439024390244,South,L,0.6010539427038419,0.047673605106161226
P14915,Shirt,Wool,Winter,0.29245060925487926,0.474,0.72,0.245398773006135,0.5741525423728815,0.9278567667193262,0.6585365853658538,South,S,0.4986969435661588,0.22483760217675444
P14916,Jeans,Wool,Autumn,0.38207359244643624,0.998,0.52,0.719836400817996,0.6588983050847457,0.9673512374934178,0.34146341463414637,North,XL,0.6177637252083932,0.20804376865544655
P14917,Trousers,Linen,Winter,0.7287394612605859,0.43,0.7600000000000002,0.3517382413087935,0.3368644067796609,0.41074249605055296,0.17073170731707316,Central,M,0.34848136437673655,0.504361565635173
P14918,Jeans,Wool,Spring,0.3467812162421776,0.726,0.4800000000000002,0.8486707566462169,0.43855932203389836,0.9931542917324908,0.0,Central,XL,0.5233496215387563,0.21332518925700286
P14919,Dress,Polyester,Summer,0.5346660357332946,0.6940000000000001,0.11999999999999988,0.20858895705521474,0.1673728813559321,0.2717219589257504,0.21951219512195125,East,M,0.5016336111909552,0.28839446302030725
P14920,T-Shirt,Wool,Autumn,0.5433741760335602,0.204,0.56,0.32515337423312884,0.5063559322033897,0.46234860452869936,0.8292682926829269,South,S,0.6087573057391971,0.4651747468941531
P14921,Jeans,Linen,Summer,0.7458250529889549,0.057999999999999996,0.4800000000000002,0.523517382413088,0.40466101694915246,0.7609268035808321,0.7804878048780488,West,L,0.4016910989748011,0.6535862114675699
P14922,Trousers,Rayon,Autumn,0.7391482871891131,0.546,0.52,0.4110429447852761,0.48940677966101687,0.970510795155345,0.3658536585365854,East,L,0.42348375970106344,0.5123534366404654
P14923,Shirt,Linen,Winter,0.48969864795492546,0.7000000000000001,0.8800000000000001,0.0899795501022495,0.06567796610169485,0.05318588730911006,0.3170731707317073,North,S,0.3813979112771869,0.2499992558409786
P14924,Hoodie,Linen,Winter,0.4107143981934939,0.998,0.8800000000000001,0.12883435582822086,1.0,0.9462875197472355,0.09756097560975613,North,L,0.5935613682092554,0.25300295450975746
P14925,Jacket,Cotton,Spring,0.37512282729537444,0.358,0.44000000000000017,0.39877300613496935,0.4216101694915253,0.998946814112691,0.3658536585365854,East,M,0.25632365622305253,0.28590482940352874
P14926,T-Shirt,Polyester,Spring,0.4550109599740487,0.8959999999999999,0.44000000000000017,0.9734151329243356,0.3707627118644068,0.9099526066350713,0.48780487804878053,West,L,0.3694117083453099,0.23574049924735757
P14927,Hoodie,Cotton,Autumn,0.41854700033698766,0.38200000000000006,0.52,0.7975460122699388,0.7605932203389831,0.10847814639283836,0.2439024390243903,South,XL,0.2119239244993772,0.3637034800150141
P14928,Shirt,Rayon,Spring,0.6051815009495495,0.6900000000000001,0.52,0.8609406952965236,0.4555084745762712,0.8409689310163244,0.14634146341463422,South,S,0.40189230621826194,0.37617652781552313
P14929,Jeans,Denim,Spring,0.5799893077264667,0.598,0.9600000000000002,0.1411042944785276,0.9470338983050848,0.6403370194839391,0.17073170731707316,West,S,0.5053894797355561,0.4727200728759891
P14930,Dress,Rayon,Spring,0.6123936677805106,0.052000000000000005,0.6399999999999999,0.3680981595092025,0.3877118644067796,0.009478672985781991,0.39024390243902446,South,XL,0.673718501485101,0.5343467836603714
P14931,Sweater,Polyester,Spring,0.7385247024587505,0.078,0.28000000000000025,0.6748466257668713,0.5572033898305082,0.984728804634018,0.7073170731707319,Central,S,0.6923924499377214,0.6892343804246092
P14932,Dress,Wool,Winter,0.8525808691763326,0.02,0.52,0.5030674846625768,0.31991525423728806,0.15060558188520273,0.3170731707317073,West,M,0.2999185589728849,0.7285831033633904
P14933,Hoodie,Linen,Spring,0.5241217848380726,0.37,0.6399999999999999,0.670756646216769,0.48940677966101687,0.3970510795155345,0.7804878048780488,West,M,0.44616269042828394,0.4067437774166787
P14934,Trousers,Denim,Winter,0.7083249348857862,0.746,0.6399999999999999,0.3210633946830266,0.2521186440677965,0.0305423907319642,0.5609756097560976,Central,M,0.5612628149851489,0.3805755494547745
P14935,Dress,Polyester,Winter,0.43411142325341157,0.172,0.6000000000000001,0.8282208588957056,0.3368644067796609,0.30963665086887837,0.14634146341463422,East,XL,0.45390916930152336,0.34935443212679357
P14936,T-Shirt,Cotton,Summer,0.7244877471899318,0.606,0.15999999999999992,0.3783231083844581,0.11652542372881358,0.5687203791469195,0.902439024390244,South,S,0.38136916738526394,0.39868582509028383
P14937,Dress,Linen,Winter,0.7011537104866165,0.28800000000000003,0.040000000000000036,0.47034764826175873,0.6927966101694913,0.931542917324908,0.34146341463414637,East,L,0.24821787870077605,0.6222833854790365
P14938,Trousers,Rayon,Winter,0.691119665279873,0.7959999999999999,0.32000000000000006,0.147239263803681,0.6080508474576272,0.9910479199578727,0.5853658536585367,West,XL,0.340821117179266,0.4239593258554281
P14939,Jacket,Cotton,Spring,0.5183394537019832,0.798,0.44000000000000017,0.11042944785276075,0.43855932203389836,0.4233807266982622,0.39024390243902446,Central,M,0.6843058350100601,0.29704677515711425
P14940,Jeans,Polyester,Winter,0.37426933506341353,0.7759999999999999,0.08000000000000007,0.9918200408997957,0.1673728813559321,0.42864665613480785,0.7804878048780488,East,S,0.6635575356903325,0.1947234710037445
P14941,Sweater,Polyester,Autumn,0.23704605078751195,0.524,0.8,0.4948875255623722,1.0,0.1606108478146393,0.024390243902439046,East,S,0.8878796589058158,0.2089582160662742
P14942,Hoodie,Rayon,Spring,0.49299923784088506,0.284,0.3600000000000001,0.6155419222903886,0.5063559322033897,0.49868351764086366,0.9268292682926831,North,XL,0.6286768228418127,0.4048459734696394
P14943,Jeans,Denim,Spring,0.7902507409005444,0.81,0.9199999999999999,0.719836400817996,0.48940677966101687,0.9404949973670353,0.21951219512195125,East,M,0.35978250455111616,0.45288825976031527
P14944,T-Shirt,Rayon,Spring,0.4420133125891678,0.18600000000000003,0.15999999999999992,0.8364008179959102,1.0,0.1653501843075303,0.3170731707317073,Central,XL,0.5681134425601225,0.46877456654969474
P14945,Shirt,Wool,Summer,0.6489269146098343,0.29,0.040000000000000036,0.9141104294478529,0.6927966101694913,0.2664560294892048,0.26829268292682934,South,XL,0.5801858771677684,0.5755161660609708
P14946,Jeans,Cotton,Spring,0.6600412101323069,0.184,0.4800000000000002,0.9468302658486709,0.13347457627118642,0.8920484465508164,0.39024390243902446,South,L,0.5955111622113634,0.4707485227699265
P14947,Jacket,Denim,Winter,0.446957898582447,0.674,0.20000000000000018,0.801635991820041,0.5572033898305082,0.6266456029489206,0.3170731707317073,South,M,0.4775749736514323,0.29688372991552003
P14948,Dress,Linen,Autumn,0.7493083091090611,0.6859999999999999,0.9199999999999999,0.43762781186094074,0.4216101694915253,0.3307003686150606,0.21951219512195125,Central,L,0.45982082974034677,0.4570355572079193
P14949,Sweater,Wool,Spring,0.0,0.652,0.0,0.028629856850715753,0.3877118644067796,0.8130595050026331,0.9268292682926831,South,XL,0.570216537319153,0.011000456318311938
P14950,Trousers,Denim,Spring,0.49831545513811765,0.41600000000000004,0.40000000000000013,0.29856850715746425,0.48940677966101687,0.10900473933649289,0.9512195121951221,South,XL,0.37882533295008136,0.37689578231503107
P14951,Jacket,Cotton,Autumn,0.32754142271801057,0.1,0.9199999999999999,1.0000000000000002,0.5402542372881354,0.8588730911005793,0.6829268292682928,West,S,0.6582207530899684,0.30118452256394335
P14952,Dress,Polyester,Spring,0.3456663223303172,0.912,0.40000000000000013,0.29243353783231085,0.40466101694915246,0.5181674565560822,0.12195121951219517,West,S,0.3458081824279007,0.1829768712399505
P14953,Jacket,Linen,Summer,0.5641067936092012,0.508,0.08000000000000007,0.049079754601227,0.5572033898305082,0.7572406529752503,0.9512195121951221,North,S,0.33076554565488164,0.41522250205908795
P14954,Jeans,Rayon,Winter,0.5553703085484647,0.406,0.32000000000000006,0.20040899795501024,0.13347457627118642,0.5186940494997367,0.7317073170731709,North,L,0.44327392929002585,0.352219320332776
P14955,Sweater,Cotton,Autumn,0.5750132275548865,0.588,0.4800000000000002,0.36400817995910023,0.5402542372881354,0.24644549763033174,0.878048780487805,East,XL,0.5802002491137299,0.39887246017285716
P14956,Trousers,Wool,Autumn,0.6132030681628501,0.192,0.20000000000000018,0.6789366053169735,0.5063559322033897,0.6413902053712481,0.1951219512195122,East,M,0.6462201782121297,0.5277586446224936
P14957,Dress,Wool,Summer,0.3210284266453346,0.132,0.4800000000000002,0.35378323108384463,0.7097457627118642,0.15481832543443919,0.7804878048780488,East,XL,0.566350483855514,0.3122813722808305
P14958,T-Shirt,Polyester,Winter,0.2703700408479493,0.406,0.8399999999999999,0.5357873210633948,0.8622881355932202,0.23012111637704058,0.14634146341463422,North,M,0.4128245664462968,0.24227483558798635
P14959,Hoodie,Polyester,Summer,0.5754541460511023,0.228,0.8800000000000001,0.5910020449897752,0.4216101694915253,0.5497630331753556,0.902439024390244,South,L,0.47800613203027686,0.4670986460175437
P14960,Trousers,Linen,Winter,0.38147205364088443,0.244,0.040000000000000036,0.11656441717791412,0.23516949152542366,0.3902053712480253,0.17073170731707316,East,M,0.4363945578231292,0.2819912226939529
P14961,T-Shirt,Rayon,Summer,0.2037976467549974,0.892,0.15999999999999992,0.6809815950920246,0.3877118644067796,0.74565560821485,0.8048780487804879,South,L,0.6530851777330651,0.1144921397459203
P14962,Jacket,Linen,Spring,0.6841153600256992,0.53,0.28000000000000025,0.5685071574642128,0.5063559322033897,0.5839915745129016,0.39024390243902446,South,M,0.5306553607358435,0.48357040751437885
P14963,Shirt,Polyester,Summer,0.7641893083563502,0.484,0.6000000000000001,0.8302658486707568,0.9300847457627119,0.38177988414955244,0.39024390243902446,North,M,0.7005652965411515,0.6650519904219788
P14964,Trousers,Polyester,Autumn,0.7948142473363798,0.6900000000000001,0.3600000000000001,0.294478527607362,0.7266949152542375,0.3270142180094787,0.7073170731707319,West,L,0.6110711890389958,0.5539187364457635
P14965,Jacket,Wool,Autumn,0.5359006075226994,0.9520000000000001,0.8399999999999999,0.8098159509202455,0.13347457627118642,0.9136387572406532,0.4146341463414634,West,M,0.46157420714764774,0.23324982380794904
P14966,T-Shirt,Polyester,Autumn,0.6188436754965844,0.11199999999999999,0.72,0.24744376278118613,0.09957627118644075,0.04002106371774619,0.9268292682926831,Central,XL,0.48208297403468425,0.4495050647959104
P14967,Jeans,Denim,Summer,0.7594210897615575,0.8340000000000001,0.11999999999999988,0.05316973415132925,0.5572033898305082,0.6914165350184309,0.34146341463414637,West,S,0.5122975950943758,0.4409021152075246
P14968,Jeans,Cotton,Autumn,0.3793587942768779,0.584,0.6399999999999999,0.1329243353783231,0.3877118644067796,0.3923117430226435,0.4634146341463415,East,S,0.49213375491041483,0.24919162005502613
P14969,Shirt,Polyester,Autumn,0.49831545513811765,0.146,0.11999999999999988,0.20449897750511248,0.7266949152542375,0.377567140600316,0.5853658536585367,North,L,0.6102471974705375,0.4844444470903432
P14970,Hoodie,Linen,Spring,0.5526051196936246,0.298,0.2400000000000002,0.8445807770961147,0.3707627118644068,0.6524486571879938,0.3170731707317073,South,M,0.5613394653636101,0.42159066769023257
P14971,Trousers,Rayon,Spring,0.6732246731691646,0.48200000000000004,0.15999999999999992,0.7914110429447854,0.6927966101694913,0.850974196945761,0.6341463414634148,North,L,0.4218501485101082,0.5330560398377098
P14972,Trousers,Rayon,Winter,0.5357305389598732,0.6920000000000001,0.15999999999999992,0.1901840490797546,0.625,0.7245918904686678,0.8292682926829269,Central,L,0.7946296828590591,0.359934388987399
P14973,Trousers,Rayon,Winter,0.7455101112059435,0.242,0.6000000000000001,0.13496932515337423,0.40466101694915246,0.6703528172722487,0.6585365853658538,Central,M,0.5305308038708441,0.5940541594966945
P14974,Hoodie,Denim,Winter,0.5428009819884794,0.534,0.56,0.5092024539877301,0.2521186440677965,0.4965771458662454,0.12195121951219517,Central,S,0.361622113634186,0.33986198926009853
P14975,Jacket,Linen,Summer,0.22014312529328958,0.684,0.15999999999999992,0.2883435582822086,0.18432203389830515,0.46919431279620855,0.9756097560975612,South,XL,0.5895611765833093,0.12838236398683095
P14976,Sweater,Denim,Winter,0.7749288231570393,0.44799999999999995,1.0,0.5439672801635993,0.625,0.46076882569773564,0.7317073170731709,Central,S,0.348859825620389,0.6075441254052814
P14977,Sweater,Polyester,Summer,0.3215134369911722,0.8640000000000001,0.44000000000000017,0.07975460122699388,0.5233050847457625,0.1453396524486572,0.3170731707317073,Central,M,0.5459135766982849,0.18668796747449595
P14978,Shirt,Cotton,Summer,0.7373468201902877,0.87,0.08000000000000007,0.43762781186094074,0.5063559322033897,0.5597682991047921,0.3658536585365854,Central,S,0.4926511449650282,0.406600129920243
P14979,Trousers,Rayon,Winter,0.48351004191875124,0.47000000000000003,0.11999999999999988,0.997955010224949,0.3707627118644068,0.3154291732490785,0.853658536585366,South,L,0.5096531570374627,0.33517664003470354
P14980,Jacket,Linen,Winter,0.7227902109795004,0.9720000000000001,0.6000000000000001,0.9795501022494888,0.625,0.6187467087941023,0.09756097560975613,Central,L,0.379558302194117,0.385028795481387
P14981,Jeans,Rayon,Summer,0.714995401849968,0.076,0.9600000000000002,0.26584867075664625,0.21822033898305082,0.5344918378093735,0.7560975609756098,East,L,0.4832758455494874,0.5639119239179754
P14982,T-Shirt,Denim,Spring,0.581847464246234,0.004,0.56,1.0000000000000002,0.3877118644067796,0.9404949973670353,0.2439024390243903,North,XL,0.48569512311967034,0.5196943669444166
P14983,Jacket,Wool,Autumn,0.5966591763012606,0.38,0.9600000000000002,0.0,0.35381355932203395,0.4349657714586625,0.5121951219512195,Central,S,0.49898438248538846,0.43047342107067416
P14984,Hoodie,Polyester,Autumn,0.5804270768048525,0.6020000000000001,0.44000000000000017,0.016359918200409,0.625,0.6645602948920485,0.9512195121951221,Central,M,0.7667528983424354,0.41403301347394167
P14985,Sweater,Cotton,Autumn,0.12002313247396224,0.63,0.44000000000000017,0.7505112474437629,0.8283898305084745,0.5929436545550291,0.6585365853658538,North,XL,0.42044648845453664,0.09678465258340757
P14986,Sweater,Polyester,Spring,0.5229250060626293,0.47600000000000003,0.52,0.670756646216769,0.8622881355932202,0.6845708267509216,0.12195121951219517,Central,M,0.5320063236562229,0.446579602045584
P14987,Jeans,Wool,Summer,0.28966652389305836,0.12400000000000001,0.6800000000000002,0.7750511247443764,0.43855932203389836,0.2669826224328594,0.9268292682926831,Central,L,0.31218261952668386,0.2520029288114659
P14988,Jeans,Cotton,Winter,0.5329118100019211,0.17,0.3600000000000001,0.6768916155419225,0.5402542372881354,0.2575039494470774,0.12195121951219517,East,L,0.2030947590303727,0.47168043311245694
P14989,Hoodie,Wool,Summer,0.28458651293308435,0.8520000000000001,0.8800000000000001,0.785276073619632,0.18432203389830515,0.5597682991047921,0.4634146341463415,West,L,0.45436907157229084,0.1449788713409577
P14990,T-Shirt,Polyester,Summer,0.2766499800011968,0.868,0.040000000000000036,0.29243353783231085,0.9978813559322033,0.8493944181147973,0.902439024390244,South,S,0.7042588866532529,0.19294708900370106
P14991,Jeans,Denim,Winter,0.8038404788374868,0.674,0.44000000000000017,0.7137014314928426,0.40466101694915246,0.7203791469194314,0.07317073170731708,South,M,0.3195937529941554,0.48965167503746343
P14992,Shirt,Polyester,Spring,0.7026528333737508,0.664,0.52,0.6687116564417179,0.4216101694915253,0.48920484465508157,0.5853658536585367,North,M,0.6040001916259461,0.4359919803470579
P14993,T-Shirt,Polyester,Autumn,0.4997799344291207,0.598,0.6000000000000001,0.6155419222903886,0.5911016949152543,0.2553975776724592,0.2926829268292683,East,XL,0.6709734598064576,0.3533809525652203
P14994,Jeans,Polyester,Autumn,0.5354785855334641,0.20199999999999999,0.28000000000000025,0.2801635991820041,0.6758474576271185,0.759873617693523,0.26829268292682934,South,S,0.7061272396282456,0.49487510084595
P14995,Dress,Linen,Summer,0.45371654924587185,0.428,0.44000000000000017,0.850715746421268,0.3707627118644068,0.9268035808320171,0.1951219512195122,North,M,0.5965651049152054,0.3229545970721212
P14996,Jacket,Wool,Spring,0.6082521833339106,0.696,0.4800000000000002,0.7300613496932516,0.2521186440677965,0.21327014218009477,0.04878048780487804,North,XL,0.38579093609274695,0.34067870378611237
P14997,Jeans,Wool,Autumn,0.37281430402590077,0.538,0.6800000000000002,0.605316973415133,0.5402542372881354,0.7993680884676146,0.7560975609756098,North,XL,0.32550062278432496,0.26998255492811374
P14998,Shirt,Rayon,Spring,0.6883450281715423,0.018000000000000002,0.52,0.36400817995910023,0.13347457627118642,0.17272248551869407,0.2439024390243903,South,XL,0.22956309284277088,0.5328803686980521
P14999,Trousers,Wool,Winter,0.4527402297185365,0.9540000000000001,0.72,0.5664621676891617,0.31991525423728806,0.9010005265929437,0.09756097560975613,West,XL,0.7690572003449265,0.21852614146304244
P10794,T-Shirt,Rayon,Winter,0.8270894812593892,0.508,0.44000000000000017,0.3517382413087935,0.4216101694915253,0.12006319115323856,0.7073170731707319,North,M,0.8553511545463255,0.5677261605928903
P14315,Jeans,Denim,Spring,0.3409453450029762,0.06,0.9199999999999999,0.49897750511247446,0.6927966101694913,0.1674565560821485,0.21951219512195125,South,M,0.7815655839800708,0.34093878736410044
